--------- beginning of main
07-27 05:11:31.663   576   590 W system_server: ApkAssets: Deleting an ApkAssets object '<empty> and /product/priv-app/PrebuiltGmsCore/PrebuiltGmsCore.apk' with 1 weak references
07-27 05:11:31.666   576   590 W system_server: ApkAssets: Deleting an ApkAssets object '<empty> and /product/app/PrebuiltGmail/PrebuiltGmail.apk' with 1 weak references
07-27 05:11:31.704   576   590 W system_server: ApkAssets: Deleting an ApkAssets object '<empty> and /product/app/Drive/Drive.apk' with 1 weak references
07-27 05:11:31.705  1044  2767 I GCoreUlr: Unbound from all signal providers.
07-27 05:11:31.729   576   590 W system_server: ApkAssets: Deleting an ApkAssets object '<empty> and /product/app/CalendarGooglePrebuilt/CalendarGooglePrebuilt.apk' with 1 weak references
07-27 05:11:31.736   576   590 W system_server: ApkAssets: Deleting an ApkAssets object '<empty> and /product/app/LicenseChecker/LicenseChecker.apk' with 1 weak references
07-27 05:11:31.736   576   590 W system_server: ApkAssets: Deleting an ApkAssets object '<empty> and /apex/com.android.permission/priv-app/GooglePermissionController@350820360/GooglePermissionController.apk' with 1 weak references
07-27 05:11:31.737   576   590 W system_server: ApkAssets: Deleting an ApkAssets object '/product/overlay/GooglePermissionControllerOverlay.apk' with 1 weak references
07-27 05:11:31.743  1044  2017 W DataCollectionRegistryC: missing CollectionDefinition for nearbysharing-pa.googleapis.com/location.nearby.sharing.v1.NearbySharingService/ListReachablePhoneNumbers
07-27 05:11:31.758  1044  2767 I GCoreUlr: DispatchingService ignoring Intent { act=android.net.wifi.WIFI_STATE_CHANGED flg=0x4000010 (has extras) } because ULR inactive
07-27 05:11:31.774  1044  1044 I GCoreUlr: Unbound from all signal providers.
07-27 05:11:31.797  1044  1044 I GCoreUlr: Stopping handler for UlrDispSvcFast
07-27 05:11:31.826  1044  3128 W .gms.persistent: Accessing hidden method Landroid/net/ConnectivityManager;->isNetworkSupported(I)Z (max-target-p, reflection, denied)
07-27 05:11:31.918  1044  2017 I NearbySharing: 'listReachablePhoneNumbers' succeeded. [CONTEXT service_id=194 ]
07-27 05:11:31.919  1044  2017 I NearbySharing: UPLOAD_CONTACTS_AND_CERTIFICATES trying to attach account for self share. [CONTEXT service_id=194 ]
07-27 05:11:31.922  1044  2017 I NearbySharing: Current account added in device update request for self share [CONTEXT service_id=194 ]
07-27 05:11:31.922  1044  2017 W GLSUser : [DeviceKeyStore] Cannot load key: Device key file not found.
07-27 05:11:31.923  1044  2017 W GLSUser : [DeviceKeyStore] Cannot load key: Device key file not found.
07-27 05:11:31.926  1044  2100 I NearbySharing: Failed to log FAST_SHARE_SERVER_RESPONSE, due to checkbox consent is not opt in. [CONTEXT service_id=194 ]
07-27 05:11:31.967  1044  1234 W GlsClientGrpc: Voilatile gRPC failure INVALID_ARGUMENT: Application credential header not valid. Please fix the client to pass a valid application credential header. [CONTEXT service_id=6 ]
07-27 05:11:31.967  1044  1234 W GlsClientGrpc: gbzz: INVALID_ARGUMENT: Application credential header not valid. Please fix the client to pass a valid application credential header.
07-27 05:11:31.967  1044  1234 W GlsClientGrpc: 	at gbzy.h(:com.google.android.gms@242335038@24.23.35 (190400-646585959):3)
07-27 05:11:31.967  1044  1234 W GlsClientGrpc: 	at anbi.u(:com.google.android.gms@242335038@24.23.35 (190400-646585959):29)
07-27 05:11:31.967  1044  1234 W GlsClientGrpc: 	at anbi.g(:com.google.android.gms@242335038@24.23.35 (190400-646585959):97)
07-27 05:11:31.967  1044  1234 W GlsClientGrpc: 	at efkz.b(:com.google.android.gms@242335038@24.23.35 (190400-646585959):39)
07-27 05:11:31.967  1044  1234 W GlsClientGrpc: 	at efkr.a(:com.google.android.gms@242335038@24.23.35 (190400-646585959):274)
07-27 05:11:31.967  1044  1234 W GlsClientGrpc: 	at ehaz.call(:com.google.android.gms@242335038@24.23.35 (190400-646585959):1026)
07-27 05:11:31.967  1044  1234 W GlsClientGrpc: 	at java.util.concurrent.FutureTask.run(FutureTask.java:264)
07-27 05:11:31.967  1044  1234 W GlsClientGrpc: 	at angs.c(:com.google.android.gms@242335038@24.23.35 (190400-646585959):50)
07-27 05:11:31.967  1044  1234 W GlsClientGrpc: 	at angs.run(:com.google.android.gms@242335038@24.23.35 (190400-646585959):76)
07-27 05:11:31.967  1044  1234 W GlsClientGrpc: 	at java.util.concurrent.ThreadPoolExecutor.runWorker(ThreadPoolExecutor.java:1145)
07-27 05:11:31.967  1044  1234 W GlsClientGrpc: 	at java.util.concurrent.ThreadPoolExecutor$Worker.run(ThreadPoolExecutor.java:644)
07-27 05:11:31.967  1044  1234 W GlsClientGrpc: 	at anmg.run(:com.google.android.gms@242335038@24.23.35 (190400-646585959):8)
07-27 05:11:31.967  1044  1234 W GlsClientGrpc: 	at java.lang.Thread.run(Thread.java:1012)
07-27 05:11:31.995  1044  1849 W AlarmManager: alarm window unlikely to be respected [CONTEXT service_id=231 ]
07-27 05:11:31.995  1044  1849 W AlarmManager: java.lang.IllegalArgumentException: alarm "NetworkLocationLocator" has short window length
07-27 05:11:31.995  1044  1849 W AlarmManager: 	at boaw.b(:com.google.android.gms@242335038@24.23.35 (190400-646585959):52)
07-27 05:11:31.995  1044  1849 W AlarmManager: 	at ehbk.f(:com.google.android.gms@242335038@24.23.35 (190400-646585959):119)
07-27 05:11:31.995  1044  1849 W AlarmManager: 	at egxu.q(:com.google.android.gms@242335038@24.23.35 (190400-646585959):107)
07-27 05:11:31.995  1044  1849 W AlarmManager: 	at egxu.e(:com.google.android.gms@242335038@24.23.35 (190400-646585959):27)
07-27 05:11:31.995  1044  1849 W AlarmManager: 	at egxq.apply(:com.google.android.gms@242335038@24.23.35 (190400-646585959):19)
07-27 05:11:31.995  1044  1849 W AlarmManager: 	at etvw.d(:com.google.android.gms@242335038@24.23.35 (190400-646585959):3)
07-27 05:11:31.995  1044  1849 W AlarmManager: 	at etvx.run(:com.google.android.gms@242335038@24.23.35 (190400-646585959):42)
07-27 05:11:31.995  1044  1849 W AlarmManager: 	at android.os.Handler.handleCallback(Handler.java:959)
07-27 05:11:31.995  1044  1849 W AlarmManager: 	at android.os.Handler.dispatchMessage(Handler.java:100)
07-27 05:11:31.995  1044  1849 W AlarmManager: 	at bphk.nR(:com.google.android.gms@242335038@24.23.35 (190400-646585959):1)
07-27 05:11:31.995  1044  1849 W AlarmManager: 	at bphk.dispatchMessage(:com.google.android.gms@242335038@24.23.35 (190400-646585959):138)
07-27 05:11:31.995  1044  1849 W AlarmManager: 	at android.os.Looper.loopOnce(Looper.java:232)
07-27 05:11:31.995  1044  1849 W AlarmManager: 	at android.os.Looper.loop(Looper.java:317)
07-27 05:11:31.995  1044  1849 W AlarmManager: 	at android.os.HandlerThread.run(HandlerThread.java:85)
07-27 05:11:31.997  1044  1849 I ActivityScheduler: nextTriggerTime: 317097, in 231968ms, detectorType: 39, FULL_TYPE alarmWindowMillis: 80000
07-27 05:11:32.010  1044  3128 W ChimeraUtils: Module com.google.android.gms.location_base missing resource location_module_display_name(0)
07-27 05:11:32.020  1044  2017 W DataCollectionRegistryC: missing CollectionDefinition for nearbysharing-pa.googleapis.com/location.nearby.sharing.v1.NearbySharingService/UpdateDevice
07-27 05:11:32.698  1044  2017 I NearbySharing: UPLOAD_CONTACTS_AND_CERTIFICATES succeeded. [CONTEXT service_id=194 ]
07-27 05:11:32.698  1044  1146 W .gms.persistent: Long monitor contention with owner lowpool[4] (2017) at bwhn cfuu.f(android.accounts.Account, cder)(:com.google.android.gms@242335038@24.23.35 (190400-646585959):128) waiters=0 in bwhn cfuu.d(android.accounts.Account, cder) for 3.026s
07-27 05:11:32.698  1044  1146 I NearbySharing: Incremented the RateLimitThrottler(downloadSenderCertificates) count to 1. [CONTEXT service_id=194 ]
07-27 05:11:32.717  1044  3127 I NearbySharing: Failed to log FAST_SHARE_SERVER_RESPONSE, due to checkbox consent is not opt in. [CONTEXT service_id=194 ]
07-27 05:11:32.791  1044  1146 W GLSUser : [DeviceKeyStore] Cannot load key: Device key file not found.
07-27 05:11:32.794  1044  1146 W GLSUser : [DeviceKeyStore] Cannot load key: Device key file not found.
07-27 05:11:32.800  1044  1146 W DataCollectionRegistryC: missing CollectionDefinition for nearbysharing-pa.googleapis.com/location.nearby.sharing.v1.NearbySharingService/ListSenderCertificates
07-27 05:11:33.136  1571  3123 E WorkSourceUtil: Could not find package: com.google.android.gms.westworld
--------- beginning of system
07-27 05:11:33.212   576  1806 W ActivityManager: Unable to start service Intent { act=com.google.android.gms.credential.manager.tasks.PasswordSharingSubscriptionTaskBoundService.ACTION_TASK_READY pkg=com.google.android.gms } U=0: not found
07-27 05:11:33.212  1044  2017 E NetworkScheduler.TED: Unable to bind to task service: ComponentInfo{com.google.android.gms/com.google.android.gms.credential.manager.tasks.PasswordSharingSubscriptionTaskBoundService}
07-27 05:11:33.223  1571  1575 I gle.android.gms: Compiler allocated 5938KB to compile java.util.Map dsgo.c(android.content.Context, android.content.SharedPreferences)
07-27 05:11:33.283  1044  1146 I NearbySharing: 'listSenderCertificates' succeeded for parent: users/me/devices/285RGXEI0F, count = 6. [CONTEXT service_id=194 ]
07-27 05:11:33.288  1044  3127 I NearbySharing: Failed to log FAST_SHARE_SERVER_RESPONSE, due to checkbox consent is not opt in. [CONTEXT service_id=194 ]
07-27 05:11:33.296  1571  1571 D BoundBrokerSvc: onBind: Intent { act=com.google.android.gms.notifications.registration.service.NotificationsRegistrationTaskBoundService.ACTION_TASK_READY dat=chimera-action:/... cmp=com.google.android.gms/.chimera.GmsInternalBoundBrokerService }
07-27 05:11:33.296  1571  1571 D BoundBrokerSvc: Loading bound service for intent: Intent { act=com.google.android.gms.notifications.registration.service.NotificationsRegistrationTaskBoundService.ACTION_TASK_READY dat=chimera-action:/... cmp=com.google.android.gms/.chimera.GmsInternalBoundBrokerService }
07-27 05:11:33.297  1044  1146 I NearbySharing: Saved sender certificates to file nearby_sharing_sender_certificate_book_from_selected_contacts. [CONTEXT service_id=194 ]
07-27 05:11:33.336  1571  1571 I GmsCoreXrpcWrapper: Returning a channel provider with trafficStatsTag=67175169 trafficStatsUid=-1
07-27 05:11:33.340  1044  1146 I NearbySharing: Saved sender certificates to file nearby_sharing_sender_certificate_book_from_all_contacts. [CONTEXT service_id=194 ]
07-27 05:11:33.346  1044  1146 I NearbySharing: Saved sender certificates to file nearby_sharing_sender_certificate_book_from_self_share. [CONTEXT service_id=194 ]
07-27 05:11:33.392  1044  3149 W .gms.persistent: Long monitor contention with owner lowpool[14] (3125) at void dbyt.n(dbus, dbus, int)(:com.google.android.gms@242335038@24.23.35 (190400-646585959):49) waiters=0 in int dbyt.l(dbyf, bcsk) for 103ms
07-27 05:11:33.512  1571  2313 W ChimeraUtils: Module com.google.android.gms.notifications_registration missing resource null(0)
07-27 05:11:33.515  1571  2313 W ChimeraUtils: Module com.google.android.gms.notifications_registration missing resource null(0)
07-27 05:11:33.518  1571  2313 W ChimeraUtils: Module com.google.android.gms.notifications_registration missing resource null(0)
07-27 05:11:33.584  1571  1571 D BoundBrokerSvc: onBind: Intent { act=com.google.android.gms.auth.service.START pkg=com.google.android.gms }
07-27 05:11:33.585  1571  1571 D BoundBrokerSvc: Loading bound service for intent: Intent { act=com.google.android.gms.auth.service.START pkg=com.google.android.gms }
07-27 05:11:33.644  1044  2062 W GLSUser : [DeviceKeyStore] Cannot load key: Device key file not found.
07-27 05:11:33.644  1044  2062 W GLSUser : [DeviceKeyStore] Cannot load key: Device key file not found.
07-27 05:11:33.731  1571  2084 D nativeloader: Configuring clns-10 for other apk . target_sdk_version=34, uses_libraries=ALL, library_path=/data/user_de/0/com.google.android.gms/app_chimera/m/00000001/CronetDynamite.uncompressed.apk!/lib/arm64-v8a, permitted_path=/data:/mnt/expand
07-27 05:11:33.756  1571  2084 D nativeloader: Load /data/user_de/0/com.google.android.gms/app_chimera/m/00000001/CronetDynamite.uncompressed.apk!/lib/arm64-v8a/libcronet.126.0.6452.4.so using isolated ns clns-10 (caller=/data/user_de/0/com.google.android.gms/app_chimera/m/00000001/CronetDynamite.uncompressed.apk): ok
07-27 05:11:33.768  1571  2084 I cr_CronetLibraryLoader: Cronet version: 126.0.6452.4, arch: aarch64
07-27 05:11:33.780   576   643 D ConnectivityService: requestNetwork for uid/pid:10144/1571 activeRequest: null callbackRequest: 122 [NetworkRequest [ REQUEST id=123, [ Capabilities: INTERNET&NOT_RESTRICTED&TRUSTED&NOT_VCN_MANAGED&NOT_BANDWIDTH_CONSTRAINED Uid: 10144 RequestorUid: 10144 RequestorPkg: com.google.android.gms UnderlyingNetworks: Null] ]] callback flags: 0 order: 2147483647 isUidTracked: false
07-27 05:11:33.828   576   723 D WifiNetworkFactory: got request NetworkRequest [ REQUEST id=123, [ Capabilities: INTERNET&NOT_RESTRICTED&TRUSTED&NOT_VCN_MANAGED&NOT_BANDWIDTH_CONSTRAINED Uid: 10144 RequestorUid: 10144 RequestorPkg: com.google.android.gms UnderlyingNetworks: Null] ]
07-27 05:11:33.830   576   723 D UntrustedWifiNetworkFactory: got request NetworkRequest [ REQUEST id=123, [ Capabilities: INTERNET&NOT_RESTRICTED&TRUSTED&NOT_VCN_MANAGED&NOT_BANDWIDTH_CONSTRAINED Uid: 10144 RequestorUid: 10144 RequestorPkg: com.google.android.gms UnderlyingNetworks: Null] ]
07-27 05:11:33.830   576   723 D OemPaidWifiNetworkFactory: got request NetworkRequest [ REQUEST id=123, [ Capabilities: INTERNET&NOT_RESTRICTED&TRUSTED&NOT_VCN_MANAGED&NOT_BANDWIDTH_CONSTRAINED Uid: 10144 RequestorUid: 10144 RequestorPkg: com.google.android.gms UnderlyingNetworks: Null] ]
07-27 05:11:33.830   576   723 D MultiInternetWifiNetworkFactory: got request NetworkRequest [ REQUEST id=123, [ Capabilities: INTERNET&NOT_RESTRICTED&TRUSTED&NOT_VCN_MANAGED&NOT_BANDWIDTH_CONSTRAINED Uid: 10144 RequestorUid: 10144 RequestorPkg: com.google.android.gms UnderlyingNetworks: Null] ]
07-27 05:11:33.831   576   730 D ConnectivityService: NetReassign [123 : null → 100] [c 0] [a 45] [i 3]
07-27 05:11:33.866   576   730 D ConnectivityService: NetReassign [no changes] [c 0] [a 1] [i 7]
07-27 05:11:33.897  1044  3149 W .gms.persistent: Long monitor contention with owner lowpool[14] (3125) at void dbyt.n(dbus, dbus, int)(:com.google.android.gms@242335038@24.23.35 (190400-646585959):49) waiters=0 in int dbyt.l(dbyf, bcsk) for 237ms
07-27 05:11:34.513  1044  3149 W .gms.persistent: Long monitor contention with owner lowpool[14] (3125) at void dbyt.n(dbus, dbus, int)(:com.google.android.gms@242335038@24.23.35 (190400-646585959):49) waiters=0 in int dbyt.l(dbyf, bcsk) for 575ms
07-27 05:11:34.537   380  3177 I resolv  : GetAddrInfoHandler::run: {100 786532 100 983140 10144 0}
07-27 05:11:34.541   380  3178 I resolv  : res_nmkquery: (QUERY, IN, AAAA)
07-27 05:11:34.541   380  3178 I resolv  : resolv_cache_lookup: FOUND IN CACHE entry=0xb4000075fd284510
07-27 05:11:34.541   380  3178 I resolv  : doQuery: rcode=0, ancount=8, return value=273
07-27 05:11:34.549   380  3179 I resolv  : res_nmkquery: (QUERY, IN, A)
07-27 05:11:34.560   380  3179 I resolv  : res_nsend: used send_dg 177 terrno: 0
07-27 05:11:34.560   380  3179 I resolv  : doQuery: rcode=0, ancount=8, return value=177
07-27 05:11:34.563  1571  3173 D TrafficStats: tagSocket(191) with statsTag=0x2c010301, statsUid=-1
07-27 05:11:34.571  1571  3173 D TrafficStats: tagSocket(191) with statsTag=0x2c010301, statsUid=-1
07-27 05:11:34.595  1571  3173 D TrafficStats: tagSocket(191) with statsTag=0x2c010301, statsUid=-1
07-27 05:11:34.598  1571  3173 D TrafficStats: tagSocket(191) with statsTag=0x2c010301, statsUid=-1
07-27 05:11:34.600  1571  3173 D TrafficStats: tagSocket(191) with statsTag=0x2c010301, statsUid=-1
07-27 05:11:34.605  1571  3173 D TrafficStats: tagSocket(191) with statsTag=0x2c010301, statsUid=-1
07-27 05:11:34.607  1571  3173 D TrafficStats: tagSocket(191) with statsTag=0x2c010301, statsUid=-1
07-27 05:11:34.611  1571  3173 D TrafficStats: tagSocket(191) with statsTag=0x2c010301, statsUid=-1
07-27 05:11:34.622  1571  3173 D TrafficStats: tagSocket(191) with statsTag=0x2c010301, statsUid=-1
07-27 05:11:34.761  1044  3125 I NetworkScheduler.Stats: Task com.google.android.gms/com.google.android.gms.credential.manager.tasks.PasswordSharingSubscriptionTaskBoundService finished executing. cause:7 result: 7 elapsed_millis: 6 uptime_millis: 6 exec_start_elapsed_seconds: 86 [CONTEXT service_id=218 ]
07-27 05:11:34.777  1044  3125 I NetworkScheduler.Stats: Task com.google.android.gms/com.google.android.gms.notifications.registration.service.NotificationsRegistrationTaskBoundService started execution. cause:7 exec_start_elapsed_seconds: 86 [CONTEXT service_id=218 ]
07-27 05:11:35.144  1571  3173 I cr_CronetUrlRequestContext: destroyNativeStreamLocked org.chromium.net.impl.CronetBidirectionalStream@5d01c03
07-27 05:11:35.196  1571  2084 I NotificationsModuleTask: Registering accounts to Chime Failed & Rescheduled for later. [CONTEXT service_id=358 ]
07-27 05:11:35.228  1044  1146 I NetworkScheduler.Stats: Task com.google.android.gms/com.google.android.gms.notifications.registration.service.NotificationsRegistrationTaskBoundService finished executing. cause:7 result: 3 elapsed_millis: 1952 uptime_millis: 1952 exec_start_elapsed_seconds: 86 [CONTEXT service_id=218 ]
07-27 05:11:35.238  1571  1571 D BoundBrokerSvc: onUnbind: Intent { act=com.google.android.gms.notifications.registration.service.NotificationsRegistrationTaskBoundService.ACTION_TASK_READY dat=chimera-action:/... cmp=com.google.android.gms/.chimera.GmsInternalBoundBrokerService }
07-27 05:11:35.308  1044  3125 I NetworkScheduler.Stats: Task com.google.android.gms/com.google.android.gms.auth.proximity.firstparty.CryptauthDeviceSyncService started execution. cause:5 exec_start_elapsed_seconds: 88 [CONTEXT service_id=218 ]
07-27 05:11:35.330  1044  2232 I NetworkScheduler.Stats: Task com.google.android.gms/com.google.android.gms.romanesco.ContactsLoggerUploadService started execution. cause:5 exec_start_elapsed_seconds: 88 [CONTEXT service_id=218 ]
07-27 05:11:35.506  1044  2466 W GLSUser : [DeviceKeyStore] Cannot load key: Device key file not found.
07-27 05:11:35.506  1044  2466 W GLSUser : [DeviceKeyStore] Cannot load key: Device key file not found.
07-27 05:11:35.510   380  3182 I resolv  : GetAddrInfoHandler::run: {100 786532 100 983140 10144 0}
07-27 05:11:35.513   380  3184 I resolv  : res_nmkquery: (QUERY, IN, A)
07-27 05:11:35.513   380  3183 I resolv  : res_nmkquery: (QUERY, IN, AAAA)
07-27 05:11:35.550   380  3184 I resolv  : res_nsend: used send_dg 180 terrno: 0
07-27 05:11:35.550   380  3184 I resolv  : doQuery: rcode=0, ancount=8, return value=180
07-27 05:11:35.576   380  3183 I resolv  : res_nsend: used send_dg 276 terrno: 0
07-27 05:11:35.576   380  3183 I resolv  : doQuery: rcode=0, ancount=8, return value=276
07-27 05:11:35.594  1571  1571 D BoundBrokerSvc: onBind: Intent { act=com.google.android.gms.people.contactssync.service.START dat=chimera-action:/... cmp=com.google.android.gms/.chimera.GmsBoundBrokerService }
07-27 05:11:35.595  1571  1571 D BoundBrokerSvc: Loading bound service for intent: Intent { act=com.google.android.gms.people.contactssync.service.START dat=chimera-action:/... cmp=com.google.android.gms/.chimera.GmsBoundBrokerService }
07-27 05:11:35.595  1571  2312 D TrafficStats: tagSocket(192) with statsTag=0x2000040f, statsUid=-1
07-27 05:11:35.598  1571  1827 I PeopleChimeraService: onService. callbacks = boez@c23c95d, request = com.google.android.gms.common.internal.GetServiceRequest@d8542d2
07-27 05:11:35.690   380   457 I netd    : tetherGetStats() -> {[]} <8.09ms>
07-27 05:11:35.724  1571  3180 I DCU_ContactsLogger: Nothing to upload! [CONTEXT service_id=135 ]
07-27 05:11:35.901  1571  2313 E DCU_ContactsLogService: Failed to mark incremental upload successful [CONTEXT service_id=135 ]
07-27 05:11:35.901  1571  2313 E DCU_ContactsLogService: java.util.concurrent.ExecutionException: dxrd: sync policy is not enabled
07-27 05:11:35.901  1571  2313 E DCU_ContactsLogService: 	at etvr.s(:com.google.android.gms@242335038@24.23.35 (190400-646585959):21)
07-27 05:11:35.901  1571  2313 E DCU_ContactsLogService: 	at etvr.get(:com.google.android.gms@242335038@24.23.35 (190400-646585959):10)
07-27 05:11:35.901  1571  2313 E DCU_ContactsLogService: 	at com.google.android.gms.romanesco.service.ContactsLoggerUploadService.a(:com.google.android.gms@242335038@24.23.35 (190400-646585959):249)
07-27 05:11:35.901  1571  2313 E DCU_ContactsLogService: 	at bpjj.call(:com.google.android.gms@242335038@24.23.35 (190400-646585959):32)
07-27 05:11:35.901  1571  2313 E DCU_ContactsLogService: 	at java.util.concurrent.FutureTask.run(FutureTask.java:264)
07-27 05:11:35.901  1571  2313 E DCU_ContactsLogService: 	at angs.c(:com.google.android.gms@242335038@24.23.35 (190400-646585959):50)
07-27 05:11:35.901  1571  2313 E DCU_ContactsLogService: 	at angs.run(:com.google.android.gms@242335038@24.23.35 (190400-646585959):76)
07-27 05:11:35.901  1571  2313 E DCU_ContactsLogService: 	at java.util.concurrent.ThreadPoolExecutor.runWorker(ThreadPoolExecutor.java:1145)
07-27 05:11:35.901  1571  2313 E DCU_ContactsLogService: 	at java.util.concurrent.ThreadPoolExecutor$Worker.run(ThreadPoolExecutor.java:644)
07-27 05:11:35.901  1571  2313 E DCU_ContactsLogService: 	at anmg.run(:com.google.android.gms@242335038@24.23.35 (190400-646585959):8)
07-27 05:11:35.901  1571  2313 E DCU_ContactsLogService: 	at java.lang.Thread.run(Thread.java:1012)
07-27 05:11:35.901  1571  2313 E DCU_ContactsLogService: Caused by: dxrd: sync policy is not enabled
07-27 05:11:35.901  1571  2313 E DCU_ContactsLogService: 	at dxou.a(:com.google.android.gms@242335038@24.23.35 (190400-646585959):167)
07-27 05:11:35.901  1571  2313 E DCU_ContactsLogService: 	at emsv.a(:com.google.android.gms@242335038@24.23.35 (190400-646585959):13)
07-27 05:11:35.901  1571  2313 E DCU_ContactsLogService: 	at etvv.d(:com.google.android.gms@242335038@24.23.35 (190400-646585959):3)
07-27 05:11:35.901  1571  2313 E DCU_ContactsLogService: 	at etvx.run(:com.google.android.gms@242335038@24.23.35 (190400-646585959):42)
07-27 05:11:35.901  1571  2313 E DCU_ContactsLogService: 	at etxk.execute(:com.google.android.gms@242335038@24.23.35 (190400-646585959):1)
07-27 05:11:35.901  1571  2313 E DCU_ContactsLogService: 	at etvr.h(:com.google.android.gms@242335038@24.23.35 (190400-646585959):1)
07-27 05:11:35.901  1571  2313 E DCU_ContactsLogService: 	at etvr.l(:com.google.android.gms@242335038@24.23.35 (190400-646585959):101)
07-27 05:11:35.901  1571  2313 E DCU_ContactsLogService: 	at etvr.o(:com.google.android.gms@242335038@24.23.35 (190400-646585959):15)
07-27 05:11:35.901  1571  2313 E DCU_ContactsLogService: 	at etvw.e(:com.google.android.gms@242335038@24.23.35 (190400-646585959):1)
07-27 05:11:35.901  1571  2313 E DCU_ContactsLogService: 	at etvx.run(:com.google.android.gms@242335038@24.23.35 (190400-646585959):48)
07-27 05:11:35.901  1571  2313 E DCU_ContactsLogService: 	at etxk.execute(:com.google.android.gms@242335038@24.23.35 (190400-646585959):1)
07-27 05:11:35.901  1571  2313 E DCU_ContactsLogService: 	at etvr.h(:com.google.android.gms@242335038@24.23.35 (190400-646585959):1)
07-27 05:11:35.901  1571  2313 E DCU_ContactsLogService: 	at etvr.l(:com.google.android.gms@242335038@24.23.35 (190400-646585959):101)
07-27 05:11:35.901  1571  2313 E DCU_ContactsLogService: 	at etvr.o(:com.google.android.gms@242335038@24.23.35 (190400-646585959):15)
07-27 05:11:35.901  1571  2313 E DCU_ContactsLogService: 	at etvq.run(:com.google.android.gms@242335038@24.23.35 (190400-646585959):120)
07-27 05:11:35.901  1571  2313 E DCU_ContactsLogService: 	at etxk.execute(:com.google.android.gms@242335038@24.23.35 (190400-646585959):1)
07-27 05:11:35.901  1571  2313 E DCU_ContactsLogService: 	at etvr.h(:com.google.android.gms@242335038@24.23.35 (190400-646585959):1)
07-27 05:11:35.901  1571  2313 E DCU_ContactsLogService: 	at etvr.l(:com.google.android.gms@242335038@24.23.35 (190400-646585959):101)
07-27 05:11:35.901  1571  2313 E DCU_ContactsLogService: 	at etvr.o(:com.google.android.gms@242335038@24.23.35 (190400-646585959):15)
07-27 05:11:35.901  1571  2313 E DCU_ContactsLogService: 	at etvw.e(:com.google.android.gms@242335038@24.23.35 (190400-646585959):1)
07-27 05:11:35.901  1571  2313 E DCU_ContactsLogService: 	at etvx.run(:com.google.android.gms@242335038@24.23.35 (190400-646585959):48)
07-27 05:11:35.901  1571  2313 E DCU_ContactsLogService: 	at etxk.execute(:com.google.android.gms@242335038@24.23.35 (190400-646585959):1)
07-27 05:11:35.901  1571  2313 E DCU_ContactsLogService: 	at etvr.h(:com.google.android.gms@242335038@24.23.35 (190400-646585959):1)
07-27 05:11:35.901  1571  2313 E DCU_ContactsLogService: 	at etvr.l(:com.google.android.gms@242335038@24.23.35 (190400-646585959):101)
07-27 05:11:35.901  1571  2313 E DCU_ContactsLogService: 	at etvr.o(:com.google.android.gms@242335038@24.23.35 (190400-646585959):15)
07-27 05:11:35.901  1571  2313 E DCU_ContactsLogService: 	at etvw.e(:com.google.android.gms@242335038@24.23.35 (190400-646585959):1)
07-27 05:11:35.901  1571  2313 E DCU_ContactsLogService: 	at etvx.run(:com.google.android.gms@242335038@24.23.35 (190400-646585959):48)
07-27 05:11:35.901  1571  2313 E DCU_ContactsLogService: 	at etxk.execute(:com.google.android.gms@242335038@24.23.35 (190400-646585959):1)
07-27 05:11:35.901  1571  2313 E DCU_ContactsLogService: 	at etvr.h(:com.google.android.gms@242335038@24.23.35 (190400-646585959):1)
07-27 05:11:35.901  1571  2313 E DCU_ContactsLogService: 	at etvr.l(:com.google.android.gms@242335038@24.23.35 (190400-646585959):101)
07-27 05:11:35.901  1571  2313 E DCU_ContactsLogService: 	at etvr.r(:com.google.android.gms@242335038@24.23.35 (190400-646585959):28)
07-27 05:11:35.901  1571  2313 E DCU_ContactsLogService: 	at etyh.run(:com.google.android.gms@242335038@24.23.35 (190400-646585959):5)
07-27 05:11:35.901  1571  2313 E DCU_ContactsLogService: 	at etxk.execute(:com.google.android.gms@242335038@24.23.35 (190400-646585959):1)
07-27 05:11:35.901  1571  2313 E DCU_ContactsLogService: 	at etvr.h(:com.google.android.gms@242335038@24.23.35 (190400-646585959):1)
07-27 05:11:35.901  1571  2313 E DCU_ContactsLogService: 	at etvr.l(:com.google.android.gms@242335038@24.23.35 (190400-646585959):101)
07-27 05:11:35.901  1571  2313 E DCU_ContactsLogService: 	at etvr.r(:com.google.android.gms@242335038@24.23.35 (190400-646585959):28)
07-27 05:11:35.901  1571  2313 E DCU_ContactsLogService: 	at etyh.run(:com.google.android.gms@242335038@24.23.35 (190400-646585959):5)
07-27 05:11:35.901  1571  2313 E DCU_ContactsLogService: 	at etxk.execute(:com.google.android.gms@242335038@24.23.35 (190400-646585959):1)
07-27 05:11:35.901  1571  2313 E DCU_ContactsLogService: 	at etvr.h(:com.google.android.gms@242335038@24.23.35 (190400-646585959):1)
07-27 05:11:35.901  1571  2313 E DCU_ContactsLogService: 	at etvr.l(:com.google.android.gms@242335038@24.23.35 (190400-646585959):101)
07-27 05:11:35.901  1571  2313 E DCU_ContactsLogService: 	at etvr.r(:com.google.android.gms@242335038@24.23.35 (190400-646585959):28)
07-27 05:11:35.901  1571  2313 E DCU_ContactsLogService: 	at etzu.e(:com.google.android.gms@242335038@24.23.35 (190400-646585959):5)
07-27 05:11:35.901  1571  2313 E DCU_ContactsLogService: 	at etyv.run(:com.google.android.gms@242335038@24.23.35 (190400-646585959):75)
07-27 05:11:35.901  1571  2313 E DCU_ContactsLogService: 	at etzw.run(:com.google.android.gms@242335038@24.23.35 (190400-646585959):5)
07-27 05:11:35.901  1571  2313 E DCU_ContactsLogService: 	at etxt.run(:com.google.android.gms@242335038@24.23.35 (190400-646585959):20)
07-27 05:11:35.901  1571  2313 E DCU_ContactsLogService: 	... 6 more
07-27 05:11:35.908  1044  3125 I NetworkScheduler.Stats: Task com.google.android.gms/com.google.android.gms.romanesco.ContactsLoggerUploadService finished executing. cause:5 result: 1 elapsed_millis: 593 uptime_millis: 593 exec_start_elapsed_seconds: 88 [CONTEXT service_id=218 ]
07-27 05:11:35.994  1044  2232 I NetworkScheduler.Stats: Task com.google.android.gms/com.google.android.gms.tapandpay.gcmtask.TapAndPayGcmTaskService started execution. cause:5 exec_start_elapsed_seconds: 89 [CONTEXT service_id=218 ]
07-27 05:11:36.004  1044  1234 W TapAndPay: NfcAdapter is null while obtaining CardEmulation instance. [CONTEXT service_id=79 ]
07-27 05:11:36.004  1044  1234 W TapAndPay: java.lang.NullPointerException: NfcAdapter is null
07-27 05:11:36.004  1044  1234 W TapAndPay: 	at android.nfc.cardemulation.CardEmulation.getInstance(CardEmulation.java:170)
07-27 05:11:36.004  1044  1234 W TapAndPay: 	at dhwn.<init>(:com.google.android.gms@242335038@24.23.35 (190400-646585959):15)
07-27 05:11:36.004  1044  1234 W TapAndPay: 	at com.google.android.gms.tapandpay.hce.task.TapAndPayAidRegistrationTaskOperation.a(:com.google.android.gms@242335038@24.23.35 (190400-646585959):50)
07-27 05:11:36.004  1044  1234 W TapAndPay: 	at com.google.android.gms.tapandpay.gcmtask.TapAndPayGcmTaskChimeraService.a(:com.google.android.gms@242335038@24.23.35 (190400-646585959):32)
07-27 05:11:36.004  1044  1234 W TapAndPay: 	at bpjj.call(:com.google.android.gms@242335038@24.23.35 (190400-646585959):32)
07-27 05:11:36.004  1044  1234 W TapAndPay: 	at java.util.concurrent.FutureTask.run(FutureTask.java:264)
07-27 05:11:36.004  1044  1234 W TapAndPay: 	at angs.c(:com.google.android.gms@242335038@24.23.35 (190400-646585959):50)
07-27 05:11:36.004  1044  1234 W TapAndPay: 	at angs.run(:com.google.android.gms@242335038@24.23.35 (190400-646585959):76)
07-27 05:11:36.004  1044  1234 W TapAndPay: 	at java.util.concurrent.ThreadPoolExecutor.runWorker(ThreadPoolExecutor.java:1145)
07-27 05:11:36.004  1044  1234 W TapAndPay: 	at java.util.concurrent.ThreadPoolExecutor$Worker.run(ThreadPoolExecutor.java:644)
07-27 05:11:36.004  1044  1234 W TapAndPay: 	at anmg.run(:com.google.android.gms@242335038@24.23.35 (190400-646585959):8)
07-27 05:11:36.004  1044  1234 W TapAndPay: 	at java.lang.Thread.run(Thread.java:1012)
07-27 05:11:36.010  1044  1234 I NetworkScheduler.Stats: Task com.google.android.gms/com.google.android.gms.tapandpay.gcmtask.TapAndPayGcmTaskService finished executing. cause:5 result: 3 elapsed_millis: 38 uptime_millis: 38 exec_start_elapsed_seconds: 89 [CONTEXT service_id=218 ]
07-27 05:11:36.077  1044  2232 I NetworkScheduler.Stats: Task com.google.android.gms/com.google.android.gms.tapandpay.gcmtask.TapAndPayGcmTaskService started execution. cause:5 exec_start_elapsed_seconds: 89 [CONTEXT service_id=218 ]
07-27 05:11:36.082  1044  3125 I NetworkScheduler.Stats: Task com.google.android.gms/com.google.android.gms.tapandpay.gcmtask.TapAndPayGcmTaskService finished executing. cause:5 result: 1 elapsed_millis: 25 uptime_millis: 25 exec_start_elapsed_seconds: 89 [CONTEXT service_id=218 ]
07-27 05:11:36.122  1044  2232 I NetworkScheduler.Stats: Task com.google.android.gms/com.google.android.gms.tapandpay.gcmtask.TapAndPayGcmTaskService started execution. cause:5 exec_start_elapsed_seconds: 89 [CONTEXT service_id=218 ]
07-27 05:11:36.134  1044  1234 I TapAndPay: deviceSupportsHce has detected emulator [CONTEXT service_id=79 ]
07-27 05:11:36.138  1044  2232 I NetworkScheduler.Stats: Task com.google.android.gms/com.google.android.gms.tapandpay.gcmtask.TapAndPayGcmTaskService finished executing. cause:5 result: 1 elapsed_millis: 26 uptime_millis: 26 exec_start_elapsed_seconds: 89 [CONTEXT service_id=218 ]
07-27 05:11:36.164  1044  3125 I NetworkScheduler.Stats: Task com.google.android.gms/com.google.android.gms.tapandpay.gcmtask.TapAndPayGcmTaskService started execution. cause:5 exec_start_elapsed_seconds: 89 [CONTEXT service_id=218 ]
07-27 05:11:36.167  1044  3125 W ChimeraUtils: Module com.google.android.gms.tapandpay missing resource null(0)
07-27 05:11:36.191  1044  2232 I NetworkScheduler.Stats: Task com.google.android.gms/com.google.android.gms.tapandpay.gcmtask.TapAndPayGcmTaskService finished executing. cause:5 result: 1 elapsed_millis: 35 uptime_millis: 35 exec_start_elapsed_seconds: 89 [CONTEXT service_id=218 ]
07-27 05:11:36.192  1571  2313 I Pay     : External corp badge is enabled: true [CONTEXT service_id=198 ]
07-27 05:11:36.234  1044  2062 W GLSUser : [DeviceKeyStore] Cannot load key: Device key file not found.
07-27 05:11:36.234  1044  2062 W GLSUser : [DeviceKeyStore] Cannot load key: Device key file not found.
07-27 05:11:36.246  1044  3125 I NetworkScheduler.Stats: Task com.google.android.gms/com.google.android.gms.pay.gcmtask.PayGcmTaskService started execution. cause:5 exec_start_elapsed_seconds: 89 [CONTEXT service_id=218 ]
07-27 05:11:36.262  1044  2232 I NetworkScheduler.Stats: Task com.google.android.gms/com.google.android.gms.pay.gcmtask.PayGcmTaskService finished executing. cause:5 result: 1 elapsed_millis: 29 uptime_millis: 29 exec_start_elapsed_seconds: 89 [CONTEXT service_id=218 ]
07-27 05:11:36.294  1044  3125 I NetworkScheduler.Stats: Task com.google.android.gms/com.google.android.gms.pay.gcmtask.PayGcmTaskService started execution. cause:5 exec_start_elapsed_seconds: 89 [CONTEXT service_id=218 ]
07-27 05:11:36.296  1571  3180 W Pay     : Active account was null, notification task will be cancelled. [CONTEXT service_id=198 ]
07-27 05:11:36.296  1571  3180 W Pay     : No account found on the task or the device. Notification task will not be rescheduled. [CONTEXT service_id=198 ]
07-27 05:11:36.298  1044  2232 I NetworkScheduler.Stats: Task com.google.android.gms/com.google.android.gms.pay.gcmtask.PayGcmTaskService finished executing. cause:5 result: 2 elapsed_millis: 16 uptime_millis: 16 exec_start_elapsed_seconds: 89 [CONTEXT service_id=218 ]
07-27 05:11:36.325  1044  3125 I NetworkScheduler.Stats: Task com.google.android.gms/com.google.android.gms.pay.gcmtask.PayGcmTaskService started execution. cause:5 exec_start_elapsed_seconds: 89 [CONTEXT service_id=218 ]
07-27 05:11:36.332  1044  1234 I NetworkScheduler.Stats: Task com.google.android.gms/com.google.android.gms.pay.gcmtask.PayGcmTaskService finished executing. cause:5 result: 1 elapsed_millis: 16 uptime_millis: 16 exec_start_elapsed_seconds: 89 [CONTEXT service_id=218 ]
07-27 05:11:36.357  1044  3125 I NetworkScheduler.Stats: Task com.google.android.gms/com.google.android.gms.pay.gcmtask.PayGcmTaskService started execution. cause:5 exec_start_elapsed_seconds: 89 [CONTEXT service_id=218 ]
07-27 05:11:36.358  1571  3180 I Pay     : Device does not support HCE. [CONTEXT service_id=198 ]
07-27 05:11:36.368  1044  1234 I NetworkScheduler.Stats: Task com.google.android.gms/com.google.android.gms.pay.gcmtask.PayGcmTaskService finished executing. cause:5 result: 2 elapsed_millis: 20 uptime_millis: 20 exec_start_elapsed_seconds: 89 [CONTEXT service_id=218 ]
07-27 05:11:36.401  1044  3125 I NetworkScheduler.Stats: Task com.google.android.gms/com.google.android.gms.pay.gcmtask.PayGcmTaskService started execution. cause:5 exec_start_elapsed_seconds: 89 [CONTEXT service_id=218 ]
07-27 05:11:36.411  1571  2313 I AlarmManager: set [name: SystemMemoryCache type: 2 triggerAtMillis: 315360089542 windowMillis: -1 intervalMillis: 0]
07-27 05:11:36.554  1044  1051 I .gms.persistent: Background concurrent mark compact GC freed 15MB AllocSpace bytes, 24(1120KB) LOS objects, 49% free, 14MB/29MB, paused 530us,2.459ms total 205.442ms
07-27 05:11:36.577  1044  1234 I NetworkScheduler.Stats: Task com.google.android.gms/com.google.android.gms.pay.gcmtask.PayGcmTaskService finished executing. cause:5 result: 1 elapsed_millis: 183 uptime_millis: 183 exec_start_elapsed_seconds: 89 [CONTEXT service_id=218 ]
07-27 05:11:36.636   576   656 D OomAdjuster: Not killing cached processes
07-27 05:11:36.638  1044  3125 I NetworkScheduler.Stats: Task com.google.android.gms/com.google.android.gms.pay.gcmtask.PayGcmTaskService started execution. cause:5 exec_start_elapsed_seconds: 89 [CONTEXT service_id=218 ]
07-27 05:11:36.646  1571  3180 W Pay     : Active account was null, notification task will be cancelled. [CONTEXT service_id=198 ]
07-27 05:11:36.702  1571  1571 D BoundBrokerSvc: onBind: Intent { act=com.google.android.gms.audit.service.START dat=chimera-action:/... cmp=com.google.android.gms/.chimera.GmsBoundBrokerService }
07-27 05:11:36.702  1571  1571 D BoundBrokerSvc: Loading bound service for intent: Intent { act=com.google.android.gms.audit.service.START dat=chimera-action:/... cmp=com.google.android.gms/.chimera.GmsBoundBrokerService }
07-27 05:11:36.703  1571  3180 I Pay     : [SeTosMigration] walletJpEligibility is not enabled [CONTEXT service_id=198 ]
07-27 05:11:36.712  1571  3180 I Pay     : Wallet install state NOT_INSTALLED [CONTEXT service_id=198 ]
07-27 05:11:36.720  1571  3180 I Pay     : Migration flag not enabled. [CONTEXT service_id=198 ]
07-27 05:11:36.724  1044  1234 I NetworkScheduler.Stats: Task com.google.android.gms/com.google.android.gms.pay.gcmtask.PayGcmTaskService finished executing. cause:5 result: 1 elapsed_millis: 106 uptime_millis: 106 exec_start_elapsed_seconds: 89 [CONTEXT service_id=218 ]
07-27 05:11:36.762  1044  1044 D BoundBrokerSvc: onUnbind: Intent { act=com.google.android.gms.common.telemetry.service.START dat=chimera-action:/... cmp=com.google.android.gms/.chimera.PersistentApiService }
07-27 05:11:36.769  1571  1897 I CryptauthV2: [DeviceSyncController] Device sync completed, sending broadcast
07-27 05:11:36.979  1044  1146 I NetworkScheduler.Stats: Task com.google.android.gms/com.google.android.gms.auth.proximity.firstparty.CryptauthDeviceSyncService finished executing. cause:5 result: 1 elapsed_millis: 1687 uptime_millis: 1687 exec_start_elapsed_seconds: 88 [CONTEXT service_id=218 ]
07-27 05:11:37.054  1044  2717 I ProximityAuth: [FeatureEnabledController] Updating previously enabled features ([]) and with enabled features synced from Cryptauth ([]) [CONTEXT service_id=108 ]
07-27 05:11:37.083  1044  1146 I NetworkScheduler.Stats: Task com.google.android.gms/com.google.android.gms.udc.service.UdcContextInitService started execution. cause:5 exec_start_elapsed_seconds: 90 [CONTEXT service_id=218 ]
07-27 05:11:37.281  1044  2717 I ProximityAuth: [FeatureLoader] auth_easyunlock module load status: 2
07-27 05:11:37.303  1044  1044 I ProximityAuth: [PhoneHubService] Handling intent for PhoneHubChimeraService.
07-27 05:11:37.312  1044  1146 I ProximityAuth: [PhoneHubService] No enabled account, stopping service
07-27 05:11:37.364  1044  1044 I ProximityAuth: [PhoneHubService] Destroying PhoneHubChimeraService.
07-27 05:11:37.364  1044  1044 W ProximityAuth: [PhoneHubNotificationProcessor] shutdown(): context is null.
07-27 05:11:37.364  1044  1044 I ProximityAuth: [PhoneHubService] All devices have disconnected. Performing cleanup...
07-27 05:11:37.365  1044  1044 W ChimeraUtils: Module com.google.android.gms.auth_proximity missing resource null(0)
07-27 05:11:37.374  1044  2232 I NetworkScheduler.Stats: Task com.google.android.gms/com.google.android.gms.clearcut.uploader.QosUploaderService started execution. cause:5 exec_start_elapsed_seconds: 90 [CONTEXT service_id=218 ]
07-27 05:11:37.492  1044  2717 I AlarmManager: set [name: SystemMemoryCache type: 2 triggerAtMillis: 315360090624 windowMillis: -1 intervalMillis: 0]
07-27 05:11:37.618  1044  3125 I NetworkScheduler.Stats: Task com.google.android.gms/com.google.android.gms.clearcut.uploader.QosUploaderService finished executing. cause:5 result: 1 elapsed_millis: 320 uptime_millis: 320 exec_start_elapsed_seconds: 90 [CONTEXT service_id=218 ]
07-27 05:11:37.717  1044  3189 I ProximityAuth: [BetterTogetherSetup] Trying to disable
07-27 05:11:37.894  1044  2466 I FacsCacheGmsModule: Receiving API connection to FACS API from package 'com.google.android.gms'...
07-27 05:11:37.898  1571  3164 I FacsCacheGmsModule: Receiving API connection to internal FACS API...
07-27 05:11:37.900  1044  2466 I FacsCacheGmsModule: API connection successful!
07-27 05:11:37.900  1571  3164 I FacsCacheGmsModule: API connection successful!
07-27 05:11:37.901  1044  2466 I FacsCacheGmsModule: Received 'readDeviceLevelSettings' request from package 'com.google.android.gms'...
07-27 05:11:37.902  1044  2466 I FacsCacheGmsModule: Operation 'readDeviceLevelSettings' dispatched!
07-27 05:11:37.903  1044  2441 I FacsCacheGmsModule: Executing operation 'ReadDeviceLevelSettingsOperation'...
07-27 05:11:37.930  1044  2441 I FacsCacheGmsModule: Operation 'ReadDeviceLevelSettingsOperation' successful!
07-27 05:11:37.933  1571  2084 I GmsCoreXrpcWrapper: Returning a channel provider with trafficStatsTag=4097 trafficStatsUid=-1
07-27 05:11:37.983  1044  1044 I MagicTether: [AutoDisconnectIntentOperation] Canceling task. [CONTEXT service_id=276 ]
07-27 05:11:38.042  1044  2717 I MagicTether: [AutoDisconnectIntentOperation] Canceling task. [CONTEXT service_id=276 ]
07-27 05:11:38.129   380  3193 I resolv  : GetAddrInfoHandler::run: {100 786532 100 983140 10144 0}
07-27 05:11:38.130   380  3194 I resolv  : res_nmkquery: (QUERY, IN, AAAA)
07-27 05:11:38.131   380  3195 I resolv  : res_nmkquery: (QUERY, IN, A)
07-27 05:11:38.141   380  3194 I resolv  : res_nsend: used send_dg 270 terrno: 0
07-27 05:11:38.141   380  3194 I resolv  : doQuery: rcode=0, ancount=8, return value=270
07-27 05:11:38.144   380  3195 I resolv  : res_nsend: used send_dg 174 terrno: 0
07-27 05:11:38.146   380  3195 I resolv  : doQuery: rcode=0, ancount=8, return value=174
07-27 05:11:38.164  1571  3173 D TrafficStats: tagSocket(119) with statsTag=0x28001001, statsUid=-1
07-27 05:11:38.228  1571  3173 D TrafficStats: tagSocket(191) with statsTag=0x28001001, statsUid=-1
07-27 05:11:38.405  1571  3173 I cr_CronetUrlRequestContext: destroyNativeStreamLocked org.chromium.net.impl.CronetBidirectionalStream@6b8c46e
07-27 05:11:38.428  1044  2466 I FacsCacheGmsModule: Received 'writeDeviceLevelSettings' request from package 'com.google.android.gms'...
07-27 05:11:38.428  1044  2466 I FacsCacheGmsModule: Operation 'writeDeviceLevelSettings' dispatched!
07-27 05:11:38.429  1044  2017 I FacsCacheGmsModule: Executing operation 'WriteDeviceLevelSettingsOperation'...
07-27 05:11:38.450  1044  2017 I FacsCacheGmsModule: Operation 'WriteDeviceLevelSettingsOperation' successful!
07-27 05:11:38.470  1571  3191 I DCU_IntentOperation: handleUdcSettingChanged: Udc flag is enabled [CONTEXT service_id=135 ]
07-27 05:11:38.579  1571  3181 I DCU_IntentOperation: SPE one-time sync 2 scheduled [CONTEXT service_id=135 ]
07-27 05:11:38.612  1558  1558 W JobInfo : Job 'com.google.android.googlequicksearchbox/com.google.android.apps.gsa.tasks.BackgroundTasksJobService#-47' has a deadline with functional constraints and an extremely short time window of 0 ms (delay=10000, deadline=10000). The functional constraints are not likely to be satisfied when the job runs.
07-27 05:11:38.632   576   592 W JobInfo : Job 'com.google.android.googlequicksearchbox/com.google.android.apps.gsa.tasks.BackgroundTasksJobService#-47' has a deadline with functional constraints and an extremely short time window of 0 ms (delay=10000, deadline=10000). The functional constraints are not likely to be satisfied when the job runs.
07-27 05:11:38.689   576   592 W JobInfo : Job 'com.google.android.googlequicksearchbox/com.google.android.apps.gsa.tasks.BackgroundTasksJobService#-47' has a deadline with functional constraints and an extremely short time window of 0 ms (delay=10000, deadline=10000). The functional constraints are not likely to be satisfied when the job runs.
07-27 05:11:38.718  1044  3125 I NetworkScheduler.Stats: Task com.google.android.gms/com.google.android.gms.udc.service.UdcContextInitService finished executing. cause:5 result: 1 elapsed_millis: 1760 uptime_millis: 1760 exec_start_elapsed_seconds: 90 [CONTEXT service_id=218 ]
07-27 05:11:40.306  1571  3123 I ChimeraConfigurator: Starting update, reason: 4 urgentFeatures: vision.ocr:-1
07-27 05:11:40.362  1571  3123 I ChimeraConfigurator: Detected pending changes for urgent request: [vision.ocr]. Pending module sets: container:2423359190400+mlkit.ocr.common+vision.ocr,tflite_dynamite:2605805025100400+tflite_dynamite
07-27 05:11:40.380  1571  3123 I GmsDebugLogger: [73] 1801
07-27 05:11:40.386  1571  3123 W ZappDownloader: No successful Zapp module downloads for requested modules [VisionOcr.optional:242335100000:permitMetered, TfliteDynamiteDynamite.integ:260580502100400:permitMetered, MlkitOcrCommon.optional:242335100400:permitMetered].
07-27 05:11:40.386  1571  3123 I GmsDebugLogger: [30] [VisionOcr.optional:242335100000],[TfliteDynamiteDynamite.integ:260580502100400],[MlkitOcrCommon.optional:242335100400]
07-27 05:11:40.396  1571  3123 W ChimeraConfigService: Retry attempt was throttled. [CONTEXT service_id=264 ]
07-27 05:11:40.398  1571  3123 I GmsDebugLogger: [83] 1 [vision.ocr]
07-27 05:11:40.405  1571  3191 W Vision  : Request for optional module download of ocr failed. Request again.
07-27 05:11:40.406  1571  3191 W Vision  : Would have logged:
07-27 05:11:40.406  1571  3191 W Vision  : # fbxl@37884fe7
07-27 05:11:40.406  1571  3191 I Vision  : Schedule retrying download ocr at 93538 with backoff 20 seconds
--------- beginning of kernel
07-27 05:11:40.561  2828  2828 I logd    : start watching /data/system/packages.list ...
07-27 05:11:40.562  2828  2828 I logd    : ReadPackageList, total packages: 215
07-27 05:11:40.599  1571  1571 I NearbySharing: SharingTileService destroyed [CONTEXT service_id=194 ]
07-27 05:11:41.122  1044  3127 I NearbyMediums: No BLE Fast/GATT advertisements found in the latest cycle.
07-27 05:11:41.726   576   607 D OomAdjuster: Not killing cached processes
07-27 05:11:41.757   380   457 I netd    : tetherGetStats() -> {[]} <2.03ms>
07-27 05:11:42.177  1436  1476 I IPCThreadState: oneway function results for code 2 on binder at 0xb400007cc30d0180 will be dropped but finished with status UNKNOWN_TRANSACTION
07-27 05:11:44.757  1044  1044 D BoundBrokerSvc: onUnbind: Intent { act=com.google.android.gms.time.trustedtime.singleuserapi.service.START dat=chimera-action:/... cmp=com.google.android.gms/.chimera.PersistentSingleUserInternalApiService }
07-27 05:11:44.762  1044  1044 D BoundBrokerSvc: onUnbind: Intent { act=com.google.android.gms.time.trustedtime.service.START dat=chimera-action:/... cmp=com.google.android.gms/.chimera.PersistentApiService }
07-27 05:11:45.891   576   674 D ActivityManager: freezing 1165 com.google.android.permissioncontroller
07-27 05:11:45.906   576   730 D InetDiagMessage: Destroyed 0 sockets, proto=IPPROTO_TCP, family=AF_INET, states=14
07-27 05:11:45.907   576   730 D InetDiagMessage: Destroyed 0 sockets, proto=IPPROTO_TCP, family=AF_INET6, states=14
07-27 05:11:45.907   576   730 D InetDiagMessage: Destroyed live tcp sockets for uids={10205} in 1ms
07-27 05:11:46.898   188  3188 I keystore2: system/security/keystore2/watchdog/src/lib.rs:319 - Watchdog thread idle -> terminating. Have a great day.
07-27 05:11:46.959   576   592 D OomAdjuster: Not killing cached processes
07-27 05:11:47.222  1571  1571 D BoundBrokerSvc: onUnbind: Intent { act=com.google.android.gms.chimera.container.moduleinstall.ModuleInstallService.START dat=chimera-action:/... cmp=com.google.android.gms/.chimera.GmsApiService }
07-27 05:11:47.242   576   730 D InetDiagMessage: Destroyed 0 sockets, proto=IPPROTO_TCP, family=AF_INET, states=14
07-27 05:11:47.243   576   730 D InetDiagMessage: Destroyed 0 sockets, proto=IPPROTO_TCP, family=AF_INET6, states=14
07-27 05:11:47.243   576   730 D InetDiagMessage: Destroyed live tcp sockets for uids={10142} in 8ms
07-27 05:11:47.245   576   730 D InetDiagMessage: Destroyed 0 sockets, proto=IPPROTO_TCP, family=AF_INET, states=14
07-27 05:11:47.245   576   730 D InetDiagMessage: Destroyed 0 sockets, proto=IPPROTO_TCP, family=AF_INET6, states=14
07-27 05:11:47.246   576   730 D InetDiagMessage: Destroyed live tcp sockets for uids={20142} in 3ms
07-27 05:11:47.269  1571  1571 D BoundBrokerSvc: onUnbind: Intent { act=com.google.android.mobstore.service.START dat=chimera-action:/... cmp=com.google.android.gms/.chimera.GmsBoundBrokerService }
07-27 05:11:47.749  1044  1044 D BoundBrokerSvc: onUnbind: Intent { act=com.google.android.gms.udc.service.START dat=chimera-action:/... cmp=com.google.android.gms/.chimera.PersistentApiService }
07-27 05:11:48.612  1571  1571 D BoundBrokerSvc: onUnbind: Intent { act=com.google.android.gms.auth.service.START pkg=com.google.android.gms }
07-27 05:11:48.767  1558  1558 I BgTaskExecutorImpl: (REDACTED) Starting %s background task %s.
07-27 05:11:48.841  1450  1840 I IPCThreadState: oneway function results for code 2 on binder at 0xb400007cc30a4fe0 will be dropped but finished with status UNKNOWN_TRANSACTION
07-27 05:11:48.985  1044  2466 I FacsCacheGmsModule: Receiving API connection to FACS API from package 'com.google.android.googlequicksearchbox'...
07-27 05:11:48.986  1044  2466 I FacsCacheGmsModule: API connection successful!
07-27 05:11:49.017  1571  3164 I FacsCacheGmsModule: Receiving API connection to internal FACS API...
07-27 05:11:49.024  1571  3164 I FacsCacheGmsModule: API connection successful!
07-27 05:11:49.075  1044  2466 I FacsCacheGmsModule: Received 'getActivityControlsSettings' request from package 'com.google.android.googlequicksearchbox', instance id 'AGSA_UDC_INSTANCE', version '1'...
07-27 05:11:49.076  1044  2466 I FacsCacheGmsModule: Operation 'getActivityControlsSettings' dispatched!
07-27 05:11:49.076  1044  3060 I FacsCacheGmsModule: Executing operation 'GetActivityControlsSettingsOperation'...
07-27 05:11:49.093  1044  3060 I FacsCacheGmsModule: Operation 'GetActivityControlsSettingsOperation' successful!
07-27 05:11:49.116   576   592 W JobScheduler: Job didn't exist in JobStore: aa1eefd #u0a143/-47 com.google.android.googlequicksearchbox/com.google.android.apps.gsa.tasks.BackgroundTasksJobService
07-27 05:11:49.480  1558  1564 W System  : A resource failed to call CursorWindow.close. 
07-27 05:11:49.482  1558  1564 E DataBuffer: Internal data leak within a DataBuffer object detected!  Be sure to explicitly call release() on all DataBuffer extending objects when you are done with them. (internal object: com.google.android.gms.common.data.DataHolder@eec8ca5)
07-27 05:11:50.185   953   953 E PhoneInterfaceManager: queryModemActivityInfo: invalid response
07-27 05:11:50.186   576  1720 D TelephonyManager: requestModemActivityInfo: Sending result to app: ModemActivityInfo{ mTimestamp=70801 mSleepTimeMs=0 mIdleTimeMs=70358 mActivityStatsTechSpecificInfo=[{mRat=UNKNOWN,mFrequencyRange=UNKNOWN,mTxTimeMs[]=[0, 0, 0, 0, 0],mRxTimeMs=0}]}
07-27 05:11:50.219   380   457 I netd    : tetherGetStats() -> {[]} <10.78ms>
07-27 05:11:50.631  1571  1571 D BoundBrokerSvc: onUnbind: Intent { act=com.google.android.gms.people.contactssync.service.START dat=chimera-action:/... cmp=com.google.android.gms/.chimera.GmsBoundBrokerService }
07-27 05:11:51.148  1044  3060 I NearbyMediums: No BLE Fast/GATT advertisements found in the latest cycle.
07-27 05:11:51.737  1044  1044 D BoundBrokerSvc: onUnbind: Intent { act=com.google.android.gms.tapandpay.service.BIND dat=chimera-action:/... cmp=com.google.android.gms/.chimera.PersistentApiService }
07-27 05:11:51.964  1571  1571 D BoundBrokerSvc: onUnbind: Intent { act=com.google.android.gms.audit.service.START dat=chimera-action:/... cmp=com.google.android.gms/.chimera.GmsBoundBrokerService }
07-27 05:11:51.966   576  1720 D OomAdjuster: Not killing cached processes
07-27 05:11:52.002   820  1047 D EGL_emulation: app_time_stats: avg=16027.86ms min=110.00ms max=31945.72ms count=2
07-27 05:11:52.187   576   674 D ActivityManager: freezing 1876 com.google.android.as.oss
07-27 05:11:53.461  1044  1044 D BoundBrokerSvc: onUnbind: Intent { act=com.google.android.gms.facs.cache.service.START dat=chimera-action:/... cmp=com.google.android.gms/.chimera.PersistentApiService }
07-27 05:11:53.602  1044  1044 D BoundBrokerSvc: onUnbind: Intent { act=com.google.android.gms.libs.gmscorelogger.service.START dat=chimera-action:/... cmp=com.google.android.gms/.chimera.PersistentDirectBootAwareApiService }
07-27 05:11:54.366  2769  2775 I ology.sinsinapp: Background concurrent mark compact GC freed 4380KB AllocSpace bytes, 0(0B) LOS objects, 49% free, 6655KB/12MB, paused 477us,8.847ms total 280.985ms
07-27 05:11:58.337  1571  3180 I ChimeraPrvdrProxy: Shutting down chimera ContentProvider com.google.android.gms.reminders.provider.RemindersChimeraProvider
07-27 05:11:59.152   576   674 D ActivityManager: freezing 1558 com.google.android.googlequicksearchbox:search
07-27 05:12:00.106  1436  1698 I AiAiEcho: Predicting[0]:  [CONTEXT sampling_count=5 ]
07-27 05:12:00.107  1436  1698 I AiAiEcho: EchoTargets: 
07-27 05:12:00.107  1436  1698 I AiAiEcho: Filtered by AiAi flag check: 
07-27 05:12:00.107  1436  1698 I AiAiEcho: [CONTEXT ratelimit_period="10 SECONDS" ]
07-27 05:12:00.108  1436  1698 I AiAiEcho: Ranked targets strategy: SORT, count: 0, ranking metadata:  [CONTEXT ratelimit_period="10 SECONDS" ]
07-27 05:12:00.113  1436  1698 I AiAiEcho: #remoteViewsTwiddler: feature disabled.
07-27 05:12:00.114  1436  1698 I AiAiEcho: Predicting[0]:  [CONTEXT sampling_count=5 ]
07-27 05:12:00.114  1436  1698 I AiAiEcho: EchoTargets: 
07-27 05:12:00.114  1436  1698 I AiAiEcho: Filtered by AiAi flag check: 
07-27 05:12:00.114  1436  1698 I AiAiEcho: [CONTEXT ratelimit_period="10 SECONDS" ]
07-27 05:12:00.114  1436  1698 I AiAiEcho: Ranked targets strategy: SORT, count: 0, ranking metadata:  [CONTEXT ratelimit_period="10 SECONDS" ]
07-27 05:12:00.114  1436  1698 I AiAiEcho: #remoteViewsTwiddler: feature disabled.
07-27 05:12:00.115  1436  1698 I AiAiEcho: #postPredictionTargets: Sending updates to UISurface lockscreen with targets# 0 (types=[])
07-27 05:12:00.117  1436  1698 I AiAiEcho: #postPredictionTargets: Sending updates to UISurface home with targets# 0 (types=[])
07-27 05:12:00.122  1306  1306 D SsBaseTemplateCard: No text view can be set up
07-27 05:12:00.123  1306  1306 D SsBaseTemplateCard: Passed-in item info is null
07-27 05:12:00.123  1306  1306 D SsBaseTemplateCard: Passed-in item info is null
07-27 05:12:00.123  1306  1306 D SsBaseTemplateCard: Passed-in item info is null
07-27 05:12:00.123  1306  1306 I SsBaseTemplateCard: Secondary card pane is null
07-27 05:12:00.189   820   820 W PageIndicator: Total number of pages invalid: 0. Assuming 1 page.
07-27 05:12:00.223   820  1047 D EGL_emulation: app_time_stats: avg=8219.84ms min=8219.84ms max=8219.84ms count=1
07-27 05:12:01.151  1044  3060 I NearbyMediums: No BLE Fast/GATT advertisements found in the latest cycle.
07-27 05:12:02.894  1462  2209 I BugleRcsEngine: delay time out, reset attempts 1 and process SIM event [CONTEXT thread_id=62 ]
07-27 05:12:02.898  1462  2209 I BugleRcsEngine: process intent: android.intent.action.SIM_STATE_CHANGED [CONTEXT log_prefix="(Sim)" thread_id=62 ]
07-27 05:12:02.934  1462  2209 I BugleRcsEngine: Processing an intent [CONTEXT log_prefix="(Sim)" thread_id=62 ]
07-27 05:12:02.936  1462  2209 I BugleRcsEngine: Ignoring duplicate SIM state: LOADED [CONTEXT log_prefix="(Sim)" thread_id=62 ]
07-27 05:12:04.102   576   643 D OomAdjuster: Not killing cached processes
07-27 05:12:04.108  1571  1571 D BoundBrokerSvc: onUnbind: Intent { act=com.google.android.gms.facs.internal.service.START dat=chimera-action:/... cmp=com.google.android.gms/.chimera.GmsInternalApiService }
07-27 05:12:04.413  2769  3001 W unknown:BridgelessReact: ReactHost{0}.loadJSBundleFromMetro(): Creating BundleLoader
07-27 05:12:04.417  2769  3063 W unknown:BridgelessReact: ReactHost{0}.getOrCreateReactInstanceTask(): Creating BridgelessReactContext
07-27 05:12:04.422  2769  3063 W unknown:BridgelessReact: ReactHost{0}.getOrCreateReactInstanceTask(): Creating ReactInstance
07-27 05:12:04.607  2769  3063 I ExpoModulesCore: ✅ AppContext was initialized
07-27 05:12:04.683  2769  3063 W unknown:BridgelessReact: ReactHost{0}.getOrCreateReactInstanceTask(): Loading JS Bundle
07-27 05:12:04.684  2769  3063 W unknown:BridgelessReact: ReactHost{0}.getOrCreateReactInstanceTask(): DevSupportManager.onNewReactContextCreated()
07-27 05:12:04.692  2769  2769 W unknown:ReactNative: Packager connection already open, nooping.
07-27 05:12:04.693  2769  3063 W unknown:BridgelessReact: ReactHost{0}.startSurface(surfaceId = 0): Execute
07-27 05:12:04.693  2769  2769 W unknown:BridgelessReact: ReactHost{0}.ReactContext.onHostResume()
07-27 05:12:04.701  2769  2769 W unknown:BridgelessReact: ReactHost{0}.getOrCreateReactInstanceTask(): Executing ReactInstanceEventListeners
07-27 05:12:04.714  2769  3001 D TrafficStats: tagSocket(142) with statsTag=0xffffffff, statsUid=-1
07-27 05:12:05.051   380   457 I netd    : tetherGetStats() -> {[]} <4.76ms>
07-27 05:12:05.064   380   457 I netd    : bandwidthSetGlobalAlert(2097152) <0.60ms>
07-27 05:12:05.292  1044  1044 D BoundBrokerSvc: onBind: Intent { act=com.google.android.gms.time.trustedtime.singleuserapi.service.TrustedTimeMaintenanceTaskService.ACTION_TASK_READY dat=chimera-action:/... cmp=com.google.android.gms/.chimera.PersistentInternalBoundBrokerService }
07-27 05:12:05.293  1044  1044 D BoundBrokerSvc: Loading bound service for intent: Intent { act=com.google.android.gms.time.trustedtime.singleuserapi.service.TrustedTimeMaintenanceTaskService.ACTION_TASK_READY dat=chimera-action:/... cmp=com.google.android.gms/.chimera.PersistentInternalBoundBrokerService }
07-27 05:12:05.308  1044  2017 I NetworkScheduler.Stats: Task com.google.android.gms/com.google.android.gms.time.trustedtime.singleuserapi.service.TrustedTimeMaintenanceTaskService started execution. cause:4 exec_start_elapsed_seconds: 118 [CONTEXT service_id=218 ]
07-27 05:12:05.315  1044  3211 I TrustedTime: Trusted time maintenance task executing [CONTEXT service_id=326 ]
07-27 05:12:05.316  1044  3211 I TrustedTime: TrustedTimeStateMachine onRunOneOffNetworkTimeUpdateTask() [CONTEXT service_id=326 ]
07-27 05:12:05.327  1571  3209 I ChimeraConfigurator: Starting update, reason: 4 urgentFeatures: vision.ocr:-1
07-27 05:12:05.328   380  3212 I resolv  : GetAddrInfoHandler::run: {100 786532 100 983140 10144 0}
07-27 05:12:05.329   380  3214 I resolv  : res_nmkquery: (QUERY, IN, A)
07-27 05:12:05.330   380  3213 I resolv  : res_nmkquery: (QUERY, IN, AAAA)
07-27 05:12:05.330  1044  3201 I NetworkScheduler.Stats: Task com.google.android.gms/com.google.android.gms.ads.social.GcmSchedulerWakeupService started execution. cause:4 exec_start_elapsed_seconds: 118 [CONTEXT service_id=218 ]
07-27 05:12:05.335   576   730 D InetDiagMessage: Destroyed 0 sockets, proto=IPPROTO_TCP, family=AF_INET, states=14
07-27 05:12:05.337   576   730 D InetDiagMessage: Destroyed 0 sockets, proto=IPPROTO_TCP, family=AF_INET6, states=14
07-27 05:12:05.337   576   730 D InetDiagMessage: Destroyed live tcp sockets for uids={10142} in 4ms
07-27 05:12:05.339   380  3213 I resolv  : res_nsend: used send_dg 145 terrno: 0
07-27 05:12:05.340   380  3214 I resolv  : res_nsend: used send_dg 97 terrno: 0
07-27 05:12:05.340   380  3214 I resolv  : doQuery: rcode=0, ancount=4, return value=97
07-27 05:12:05.341   380  3213 I resolv  : doQuery: rcode=0, ancount=4, return value=145
07-27 05:12:05.348  1044  3211 D TrafficStats: tagSocket(101) with statsTag=0x20010101, statsUid=-1
07-27 05:12:05.365  1044  1044 D BoundBrokerSvc: onBind: Intent { act=com.google.android.gms.presencemanager.service.START dat=chimera-action:/... cmp=com.google.android.gms/.chimera.PersistentApiService }
07-27 05:12:05.365  1044  1044 D BoundBrokerSvc: Loading bound service for intent: Intent { act=com.google.android.gms.presencemanager.service.START dat=chimera-action:/... cmp=com.google.android.gms/.chimera.PersistentApiService }
07-27 05:12:05.377  1571  3209 I ChimeraConfigurator: Detected pending changes for urgent request: [vision.ocr]. Pending module sets: container:2423359190400+mlkit.ocr.common+vision.ocr,tflite_dynamite:2605805025100400+tflite_dynamite
07-27 05:12:05.428  1044  1044 D BoundBrokerSvc: onBind: Intent { act=com.google.android.gms.presencemanager.service.INTERNAL_IDENTITY dat=chimera-action:/... cmp=com.google.android.gms/.chimera.PersistentApiService }
07-27 05:12:05.428  1044  1044 D BoundBrokerSvc: Loading bound service for intent: Intent { act=com.google.android.gms.presencemanager.service.INTERNAL_IDENTITY dat=chimera-action:/... cmp=com.google.android.gms/.chimera.PersistentApiService }
07-27 05:12:05.431  1571  3209 I GmsDebugLogger: [73] 1801
07-27 05:12:05.447  1571  3209 W ZappDownloader: No successful Zapp module downloads for requested modules [VisionOcr.optional:242335100000:permitMetered, TfliteDynamiteDynamite.integ:260580502100400:permitMetered, MlkitOcrCommon.optional:242335100400:permitMetered].
07-27 05:12:05.448  1571  3209 I GmsDebugLogger: [30] [VisionOcr.optional:242335100000],[TfliteDynamiteDynamite.integ:260580502100400],[MlkitOcrCommon.optional:242335100400]
07-27 05:12:05.449  1044  3211 I TrustedTime: SntpTimeSignal: SntpTimeSignalImpl{serverSocketAddress=time.google.com/216.239.35.12:123, response=NtpMessage{header=NtpHeader{leapIndicator=0, versionNumber=3, mode=4, stratum=1, pollInterval=Duration{seconds=1, nanosOfSecond=0}, precisionExponent=-20, rootDelay=Duration{seconds=0, nanosOfSecond=0}, rootDispersion=Duration{seconds=0, nanosOfSecond=76293}, referenceIdentifier='GOOG', referenceTimestamp=ee10e896.58084d4c, originateTimestamp=8f2fbdbd.0b90a712, receiveTimestamp=ee10e896.58084d4d, transmitTimestamp=ee10e896.58084d4f}}, resultTicks=Ticks{originalTicker=PlatformTicker, value=118569006056}, resultInstant=Instant{seconds=1785096726, nanosOfSecond=387233136}, clientOffset=Duration{seconds=0, nanosOfSecond=951520219}, totalTransactionDuration=Duration{seconds=0, nanosOfSecond=86712917}, roundTripDuration=Duration{seconds=0, nanosOfSecond=86712917}, responseInstant=Instant{seconds=1785096725, nanosOfSecond=435712917}} [CONTEXT service_id=326 ]
07-27 05:12:05.450  1044  3211 I TrustedTime: Client ticker: PlatformTicker [CONTEXT service_id=326 ]
07-27 05:12:05.450  1044  3211 I TrustedTime: Client instant source: PlatformInstantSource [CONTEXT service_id=326 ]
07-27 05:12:05.450  1044  3211 I TrustedTime: Server instant: Instant{seconds=1785096726, nanosOfSecond=387233136} [CONTEXT service_id=326 ]
07-27 05:12:05.450  1044  3211 I TrustedTime: At ticks: Ticks{originalTicker=PlatformTicker, value=118569006056} [CONTEXT service_id=326 ]
07-27 05:12:05.450  1044  3211 I TrustedTime: Current ticks: Ticks{originalTicker=PlatformTicker, value=118582350389} [CONTEXT service_id=326 ]
07-27 05:12:05.450  1044  3211 I TrustedTime: Offset between client and server: Duration{seconds=0, nanosOfSecond=951520219} [CONTEXT service_id=326 ]
07-27 05:12:05.450  1044  3211 I TrustedTime: Client instant now: Instant{seconds=1785096725, nanosOfSecond=450000000} [CONTEXT service_id=326 ]
07-27 05:12:05.451  1044  3211 I TrustedTime: Network time update is successful. Scheduling next task. [CONTEXT service_id=326 ]
07-27 05:12:05.462  1571  3209 W ChimeraConfigService: Retry attempt was throttled. [CONTEXT service_id=264 ]
07-27 05:12:05.466  1571  3209 I GmsDebugLogger: [83] 1 [vision.ocr]
07-27 05:12:05.469  1571  3208 W Vision  : Request for optional module download of ocr failed. Request again.
07-27 05:12:05.470  1571  3208 W Vision  : Would have logged:
07-27 05:12:05.470  1571  3208 W Vision  : # fbxl@37884fe7
07-27 05:12:05.471  1571  3208 I Vision  : Schedule retrying download ocr at 118603 with backoff 40 seconds
07-27 05:12:05.543  1044  3211 I TrustedTime: Attempting to schedule one-off maintenance task [CONTEXT service_id=326 ]
07-27 05:12:05.543  1044  3211 I TrustedTime: Scheduling maintenance task 'OneOffTrustedTimeMaintenanceTask' [CONTEXT service_id=326 ]
07-27 05:12:05.551  1044  1044 D BoundBrokerSvc: onUnbind: Intent { act=com.google.android.gms.time.trustedtime.singleuserapi.service.TrustedTimeMaintenanceTaskService.ACTION_TASK_READY dat=chimera-action:/... cmp=com.google.android.gms/.chimera.PersistentInternalBoundBrokerService }
07-27 05:12:05.559  1044  1044 I TrustedTime: TrustedTimeMaintenanceTaskService destroyed [CONTEXT service_id=326 ]
07-27 05:12:05.565  1044  3211 I NetworkScheduler.Stats: Task com.google.android.gms/com.google.android.gms.time.trustedtime.singleuserapi.service.TrustedTimeMaintenanceTaskService finished executing. cause:4 result: 1 elapsed_millis: 266 uptime_millis: 266 exec_start_elapsed_seconds: 118 [CONTEXT service_id=218 ]
07-27 05:12:05.631   380  3221 I resolv  : GetAddrInfoHandler::run: {100 786532 100 983140 10144 0}
07-27 05:12:05.632   380  3222 I resolv  : res_nmkquery: (QUERY, IN, AAAA)
07-27 05:12:05.634   380  3223 I resolv  : res_nmkquery: (QUERY, IN, A)
07-27 05:12:05.640   380  3222 I resolv  : res_nsend: used send_dg 157 terrno: 0
07-27 05:12:05.640   380  3222 I resolv  : doQuery: rcode=0, ancount=4, return value=157
07-27 05:12:05.645   380  3223 I resolv  : res_nsend: used send_dg 109 terrno: 0
07-27 05:12:05.646   380  3223 I resolv  : doQuery: rcode=0, ancount=4, return value=109
07-27 05:12:05.651  1571  3173 D TrafficStats: tagSocket(85) with statsTag=0x10a, statsUid=-1
07-27 05:12:05.825  1044  2017 I NetworkScheduler.Stats: Task com.google.android.gms/com.google.android.gms.ads.social.GcmSchedulerWakeupService finished executing. cause:4 result: 1 elapsed_millis: 526 uptime_millis: 526 exec_start_elapsed_seconds: 118 [CONTEXT service_id=218 ]
07-27 05:12:06.091  2769  3203 I WebViewFactory: Loading com.google.android.webview version 124.0.6367.219 (code 636771932)
07-27 05:12:06.091  2769  3203 W ResourcesManager: Found a null ResourcesImpl, skipped.
07-27 05:12:06.099  2769  3203 V ResourcesManager: The following library key has been added: ResourcesKey{ mHash=52d11686 mResDir=null mSplitDirs=[] mOverlayDirs=[/product/overlay/EmulationPixel8/EmulationPixel8Overlay.apk,/product/overlay/NavigationBarModeGestural/NavigationBarModeGesturalOverlay.apk] mLibDirs=[/data/app/~~V8jWnHimbv_0cN1Ql8RorQ==/com.google.android.webview-gLDEjhnufxgMNAFZ6rwrXQ==/WebViewGoogle.apk,/data/app/~~j7XrDrOBfyXPaChKgCOlKw==/com.google.android.trichromelibrary_636771932-1ZyTS55ZreAXcKmASSpIgQ==/TrichromeLibrary.apk,/system_ext/framework/androidx.window.extensions.jar] mDisplayId=0 mOverrideConfig=v35 mCompatInfo={420dpi always-compat} mLoaders=[]}
07-27 05:12:06.111  2769  3203 W ziparchive: Unable to open '/data/app/~~j7XrDrOBfyXPaChKgCOlKw==/com.google.android.trichromelibrary_636771932-1ZyTS55ZreAXcKmASSpIgQ==/TrichromeLibrary.dm': No such file or directory
07-27 05:12:06.111  2769  3203 W ziparchive: Unable to open '/data/app/~~j7XrDrOBfyXPaChKgCOlKw==/com.google.android.trichromelibrary_636771932-1ZyTS55ZreAXcKmASSpIgQ==/TrichromeLibrary.dm': No such file or directory
07-27 05:12:06.112  2769  3203 W ology.sinsinapp: Entry not found
07-27 05:12:06.116  2769  3203 D nativeloader: Configuring clns-8 for other apk /data/app/~~j7XrDrOBfyXPaChKgCOlKw==/com.google.android.trichromelibrary_636771932-1ZyTS55ZreAXcKmASSpIgQ==/TrichromeLibrary.apk. target_sdk_version=34, uses_libraries=ALL, library_path=/data/app/~~V8jWnHimbv_0cN1Ql8RorQ==/com.google.android.webview-gLDEjhnufxgMNAFZ6rwrXQ==/lib/arm64:/data/app/~~V8jWnHimbv_0cN1Ql8RorQ==/com.google.android.webview-gLDEjhnufxgMNAFZ6rwrXQ==/WebViewGoogle.apk!/lib/arm64-v8a:/data/app/~~j7XrDrOBfyXPaChKgCOlKw==/com.google.android.trichromelibrary_636771932-1ZyTS55ZreAXcKmASSpIgQ==/TrichromeLibrary.apk!/lib/arm64-v8a, permitted_path=/data:/mnt/expand
07-27 05:12:06.117  2769  3203 D ApplicationLoaders: Returning zygote-cached class loader: /system_ext/framework/androidx.window.extensions.jar
07-27 05:12:06.127  2769  3203 D nativeloader: Configuring clns-9 for other apk /data/app/~~V8jWnHimbv_0cN1Ql8RorQ==/com.google.android.webview-gLDEjhnufxgMNAFZ6rwrXQ==/WebViewGoogle.apk. target_sdk_version=34, uses_libraries=, library_path=/data/app/~~V8jWnHimbv_0cN1Ql8RorQ==/com.google.android.webview-gLDEjhnufxgMNAFZ6rwrXQ==/lib/arm64:/data/app/~~V8jWnHimbv_0cN1Ql8RorQ==/com.google.android.webview-gLDEjhnufxgMNAFZ6rwrXQ==/WebViewGoogle.apk!/lib/arm64-v8a:/data/app/~~j7XrDrOBfyXPaChKgCOlKw==/com.google.android.trichromelibrary_636771932-1ZyTS55ZreAXcKmASSpIgQ==/TrichromeLibrary.apk!/lib/arm64-v8a, permitted_path=/data:/mnt/expand
07-27 05:12:06.127   576   592 I AppsFilter: interaction: PackageSetting{3a831e7 com.mediology.sinsinapp/10208} -> PackageSetting{d7bd194 com.android.cts.priv.ctsshim/10201} BLOCKED
07-27 05:12:06.127   576   592 I AppsFilter: interaction: PackageSetting{3a831e7 com.mediology.sinsinapp/10208} -> PackageSetting{40b843d com.android.internal.display.cutout.emulation.corner/10015} BLOCKED
07-27 05:12:06.127   576   592 I AppsFilter: interaction: PackageSetting{3a831e7 com.mediology.sinsinapp/10208} -> PackageSetting{f601432 com.android.internal.display.cutout.emulation.double/10076} BLOCKED
07-27 05:12:06.127   576   592 I AppsFilter: interaction: PackageSetting{3a831e7 com.mediology.sinsinapp/10208} -> PackageSetting{2bc0583 com.google.android.onetimeinitializer/10128} BLOCKED
07-27 05:12:06.127   576   592 I AppsFilter: interaction: PackageSetting{3a831e7 com.mediology.sinsinapp/10208} -> PackageSetting{a0e7300 com.google.android.ext.shared/10117} BLOCKED
07-27 05:12:06.127   576   592 I AppsFilter: interaction: PackageSetting{3a831e7 com.mediology.sinsinapp/10208} -> PackageSetting{1312739 com.android.virtualmachine.res/10194} BLOCKED
07-27 05:12:06.127   576   592 I AppsFilter: interaction: PackageSetting{3a831e7 com.mediology.sinsinapp/10208} -> PackageSetting{af7417e com.android.managedprovisioning.auto_generated_rro_product__/10016} BLOCKED
07-27 05:12:06.127   576   592 I AppsFilter: interaction: PackageSetting{3a831e7 com.mediology.sinsinapp/10208} -> PackageSetting{6af76df com.android.carrierconfig.auto_generated_rro_vendor__/10085} BLOCKED
07-27 05:12:06.127   576   592 I AppsFilter: interaction: PackageSetting{3a831e7 com.mediology.sinsinapp/10208} -> PackageSetting{e67bf2c com.google.android.server.deviceconfig.resources/10197} BLOCKED
07-27 05:12:06.127   576   592 I AppsFilter: interaction: PackageSetting{3a831e7 com.mediology.sinsinapp/10208} -> PackageSetting{673fdf5 com.android.systemui.emulation.pixel_3_xl/10010} BLOCKED
07-27 05:12:06.127   576   592 I AppsFilter: interaction: PackageSetting{3a831e7 com.mediology.sinsinapp/10208} -> PackageSetting{741f78a com.android.systemui.emulation.pixel_4_xl/10073} BLOCKED
07-27 05:12:06.127   576   592 I AppsFilter: interaction: PackageSetting{3a831e7 com.mediology.sinsinapp/10208} -> PackageSetting{f3ea1fb com.android.systemui.emulation.pixel_fold/10049} BLOCKED
07-27 05:12:06.127   576   592 I AppsFilter: interaction: PackageSetting{3a831e7 com.mediology.sinsinapp/10208} -> PackageSetting{627a218 com.android.providers.telephony.auto_generated_characteristics_rro/10066} BLOCKED
07-27 05:12:06.127   576   592 I AppsFilter: interaction: PackageSetting{3a831e7 com.mediology.sinsinapp/10208} -> PackageSetting{8d38471 com.android.simappdialog.auto_generated_rro_product__/10017} BLOCKED
07-27 05:12:06.127   576   592 I AppsFilter: interaction: PackageSetting{3a831e7 com.mediology.sinsinapp/10208} -> PackageSetting{4d00256 com.android.htmlviewer/10115} BLOCKED
07-27 05:12:06.128   576   592 I AppsFilter: interaction: PackageSetting{3a831e7 com.mediology.sinsinapp/10208} -> PackageSetting{1cb62d7 com.google.android.health.connect.backuprestore/10191} BLOCKED
07-27 05:12:06.128   576   592 I AppsFilter: interaction: PackageSetting{3a831e7 com.mediology.sinsinapp/10208} -> PackageSetting{500c7c4 com.android.systemui.auto_generated_rro_product__/10050} BLOCKED
07-27 05:12:06.128   576   592 I AppsFilter: interaction: PackageSetting{3a831e7 com.mediology.sinsinapp/10208} -> PackageSetting{3caf6ad com.google.android.soundpicker/10163} BLOCKED
07-27 05:12:06.128   576   592 I AppsFilter: interaction: PackageSetting{3a831e7 com.mediology.sinsinapp/10208} -> PackageSetting{b61ede2 com.google.android.marvin.talkbackoverlay/10090} BLOCKED
07-27 05:12:06.128   576   592 I AppsFilter: interaction: PackageSetting{3a831e7 com.mediology.sinsinapp/10208} -> PackageSetting{df95573 com.google.android.configupdater/10139} BLOCKED
07-27 05:12:06.128   576   592 I AppsFilter: interaction: PackageSetting{3a831e7 com.mediology.sinsinapp/10208} -> PackageSetting{5249c30 com.android.internal.emulation.pixel_3a_xl/10047} BLOCKED
07-27 05:12:06.128   576   592 I AppsFilter: interaction: PackageSetting{3a831e7 com.mediology.sinsinapp/10208} -> PackageSetting{54d50a9 com.android.internal.emulation.pixel_6_pro/10037} BLOCKED
07-27 05:12:06.128   576   592 I AppsFilter: interaction: PackageSetting{3a831e7 com.mediology.sinsinapp/10208} -> PackageSetting{c35062e com.android.internal.emulation.pixel_7_pro/10021} BLOCKED
07-27 05:12:06.128   576   592 I AppsFilter: interaction: PackageSetting{3a831e7 com.mediology.sinsinapp/10208} -> PackageSetting{9d5cf com.android.internal.emulation.pixel_8_pro/10038} BLOCKED
07-27 05:12:06.128   576   592 I AppsFilter: interaction: PackageSetting{3a831e7 com.mediology.sinsinapp/10208} -> PackageSetting{6f4b5c com.android.internal.emulation.pixel_9_pro/10009} BLOCKED
07-27 05:12:06.128   576   592 I AppsFilter: interaction: PackageSetting{3a831e7 com.mediology.sinsinapp/10208} -> PackageSetting{d814e65 com.android.internal.emulation.pixel_3a/10039} BLOCKED
07-27 05:12:06.128   576   592 I AppsFilter: interaction: PackageSetting{3a831e7 com.mediology.sinsinapp/10208} -> PackageSetting{d0f573a com.android.internal.emulation.pixel_4a/10024} BLOCKED
07-27 05:12:06.128   576   592 I AppsFilter: interaction: PackageSetting{3a831e7 com.mediology.sinsinapp/10208} -> PackageSetting{cf7ffeb com.android.internal.emulation.pixel_6a/10048} BLOCKED
07-27 05:12:06.128   576   592 I AppsFilter: interaction: PackageSetting{3a831e7 com.mediology.sinsinapp/10208} -> PackageSetting{53c148 com.android.internal.emulation.pixel_7a/10063} BLOCKED
07-27 05:12:06.128   576   592 I AppsFilter: interaction: PackageSetting{3a831e7 com.mediology.sinsinapp/10208} -> PackageSetting{e3d6be1 com.android.internal.emulation.pixel_8a/10007} BLOCKED
07-27 05:12:06.128   576   592 I AppsFilter: interaction: PackageSetting{3a831e7 com.mediology.sinsinapp/10208} -> PackageSetting{80bad06 com.google.android.overlay.googlewebview/10035} BLOCKED
07-27 05:12:06.128   576   592 I AppsFilter: interaction: PackageSetting{3a831e7 com.mediology.sinsinapp/10208} -> PackageSetting{454afc7 com.google.android.apps.safetyhub/10134} BLOCKED
07-27 05:12:06.128   576   592 I AppsFilter: interaction: PackageSetting{3a831e7 com.mediology.sinsinapp/10208} -> PackageSetting{87a9f4 com.google.android.hotspot2.osulogin/10188} BLOCKED
07-27 05:12:06.128   576   592 I AppsFilter: interaction: PackageSetting{3a831e7 com.mediology.sinsinapp/10208} -> PackageSetting{643e51d com.android.simappdialog/10120} BLOCKED
07-27 05:12:06.128   576   592 I AppsFilter: interaction: PackageSetting{3a831e7 com.mediology.sinsinapp/10208} -> PackageSetting{c259392 com.android.internal.display.cutout.emulation.hole/10032} BLOCKED
07-27 05:12:06.128   576   592 I AppsFilter: interaction: PackageSetting{3a831e7 com.mediology.sinsinapp/10208} -> PackageSetting{3e28163 com.android.internal.display.cutout.emulation.tall/10023} BLOCKED
07-27 05:12:06.128   576   592 I AppsFilter: interaction: PackageSetting{3a831e7 com.mediology.sinsinapp/10208} -> PackageSetting{6f7160 com.android.internal.systemui.navbar.threebutton/10078} BLOCKED
07-27 05:12:06.128   576   592 I AppsFilter: interaction: PackageSetting{3a831e7 com.mediology.sinsinapp/10208} -> PackageSetting{43eb619 com.android.internal.ranchu.commonoverlay/10060} BLOCKED
07-27 05:12:06.128   576   592 I AppsFilter: interaction: PackageSetting{3a831e7 com.mediology.sinsinapp/10208} -> PackageSetting{a8556de com.android.systemui.auto_generated_rro_vendor__/10086} BLOCKED
07-27 05:12:06.128   576   592 I AppsFilter: interaction: PackageSetting{3a831e7 com.mediology.sinsinapp/10208} -> PackageSetting{8f1d0bf com.google.android.deskclock/10151} BLOCKED
07-27 05:12:06.128   576   592 I AppsFilter: interaction: PackageSetting{3a831e7 com.mediology.sinsinapp/10208} -> PackageSetting{f4a438c com.android.internal.systemui.navbar.twobutton/10062} BLOCKED
07-27 05:12:06.128   576   592 I AppsFilter: interaction: PackageSetting{3a831e7 com.mediology.sinsinapp/10208} -> PackageSetting{d7b9ad5 com.google.android.as/10132} BLOCKED
07-27 05:12:06.128   576   592 I AppsFilter: interaction: PackageSetting{3a831e7 com.mediology.sinsinapp/10208} -> PackageSetting{c8c02ea com.android.systemui.emulation.pixel_3/10004} BLOCKED
07-27 05:12:06.128   576   592 I AppsFilter: interaction: PackageSetting{3a831e7 com.mediology.sinsinapp/10208} -> PackageSetting{b7cb9db com.android.systemui.emulation.pixel_4/10070} BLOCKED
07-27 05:12:06.128   576   592 I AppsFilter: interaction: PackageSetting{3a831e7 com.mediology.sinsinapp/10208} -> PackageSetting{f1e0c78 com.android.systemui.emulation.pixel_5/10065} BLOCKED
07-27 05:12:06.128   576   592 I AppsFilter: interaction: PackageSetting{3a831e7 com.mediology.sinsinapp/10208} -> PackageSetting{4680f51 com.android.systemui.emulation.pixel_6/10008} BLOCKED
07-27 05:12:06.128   576   592 I AppsFilter: interaction: PackageSetting{3a831e7 com.mediology.sinsinapp/10208} -> PackageSetting{e9f63b6 com.android.systemui.emulation.pixel_7/10080} BLOCKED
07-27 05:12:06.128   576   592 I AppsFilter: interaction: PackageSetting{3a831e7 com.mediology.sinsinapp/10208} -> PackageSetting{f0318b7 com.android.systemui.emulation.pixel_8/10074} BLOCKED
07-27 05:12:06.128   576   592 I AppsFilter: interaction: PackageSetting{3a831e7 com.mediology.sinsinapp/10208} -> PackageSetting{a637824 com.android.systemui.emulation.pixel_9/10058} BLOCKED
07-27 05:12:06.128   576   592 I AppsFilter: interaction: PackageSetting{3a831e7 com.mediology.sinsinapp/10208} -> PackageSetting{acd4f8d com.android.printspooler/10113} BLOCKED
07-27 05:12:06.128   576   592 I AppsFilter: interaction: PackageSetting{3a831e7 com.mediology.sinsinapp/10208} -> PackageSetting{bb60542 com.google.android.connectivity.resources.goldfish.overlay/10088} BLOCKED
07-27 05:12:06.128   576   592 I AppsFilter: interaction: PackageSetting{3a831e7 com.mediology.sinsinapp/10208} -> PackageSetting{5268953 com.android.dreams.basic/10127} BLOCKED
07-27 05:12:06.128   576   592 I AppsFilter: interaction: PackageSetting{3a831e7 com.mediology.sinsinapp/10208} -> PackageSetting{871f290 com.google.android.networkstack.tethering.emulator/10020} BLOCKED
07-27 05:12:06.128   576   592 I AppsFilter: interaction: PackageSetting{3a831e7 com.mediology.sinsinapp/10208} -> PackageSetting{bcc5789 com.android.providers.settings.auto_generated_rro_product__/10053} BLOCKED
07-27 05:12:06.128   576   592 I AppsFilter: interaction: PackageSetting{3a831e7 com.mediology.sinsinapp/10208} -> PackageSetting{5a3338e com.google.android.as.oss/10142} BLOCKED
07-27 05:12:06.128   576   592 I AppsFilter: interaction: PackageSetting{3a831e7 com.mediology.sinsinapp/10208} -> PackageSetting{e0667af com.android.traceur.auto_generated_rro_product__/10018} BLOCKED
07-27 05:12:06.128   576   592 I AppsFilter: interaction: PackageSetting{3a831e7 com.mediology.sinsinapp/10208} -> PackageSetting{caba7bc com.android.internal.emulation.pixel_9_pro_fold/10041} BLOCKED
07-27 05:12:06.128   576   592 I AppsFilter: interaction: PackageSetting{3a831e7 com.mediology.sinsinapp/10208} -> PackageSetting{999e345 com.google.android.devicelockcontroller/10203} BLOCKED
07-27 05:12:06.128   576   592 I AppsFilter: interaction: PackageSetting{3a831e7 com.mediology.sinsinapp/10208} -> PackageSetting{622fa9a com.google.android.dialer/10133} BLOCKED
07-27 05:12:06.128   576   592 I AppsFilter: interaction: PackageSetting{3a831e7 com.mediology.sinsinapp/10208} -> PackageSetting{25bcfcb com.android.internal.emulation.pixel_3/10061} BLOCKED
07-27 05:12:06.128   576   592 I AppsFilter: interaction: PackageSetting{3a831e7 com.mediology.sinsinapp/10208} -> PackageSetting{c6983a8 com.android.internal.emulation.pixel_4/10051} BLOCKED
07-27 05:12:06.128   576   592 I AppsFilter: interaction: PackageSetting{3a831e7 com.mediology.sinsinapp/10208} -> PackageSetting{afa6ec1 com.android.internal.emulation.pixel_5/10001} BLOCKED
07-27 05:12:06.128   576   592 I AppsFilter: interaction: PackageSetting{3a831e7 com.mediology.sinsinapp/10208} -> PackageSetting{4a62666 com.android.internal.emulation.pixel_6/10033} BLOCKED
07-27 05:12:06.128   576   592 I AppsFilter: interaction: PackageSetting{3a831e7 com.mediology.sinsinapp/10208} -> PackageSetting{3559da7 com.android.internal.emulation.pixel_7/10075} BLOCKED
07-27 05:12:06.128   576   592 I AppsFilter: interaction: PackageSetting{3a831e7 com.mediology.sinsinapp/10208} -> PackageSetting{7a73254 com.android.internal.emulation.pixel_8/10022} BLOCKED
07-27 05:12:06.128   576   592 I AppsFilter: interaction: PackageSetting{3a831e7 com.mediology.sinsinapp/10208} -> PackageSetting{47e35fd com.android.internal.emulation.pixel_9/10012} BLOCKED
07-27 05:12:06.128   576   592 I AppsFilter: interaction: PackageSetting{3a831e7 com.mediology.sinsinapp/10208} -> PackageSetting{cde42f2 com.google.android.captiveportallogin/10112} BLOCKED
07-27 05:12:06.128   576   592 I AppsFilter: interaction: PackageSetting{3a831e7 com.mediology.sinsinapp/10208} -> PackageSetting{c346d43 android.auto_generated_characteristics_rro/10011} BLOCKED
07-27 05:12:06.128   576   592 I AppsFilter: interaction: PackageSetting{3a831e7 com.mediology.sinsinapp/10208} -> PackageSetting{6f1fc0 com.google.android.appsearch.apk/10206} BLOCKED
07-27 05:12:06.128   576   592 I AppsFilter: interaction: PackageSetting{3a831e7 com.mediology.sinsinapp/10208} -> PackageSetting{97d34f9 com.android.musicfx/10093} BLOCKED
07-27 05:12:06.129   576   592 I AppsFilter: interaction: PackageSetting{3a831e7 com.mediology.sinsinapp/10208} -> PackageSetting{2099c3e com.google.android.markup/10155} BLOCKED
07-27 05:12:06.129   576   592 I AppsFilter: interaction: PackageSetting{3a831e7 com.mediology.sinsinapp/10208} -> PackageSetting{1a69a9f com.google.android.rkpdapp/10198} BLOCKED
07-27 05:12:06.129   576   592 I AppsFilter: interaction: PackageSetting{3a831e7 com.mediology.sinsinapp/10208} -> PackageSetting{d0677ec com.google.android.contacts/10156} BLOCKED
07-27 05:12:06.129   576   592 I AppsFilter: interaction: PackageSetting{3a831e7 com.mediology.sinsinapp/10208} -> PackageSetting{d327b5 com.android.server.telecom.auto_generated_rro_product__/10031} BLOCKED
07-27 05:12:06.129   576   592 I AppsFilter: interaction: PackageSetting{3a831e7 com.mediology.sinsinapp/10208} -> PackageSetting{aff3e4a com.android.phone.auto_generated_characteristics_rro/10072} BLOCKED
07-27 05:12:06.129   576   592 I AppsFilter: interaction: PackageSetting{3a831e7 com.mediology.sinsinapp/10208} -> PackageSetting{ae441bb com.google.android.overlay.googleconfig/10054} BLOCKED
07-27 05:12:06.129   576   592 I AppsFilter: interaction: PackageSetting{3a831e7 com.mediology.sinsinapp/10208} -> PackageSetting{d926d8 com.android.bips.auto_generated_rro_product__/10014} BLOCKED
07-27 05:12:06.129   576   592 I AppsFilter: interaction: PackageSetting{3a831e7 com.mediology.sinsinapp/10208} -> PackageSetting{95b8a31 com.google.android.apps.customization.pixel/10164} BLOCKED
07-27 05:12:06.129   576   592 I AppsFilter: interaction: PackageSetting{3a831e7 com.mediology.sinsinapp/10208} -> PackageSetting{2faf516 com.google.android.tag/10097} BLOCKED
07-27 05:12:06.129   576   592 I AppsFilter: interaction: PackageSetting{3a831e7 com.mediology.sinsinapp/10208} -> PackageSetting{8b3e97 com.google.android.overlay.permissioncontroller/10036} BLOCKED
07-27 05:12:06.129   576   592 I AppsFilter: interaction: PackageSetting{3a831e7 com.mediology.sinsinapp/10208} -> PackageSetting{825d884 com.google.android.partnersetup/10131} BLOCKED
07-27 05:12:06.129   576   592 I AppsFilter: interaction: PackageSetting{3a831e7 com.mediology.sinsinapp/10208} -> PackageSetting{a2d986d com.google.android.apps.wallpaper.nexus/10146} BLOCKED
07-27 05:12:06.129   576   592 I AppsFilter: interaction: PackageSetting{3a831e7 com.mediology.sinsinapp/10208} -> PackageSetting{b294ca2 com.google.android.apps.nexuslauncher/10177} BLOCKED
07-27 05:12:06.129   576   592 I AppsFilter: interaction: PackageSetting{3a831e7 com.mediology.sinsinapp/10208} -> PackageSetting{d3b2d33 com.android.theme.font.notoserifsource/10013} BLOCKED
07-27 05:12:06.129   576   592 I AppsFilter: interaction: PackageSetting{3a831e7 com.mediology.sinsinapp/10208} -> PackageSetting{269f8f0 com.google.android.safetycenter.resources/10204} BLOCKED
07-27 05:12:06.129   576   592 I AppsFilter: interaction: PackageSetting{3a831e7 com.mediology.sinsinapp/10208} -> PackageSetting{a984e69 com.android.internal.display.cutout.emulation.waterfall/10044} BLOCKED
07-27 05:12:06.129   576   592 I AppsFilter: interaction: PackageSetting{3a831e7 com.mediology.sinsinapp/10208} -> PackageSetting{8f390ee com.android.internal.systemui.navbar.transparent/10003} BLOCKED
07-27 05:12:06.129   576   592 I AppsFilter: interaction: PackageSetting{3a831e7 com.mediology.sinsinapp/10208} -> PackageSetting{bf1698f com.google.android.connectivity.resources/10186} BLOCKED
07-27 05:12:06.129   576   592 I AppsFilter: interaction: PackageSetting{3a831e7 com.mediology.sinsinapp/10208} -> PackageSetting{78db41c com.android.providers.contacts.auto_generated_rro_product__/10071} BLOCKED
07-27 05:12:06.129   576   592 I AppsFilter: interaction: PackageSetting{3a831e7 com.mediology.sinsinapp/10208} -> PackageSetting{dde6825 com.google.android.feedback/10175} BLOCKED
07-27 05:12:06.129   576   592 I AppsFilter: interaction: PackageSetting{3a831e7 com.mediology.sinsinapp/10208} -> PackageSetting{d0bcdfa com.google.android.printservice.recommendation/10121} BLOCKED
07-27 05:12:06.129   576   592 I AppsFilter: interaction: PackageSetting{3a831e7 com.mediology.sinsinapp/10208} -> PackageSetting{6f6aa8e com.google.android.calendar/10161} BLOCKED
07-27 05:12:06.129   576   592 I AppsFilter: interaction: PackageSetting{3a831e7 com.mediology.sinsinapp/10208} -> PackageSetting{250fab com.android.systemui.emulation.pixel_3a_xl/10002} BLOCKED
07-27 05:12:06.129   576   592 I AppsFilter: interaction: PackageSetting{3a831e7 com.mediology.sinsinapp/10208} -> PackageSetting{3cff608 com.android.systemui.emulation.pixel_6_pro/10026} BLOCKED
07-27 05:12:06.129   576   592 I AppsFilter: interaction: PackageSetting{3a831e7 com.mediology.sinsinapp/10208} -> PackageSetting{eb261a1 com.android.systemui.emulation.pixel_7_pro/10025} BLOCKED
07-27 05:12:06.129   576   592 I AppsFilter: interaction: PackageSetting{3a831e7 com.mediology.sinsinapp/10208} -> PackageSetting{f38cfc6 com.android.systemui.emulation.pixel_8_pro/10000} BLOCKED
07-27 05:12:06.129   576   592 I AppsFilter: interaction: PackageSetting{3a831e7 com.mediology.sinsinapp/10208} -> PackageSetting{3a2fb87 com.android.systemui.emulation.pixel_9_pro/10057} BLOCKED
07-27 05:12:06.129   576   592 I AppsFilter: interaction: PackageSetting{3a831e7 com.mediology.sinsinapp/10208} -> PackageSetting{6726ab4 com.android.carrierconfig.auto_generated_rro_product__/10084} BLOCKED
07-27 05:12:06.129   576   592 I AppsFilter: interaction: PackageSetting{3a831e7 com.mediology.sinsinapp/10208} -> PackageSetting{67276dd com.android.devicediagnostics.auto_generated_rro_product__/10027} BLOCKED
07-27 05:12:06.129   576   592 I AppsFilter: interaction: PackageSetting{3a831e7 com.mediology.sinsinapp/10208} -> PackageSetting{ae22252 com.android.providers.partnerbookmarks/10124} BLOCKED
07-27 05:12:06.129   576   592 I AppsFilter: interaction: PackageSetting{3a831e7 com.mediology.sinsinapp/10208} -> PackageSetting{629c923 com.android.wallpaper.livepicker/10103} BLOCKED
07-27 05:12:06.129   576   592 I AppsFilter: interaction: PackageSetting{3a831e7 com.mediology.sinsinapp/10208} -> PackageSetting{f257e20 com.android.providers.telephony.auto_generated_rro_product__/10006} BLOCKED
07-27 05:12:06.129   576   592 I AppsFilter: interaction: PackageSetting{3a831e7 com.mediology.sinsinapp/10208} -> PackageSetting{c24a3d9 com.android.phone.auto_generated_rro_vendor__/10087} BLOCKED
07-27 05:12:06.129   576   592 I AppsFilter: interaction: PackageSetting{3a831e7 com.mediology.sinsinapp/10208} -> PackageSetting{85c119e com.android.imsserviceentitlement/10141} BLOCKED
07-27 05:12:06.129   576   592 I AppsFilter: interaction: PackageSetting{3a831e7 com.mediology.sinsinapp/10208} -> PackageSetting{ac5d47f com.android.internal.emulation.pixel_9_pro_xl/10079} BLOCKED
07-27 05:12:06.129   576   592 I AppsFilter: interaction: PackageSetting{3a831e7 com.mediology.sinsinapp/10208} -> PackageSetting{6345c4c com.google.android.healthconnect.controller/10190} BLOCKED
07-27 05:12:06.129   576   592 I AppsFilter: interaction: PackageSetting{3a831e7 com.mediology.sinsinapp/10208} -> PackageSetting{732a495 com.android.internal.emulation.pixel_2_xl/10019} BLOCKED
07-27 05:12:06.129   576   592 I AppsFilter: interaction: PackageSetting{3a831e7 com.mediology.sinsinapp/10208} -> PackageSetting{ef3a9aa com.android.internal.emulation.pixel_3_xl/10042} BLOCKED
07-27 05:12:06.129   576   592 I AppsFilter: interaction: PackageSetting{3a831e7 com.mediology.sinsinapp/10208} -> PackageSetting{eed399b com.android.internal.emulation.pixel_4_xl/10077} BLOCKED
07-27 05:12:06.129   576   592 I AppsFilter: interaction: PackageSetting{3a831e7 com.mediology.sinsinapp/10208} -> PackageSetting{b70f138 com.android.internal.emulation.pixel_fold/10067} BLOCKED
07-27 05:12:06.129   576   592 I AppsFilter: interaction: PackageSetting{3a831e7 com.mediology.sinsinapp/10208} -> PackageSetting{1e5f511 com.android.bookmarkprovider/10118} BLOCKED
07-27 05:12:06.129   576   592 I AppsFilter: interaction: PackageSetting{3a831e7 com.mediology.sinsinapp/10208} -> PackageSetting{bbab676 com.google.android.overlay.pixelconfigcommon/10030} BLOCKED
07-27 05:12:06.129   576   592 I AppsFilter: interaction: PackageSetting{3a831e7 com.mediology.sinsinapp/10208} -> PackageSetting{75bd477 com.android.systemui.accessibility.accessibilitymenu.auto_generated_rro_product__/10082} BLOCKED
07-27 05:12:06.129   576   592 I AppsFilter: interaction: PackageSetting{3a831e7 com.mediology.sinsinapp/10208} -> PackageSetting{7dfe8e4 com.android.systemui.emulation.pixel_3a/10081} BLOCKED
07-27 05:12:06.129   576   592 I AppsFilter: interaction: PackageSetting{3a831e7 com.mediology.sinsinapp/10208} -> PackageSetting{7a3d14d com.android.systemui.emulation.pixel_4a/10040} BLOCKED
07-27 05:12:06.129   576   592 I AppsFilter: interaction: PackageSetting{3a831e7 com.mediology.sinsinapp/10208} -> PackageSetting{913c402 com.android.systemui.emulation.pixel_6a/10045} BLOCKED
07-27 05:12:06.129   576   592 I AppsFilter: interaction: PackageSetting{3a831e7 com.mediology.sinsinapp/10208} -> PackageSetting{eaf4113 com.android.systemui.emulation.pixel_7a/10034} BLOCKED
07-27 05:12:06.129   576   592 I AppsFilter: interaction: PackageSetting{3a831e7 com.mediology.sinsinapp/10208} -> PackageSetting{e24af50 com.android.systemui.emulation.pixel_8a/10046} BLOCKED
07-27 05:12:06.129   576   592 I AppsFilter: interaction: PackageSetting{3a831e7 com.mediology.sinsinapp/10208} -> PackageSetting{ae93549 com.google.android.settings.intelligence/10138} BLOCKED
07-27 05:12:06.129   576   592 I AppsFilter: interaction: PackageSetting{3a831e7 com.mediology.sinsinapp/10208} -> PackageSetting{b4e87ee com.google.android.projection.gearhead/10136} BLOCKED
07-27 05:12:06.129   576   592 I AppsFilter: interaction: PackageSetting{3a831e7 com.mediology.sinsinapp/10208} -> PackageSetting{2fe1e4e com.google.android.uwb.resources/10193} BLOCKED
07-27 05:12:06.129   576   592 I AppsFilter: interaction: PackageSetting{3a831e7 com.mediology.sinsinapp/10208} -> PackageSetting{dee948f com.android.cts.ctsshim/10202} BLOCKED
07-27 05:12:06.129   576   592 I AppsFilter: interaction: PackageSetting{3a831e7 com.mediology.sinsinapp/10208} -> PackageSetting{1c2db6f com.google.android.wifi.resources/10187} BLOCKED
07-27 05:12:06.129   576   592 I AppsFilter: interaction: PackageSetting{3a831e7 com.mediology.sinsinapp/10208} -> PackageSetting{5ad707c com.google.android.wifi.dialog/10189} BLOCKED
07-27 05:12:06.130   576   592 I AppsFilter: interaction: PackageSetting{3a831e7 com.mediology.sinsinapp/10208} -> PackageSetting{f06dd05 com.android.wallpaper/10174} BLOCKED
07-27 05:12:06.130   576   592 I AppsFilter: interaction: PackageSetting{3a831e7 com.mediology.sinsinapp/10208} -> PackageSetting{421d15a com.google.android.apps.wallpaper/10180} BLOCKED
07-27 05:12:06.130   576   592 I AppsFilter: interaction: PackageSetting{3a831e7 com.mediology.sinsinapp/10208} -> PackageSetting{5cbbf8b com.google.android.odad/10129} BLOCKED
07-27 05:12:06.130   576   592 I AppsFilter: interaction: PackageSetting{3a831e7 com.mediology.sinsinapp/10208} -> PackageSetting{c9f1868 com.android.settings.auto_generated_rro_product__/10029} BLOCKED
07-27 05:12:06.130   576   592 I AppsFilter: interaction: PackageSetting{3a831e7 com.mediology.sinsinapp/10208} -> PackageSetting{19d4481 com.android.systemui.emulation.pixel_9_pro_xl/10064} BLOCKED
07-27 05:12:06.130   576   592 I AppsFilter: interaction: PackageSetting{3a831e7 com.mediology.sinsinapp/10208} -> PackageSetting{79ba926 com.android.companiondevicemanager.auto_generated_characteristics_rro/10056} BLOCKED
07-27 05:12:06.130   576   592 I AppsFilter: interaction: PackageSetting{3a831e7 com.mediology.sinsinapp/10208} -> PackageSetting{434c967 com.android.internal.systemui.navbar.gestural/10059} BLOCKED
07-27 05:12:06.130   576   592 I AppsFilter: interaction: PackageSetting{3a831e7 com.mediology.sinsinapp/10208} -> PackageSetting{c815314 com.google.android.apps.youtube.music/10158} BLOCKED
07-27 05:12:06.130   576   592 I AppsFilter: interaction: PackageSetting{3a831e7 com.mediology.sinsinapp/10208} -> PackageSetting{fd8a7bd com.android.bluetoothmidiservice/10110} BLOCKED
07-27 05:12:06.130   576   592 I AppsFilter: interaction: PackageSetting{3a831e7 com.mediology.sinsinapp/10208} -> PackageSetting{b8931b2 com.android.storagemanager.auto_generated_rro_product__/10083} BLOCKED
07-27 05:12:06.130   576   592 I AppsFilter: interaction: PackageSetting{3a831e7 com.mediology.sinsinapp/10208} -> PackageSetting{83a9503 com.google.android.cellbroadcastreceiver/10200} BLOCKED
07-27 05:12:06.130   576   592 I AppsFilter: interaction: PackageSetting{3a831e7 com.mediology.sinsinapp/10208} -> PackageSetting{daa8c80 com.android.phone.auto_generated_rro_product__/10055} BLOCKED
07-27 05:12:06.130   576   592 I AppsFilter: interaction: PackageSetting{3a831e7 com.mediology.sinsinapp/10208} -> PackageSetting{36d02b9 com.android.systemui.emulation.pixel_9_pro_fold/10052} BLOCKED
07-27 05:12:06.130   576   592 I AppsFilter: interaction: PackageSetting{3a831e7 com.mediology.sinsinapp/10208} -> PackageSetting{54b6fe android.auto_generated_rro_product__/10068} BLOCKED
07-27 05:12:06.130   576   592 I AppsFilter: interaction: PackageSetting{3a831e7 com.mediology.sinsinapp/10208} -> PackageSetting{a477e5f com.google.android.inputmethod.latin/10165} BLOCKED
07-27 05:12:06.130   576   592 I AppsFilter: interaction: PackageSetting{3a831e7 com.mediology.sinsinapp/10208} -> PackageSetting{56bf0ac android.auto_generated_rro_vendor__/10089} BLOCKED
07-27 05:12:06.130   576   592 I AppsFilter: interaction: PackageSetting{3a831e7 com.mediology.sinsinapp/10208} -> PackageSetting{3521175 com.google.android.apps.restore/10135} BLOCKED
07-27 05:12:06.196  2769  3203 I cr_WVCFactoryProvider: Loaded version=124.0.6367.219 minSdkVersion=29 isBundle=false multiprocess=true packageId=2
07-27 05:12:06.198  2769  3202 D nativeloader: Load /data/app/~~T93ezTjbxBbsJRS8KOfcCA==/com.mediology.sinsinapp-3n8TehE9cPS1H3Ob-w8QRA==/base.apk!/lib/arm64-v8a/libworklets.so using ns clns-7 from class loader (caller=/data/app/~~T93ezTjbxBbsJRS8KOfcCA==/com.mediology.sinsinapp-3n8TehE9cPS1H3Ob-w8QRA==/base.apk!classes7.dex): ok
07-27 05:12:06.210  2769  3202 D nativeloader: Load /data/app/~~T93ezTjbxBbsJRS8KOfcCA==/com.mediology.sinsinapp-3n8TehE9cPS1H3Ob-w8QRA==/base.apk!/lib/arm64-v8a/libexpo-modules-core.so using ns clns-7 from class loader (caller=/data/app/~~T93ezTjbxBbsJRS8KOfcCA==/com.mediology.sinsinapp-3n8TehE9cPS1H3Ob-w8QRA==/base.apk!classes7.dex): ok
07-27 05:12:06.212  2769  3202 W BridgelessReactContext: [WARNING] Bridgeless doesn't support CatalystInstance. Accessing an API that's not part of the new architecture is not encouraged usage.
07-27 05:12:06.215  2769  3203 D nativeloader: Load /data/app/~~j7XrDrOBfyXPaChKgCOlKw==/com.google.android.trichromelibrary_636771932-1ZyTS55ZreAXcKmASSpIgQ==/TrichromeLibrary.apk!/lib/arm64-v8a/libmonochrome_64.so using ns clns-9 from class loader (caller=/data/app/~~V8jWnHimbv_0cN1Ql8RorQ==/com.google.android.webview-gLDEjhnufxgMNAFZ6rwrXQ==/WebViewGoogle.apk): ok
07-27 05:12:06.221  2769  3203 D nativeloader: Load /system/lib64/libwebviewchromium_plat_support.so using ns clns-9 from class loader (caller=/data/app/~~V8jWnHimbv_0cN1Ql8RorQ==/com.google.android.webview-gLDEjhnufxgMNAFZ6rwrXQ==/WebViewGoogle.apk): ok
07-27 05:12:06.223  2769  3202 I ExpoModulesCore: ✅ JSI interop was installed
07-27 05:12:06.243  2769  3227 E chromium: [0727/051206.240351:ERROR:variations_seed_loader.cc(37)] Seed missing signature.
07-27 05:12:06.246  2769  3227 I cr_VariationsUtils: Failed reading seed file "/data/user/0/com.mediology.sinsinapp/app_webview/variations_seed_new"
07-27 05:12:06.251  2769  3227 I chromium: [0727/051206.246867:INFO:variations_seed_loader.cc(66)] Failed to open file for reading.: No such file or directory (2)
07-27 05:12:06.251  2769  3227 I cr_VariationsUtils: Failed reading seed file "/data/user/0/com.mediology.sinsinapp/app_webview/variations_seed"
07-27 05:12:06.262  2769  3203 I cr_LibraryLoader: Successfully loaded native library
07-27 05:12:06.262  2769  3202 I ExpoModulesCore: ✅ Constants were exported
07-27 05:12:06.262  2769  3203 I cr_CachingUmaRecorder: Flushed 6 samples from 6 histograms, 0 samples were dropped.
07-27 05:12:06.304  2769  2777 W ology.sinsinapp: ApkAssets: Deleting an ApkAssets object '<empty> and /data/app/~~V8jWnHimbv_0cN1Ql8RorQ==/com.google.android.webview-gLDEjhnufxgMNAFZ6rwrXQ==/WebViewGoogle.apk' with 2 weak references
07-27 05:12:06.333   380   457 I netd    : tetherGetStats() -> {[]} <4.06ms>
07-27 05:12:06.353  2769  3233 D TrafficStats: tagSocket(157) with statsTag=0xffffffff, statsUid=-1
07-27 05:12:06.376  2769  3202 W unknown:ViewManagerPropertyUpdater: Could not find generated setter for class com.reactnativekeyboardcontroller.OverKeyboardViewManager
07-27 05:12:06.379  2769  3202 W unknown:ViewManagerPropertyUpdater: Could not find generated setter for class com.reactnativekeyboardcontroller.views.overlay.OverKeyboardHostShadowNode
07-27 05:12:06.381  2769  3202 W unknown:ViewManagerPropertyUpdater: Could not find generated setter for class com.swmansion.rnscreens.ScreenFooterManager
07-27 05:12:06.381  2769  3202 W unknown:ViewManagerPropertyUpdater: Could not find generated setter for class com.facebook.react.uimanager.LayoutShadowNode
07-27 05:12:06.381  2769  3202 W unknown:ViewManagerPropertyUpdater: Could not find generated setter for class com.swmansion.rnscreens.gamma.tabs.TabScreenViewManager
07-27 05:12:06.382  2769  3202 W unknown:ViewManagerPropertyUpdater: Could not find generated setter for class expo.modules.kotlin.views.GroupViewManagerWrapper
07-27 05:12:06.384  2769  3202 W unknown:ViewManagerPropertyUpdater: Could not find generated setter for class com.swmansion.rnscreens.ScreenContainerViewManager
07-27 05:12:06.384  2769  3202 W unknown:ViewManagerPropertyUpdater: Could not find generated setter for class com.reactnativecommunity.slider.ReactSliderManager
07-27 05:12:06.387  2769  3202 W unknown:ViewManagerPropertyUpdater: Could not find generated setter for class com.swmansion.rnscreens.gamma.tabs.TabsHostViewManager
07-27 05:12:06.390  2769  3202 W unknown:ViewManagerPropertyUpdater: Could not find generated setter for class com.swmansion.rnscreens.ModalScreenViewManager
07-27 05:12:06.391  2769  3202 W unknown:ViewManagerPropertyUpdater: Could not find generated setter for class com.teleport.portal.PortalViewManager
07-27 05:12:06.392  2769  3202 W unknown:ViewManagerPropertyUpdater: Could not find generated setter for class com.reactnativekeyboardcontroller.KeyboardGestureAreaViewManager
07-27 05:12:06.392  2769  3202 W unknown:ViewManagerPropertyUpdater: Could not find generated setter for class com.th3rdwave.safeareacontext.SafeAreaViewManager
07-27 05:12:06.392  2769  3202 W unknown:ViewManagerPropertyUpdater: Could not find generated setter for class com.th3rdwave.safeareacontext.SafeAreaViewShadowNode
07-27 05:12:06.393  2769  3202 W unknown:ViewManagerPropertyUpdater: Could not find generated setter for class com.swmansion.rnscreens.safearea.SafeAreaViewManager
07-27 05:12:06.393  2769  3202 W unknown:ViewManagerPropertyUpdater: Could not find generated setter for class com.swmansion.rnscreens.safearea.paper.SafeAreaViewShadowNode
07-27 05:12:06.393  2769  3202 W unknown:ViewManagerPropertyUpdater: Could not find generated setter for class com.swmansion.rnscreens.ScreenViewManager
07-27 05:12:06.394  2769  3202 W unknown:ViewManagerPropertyUpdater: Could not find generated setter for class expo.modules.kotlin.views.SimpleViewManagerWrapper
07-27 05:12:06.394  2769  3202 W unknown:ViewManagerPropertyUpdater: Could not find generated setter for class com.reactnativemenu.MenuViewManager
07-27 05:12:06.396  2769  3202 W unknown:ViewManagerPropertyUpdater: Could not find generated setter for class com.swmansion.rnscreens.ScreenStackViewManager
07-27 05:12:06.396  2769  3202 W unknown:ViewManagerPropertyUpdater: Could not find generated setter for class com.th3rdwave.safeareacontext.SafeAreaProviderManager
07-27 05:12:06.396  2769  3202 W unknown:ViewManagerPropertyUpdater: Could not find generated setter for class com.swmansion.rnscreens.SearchBarManager
07-27 05:12:06.400  2769  3202 W unknown:ViewManagerPropertyUpdater: Could not find generated setter for class com.iosutilities.IosUtilitiesViewManager
07-27 05:12:06.400  2769  3202 W unknown:ViewManagerPropertyUpdater: Could not find generated setter for class com.teleport.host.PortalHostViewManager
07-27 05:12:06.401  2769  3202 W unknown:ViewManagerPropertyUpdater: Could not find generated setter for class com.reactnativecommunity.webview.RNCWebViewManager
07-27 05:12:06.402  2769  3202 W unknown:ViewManagerPropertyUpdater: Could not find generated setter for class com.reactnativekeyboardcontroller.KeyboardControllerViewManager
07-27 05:12:06.402  2769  3202 W unknown:ViewManagerPropertyUpdater: Could not find generated setter for class com.swmansion.rnscreens.ScreenStackHeaderConfigViewManager
07-27 05:12:06.402  2769  3202 W unknown:ViewManagerPropertyUpdater: Could not find generated setter for class com.swmansion.rnscreens.ScreenContentWrapperManager
07-27 05:12:06.403  2769  3202 W unknown:ViewManagerPropertyUpdater: Could not find generated setter for class com.swmansion.rnscreens.gamma.stack.host.StackHostViewManager
07-27 05:12:06.403  2769  3202 W unknown:ViewManagerPropertyUpdater: Could not find generated setter for class com.reactnativegooglesignin.RNGoogleSigninButtonViewManager
07-27 05:12:06.403  2769  3202 W unknown:ViewManagerPropertyUpdater: Could not find generated setter for class com.swmansion.rnscreens.ScreenStackHeaderSubviewManager
07-27 05:12:06.404  2769  3202 W unknown:ViewManagerPropertyUpdater: Could not find generated setter for class com.swmansion.rnscreens.gamma.stack.screen.StackScreenViewManager
07-27 05:12:06.404  2769  3202 W unknown:ViewManagerPropertyUpdater: Could not find generated setter for class com.reactnativekeyboardcontroller.KeyboardBackgroundViewManager
07-27 05:12:06.467  2769  3202 W unknown:ViewManagerPropertyUpdater: Could not find generated setter for class com.horcrux.svg.RenderableViewManager$DefsViewManager
07-27 05:12:06.468  2769  3202 W unknown:ViewManagerPropertyUpdater: Could not find generated setter for class com.horcrux.svg.VirtualViewManager$RenderableShadowNode
07-27 05:12:06.472  2769  3202 W unknown:ViewManagerPropertyUpdater: Could not find generated setter for class com.facebook.react.views.debuggingoverlay.DebuggingOverlayManager
07-27 05:12:06.476  2769  3202 W unknown:ViewManagerPropertyUpdater: Could not find generated setter for class com.horcrux.svg.RenderableViewManager$FeMergeManager
07-27 05:12:06.477  2769  3202 W unknown:ViewManagerPropertyUpdater: Could not find generated setter for class com.facebook.react.views.safeareaview.ReactSafeAreaViewManager
07-27 05:12:06.480  2769  3202 W unknown:ViewManagerPropertyUpdater: Could not find generated setter for class com.horcrux.svg.RenderableViewManager$LinearGradientManager
07-27 05:12:06.482  2769  3202 W unknown:ViewManagerPropertyUpdater: Could not find generated setter for class com.horcrux.svg.RenderableViewManager$FeGaussianBlurManager
07-27 05:12:06.485  2769  3202 W unknown:ViewManagerPropertyUpdater: Could not find generated setter for class com.facebook.react.views.progressbar.ReactProgressBarViewManager
07-27 05:12:06.486  2769  3202 W unknown:ViewManagerPropertyUpdater: Could not find generated setter for class com.facebook.react.views.progressbar.ProgressBarShadowNode
07-27 05:12:06.488  2769  3202 W unknown:ViewManagerPropertyUpdater: Could not find generated setter for class com.facebook.react.views.scroll.ReactHorizontalScrollViewManager
07-27 05:12:06.492  2769  3202 W unknown:ViewManagerPropertyUpdater: Could not find generated setter for class com.facebook.react.views.text.ReactTextViewManager
07-27 05:12:06.493  2769  3202 W unknown:ViewManagerPropertyUpdater: Could not find generated setter for class com.facebook.react.views.text.ReactTextShadowNode
07-27 05:12:06.496  2769  3202 W unknown:ViewManagerPropertyUpdater: Could not find generated setter for class com.horcrux.svg.RenderableViewManager$FeColorMatrixManager
07-27 05:12:06.498  2769  3202 W unknown:ViewManagerPropertyUpdater: Could not find generated setter for class com.facebook.react.views.scroll.ReactHorizontalScrollContainerViewManager
07-27 05:12:06.501  2769  3202 W unknown:ViewManagerPropertyUpdater: Could not find generated setter for class com.horcrux.svg.RenderableViewManager$ClipPathViewManager
07-27 05:12:06.504  2769  3202 W unknown:ViewManagerPropertyUpdater: Could not find generated setter for class com.horcrux.svg.RenderableViewManager$SymbolManager
07-27 05:12:06.507  2769  3202 W unknown:ViewManagerPropertyUpdater: Could not find generated setter for class com.horcrux.svg.RenderableViewManager$PatternManager
07-27 05:12:06.509  2769  3202 W unknown:ViewManagerPropertyUpdater: Could not find generated setter for class com.horcrux.svg.RenderableViewManager$FeBlendManager
07-27 05:12:06.511  2769  3202 W unknown:ViewManagerPropertyUpdater: Could not find generated setter for class com.facebook.react.views.view.ReactViewManager
07-27 05:12:06.514  2769  3202 W unknown:ViewManagerPropertyUpdater: Could not find generated setter for class com.horcrux.svg.SvgViewManager
07-27 05:12:06.517  2769  3202 W unknown:ViewManagerPropertyUpdater: Could not find generated setter for class com.facebook.react.views.switchview.ReactSwitchManager
07-27 05:12:06.518  2769  3202 W unknown:ViewManagerPropertyUpdater: Could not find generated setter for class com.facebook.react.views.switchview.ReactSwitchShadowNode
07-27 05:12:06.520  2769  3202 W unknown:ViewManagerPropertyUpdater: Could not find generated setter for class com.horcrux.svg.RenderableViewManager$UseViewManager
07-27 05:12:06.523  2769  3202 W unknown:ViewManagerPropertyUpdater: Could not find generated setter for class com.horcrux.svg.RenderableViewManager$CircleViewManager
07-27 05:12:06.526  2769  3202 W unknown:ViewManagerPropertyUpdater: Could not find generated setter for class com.horcrux.svg.RenderableViewManager$TSpanViewManager
07-27 05:12:06.528  2769  3202 W unknown:ViewManagerPropertyUpdater: Could not find generated setter for class com.horcrux.svg.RenderableViewManager$FilterManager
07-27 05:12:06.532  2769  3202 W unknown:ViewManagerPropertyUpdater: Could not find generated setter for class com.horcrux.svg.RenderableViewManager$MarkerManager
07-27 05:12:06.534  2769  3202 W unknown:ViewManagerPropertyUpdater: Could not find generated setter for class com.swmansion.gesturehandler.react.RNGestureHandlerButtonViewManager
07-27 05:12:06.536  2769  3202 W unknown:ViewManagerPropertyUpdater: Could not find generated setter for class com.facebook.react.views.modal.ReactModalHostManager
07-27 05:12:06.539  2769  3202 W unknown:ViewManagerPropertyUpdater: Could not find generated setter for class com.horcrux.svg.RenderableViewManager$ForeignObjectManager
07-27 05:12:06.543  2769  3202 W unknown:ViewManagerPropertyUpdater: Could not find generated setter for class com.horcrux.svg.RenderableViewManager$EllipseViewManager
07-27 05:12:06.545  2769  3202 W unknown:ViewManagerPropertyUpdater: Could not find generated setter for class com.horcrux.svg.RenderableViewManager$LineViewManager
07-27 05:12:06.549  2769  3202 W unknown:ViewManagerPropertyUpdater: Could not find generated setter for class com.facebook.react.views.text.frescosupport.FrescoBasedReactTextInlineImageViewManager
07-27 05:12:06.549  2769  3202 W unknown:ViewManagerPropertyUpdater: Could not find generated setter for class com.facebook.react.views.text.frescosupport.FrescoBasedReactTextInlineImageShadowNode
07-27 05:12:06.551  2769  3202 W unknown:ViewManagerPropertyUpdater: Could not find generated setter for class com.horcrux.svg.RenderableViewManager$FeFloodManager
07-27 05:12:06.553  2769  3202 W unknown:ViewManagerPropertyUpdater: Could not find generated setter for class com.horcrux.svg.RenderableViewManager$GroupViewManager
07-27 05:12:06.557  2769  3202 W unknown:ViewManagerPropertyUpdater: Could not find generated setter for class com.horcrux.svg.RenderableViewManager$TextViewManager
07-27 05:12:06.559  2769  3202 W unknown:ViewManagerPropertyUpdater: Could not find generated setter for class com.horcrux.svg.RenderableViewManager$ImageViewManager
07-27 05:12:06.562  2769  3202 W unknown:ViewManagerPropertyUpdater: Could not find generated setter for class com.horcrux.svg.RenderableViewManager$FeCompositeManager
07-27 05:12:06.568  2769  3202 W unknown:ViewManagerPropertyUpdater: Could not find generated setter for class com.facebook.react.views.image.ReactImageManager
07-27 05:12:06.570  2769  3202 W unknown:ViewManagerPropertyUpdater: Could not find generated setter for class com.horcrux.svg.RenderableViewManager$RadialGradientManager
07-27 05:12:06.573  2769  3202 W unknown:ViewManagerPropertyUpdater: Could not find generated setter for class com.horcrux.svg.RenderableViewManager$MaskManager
07-27 05:12:06.577  2769  3202 W unknown:ViewManagerPropertyUpdater: Could not find generated setter for class com.facebook.react.views.unimplementedview.ReactUnimplementedViewManager
07-27 05:12:06.579  2769  3202 W unknown:ViewManagerPropertyUpdater: Could not find generated setter for class com.horcrux.svg.RenderableViewManager$RectViewManager
07-27 05:12:06.581  2769  3202 W unknown:ViewManagerPropertyUpdater: Could not find generated setter for class com.horcrux.svg.RenderableViewManager$TextPathViewManager
07-27 05:12:06.584  2769  3202 W unknown:ViewManagerPropertyUpdater: Could not find generated setter for class com.facebook.react.views.scroll.ReactScrollViewManager
07-27 05:12:06.588  2769  3202 W unknown:ViewManagerPropertyUpdater: Could not find generated setter for class com.horcrux.svg.RenderableViewManager$FeOffsetManager
07-27 05:12:06.590  2769  3202 W unknown:ViewManagerPropertyUpdater: Could not find generated setter for class com.horcrux.svg.RenderableViewManager$PathViewManager
07-27 05:12:06.592  2769  3202 W unknown:ViewManagerPropertyUpdater: Could not find generated setter for class com.facebook.react.views.drawer.ReactDrawerLayoutManager
07-27 05:12:06.595  2769  3202 W unknown:ViewManagerPropertyUpdater: Could not find generated setter for class com.facebook.react.views.swiperefresh.SwipeRefreshLayoutManager
07-27 05:12:06.600  2769  3202 W unknown:ViewManagerPropertyUpdater: Could not find generated setter for class com.facebook.react.views.textinput.ReactTextInputManager
07-27 05:12:06.601  2769  3202 W unknown:ViewManagerPropertyUpdater: Could not find generated setter for class com.facebook.react.views.textinput.ReactTextInputShadowNode
07-27 05:12:06.604  2769  3202 W unknown:ViewManagerPropertyUpdater: Could not find generated setter for class com.swmansion.gesturehandler.react.RNGestureHandlerRootViewManager
07-27 05:12:06.645  2769  3233 D TrafficStats: tagSocket(157) with statsTag=0xffffffff, statsUid=-1
07-27 05:12:06.804  2769  3202 D nativeloader: Load /data/app/~~T93ezTjbxBbsJRS8KOfcCA==/com.mediology.sinsinapp-3n8TehE9cPS1H3Ob-w8QRA==/base.apk!/lib/arm64-v8a/librnscreens.so using ns clns-7 from class loader (caller=/data/app/~~T93ezTjbxBbsJRS8KOfcCA==/com.mediology.sinsinapp-3n8TehE9cPS1H3Ob-w8QRA==/base.apk!classes2.dex): ok
07-27 05:12:06.878  2769  3202 I ReactNativeJS: Running "main" with {"rootTag":1,"initialProps":{},"fabric":true}
07-27 05:12:06.960  2769  3234 D TrafficStats: tagSocket(143) with statsTag=0xffffffff, statsUid=-1
07-27 05:12:07.126  2769  3202 D nativeloader: Load /data/app/~~T93ezTjbxBbsJRS8KOfcCA==/com.mediology.sinsinapp-3n8TehE9cPS1H3Ob-w8QRA==/base.apk!/lib/arm64-v8a/libreanimated.so using ns clns-7 from class loader (caller=/data/app/~~T93ezTjbxBbsJRS8KOfcCA==/com.mediology.sinsinapp-3n8TehE9cPS1H3Ob-w8QRA==/base.apk!classes7.dex): ok
07-27 05:12:07.170  2769  3202 W ReactNativeJS: '[Reanimated] Reduced motion setting is enabled on this device. This warning is visible only in the development mode. Some animations will be disabled by default. You can override the behavior for individual animations, see https://docs.swmansion.com/react-native-reanimated/docs/guides/troubleshooting#reduced-motion-setting-is-enabled-on-this-device.', { [Stack] name: 'Stack' }
07-27 05:12:07.568  1571  1571 D BoundBrokerSvc: onBind: Intent { act=com.google.android.gms.auth.api.signin.service.START pkg=com.google.android.gms }
07-27 05:12:07.568  1571  1571 D BoundBrokerSvc: Loading bound service for intent: Intent { act=com.google.android.gms.auth.api.signin.service.START pkg=com.google.android.gms }
07-27 05:12:07.595  2769  3202 W ReactNativeJS: 'Require cycle: src/services/index.ts -> src/services/data/index.ts -> src/services/data/bloodMetricsService.ts -> src/services/index.ts\n\nRequire cycles are allowed, but can result in uninitialized values. Consider refactoring to remove the need for a cycle.', { [Stack] name: 'Stack' }
07-27 05:12:07.608  1571  2626 W Auth.Api.SignIn: [Service,SignInChimeraService] **************************** WARNING ***************************
07-27 05:12:07.608  1571  2626 W Auth.Api.SignIn: You are using the deprecated legacy Google Sign-In APIs from
07-27 05:12:07.608  1571  2626 W Auth.Api.SignIn: play-services-auth SDK. Please migrate to the Credential Manager
07-27 05:12:07.608  1571  2626 W Auth.Api.SignIn: APIs, see https://goo.gle/gsi-migration.
07-27 05:12:07.608  1571  2626 W Auth.Api.SignIn: ****************************************************************
07-27 05:12:07.713  2769  3202 W ReactNativeJS: 'Warning: Must call import \'@tamagui/native/setup-zeego\' at your app entry point to use native menus', { [Stack] name: 'Stack' }
07-27 05:12:07.717  2769  3202 W ReactNativeJS: 'Warning: Must call import \'@tamagui/native/setup-zeego\' at your app entry point to use native menus', { [Stack] name: 'Stack' }
07-27 05:12:09.134  2769  2960 D EGL_emulation: app_time_stats: avg=19380.80ms min=319.18ms max=38442.43ms count=2
07-27 05:12:09.559  2769  2769 I ThemedReactContext: KeyboardController::windowDidResize
07-27 05:12:09.609  2769  2769 I ReactNative: [GESTURE HANDLER] Initialize gesture handler for root view com.facebook.react.runtime.ReactSurfaceView{cb11df7 V.E...... .......D 0,0-1080,2400 #1}
07-27 05:12:09.773  2769  3237 D TrafficStats: tagSocket(100) with statsTag=0xffffffff, statsUid=-1
07-27 05:12:09.836  2769  3237 D TrafficStats: tagSocket(128) with statsTag=0xffffffff, statsUid=-1
07-27 05:12:09.854  2769  3202 D nativeloader: Load /data/app/~~T93ezTjbxBbsJRS8KOfcCA==/com.mediology.sinsinapp-3n8TehE9cPS1H3Ob-w8QRA==/base.apk!/lib/arm64-v8a/libgesturehandler.so using ns clns-7 from class loader (caller=/data/app/~~T93ezTjbxBbsJRS8KOfcCA==/com.mediology.sinsinapp-3n8TehE9cPS1H3Ob-w8QRA==/base.apk!classes7.dex): ok
07-27 05:12:09.855  2769  3202 D jni_lib_merge: Entering merged library JNI_OnLoad.
07-27 05:12:09.855  2769  3202 D jni_lib_merge: Preparing 12 pre-merged libs (including stub)
07-27 05:12:09.855  2769  3202 D jni_lib_merge: Preparing to register libfabricjni_so.  onload_func: 0x7b86d31a5c
07-27 05:12:09.855  2769  3202 D jni_lib_merge: Preparing to register libreact_devsupportjni_so.  onload_func: 0x7b86f4e720
07-27 05:12:09.855  2769  3202 D jni_lib_merge: Preparing to register libreact_featureflagsjni_so.  onload_func: 0x7b86f60f88
07-27 05:12:09.855  2769  3202 D jni_lib_merge: Preparing to register libreact_newarchdefaults_so.  onload_func: 0x7b87006320
07-27 05:12:09.855  2769  3202 D jni_lib_merge: Preparing to register libreactnativeblob_so.  onload_func: 0x7b872184c4
07-27 05:12:09.855  2769  3202 D jni_lib_merge: Preparing to register libreactnativejni_so.  onload_func: 0x7b8725b438
07-27 05:12:09.855  2769  3202 D jni_lib_merge: Preparing to register libreactnativejni_common_so.  onload_func: 0x7b8726be2c
07-27 05:12:09.855  2769  3202 D jni_lib_merge: Preparing to register librninstance_so.  onload_func: 0x7b872b5c58
07-27 05:12:09.855  2769  3202 D jni_lib_merge: Preparing to register libturbomodulejsijni_so.  onload_func: 0x7b87412d60
07-27 05:12:09.855  2769  3202 D jni_lib_merge: Preparing to register libuimanagerjni_so.  onload_func: 0x7b8742bb00
07-27 05:12:09.855  2769  3202 D jni_lib_merge: Preparing to register libyoga_so.  onload_func: 0x7b8743b584
07-27 05:12:09.855  2769  3202 D jni_lib_merge: About to register 11 actual methods.
07-27 05:12:09.888   576   608 D OomAdjuster: Not killing cached processes
07-27 05:12:10.259  2769  2769 W [RNScreens]: backTitleFontFamily prop is not available on Android
07-27 05:12:10.259  2769  2769 W [RNScreens]: disableBackButtonMenu prop is not available on Android
07-27 05:12:10.259  2769  2769 W [RNScreens]: topInsetEnabled prop is not available on Android
07-27 05:12:10.259  2769  2769 W [RNScreens]: backTitleVisible prop is not available on Android
07-27 05:12:10.261  2769  2769 W [RNScreens]: largeTitleHideShadow prop is not available on Android
07-27 05:12:10.261  2769  2769 W [RNScreens]: largeTitleFontWeight prop is not available on Android
07-27 05:12:10.261  2769  2769 W [RNScreens]: userInterfaceStyle prop is not available on Android
07-27 05:12:10.261  2769  2769 W [RNScreens]: largeTitleFontFamily prop is not available on Android
07-27 05:12:10.777  2769  3202 D CompatChangeReporter: Compat change id reported: 303326708; UID 10208; state: ENABLED
07-27 05:12:10.892  1044  2017 I NetworkScheduler.Stats: Task com.google.android.gms/com.google.android.gms.tapandpay.gcmtask.TapAndPayGcmTaskService started execution. cause:4 exec_start_elapsed_seconds: 124 [CONTEXT service_id=218 ]
07-27 05:12:10.901  1044  2017 W TapAndPay: NfcAdapter is null while obtaining CardEmulation instance. [CONTEXT service_id=79 ]
07-27 05:12:10.901  1044  2017 W TapAndPay: java.lang.NullPointerException: NfcAdapter is null
07-27 05:12:10.901  1044  2017 W TapAndPay: 	at android.nfc.cardemulation.CardEmulation.getInstance(CardEmulation.java:170)
07-27 05:12:10.901  1044  2017 W TapAndPay: 	at dhwn.<init>(:com.google.android.gms@242335038@24.23.35 (190400-646585959):15)
07-27 05:12:10.901  1044  2017 W TapAndPay: 	at com.google.android.gms.tapandpay.hce.task.TapAndPayAidRegistrationTaskOperation.a(:com.google.android.gms@242335038@24.23.35 (190400-646585959):50)
07-27 05:12:10.901  1044  2017 W TapAndPay: 	at com.google.android.gms.tapandpay.gcmtask.TapAndPayGcmTaskChimeraService.a(:com.google.android.gms@242335038@24.23.35 (190400-646585959):32)
07-27 05:12:10.901  1044  2017 W TapAndPay: 	at bpjj.call(:com.google.android.gms@242335038@24.23.35 (190400-646585959):32)
07-27 05:12:10.901  1044  2017 W TapAndPay: 	at java.util.concurrent.FutureTask.run(FutureTask.java:264)
07-27 05:12:10.901  1044  2017 W TapAndPay: 	at angs.c(:com.google.android.gms@242335038@24.23.35 (190400-646585959):50)
07-27 05:12:10.901  1044  2017 W TapAndPay: 	at angs.run(:com.google.android.gms@242335038@24.23.35 (190400-646585959):76)
07-27 05:12:10.901  1044  2017 W TapAndPay: 	at java.util.concurrent.ThreadPoolExecutor.runWorker(ThreadPoolExecutor.java:1145)
07-27 05:12:10.901  1044  2017 W TapAndPay: 	at java.util.concurrent.ThreadPoolExecutor$Worker.run(ThreadPoolExecutor.java:644)
07-27 05:12:10.901  1044  2017 W TapAndPay: 	at anmg.run(:com.google.android.gms@242335038@24.23.35 (190400-646585959):8)
07-27 05:12:10.901  1044  2017 W TapAndPay: 	at java.lang.Thread.run(Thread.java:1012)
07-27 05:12:10.918  1044  3211 I NetworkScheduler.Stats: Task com.google.android.gms/com.google.android.gms.tapandpay.gcmtask.TapAndPayGcmTaskService finished executing. cause:4 result: 3 elapsed_millis: 40 uptime_millis: 40 exec_start_elapsed_seconds: 124 [CONTEXT service_id=218 ]
07-27 05:12:11.128  2769  3202 I ReactNativeJS: ┘ [tamagui] Warning: missing token backgroundColor in category color - $gray4 (open for details)
07-27 05:12:11.131  2769  3202 I ReactNativeJS: │ Note: this could just be due to you not setting all the theme tokens Tamagui expects, which is harmless, but
07-27 05:12:11.131  2769  3202 I ReactNativeJS:                     it also often can be because you have a duplicated Tamagui in your bundle, which can cause tricky bugs.
07-27 05:12:11.134  2769  3202 I ReactNativeJS: │ To see if you have duplicated dependencies, in Chrome DevTools hit CMD+P and type TamaguiProvider.
07-27 05:12:11.134  2769  3202 I ReactNativeJS:                     If you see both a .cjs and a .mjs entry, it's duplicated.
07-27 05:12:11.135  2769  3202 I ReactNativeJS: │ You can debug that issue by opening the .mjs and .cjs files and setting a breakpoint at the top of each.
07-27 05:12:11.139  2769  2769 W ology.sinsinapp: Accessing hidden field Landroid/widget/ScrollView;->mScroller:Landroid/widget/OverScroller; (unsupported, reflection, allowed)
07-27 05:12:11.143  2769  3202 I ReactNativeJS: │ We only log this warning one time as it's sometimes harmless, to disable this log entirely set process.env.TAMAGUI_DISABLE_MISSING_TOKEN_LOG=1.
07-27 05:12:11.144  2769  3202 I ReactNativeJS: ┘ 
07-27 05:12:11.155  1044  3127 I NearbyMediums: No BLE Fast/GATT advertisements found in the latest cycle.
07-27 05:12:11.162   443   443 W adbd    : timeout expired while flushing socket, closing
07-27 05:12:11.519  2769  2769 W ology.sinsinapp: Accessing hidden field Landroid/widget/HorizontalScrollView;->mScroller:Landroid/widget/OverScroller; (unsupported, reflection, allowed)
07-27 05:12:11.712  2769  2769 W [RNScreens]: backTitleFontFamily prop is not available on Android
07-27 05:12:11.712  2769  2769 W [RNScreens]: disableBackButtonMenu prop is not available on Android
07-27 05:12:11.712  2769  2769 W [RNScreens]: topInsetEnabled prop is not available on Android
07-27 05:12:11.713  2769  2769 W [RNScreens]: backTitleVisible prop is not available on Android
07-27 05:12:11.713  2769  2769 W [RNScreens]: largeTitleHideShadow prop is not available on Android
07-27 05:12:11.713  2769  2769 W [RNScreens]: largeTitleFontWeight prop is not available on Android
07-27 05:12:11.713  2769  2769 W [RNScreens]: userInterfaceStyle prop is not available on Android
07-27 05:12:11.713  2769  2769 W [RNScreens]: largeTitleFontFamily prop is not available on Android
07-27 05:12:12.006  2769  2960 D EGL_emulation: app_time_stats: avg=358.85ms min=39.37ms max=2064.57ms count=8
07-27 05:12:12.118  2769  3241 D nativeloader: Load /data/app/~~T93ezTjbxBbsJRS8KOfcCA==/com.mediology.sinsinapp-3n8TehE9cPS1H3Ob-w8QRA==/base.apk!/lib/arm64-v8a/libimagepipeline.so using ns clns-7 from class loader (caller=/data/app/~~T93ezTjbxBbsJRS8KOfcCA==/com.mediology.sinsinapp-3n8TehE9cPS1H3Ob-w8QRA==/base.apk!classes7.dex): ok
07-27 05:12:12.186  2769  2769 D RenderScript HIDL Adaptation: IRenderScriptDevice::getService()
07-27 05:12:12.188   158   158 I hwservicemanager: getTransport: Cannot find entry android.hardware.renderscript@1.0::IDevice/default in either framework or device VINTF manifest.
07-27 05:12:12.188  2769  2769 D RenderScript HIDL Adaptation: IRenderScriptDevice::getService() returned 0x0
07-27 05:12:12.188  2769  2769 D RenderScript HIDL Adaptation: Using Fallback Path.
07-27 05:12:12.270  2769  2769 D ology.sinsinapp: Successfully queried cache dir: /data/user_de/0/com.mediology.sinsinapp/code_cache
07-27 05:12:12.270  2769  2769 D RenderScript: Setting cache dir: /data/user_de/0/com.mediology.sinsinapp/code_cache
07-27 05:12:12.352  2769  2775 I ology.sinsinapp: NativeAlloc concurrent mark compact GC freed 4220KB AllocSpace bytes, 13(2484KB) LOS objects, 49% free, 15MB/31MB, paused 862us,3.311ms total 139.387ms
07-27 05:12:13.143  2769  2960 D EGL_emulation: app_time_stats: avg=283.99ms min=61.82ms max=518.24ms count=4
07-27 05:12:13.237  2769  3203 W com.reactnativekeyboardcontroller.modules.statusbar.StatusBarManagerCompatModuleImpl: StatusBarModule: Ignored status bar change, current activity is edge-to-edge.
07-27 05:12:13.240  2769  3203 W com.reactnativekeyboardcontroller.modules.statusbar.StatusBarManagerCompatModuleImpl: StatusBarModule: Ignored status bar change, current activity is edge-to-edge.
07-27 05:12:13.281  2769  3237 D TrafficStats: tagSocket(123) with statsTag=0xffffffff, statsUid=-1
07-27 05:12:13.289  2769  3202 I ReactNativeJS: '[api]', 'GET', '/notices/active-popup', undefined, 'Network Error'
07-27 05:12:13.303  1596  2442 I BugleRcsEngine: delay time out, reset attempts 1 and process SIM event [CONTEXT thread_id=85 ]
07-27 05:12:13.307  1596  2442 I BugleRcsEngine: process intent: android.intent.action.SIM_STATE_CHANGED [CONTEXT log_prefix="(Sim)" thread_id=85 ]
07-27 05:12:13.374  1596  2442 I BugleRcsEngine: Processing an intent [CONTEXT log_prefix="(Sim)" thread_id=85 ]
07-27 05:12:13.384  1596  2442 I BugleRcsEngine: Ignoring duplicate SIM state: LOADED [CONTEXT log_prefix="(Sim)" thread_id=85 ]
07-27 05:12:13.402  2769  2769 I ThemedReactContext: KeyboardController::layoutDidSynchronize
07-27 05:12:13.514  2769  3138 I HWUI    : Davey! duration=765ms; Flags=0, FrameTimelineVsyncId=7620, IntendedVsync=125820875441, Vsync=126237542091, InputEventId=0, HandleInputStart=126239324309, AnimationStart=126239326184, PerformTraversalsStart=126249661726, DrawStart=126249818101, FrameDeadline=126520875413, FrameInterval=126237802226, FrameStartTime=16666666, SyncQueued=126250105601, SyncStart=126275818434, IssueDrawCommandsStart=126276307018, SwapBuffers=126523514476, FrameCompleted=126612483101, DequeueBufferDuration=2042, QueueBufferDuration=220875, GpuCompleted=126612483101, SwapBuffersCompleted=126526335976, DisplayPresentTime=-52775286835227557, CommandSubmissionCompleted=126523514476, 
07-27 05:12:13.569  2769  2769 W [RNScreens]: backTitleFontFamily prop is not available on Android
07-27 05:12:13.569  2769  2769 W [RNScreens]: disableBackButtonMenu prop is not available on Android
07-27 05:12:13.569  2769  2769 W [RNScreens]: topInsetEnabled prop is not available on Android
07-27 05:12:13.569  2769  2769 W [RNScreens]: backTitleVisible prop is not available on Android
07-27 05:12:13.569  2769  2769 W [RNScreens]: largeTitleHideShadow prop is not available on Android
07-27 05:12:13.569  2769  2769 W [RNScreens]: largeTitleFontWeight prop is not available on Android
07-27 05:12:13.569  2769  2769 W [RNScreens]: userInterfaceStyle prop is not available on Android
07-27 05:12:13.569  2769  2769 W [RNScreens]: largeTitleFontFamily prop is not available on Android
07-27 05:12:13.571  2769  2769 W [RNScreens]: backTitleFontFamily prop is not available on Android
07-27 05:12:13.571  2769  2769 W [RNScreens]: disableBackButtonMenu prop is not available on Android
07-27 05:12:13.571  2769  2769 W [RNScreens]: topInsetEnabled prop is not available on Android
07-27 05:12:13.571  2769  2769 W [RNScreens]: backTitleVisible prop is not available on Android
07-27 05:12:13.571  2769  2769 W [RNScreens]: largeTitleHideShadow prop is not available on Android
07-27 05:12:13.571  2769  2769 W [RNScreens]: largeTitleFontWeight prop is not available on Android
07-27 05:12:13.571  2769  2769 W [RNScreens]: userInterfaceStyle prop is not available on Android
07-27 05:12:13.571  2769  2769 W [RNScreens]: largeTitleFontFamily prop is not available on Android
07-27 05:12:13.770   820  1047 D EGL_emulation: app_time_stats: avg=13547.05ms min=13547.05ms max=13547.05ms count=1
07-27 05:12:14.177  2769  2775 W ology.sinsinapp: Cleared Reference was only reachable from finalizer (only reported once)
07-27 05:12:14.209  2769  2960 D EGL_emulation: app_time_stats: avg=129.34ms min=26.51ms max=250.78ms count=8
07-27 05:12:14.334  2769  2775 I ology.sinsinapp: NativeAlloc concurrent mark compact GC freed 3268KB AllocSpace bytes, 14(7732KB) LOS objects, 49% free, 17MB/34MB, paused 590us,2.847ms total 194.468ms
07-27 05:12:14.349  2769  2777 W System  : A resource failed to call destroy. 
07-27 05:12:15.955   576   608 D OomAdjuster: Not killing cached processes
07-27 05:12:15.989  1571  1571 D BoundBrokerSvc: onRebind: Intent { act=com.google.android.gms.notifications.registration.service.NotificationsRegistrationTaskBoundService.ACTION_TASK_READY dat=chimera-action:/... cmp=com.google.android.gms/.chimera.GmsInternalBoundBrokerService }
07-27 05:12:15.992  1044  2017 I NetworkScheduler.Stats: Task com.google.android.gms/com.google.android.gms.notifications.registration.service.NotificationsRegistrationTaskBoundService started execution. cause:4 exec_start_elapsed_seconds: 129 [CONTEXT service_id=218 ]
07-27 05:12:15.993  1571  1571 I GmsCoreXrpcWrapper: Returning a channel provider with trafficStatsTag=67175169 trafficStatsUid=-1
07-27 05:12:16.014  1571  3180 W ChimeraUtils: Module com.google.android.gms.notifications_registration missing resource null(0)
07-27 05:12:16.015  1571  3180 W ChimeraUtils: Module com.google.android.gms.notifications_registration missing resource null(0)
07-27 05:12:16.016  1571  3180 W ChimeraUtils: Module com.google.android.gms.notifications_registration missing resource null(0)
07-27 05:12:16.037  1571  1571 D BoundBrokerSvc: onBind: Intent { act=com.google.android.gms.auth.service.START pkg=com.google.android.gms }
07-27 05:12:16.037  1571  1571 D BoundBrokerSvc: Loading bound service for intent: Intent { act=com.google.android.gms.auth.service.START pkg=com.google.android.gms }
07-27 05:12:16.048  1044  3078 W GLSUser : [DeviceKeyStore] Cannot load key: Device key file not found.
07-27 05:12:16.131  2740  2796 W libc    : Access denied finding property "persist.adb.tls_server.enable"
07-27 05:12:16.131  2740  2796 W libc    : Access denied finding property "service.adb.tls.port"
07-27 05:12:16.128  2740  2740 W binder:2740_4: type=1400 audit(0.0:35): avc:  denied  { read } for  name="u:object_r:system_adbd_prop:s0" dev="tmpfs" ino=309 scontext=u:r:gmscore_app:s0:c512,c768 tcontext=u:object_r:system_adbd_prop:s0 tclass=file permissive=0 app=com.google.android.gms
07-27 05:12:16.128  2740  2740 W binder:2740_4: type=1400 audit(0.0:36): avc:  denied  { read } for  name="u:object_r:adbd_prop:s0" dev="tmpfs" ino=54 scontext=u:r:gmscore_app:s0:c512,c768 tcontext=u:object_r:adbd_prop:s0 tclass=file permissive=0 app=com.google.android.gms
07-27 05:12:16.135   576   592 D FileUtils: Rounded bytes from 2070597632 to 4000000000
07-27 05:12:16.142   380  3253 I resolv  : GetAddrInfoHandler::run: {100 786532 100 983140 10144 0}
07-27 05:12:16.148  2740  2796 D TrafficStats: tagSocket(96) with statsTag=0x1809, statsUid=-1
07-27 05:12:16.161  1044  3078 W GmsUrlRequestImpl: Content-Type header is overwritten.
07-27 05:12:16.169   380  3254 I resolv  : GetAddrInfoHandler::run: {100 786532 100 983140 10144 0}
07-27 05:12:16.170   380  3255 I resolv  : res_nmkquery: (QUERY, IN, AAAA)
07-27 05:12:16.170   380  3255 I resolv  : resolv_cache_lookup: FOUND IN CACHE entry=0xb4000075fd287ed0
07-27 05:12:16.170   380  3255 I resolv  : doQuery: rcode=0, ancount=8, return value=264
07-27 05:12:16.170   380  3256 I resolv  : res_nmkquery: (QUERY, IN, A)
07-27 05:12:16.170   380  3256 I resolv  : resolv_cache_lookup: FOUND IN CACHE entry=0xb40000744d284fb0
07-27 05:12:16.170   380  3256 I resolv  : doQuery: rcode=0, ancount=8, return value=168
07-27 05:12:16.171  1044  3034 D TrafficStats: tagSocket(107) with statsTag=0x401, statsUid=10144
07-27 05:12:16.300  1044  3078 W GLSUser : [AppCertManager] Exception while requesting key: 
07-27 05:12:16.300  1044  3078 W GLSUser : java.util.concurrent.ExecutionException: bpcw: Parse Proto Exception with response code 400
07-27 05:12:16.300  1044  3078 W GLSUser : 	at etvr.s(:com.google.android.gms@242335038@24.23.35 (190400-646585959):21)
07-27 05:12:16.300  1044  3078 W GLSUser : 	at etvr.get(:com.google.android.gms@242335038@24.23.35 (190400-646585959):10)
07-27 05:12:16.300  1044  3078 W GLSUser : 	at yfw.b(:com.google.android.gms@242335038@24.23.35 (190400-646585959):477)
07-27 05:12:16.300  1044  3078 W GLSUser : 	at yfu.a(:com.google.android.gms@242335038@24.23.35 (190400-646585959):70)
07-27 05:12:16.300  1044  3078 W GLSUser : 	at yfu.hf(:com.google.android.gms@242335038@24.23.35 (190400-646585959):16)
07-27 05:12:16.300  1044  3078 W GLSUser : 	at oxh.onTransact(:com.google.android.gms@242335038@24.23.35 (190400-646585959):96)
07-27 05:12:16.300  1044  3078 W GLSUser : 	at android.os.Binder.transact(Binder.java:1345)
07-27 05:12:16.300  1044  3078 W GLSUser : 	at bjld.onTransact(:com.google.android.gms@242335038@24.23.35 (190400-646585959):18)
07-27 05:12:16.300  1044  3078 W GLSUser : 	at android.os.Binder.transact(Binder.java:1345)
07-27 05:12:16.300  1044  3078 W GLSUser : 	at bbqp.onTransact(:com.google.android.gms@242335038@24.23.35 (190400-646585959):147)
07-27 05:12:16.300  1044  3078 W GLSUser : 	at android.os.Binder.execTransactInternal(Binder.java:1500)
07-27 05:12:16.300  1044  3078 W GLSUser : 	at android.os.Binder.execTransact(Binder.java:1444)
07-27 05:12:16.300  1044  3078 W GLSUser : Caused by: bpcw: Parse Proto Exception with response code 400
07-27 05:12:16.300  1044  3078 W GLSUser : 	at bpdw.b(:com.google.android.gms@242335038@24.23.35 (190400-646585959):80)
07-27 05:12:16.300  1044  3078 W GLSUser : 	at bpgb.e(:com.google.android.gms@242335038@24.23.35 (190400-646585959):17)
07-27 05:12:16.300  1044  3078 W GLSUser : 	at bpgp.onSucceeded(:com.google.android.gms@242335038@24.23.35 (190400-646585959):7)
07-27 05:12:16.300  1044  3078 W GLSUser : 	at m.mw.onSucceeded(:com.google.android.gms.dynamite_cronetdynamite@242335038@24.23.35 (190400-0):3)
07-27 05:12:16.300  1044  3078 W GLSUser : 	at m.lt.run(:com.google.android.gms.dynamite_cronetdynamite@242335038@24.23.35 (190400-0):25)
07-27 05:12:16.300  1044  3078 W GLSUser : 	at angs.c(:com.google.android.gms@242335038@24.23.35 (190400-646585959):50)
07-27 05:12:16.300  1044  3078 W GLSUser : 	at angs.run(:com.google.android.gms@242335038@24.23.35 (190400-646585959):76)
07-27 05:12:16.300  1044  3078 W GLSUser : 	at java.util.concurrent.ThreadPoolExecutor.runWorker(ThreadPoolExecutor.java:1145)
07-27 05:12:16.300  1044  3078 W GLSUser : 	at java.util.concurrent.ThreadPoolExecutor$Worker.run(ThreadPoolExecutor.java:644)
07-27 05:12:16.300  1044  3078 W GLSUser : 	at anmg.run(:com.google.android.gms@242335038@24.23.35 (190400-646585959):8)
07-27 05:12:16.300  1044  3078 W GLSUser : 	at java.lang.Thread.run(Thread.java:1012)
07-27 05:12:16.300  1044  3078 W GLSUser : Caused by: fkhe: Protocol message contained an invalid tag (zero).
07-27 05:12:16.300  1044  3078 W GLSUser : 	at fkea.k(:com.google.android.gms@242335038@24.23.35 (190400-646585959):39)
07-27 05:12:16.300  1044  3078 W GLSUser : 	at fkid.c(:com.google.android.gms@242335038@24.23.35 (190400-646585959):309)
07-27 05:12:16.300  1044  3078 W GLSUser : 	at fkid.i(:com.google.android.gms@242335038@24.23.35 (190400-646585959):8)
07-27 05:12:16.300  1044  3078 W GLSUser : 	at fkgi.fe(:com.google.android.gms@242335038@24.23.35 (190400-646585959):25)
07-27 05:12:16.300  1044  3078 W GLSUser : 	at fkgc.g(:com.google.android.gms@242335038@24.23.35 (190400-646585959):3)
07-27 05:12:16.300  1044  3078 W GLSUser : 	at fkdw.e(:com.google.android.gms@242335038@24.23.35 (190400-646585959):1)
07-27 05:12:16.300  1044  3078 W GLSUser : 	at fkdw.d(:com.google.android.gms@242335038@24.23.35 (190400-646585959):3)
07-27 05:12:16.300  1044  3078 W GLSUser : 	at fkdw.p(:com.google.android.gms@242335038@24.23.35 (190400-646585959):1)
07-27 05:12:16.300  1044  3078 W GLSUser : 	at bpdw.g(:com.google.android.gms@242335038@24.23.35 (190400-646585959):68)
07-27 05:12:16.300  1044  3078 W GLSUser : 	at bpdw.b(:com.google.android.gms@242335038@24.23.35 (190400-646585959):11)
07-27 05:12:16.300  1044  3078 W GLSUser : 	... 10 more
07-27 05:12:16.303  1044  3078 W GLSUser : [DeviceKeyStore] Cannot load key: Device key file not found.
07-27 05:12:16.313  1571  3173 D TrafficStats: tagSocket(119) with statsTag=0x2c010301, statsUid=-1
07-27 05:12:16.732  1571  3173 I cr_CronetUrlRequestContext: destroyNativeStreamLocked org.chromium.net.impl.CronetBidirectionalStream@7ccfc47
07-27 05:12:16.733  1571  2084 I NotificationsModuleTask: Registering accounts to Chime Failed & Rescheduled for later. [CONTEXT service_id=358 ]
07-27 05:12:16.736  1571  1571 D BoundBrokerSvc: onUnbind: Intent { act=com.google.android.gms.notifications.registration.service.NotificationsRegistrationTaskBoundService.ACTION_TASK_READY dat=chimera-action:/... cmp=com.google.android.gms/.chimera.GmsInternalBoundBrokerService }
07-27 05:12:16.736  1044  3211 I NetworkScheduler.Stats: Task com.google.android.gms/com.google.android.gms.notifications.registration.service.NotificationsRegistrationTaskBoundService finished executing. cause:4 result: 3 elapsed_millis: 749 uptime_millis: 749 exec_start_elapsed_seconds: 129 [CONTEXT service_id=218 ]
07-27 05:12:20.561  1044  1044 D BoundBrokerSvc: onUnbind: Intent { act=com.google.android.gms.presencemanager.service.START dat=chimera-action:/... cmp=com.google.android.gms/.chimera.PersistentApiService }
07-27 05:12:20.562  1044  1044 D BoundBrokerSvc: onUnbind: Intent { act=com.google.android.gms.presencemanager.service.INTERNAL_IDENTITY dat=chimera-action:/... cmp=com.google.android.gms/.chimera.PersistentApiService }
07-27 05:12:21.029   576   592 D OomAdjuster: Not killing cached processes
07-27 05:12:21.174  1044  3060 I NearbyMediums: No BLE Fast/GATT advertisements found in the latest cycle.
07-27 05:12:21.178   576   592 D CoreBackPreview: Window{1ebda41 u0 PopupWindow:6418409}: Setting back callback OnBackInvokedCallbackInfo{mCallback=android.window.IOnBackInvokedCallback$Stub$Proxy@e05b527, mPriority=0, mIsAnimationCallback=false}
07-27 05:12:21.238  2769  2769 W WindowOnBackDispatcher: sendCancelIfRunning: isInProgress=false callback=android.view.ViewRootImpl$$ExternalSyntheticLambda11@8b21e3c
07-27 05:12:21.240   576   643 D CoreBackPreview: Window{1ebda41 u0 PopupWindow:6418409}: Setting back callback null
07-27 05:12:21.251   576   592 W InputManager-JNI: Input channel object '1ebda41 PopupWindow:6418409 (client)' was disposed without first being removed with the input manager!
07-27 05:12:21.493  3259  3259 W BpBinder: Linking to death on android.gui.ISurfaceComposer but there are no threads (yet?) listening to incoming transactions. See ProcessState::startThreadPool and ProcessState::setThreadPoolMaxThreadCount. Generally you should setup the binder threadpool before other initialization steps.
07-27 05:12:21.494  3259  3259 W ProcessState: Extra binder thread started, but 0 threads requested. Do not use *startThreadPool when zero threads are requested.
07-27 05:12:21.509   158   158 I hwservicemanager: getTransport: Cannot find entry android.hardware.graphics.mapper@4.0::IMapper/default in either framework or device VINTF manifest.
07-27 05:12:21.510  3259  3261 I Gralloc4: mapper 4.x is not supported
07-27 05:12:21.513   157   157 I servicemanager: Caller(pid=3259,uid=2000,sid=u:r:shell:s0) Could not find android.hardware.graphics.allocator.IAllocator/default in the VINTF manifest. No alternative instances declared in VINTF.
07-27 05:12:21.806  3262  3262 D AndroidRuntime: >>>>>> START com.android.internal.os.RuntimeInit uid 2000 <<<<<<
07-27 05:12:21.836  3262  3262 I AndroidRuntime: Using default boot image
07-27 05:12:21.836  3262  3262 I AndroidRuntime: Leaving lock profiling enabled
07-27 05:12:21.842  3262  3262 I app_process: Core platform API reporting enabled, enforcing=false
07-27 05:12:21.842  3262  3262 I app_process: Using CollectorTypeCMC GC.
07-27 05:12:21.845   576   592 D CoreBackPreview: Window{a80b940 u0 PopupWindow:f34e8e6}: Setting back callback OnBackInvokedCallbackInfo{mCallback=android.window.IOnBackInvokedCallback$Stub$Proxy@c9891be, mPriority=0, mIsAnimationCallback=false}
07-27 05:12:21.867  2769  2769 W WindowOnBackDispatcher: sendCancelIfRunning: isInProgress=false callback=android.view.ViewRootImpl$$ExternalSyntheticLambda11@ac3ba7d
07-27 05:12:21.874   576   592 D CoreBackPreview: Window{a80b940 u0 PopupWindow:f34e8e6}: Setting back callback null
07-27 05:12:21.879   576   643 W InputManager-JNI: Input channel object 'a80b940 PopupWindow:f34e8e6 (client)' was disposed without first being removed with the input manager!
07-27 05:12:22.028  3262  3262 D nativeloader: InitDefaultPublicLibraries for_preload=1: libandroid.so:libaaudio.so:libamidi.so:libbinder_ndk.so:libc.so:libcamera2ndk.so:libdl.so:libEGL.so:libGLESv1_CM.so:libGLESv2.so:libGLESv3.so:libicu.so:libicui18n.so:libicuuc.so:libjnigraphics.so:liblog.so:libmediandk.so:libm.so:libnativehelper.so:libnativewindow.so:libOpenMAXAL.so:libOpenSLES.so:libRS.so:libstdc++.so:libsync.so:libvulkan.so:libwebviewchromium_plat_support.so:libz.so
07-27 05:12:22.046  3262  3262 D nativeloader: Load libicu_jni.so using APEX ns com_android_art for caller /apex/com.android.art/javalib/core-oj.jar: ok
07-27 05:12:22.046  3262  3262 D app_process: u_setTimeZoneFilesDirectory("/apex/com.android.tzdata/etc/tz/versioned/8/icu") succeeded. 
07-27 05:12:22.047  3262  3262 D app_process: I18n APEX ICU file found: /apex/com.android.i18n/etc/icu/icudt75l.dat
07-27 05:12:22.053  3262  3262 D nativeloader: Load libjavacore.so using APEX ns com_android_art for caller /apex/com.android.art/javalib/core-oj.jar: ok
07-27 05:12:22.057  3262  3262 D nativeloader: Load libopenjdk.so using APEX ns com_android_art for caller /apex/com.android.art/javalib/core-oj.jar: ok
07-27 05:12:22.063  3262  3262 W app_process: ClassLoaderContext shared library size mismatch. Expected=2, found=0 (PCL[]{PCL[/system/framework/android.test.base.jar*724373495]#PCL[/system/framework/android.test.mock.jar*1452759902]} | PCL[])
07-27 05:12:22.066  3262  3262 W app_process: ClassLoaderContext classpath size mismatch. expected=0, found=1 (PCL[]{PCL[/system/framework/android.test.runner.jar*2496447986]#PCL[/system/framework/android.test.base.jar*724373495]} | PCL[/system/framework/android.test.runner.jar*2496447986])
07-27 05:12:22.098  3262  3262 D nativeloader: Load libframework-connectivity-tiramisu-jni.so using APEX ns com_android_tethering for caller /apex/com.android.tethering/javalib/framework-connectivity-t.jar: ok
07-27 05:12:22.098  3262  3262 D AndroidRuntime: Calling main entry com.android.commands.uiautomator.Launcher
07-27 05:12:22.103  3262  3262 D UiAutomationConnection: Created on user UserHandle{0}
07-27 05:12:22.103  3262  3262 I UiAutomation: Initialized for user 0 on display 0
07-27 05:12:22.103  3262  3262 W UiAutomation: Created with deprecatead constructor, assumes DEFAULT_DISPLAY
07-27 05:12:22.105   576   643 D AccessibilityManagerService: changeCurrentUserForTestAutomationIfNeededLocked(0): ignoring because device doesn't support visible background users
07-27 05:12:22.105   576   643 I UiAutomationManager: Registering UiTestAutomationService (id=com.android.server.accessibility/UiAutomation, flags=0x0) when called by user 0
07-27 05:12:22.107   576   643 W MagnificationConnectionManager: requestConnection duplicated request: connect=false, mConnectionState=DISCONNECTED
07-27 05:12:22.108   576   576 W IPCThreadState: Sending oneway calls to frozen process.
07-27 05:12:22.109   576   576 W IPCThreadState: Sending oneway calls to frozen process.
07-27 05:12:22.109   576   576 W IPCThreadState: Sending oneway calls to frozen process.
07-27 05:12:22.109   576   576 W IPCThreadState: Sending oneway calls to frozen process.
07-27 05:12:22.109  1436  1476 I AiAiEcho: Settings changed for uri: content://settings/secure/accessibility_enabled
07-27 05:12:22.110   576   576 W IPCThreadState: Sending oneway calls to frozen process.
07-27 05:12:22.110   576   576 W IPCThreadState: Sending oneway calls to frozen process.
07-27 05:12:22.110   576   576 W IPCThreadState: Sending oneway calls to frozen process.
07-27 05:12:22.110   576   576 W IPCThreadState: Sending oneway calls to frozen process.
07-27 05:12:22.110   576   576 W IPCThreadState: Sending oneway calls to frozen process.
07-27 05:12:22.110   576   576 W IPCThreadState: Sending oneway calls to frozen process.
07-27 05:12:22.111  3262  3275 V UiAutomation: Init UiAutomation@9a27c3c[id=2, displayId=0, flags=0]
07-27 05:12:22.112   576   576 W IPCThreadState: Sending oneway calls to frozen process.
07-27 05:12:22.112   576   576 W IPCThreadState: Sending oneway calls to frozen process.
07-27 05:12:22.112   576   576 W IPCThreadState: Sending oneway calls to frozen process.
07-27 05:12:22.112   576   576 W IPCThreadState: Sending oneway calls to frozen process.
07-27 05:12:22.112   576   576 W IPCThreadState: Sending oneway calls to frozen process.
07-27 05:12:22.112   576   576 W IPCThreadState: Sending oneway calls to frozen process.
07-27 05:12:22.112   576   576 W IPCThreadState: Sending oneway calls to frozen process.
07-27 05:12:22.112   576   576 W IPCThreadState: Sending oneway calls to frozen process.
07-27 05:12:22.112   576   576 W IPCThreadState: Sending oneway calls to frozen process.
07-27 05:12:22.112   576   576 W IPCThreadState: Sending oneway calls to frozen process.
07-27 05:12:22.112   576   576 W IPCThreadState: Sending oneway calls to frozen process.
07-27 05:12:22.112   576   576 D BatterySaverPolicy: accessibility changed to true, updating policy.
07-27 05:12:22.113  1436  1698 I AiAiEcho: Predicting[0]:  [CONTEXT sampling_count=5 ]
07-27 05:12:22.114  1436  1698 I AiAiEcho: EchoTargets: 
07-27 05:12:22.114  1436  1698 I AiAiEcho: Filtered by AiAi flag check: 
07-27 05:12:22.114  1436  1698 I AiAiEcho: [CONTEXT ratelimit_period="10 SECONDS" ]
07-27 05:12:22.114  1436  1698 I AiAiEcho: Ranked targets strategy: SORT, count: 0, ranking metadata:  [CONTEXT ratelimit_period="10 SECONDS" ]
07-27 05:12:22.114  1436  1698 I AiAiEcho: #remoteViewsTwiddler: feature disabled.
07-27 05:12:22.115  1436  1698 I AiAiEcho: Predicting[0]:  [CONTEXT sampling_count=5 ]
07-27 05:12:22.115  1436  1698 I AiAiEcho: EchoTargets: 
07-27 05:12:22.115  1436  1698 I AiAiEcho: Filtered by AiAi flag check: 
07-27 05:12:22.115  1436  1698 I AiAiEcho: [CONTEXT ratelimit_period="10 SECONDS" ]
07-27 05:12:22.115  1436  1698 I AiAiEcho: Ranked targets strategy: SORT, count: 0, ranking metadata:  [CONTEXT ratelimit_period="10 SECONDS" ]
07-27 05:12:22.115  1436  1698 I AiAiEcho: #remoteViewsTwiddler: feature disabled.
07-27 05:12:22.115  1436  1698 I AiAiEcho: Predicting[0]:  [CONTEXT sampling_count=5 ]
07-27 05:12:22.115  1436  1698 I AiAiEcho: EchoTargets: 
07-27 05:12:22.115  1436  1698 I AiAiEcho: Filtered by AiAi flag check: 
07-27 05:12:22.115  1436  1698 I AiAiEcho: [CONTEXT ratelimit_period="10 SECONDS" ]
07-27 05:12:22.115   576  1720 W MagnificationConnectionManager: requestConnection duplicated request: connect=false, mConnectionState=DISCONNECTED
07-27 05:12:22.115  1436  1698 I AiAiEcho: Ranked targets strategy: SORT, count: 0, ranking metadata:  [CONTEXT ratelimit_period="10 SECONDS" ]
07-27 05:12:22.115  1436  1698 I AiAiEcho: #remoteViewsTwiddler: feature disabled.
07-27 05:12:22.116  1436  1698 I AiAiEcho: #postPredictionTargets: Sending updates to UISurface media_data_manager with targets# 0 (types=[])
07-27 05:12:22.118  1436  1698 I AiAiEcho: #postPredictionTargets: Sending updates to UISurface lockscreen with targets# 0 (types=[])
07-27 05:12:22.119  1436  1698 I AiAiEcho: #postPredictionTargets: Sending updates to UISurface home with targets# 0 (types=[])
07-27 05:12:22.120   576   576 W IPCThreadState: Sending oneway calls to frozen process.
07-27 05:12:22.120   576   576 W IPCThreadState: Sending oneway calls to frozen process.
07-27 05:12:22.120   576   576 W IPCThreadState: Sending oneway calls to frozen process.
07-27 05:12:22.120   576   576 W IPCThreadState: Sending oneway calls to frozen process.
07-27 05:12:22.120   576   576 W IPCThreadState: Sending oneway calls to frozen process.
07-27 05:12:22.138   576   576 W IPCThreadState: Sending oneway calls to frozen process.
07-27 05:12:22.138   576   576 W IPCThreadState: Sending oneway calls to frozen process.
07-27 05:12:22.138   576   576 W IPCThreadState: Sending oneway calls to frozen process.
07-27 05:12:22.139   576   576 W IPCThreadState: Sending oneway calls to frozen process.
07-27 05:12:22.139   576   576 W IPCThreadState: Sending oneway calls to frozen process.
07-27 05:12:22.139   576   576 W IPCThreadState: Sending oneway calls to frozen process.
07-27 05:12:22.139   576   576 W IPCThreadState: Sending oneway calls to frozen process.
07-27 05:12:22.139   576   576 W IPCThreadState: Sending oneway calls to frozen process.
07-27 05:12:22.139   576   576 W IPCThreadState: Sending oneway calls to frozen process.
07-27 05:12:22.140  1436  1476 I AiAiEcho: Settings changed for uri: content://settings/secure/accessibility_enabled
07-27 05:12:22.143  1436  1698 I AiAiEcho: Predicting[0]:  [CONTEXT sampling_count=5 ]
07-27 05:12:22.143  1436  1698 I AiAiEcho: EchoTargets: 
07-27 05:12:22.143  1436  1698 I AiAiEcho: Filtered by AiAi flag check: 
07-27 05:12:22.143  1436  1698 I AiAiEcho: [CONTEXT ratelimit_period="10 SECONDS" ]
07-27 05:12:22.143  1436  1698 I AiAiEcho: Ranked targets strategy: SORT, count: 0, ranking metadata:  [CONTEXT ratelimit_period="10 SECONDS" ]
07-27 05:12:22.144  1436  1698 I AiAiEcho: #remoteViewsTwiddler: feature disabled.
07-27 05:12:22.144  1436  1698 I AiAiEcho: Predicting[0]:  [CONTEXT sampling_count=5 ]
07-27 05:12:22.144  1436  1698 I AiAiEcho: EchoTargets: 
07-27 05:12:22.144  1436  1698 I AiAiEcho: Filtered by AiAi flag check: 
07-27 05:12:22.144  1436  1698 I AiAiEcho: [CONTEXT ratelimit_period="10 SECONDS" ]
07-27 05:12:22.144  1436  1698 I AiAiEcho: Ranked targets strategy: SORT, count: 0, ranking metadata:  [CONTEXT ratelimit_period="10 SECONDS" ]
07-27 05:12:22.144  1436  1698 I AiAiEcho: #remoteViewsTwiddler: feature disabled.
07-27 05:12:22.144  1436  1698 I AiAiEcho: Predicting[0]:  [CONTEXT sampling_count=5 ]
07-27 05:12:22.144  1436  1698 I AiAiEcho: EchoTargets: 
07-27 05:12:22.144  1436  1698 I AiAiEcho: Filtered by AiAi flag check: 
07-27 05:12:22.144  1436  1698 I AiAiEcho: [CONTEXT ratelimit_period="10 SECONDS" ]
07-27 05:12:22.144  1436  1698 I AiAiEcho: Ranked targets strategy: SORT, count: 0, ranking metadata:  [CONTEXT ratelimit_period="10 SECONDS" ]
07-27 05:12:22.144  1436  1698 I AiAiEcho: #remoteViewsTwiddler: feature disabled.
07-27 05:12:22.146  1436  1698 I AiAiEcho: #postPredictionTargets: Sending updates to UISurface media_data_manager with targets# 0 (types=[])
07-27 05:12:22.148  1436  1698 I AiAiEcho: #postPredictionTargets: Sending updates to UISurface lockscreen with targets# 0 (types=[])
07-27 05:12:22.148  1436  1698 I AiAiEcho: #postPredictionTargets: Sending updates to UISurface home with targets# 0 (types=[])
07-27 05:12:22.152  1306  1306 D SsBaseTemplateCard: No text view can be set up
07-27 05:12:22.152  1306  1306 D SsBaseTemplateCard: Passed-in item info is null
07-27 05:12:22.152  1306  1306 D SsBaseTemplateCard: Passed-in item info is null
07-27 05:12:22.153  1306  1306 D SsBaseTemplateCard: Passed-in item info is null
07-27 05:12:22.153  1306  1306 I SsBaseTemplateCard: Secondary card pane is null
07-27 05:12:22.153  1306  1306 D SsBaseTemplateCard: No text view can be set up
07-27 05:12:22.153  1306  1306 D SsBaseTemplateCard: Passed-in item info is null
07-27 05:12:22.153  1306  1306 D SsBaseTemplateCard: Passed-in item info is null
07-27 05:12:22.153  1306  1306 D SsBaseTemplateCard: Passed-in item info is null
07-27 05:12:22.153  1306  1306 I SsBaseTemplateCard: Secondary card pane is null
07-27 05:12:22.154   820   820 D SsMediaDataProvider: Forwarding Smartspace updates []
07-27 05:12:22.156   820   820 W PageIndicator: Total number of pages invalid: 0. Assuming 1 page.
07-27 05:12:22.156   820   820 D SsMediaDataProvider: Forwarding Smartspace updates []
07-27 05:12:22.156   820   820 W PageIndicator: Total number of pages invalid: 0. Assuming 1 page.
07-27 05:12:22.649  1370  1374 W putmethod.latin: Missing inline cache for int rto.a(java.lang.Object)
07-27 05:12:23.132  3262  3262 I AccessibilityNodeInfoDumper: Skipping invisible child: android.view.accessibility.AccessibilityNodeInfo@88c72; boundsInParent: Rect(0, 0 - 1080, 0); boundsInScreen: Rect(0, 0 - 1080, 0); boundsInWindow: Rect(0, 0 - 1080, 0); packageName: com.mediology.sinsinapp; className: android.widget.LinearLayout; text: null; error: null; maxTextLength: -1; stateDescription: null; contentDescription: null; tooltipText: null; containerTitle: null; viewIdResName: null; uniqueId: null; checkable: false; checked: false; focusable: false; focused: false; selected: false; clickable: false; longClickable: false; contextClickable: false; enabled: true; password: false; scrollable: false; granularScrollingSupported: false; importantForAccessibility: false; visible: false; actions: [AccessibilityAction: ACTION_SELECT - null, AccessibilityAction: ACTION_CLEAR_SELECTION - null, AccessibilityAction: ACTION_ACCESSIBILITY_FOCUS - null, AccessibilityAction: ACTION_SHOW_ON_SCREEN - null]; isTextSelectable: false
07-27 05:12:23.132  3262  3262 I AccessibilityNodeInfoDumper: Skipping invisible child: android.view.accessibility.AccessibilityNodeInfo@888b1; boundsInParent: Rect(0, 0 - 1080, 0); boundsInScreen: Rect(0, 0 - 1080, 0); boundsInWindow: Rect(0, 0 - 1080, 0); packageName: com.mediology.sinsinapp; className: android.view.ViewGroup; text: null; error: null; maxTextLength: -1; stateDescription: null; contentDescription: null; tooltipText: null; containerTitle: null; viewIdResName: null; uniqueId: null; checkable: false; checked: false; focusable: false; focused: false; selected: false; clickable: false; longClickable: false; contextClickable: false; enabled: true; password: false; scrollable: false; granularScrollingSupported: false; importantForAccessibility: false; visible: false; actions: [AccessibilityAction: ACTION_SELECT - null, AccessibilityAction: ACTION_CLEAR_SELECTION - null, AccessibilityAction: ACTION_ACCESSIBILITY_FOCUS - null, AccessibilityAction: ACTION_SHOW_ON_SCREEN - null]; isTextSelectable: false
07-27 05:12:23.132  3262  3262 I AccessibilityNodeInfoDumper: Skipping invisible child: android.view.accessibility.AccessibilityNodeInfo@91396; boundsInParent: Rect(0, 0 - 1080, 0); boundsInScreen: Rect(0, 0 - 1080, 0); boundsInWindow: Rect(0, 0 - 1080, 0); packageName: com.mediology.sinsinapp; className: android.widget.LinearLayout; text: null; error: null; maxTextLength: -1; stateDescription: null; contentDescription: null; tooltipText: null; containerTitle: null; viewIdResName: null; uniqueId: null; checkable: false; checked: false; focusable: false; focused: false; selected: false; clickable: false; longClickable: false; contextClickable: false; enabled: true; password: false; scrollable: false; granularScrollingSupported: false; importantForAccessibility: false; visible: false; actions: [AccessibilityAction: ACTION_SELECT - null, AccessibilityAction: ACTION_CLEAR_SELECTION - null, AccessibilityAction: ACTION_ACCESSIBILITY_FOCUS - null, AccessibilityAction: ACTION_SHOW_ON_SCREEN - null]; isTextSelectable: false
07-27 05:12:23.132  3262  3262 I AccessibilityNodeInfoDumper: Skipping invisible child: android.view.accessibility.AccessibilityNodeInfo@90fd5; boundsInParent: Rect(0, 0 - 1080, 0); boundsInScreen: Rect(0, 0 - 1080, 0); boundsInWindow: Rect(0, 0 - 1080, 0); packageName: com.mediology.sinsinapp; className: android.view.ViewGroup; text: null; error: null; maxTextLength: -1; stateDescription: null; contentDescription: null; tooltipText: null; containerTitle: null; viewIdResName: null; uniqueId: null; checkable: false; checked: false; focusable: false; focused: false; selected: false; clickable: false; longClickable: false; contextClickable: false; enabled: true; password: false; scrollable: false; granularScrollingSupported: false; importantForAccessibility: false; visible: false; actions: [AccessibilityAction: ACTION_SELECT - null, AccessibilityAction: ACTION_CLEAR_SELECTION - null, AccessibilityAction: ACTION_ACCESSIBILITY_FOCUS - null, AccessibilityAction: ACTION_SHOW_ON_SCREEN - null]; isTextSelectable: false
07-27 05:12:23.145  3262  3262 I AccessibilityNodeInfoDumper: Skipping invisible child: android.view.accessibility.AccessibilityNodeInfo@e4e8; boundsInParent: Rect(0, 0 - 1080, 121); boundsInScreen: Rect(0, 0 - 1080, -121); boundsInWindow: Rect(0, 0 - 1080, -121); packageName: com.mediology.sinsinapp; className: android.view.ViewGroup; text: null; error: null; maxTextLength: -1; stateDescription: null; contentDescription: null; tooltipText: null; containerTitle: null; viewIdResName: toastAnimatedContainer; uniqueId: null; checkable: false; checked: false; focusable: false; focused: false; selected: false; clickable: false; longClickable: false; contextClickable: false; enabled: true; password: false; scrollable: false; granularScrollingSupported: false; importantForAccessibility: true; visible: false; actions: [AccessibilityAction: ACTION_SELECT - null, AccessibilityAction: ACTION_CLEAR_SELECTION - null, AccessibilityAction: ACTION_ACCESSIBILITY_FOCUS - null, AccessibilityAction: ACTION_SHOW_ON_SCREEN - null]; isTextSelectable: false
07-27 05:12:23.145  3262  3262 I AccessibilityNodeInfoDumper: Skipping invisible child: android.view.accessibility.AccessibilityNodeInfo@ce62; boundsInParent: Rect(0, 0 - 1080, 0); boundsInScreen: Rect(0, 2400 - 1080, 2400); boundsInWindow: Rect(0, 2400 - 1080, 2400); packageName: com.mediology.sinsinapp; className: android.view.ViewGroup; text: null; error: null; maxTextLength: -1; stateDescription: null; contentDescription: null; tooltipText: null; containerTitle: null; viewIdResName: null; uniqueId: null; checkable: false; checked: false; focusable: false; focused: false; selected: false; clickable: false; longClickable: false; contextClickable: false; enabled: true; password: false; scrollable: false; granularScrollingSupported: false; importantForAccessibility: false; visible: false; actions: [AccessibilityAction: ACTION_SELECT - null, AccessibilityAction: ACTION_CLEAR_SELECTION - null, AccessibilityAction: ACTION_ACCESSIBILITY_FOCUS - null, AccessibilityAction: ACTION_SHOW_ON_SCREEN - null]; isTextSelectable: false
07-27 05:12:23.146  3262  3262 W AccessibilityNodeInfoDumper: Fetch time: 20ms
07-27 05:12:23.152  1436  1476 I AiAiEcho: Settings changed for uri: content://settings/secure/accessibility_enabled
07-27 05:12:23.152   576   643 W MagnificationConnectionManager: requestConnection duplicated request: connect=false, mConnectionState=DISCONNECTED
07-27 05:12:23.152   576   643 D AccessibilityManagerService: restoreCurrentUserForTestAutomationIfNeededLocked(): ignoring because device doesn't support visible background users
07-27 05:12:23.152   576   576 W IPCThreadState: Sending oneway calls to frozen process.
07-27 05:12:23.152   576   576 W IPCThreadState: Sending oneway calls to frozen process.
07-27 05:12:23.152  1436  1698 I AiAiEcho: Predicting[0]:  [CONTEXT sampling_count=5 ]
07-27 05:12:23.152   576   576 W IPCThreadState: Sending oneway calls to frozen process.
07-27 05:12:23.152  1436  1698 I AiAiEcho: EchoTargets: 
07-27 05:12:23.152  1436  1698 I AiAiEcho: Filtered by AiAi flag check: 
07-27 05:12:23.152  1436  1698 I AiAiEcho: [CONTEXT ratelimit_period="10 SECONDS" ]
07-27 05:12:23.152  1436  1698 I AiAiEcho: Ranked targets strategy: SORT, count: 0, ranking metadata:  [CONTEXT ratelimit_period="10 SECONDS" ]
07-27 05:12:23.152  1436  1698 I AiAiEcho: #remoteViewsTwiddler: feature disabled.
07-27 05:12:23.152  1436  1698 I AiAiEcho: Predicting[0]:  [CONTEXT sampling_count=5 ]
07-27 05:12:23.152  1436  1698 I AiAiEcho: EchoTargets: 
07-27 05:12:23.152  1436  1698 I AiAiEcho: Filtered by AiAi flag check: 
07-27 05:12:23.152  1436  1698 I AiAiEcho: [CONTEXT ratelimit_period="10 SECONDS" ]
07-27 05:12:23.152   576   576 W IPCThreadState: Sending oneway calls to frozen process.
07-27 05:12:23.152   576   576 W IPCThreadState: Sending oneway calls to frozen process.
07-27 05:12:23.152   576   576 W IPCThreadState: Sending oneway calls to frozen process.
07-27 05:12:23.152   576   576 W IPCThreadState: Sending oneway calls to frozen process.
07-27 05:12:23.152   576   576 W IPCThreadState: Sending oneway calls to frozen process.
07-27 05:12:23.152   576   576 W IPCThreadState: Sending oneway calls to frozen process.
07-27 05:12:23.152   576   576 W IPCThreadState: Sending oneway calls to frozen process.
07-27 05:12:23.153   576   576 W IPCThreadState: Sending oneway calls to frozen process.
07-27 05:12:23.153   576   576 W IPCThreadState: Sending oneway calls to frozen process.
07-27 05:12:23.153   576   576 W IPCThreadState: Sending oneway calls to frozen process.
07-27 05:12:23.153   576   576 W IPCThreadState: Sending oneway calls to frozen process.
07-27 05:12:23.153   576   576 W IPCThreadState: Sending oneway calls to frozen process.
07-27 05:12:23.153   576   576 W IPCThreadState: Sending oneway calls to frozen process.
07-27 05:12:23.153   576   576 W IPCThreadState: Sending oneway calls to frozen process.
07-27 05:12:23.153   576   576 W IPCThreadState: Sending oneway calls to frozen process.
07-27 05:12:23.153   576   576 W IPCThreadState: Sending oneway calls to frozen process.
07-27 05:12:23.153   576   576 W IPCThreadState: Sending oneway calls to frozen process.
07-27 05:12:23.153   576   576 W IPCThreadState: Sending oneway calls to frozen process.
07-27 05:12:23.153   576   576 D BatterySaverPolicy: accessibility changed to false, updating policy.
07-27 05:12:23.156  3262  3262 D AndroidRuntime: Shutting down VM
07-27 05:12:23.152  1436  1698 I AiAiEcho: Ranked targets strategy: SORT, count: 0, ranking metadata:  [CONTEXT ratelimit_period="10 SECONDS" ]
07-27 05:12:23.157  1436  1698 I AiAiEcho: #remoteViewsTwiddler: feature disabled.
07-27 05:12:23.157  1436  1698 I AiAiEcho: Predicting[0]:  [CONTEXT sampling_count=5 ]
07-27 05:12:23.157  1436  1698 I AiAiEcho: EchoTargets: 
07-27 05:12:23.157  1436  1698 I AiAiEcho: Filtered by AiAi flag check: 
07-27 05:12:23.157  1436  1698 I AiAiEcho: [CONTEXT ratelimit_period="10 SECONDS" ]
07-27 05:12:23.157  1436  1698 I AiAiEcho: Ranked targets strategy: SORT, count: 0, ranking metadata:  [CONTEXT ratelimit_period="10 SECONDS" ]
07-27 05:12:23.157  1436  1698 I AiAiEcho: #remoteViewsTwiddler: feature disabled.
07-27 05:12:23.157  1436  1698 I AiAiEcho: #postPredictionTargets: Sending updates to UISurface media_data_manager with targets# 0 (types=[])
07-27 05:12:23.157  1436  1698 I AiAiEcho: #postPredictionTargets: Sending updates to UISurface lockscreen with targets# 0 (types=[])
07-27 05:12:23.158  1436  1698 I AiAiEcho: #postPredictionTargets: Sending updates to UISurface home with targets# 0 (types=[])
07-27 05:12:23.159  1306  1306 D SsBaseTemplateCard: No text view can be set up
07-27 05:12:23.159   820   820 D SsMediaDataProvider: Forwarding Smartspace updates []
07-27 05:12:23.159  1306  1306 D SsBaseTemplateCard: Passed-in item info is null
07-27 05:12:23.159  1306  1306 D SsBaseTemplateCard: Passed-in item info is null
07-27 05:12:23.159  1306  1306 D SsBaseTemplateCard: Passed-in item info is null
07-27 05:12:23.159  1306  1306 I SsBaseTemplateCard: Secondary card pane is null
07-27 05:12:23.159   820   820 W PageIndicator: Total number of pages invalid: 0. Assuming 1 page.
07-27 05:12:24.064   169   169 I logd    : logdr: UID=2000 GID=2000 PID=3278 n tail=1600 logMask=99 pid=0 start=0ns deadline=0ns
07-27 05:12:29.812  1450  1759 I BistoHotwordHelper: (REDACTED) getHotwordActive::active query: %s, watch: %s, devices connected: %s
07-27 05:12:31.069   576   643 D OomAdjuster: Not killing cached processes
07-27 05:12:31.090  1571  1571 D BoundBrokerSvc: onUnbind: Intent { act=com.google.android.gms.auth.service.START pkg=com.google.android.gms }
07-27 05:12:31.175  1044  3060 I NearbyMediums: No BLE Fast/GATT advertisements found in the latest cycle.
07-27 05:12:31.812   820  1047 D EGL_emulation: app_time_stats: avg=9018.52ms min=22.53ms max=18014.51ms count=2
07-27 05:12:33.242   576   643 D CoreBackPreview: Window{a342c34 u0 PopupWindow:6787915}: Setting back callback OnBackInvokedCallbackInfo{mCallback=android.window.IOnBackInvokedCallback$Stub$Proxy@6c17fd2, mPriority=0, mIsAnimationCallback=false}
07-27 05:12:33.294  2769  2769 W WindowOnBackDispatcher: sendCancelIfRunning: isInProgress=false callback=android.view.ViewRootImpl$$ExternalSyntheticLambda11@25e2fb8
07-27 05:12:33.295   576   643 D CoreBackPreview: Window{a342c34 u0 PopupWindow:6787915}: Setting back callback null
07-27 05:12:33.296   576  1968 W InputManager-JNI: Input channel object 'a342c34 PopupWindow:6787915 (client)' was disposed without first being removed with the input manager!
07-27 05:12:34.677   576   643 I ActivityManager: Force stopping com.mediology.sinsinapp appid=10208 user=0: from pid 3284
07-27 05:12:34.685   576   598 D DisplayManagerService: Drop pending events for gone uid 10208
07-27 05:12:34.693   576   643 I ActivityManager: Killing 2769:com.mediology.sinsinapp/u0a208 (adj 0): stop com.mediology.sinsinapp due to from pid 3284
07-27 05:12:34.705   576   730 D InetDiagMessage: Destroyed 0 sockets, proto=IPPROTO_TCP, family=AF_INET, states=14
07-27 05:12:34.706   576   730 D InetDiagMessage: Destroyed 1 sockets, proto=IPPROTO_TCP, family=AF_INET6, states=14
07-27 05:12:34.706   576   730 D InetDiagMessage: Destroyed live tcp sockets for uids={10208} in 2ms
07-27 05:12:34.706   576   730 D InetDiagMessage: Destroyed 0 sockets, proto=IPPROTO_TCP, family=AF_INET, states=14
07-27 05:12:34.706   576   730 D InetDiagMessage: Destroyed 0 sockets, proto=IPPROTO_TCP, family=AF_INET6, states=14
07-27 05:12:34.706   576   730 D InetDiagMessage: Destroyed live tcp sockets for uids={20208} in 0ms
07-27 05:12:34.706   380   457 I netd    : tetherGetStats() -> {[]} <4.75ms>
07-27 05:12:34.707  1571  1571 D BoundBrokerSvc: onUnbind: Intent { act=com.google.android.gms.auth.api.signin.service.START pkg=com.google.android.gms }
07-27 05:12:34.709   576   643 W ActivityTaskManager: Force removing ActivityRecord{1259f5e u0 com.mediology.sinsinapp/.MainActivity t75 f}}: app died, no saved state
07-27 05:12:34.726   820   893 V WindowManagerShell: Transition requested (#13): android.os.BinderProxy@b7fb29a TransitionRequestInfo { type = CLOSE, triggerTask = TaskInfo{userId=0 taskId=75 displayId=0 isRunning=false baseIntent=Intent { act=android.intent.action.MAIN cat=[android.intent.category.LAUNCHER] flg=0x10200000 cmp=com.mediology.sinsinapp/.MainActivity } baseActivity=null topActivity=null origActivity=null realActivity=ComponentInfo{com.mediology.sinsinapp/com.mediology.sinsinapp.MainActivity} numActivities=0 lastActiveTime=60857 supportsMultiWindow=true resizeMode=1 isResizeable=true minWidth=-1 minHeight=-1 defaultMinSize=220 token=WCT{android.window.IWindowContainerToken$Stub$Proxy@ae627cb} topActivityType=1 pictureInPictureParams=null shouldDockBigOverlays=false launchIntoPipHostTaskId=-1 lastParentTaskIdBeforePip=-1 displayCutoutSafeInsets=null topActivityInfo=null launchCookies=[] positionInParent=Point(0, 0) parentTaskId=-1 isFocused=true isVisible=true isVisibleRequested=true isSleeping=false locusId=null displayAreaFeatureId=1 isTopActivityTransparent=false appCompatTaskInfo=AppCompatTaskInfo { topActivityInSizeCompat=false topActivityEligibleForLetterboxEducation= falseisLetterboxEducationEnabled= false isLetterboxDoubleTapEnabled= false topActivityEligibleForUserAspectRatioButton= false topActivityBoundsLetterboxed= false isFromLetterboxDoubleTap= false topActivityLetterboxVerticalPosition= -1 topActivityLetterboxHorizontalPosition= -1 topActivityLetterboxWidth=-1 topActivityLetterboxHeight=-1 isUserFullscreenOverrideEnabled=false isSystemFullscreenOverrideEnabled=false cameraCompatTaskInfo=CameraCompatTaskInfo { cameraCompatControlState=hidden freeformCameraCompatMode=inactive}}}, pipTask = null, remoteTransition = null, displayChange = null, flags = 0, debugId = 13 }
07-27 05:12:34.770   431   431 I BpBinder: onLastStrongRef automatically unlinking death recipients: 
07-27 05:12:34.833   820   893 W Looper  : Slow dispatch took 114ms wmshell.main h=android.os.Handler c=com.android.wm.shell.transition.Transitions$TransitionPlayerImpl$$ExternalSyntheticLambda1@620fba8 m=0
07-27 05:12:34.834   820   893 W Looper  : Slow delivery took 110ms wmshell.main h=android.os.Handler c=com.android.wm.shell.pip.PinnedStackListenerForwarder$PinnedTaskListenerImpl$$ExternalSyntheticLambda1@4a886c1 m=0
07-27 05:12:34.882   576  2026 I AppWidgetServiceImpl: startListening() 0
07-27 05:12:34.883   820   893 W Looper  : Slow dispatch took 49ms wmshell.main h=android.os.Handler c=android.window.TaskOrganizer$1$$ExternalSyntheticLambda4@f165e66 m=0
07-27 05:12:34.949   576   664 W system_server: Long monitor contention with owner binder:576_4 (643) at void com.android.server.am.ActivityManagerService.forceStopPackage(java.lang.String, int, int, java.lang.String)(ActivityManagerService.java:3966) waiters=0 in int com.android.server.am.ActivityManagerService.getMemoryTrimLevel() for 193ms
07-27 05:12:34.957   576   608 W system_server: Long monitor contention with owner binder:576_4 (643) at void com.android.server.am.ActivityManagerService.forceStopPackage(java.lang.String, int, int, java.lang.String)(ActivityManagerService.java:3966) waiters=1 in void com.android.server.am.BroadcastQueueModernImpl.updateRunningList() for 250ms
07-27 05:12:34.972   820   893 D WindowManagerShell: setLauncherKeepClearAreaHeight: visible=true, height=527
07-27 05:12:34.972   820   893 W Looper  : Drained
07-27 05:12:34.984  1306  1306 D NexusLauncherModelDelegate: notifySmartspaceEvent: SmartspaceTargetEvent{mSmartspaceTarget=null, mSmartspaceActionId='null', mEventType=6}
07-27 05:12:35.061   576   601 W ActivityTaskManager: Unable to send transaction to client proc com.mediology.sinsinapp: no app thread
07-27 05:12:35.071   576   757 I AppWidgetServiceImpl: Received broadcast: android.intent.action.PACKAGE_RESTARTED on user 0
07-27 05:12:35.072   576   757 I AppWidgetServiceImpl: Updating package stopped masked state for uid 10208 package com.mediology.sinsinapp isStopped true
07-27 05:12:35.074   953   953 D CarrierSvcBindHelper: onHandleForceStop: [com.mediology.sinsinapp]
07-27 05:12:35.085   953   953 D CarrierSvcBindHelper: No carrier app for: 0
07-27 05:12:35.139  1306  1306 D BaseDepthController: setSurface:
07-27 05:12:35.139  1306  1306 D BaseDepthController: 	mWaitingOnSurfaceValidity: false
07-27 05:12:35.139  1306  1306 D BaseDepthController: 	mSurface: Surface(name=com.google.android.apps.nexuslauncher/com.google.android.apps.nexuslauncher.NexusLauncherActivity)/@0x89d3aa0
07-27 05:12:35.178   576   875 I WindowManager: WIN DEATH: Window{402e466 u0 com.mediology.sinsinapp/com.mediology.sinsinapp.MainActivity}
07-27 05:12:35.178   576   875 W InputManager-JNI: Input channel object '402e466 com.mediology.sinsinapp/com.mediology.sinsinapp.MainActivity (client)' was disposed without first being removed with the input manager!
07-27 05:12:35.178   576  2029 I ImeTracker: com.mediology.sinsinapp:a9c8a60d: onRequestHide at ORIGIN_SERVER reason HIDE_REMOVE_CLIENT fromUser false
07-27 05:12:35.180   576   600 W ActivityManager: setHasOverlayUi called on unknown pid: 2769
07-27 05:12:35.181   443   443 I adbd    : Remote process closed the socket (on MSG_PEEK)
07-27 05:12:35.182   576  2029 I ImeTracker: com.mediology.sinsinapp:a9c8a60d: onCancelled at PHASE_SERVER_SHOULD_HIDE
07-27 05:12:35.186   576  2028 V ActivityManager: Got obituary of 2769:com.mediology.sinsinapp
07-27 05:12:35.188   381   381 I Zygote  : Process 2769 exited due to signal 9 (Killed)
07-27 05:12:35.202  1306  1306 I TopTaskTracker: onTaskMovedToFront: (moved taskInfo to front) taskId=74, baseIntent=Intent { act=android.intent.action.MAIN cat=[android.intent.category.HOME] flg=0x10000100 cmp=com.google.android.apps.nexuslauncher/.NexusLauncherActivity }
07-27 05:12:35.227  1306  1306 D StatsLog: LAUNCHER_ONRESUME
07-27 05:12:35.229  1596  1717 W Bugle   : TextClassifierLibManagerImpl: Reclaiming memory at level: 40
07-27 05:12:35.239   576   610 I libprocessgroup: Removed cgroup /sys/fs/cgroup/uid_10208/pid_2769
07-27 05:12:35.275  1596  1596 I BugleDataModel: ActionExecutorImpl: Starting ActionService
07-27 05:12:35.279   820  1359 V WindowManagerShell: onTransitionReady(transaction=2473901163047)
07-27 05:12:35.288   820   893 V WindowManagerShell: onTransitionReady (#13) android.os.BinderProxy@b7fb29a: {id=13 t=CLOSE f=0x0 trk=0 r=[0@Point(0, 0)] c=[{WCT{android.window.IWindowContainerToken$Stub$Proxy@b1c543} m=TO_FRONT f=SHOW_WALLPAPER|MOVE_TO_TOP leash=Surface(name=Task=1)/@0x62d75a7 sb=Rect(0, 0 - 1080, 2400) eb=Rect(0, 0 - 1080, 2400) d=0 taskParent=-1},{WCT{android.window.IWindowContainerToken$Stub$Proxy@a9d97c0} m=CLOSE f=NONE leash=Surface(name=Task=75)/@0x15e2a54 sb=Rect(0, 0 - 1080, 2400) eb=Rect(0, 0 - 1080, 2400) d=0 taskParent=-1},{null m=TO_FRONT f=IS_WALLPAPER leash=Surface(name=WallpaperWindowToken{6f9c0af token=android.os.Binder@158508e})/@0x6f5cdfd sb=Rect(0, 0 - 1080, 2400) eb=Rect(0, 0 - 1080, 2400) d=0}]}
07-27 05:12:35.310   576  1461 W AppSearchIcing: icing-search-engine.cc:321: Error: 5, Message: Document (com.google.android.googlequicksearchbox$OneSearchZeroStateGoogleSuggestions/default, zp) not found.
07-27 05:12:35.352  1306  1332 D QuickstepModelDelegate: notifyAppTargetEvent action=1 launchLocation=workspace/0/[-1,-1]/[1,1]
07-27 05:12:35.361   820   893 V WindowManagerShell: Playing animation for (#13) android.os.BinderProxy@b7fb29a@0
07-27 05:12:35.365  1596  1596 I BugleDataModel: ActionExecutorImpl: ACTION_EXECUTE_QUEUED_SelfParticipantsRefreshAction
07-27 05:12:35.366  1306  1545 D EGL_emulation: app_time_stats: avg=49104.62ms min=547.64ms max=97661.60ms count=2
07-27 05:12:35.367   820   893 V WindowManagerShell:  try handler com.android.wm.shell.transition.DefaultMixedHandler@a891ec
07-27 05:12:35.367   820   893 V WindowManagerShell:  try handler com.android.wm.shell.keyguard.KeyguardTransitionHandler@cc439b5
07-27 05:12:35.367   820   893 V WindowManagerShell:  try handler com.android.wm.shell.pip.PipTransition@1fe84a
07-27 05:12:35.367   820   893 V WindowManagerShell:  try handler com.android.wm.shell.activityembedding.ActivityEmbeddingController@998a3bb
07-27 05:12:35.368   820   893 V WindowManagerShell:  try handler com.android.wm.shell.recents.RecentsTransitionHandler@582e0d8
07-27 05:12:35.368   820   893 V ShellRecents: RecentsTransitionHandler.startAnimation: no controller found
07-27 05:12:35.368   820   893 V WindowManagerShell:  try handler com.android.wm.shell.splitscreen.StageCoordinator@84bbc31
07-27 05:12:35.368   820   893 V WindowManagerShell:  try handler com.android.wm.shell.transition.RemoteTransitionHandler@a7c3f16
07-27 05:12:35.368   820   893 V WindowManagerShell: Transition doesn't have explicit remote, search filters for match for {id=13 t=CLOSE f=0x0 trk=0 r=[0@Point(0, 0)] c=[{WCT{android.window.IWindowContainerToken$Stub$Proxy@b1c543} m=TO_FRONT f=SHOW_WALLPAPER|MOVE_TO_TOP leash=Surface(name=Task=1)/@0x62d75a7 sb=Rect(0, 0 - 1080, 2400) eb=Rect(0, 0 - 1080, 2400) d=0 taskParent=-1},{WCT{android.window.IWindowContainerToken$Stub$Proxy@a9d97c0} m=CLOSE f=NONE leash=Surface(name=Task=75)/@0x15e2a54 sb=Rect(0, 0 - 1080, 2400) eb=Rect(0, 0 - 1080, 2400) d=0 taskParent=-1},{null m=TO_FRONT f=IS_WALLPAPER leash=Surface(name=WallpaperWindowToken{6f9c0af token=android.os.Binder@158508e})/@0x6f5cdfd sb=Rect(0, 0 - 1080, 2400) eb=Rect(0, 0 - 1080, 2400) d=0}]}
07-27 05:12:35.369   820   893 V WindowManagerShell:  Checking filter Pair{{types=[] flags=0x0] notFlags=0x0 checks=[{atype=undefined independent=true modes=[OPEN,TO_FRONT] flags=IN_TASK_WITH_EMBEDDED_ACTIVITY mustBeTask=false order=ANY topActivity=ComponentInfo{com.google.android.apps.nexuslauncher/com.google.android.apps.nexuslauncher.NexusLauncherActivity} launchCookie=null},{atype=undefined independent=true modes=[CLOSE,TO_BACK] flags=IN_TASK_WITH_EMBEDDED_ACTIVITY mustBeTask=false order=ANY topActivity=null launchCookie=null}]} RemoteTransition { remoteTransition = android.window.IRemoteTransition$Stub$Proxy@d61525b, appThread = android.app.IApplicationThread$Stub$Proxy@6e9faf8, debugName = OverlaySwipeBack }}
07-27 05:12:35.369   820   893 V WindowManagerShell:  Checking filter Pair{{types=[] flags=0x0] notFlags=0x0 checks=[{atype=dream independent=true modes=[OPEN,TO_FRONT] flags=NONE mustBeTask=false order=ANY topActivity=null launchCookie=null},{atype=home independent=true modes=[CLOSE,TO_BACK] flags=NONE mustBeTask=false order=ANY topActivity=null launchCookie=null}]} RemoteTransition { remoteTransition = android.window.IRemoteTransition$Stub$Proxy@fe79bd1, appThread = android.app.IApplicationThread$Stub$Proxy@bbd3636, debugName = LauncherToDream }}
07-27 05:12:35.369   820   893 V WindowManagerShell:  Checking filter Pair{{types=[] flags=0x0] notFlags=0x100 checks=[{atype=home independent=true modes=[OPEN,TO_FRONT] flags=NONE mustBeTask=false order=TOP topActivity=ComponentInfo{com.google.android.apps.nexuslauncher/com.google.android.apps.nexuslauncher.NexusLauncherActivity} launchCookie=null},{atype=standard independent=true modes=[CLOSE,TO_BACK] flags=NONE mustBeTask=false order=ANY topActivity=null launchCookie=null}]} RemoteTransition { remoteTransition = android.window.IRemoteTransition$Stub$Proxy@9d8b937, appThread = android.app.IApplicationThread$Stub$Proxy@13fcea4, debugName = QuickstepLaunchHome }}
07-27 05:12:35.369   820   893 D RemoteTransitionHandler: Found filterPair{{types=[] flags=0x0] notFlags=0x100 checks=[{atype=home independent=true modes=[OPEN,TO_FRONT] flags=NONE mustBeTask=false order=TOP topActivity=ComponentInfo{com.google.android.apps.nexuslauncher/com.google.android.apps.nexuslauncher.NexusLauncherActivity} launchCookie=null},{atype=standard independent=true modes=[CLOSE,TO_BACK] flags=NONE mustBeTask=false order=ANY topActivity=null launchCookie=null}]} RemoteTransition { remoteTransition = android.window.IRemoteTransition$Stub$Proxy@9d8b937, appThread = android.app.IApplicationThread$Stub$Proxy@13fcea4, debugName = QuickstepLaunchHome }}
07-27 05:12:35.369   820   893 V WindowManagerShell:  Delegate animation for (#13) to RemoteTransition { remoteTransition = android.window.IRemoteTransition$Stub$Proxy@9d8b937, appThread = android.app.IApplicationThread$Stub$Proxy@13fcea4, debugName = QuickstepLaunchHome }
07-27 05:12:35.370  1596  3288 I BugleDataModel: ExecuteActionRunnable: running action SelfParticipantsRefreshAction
07-27 05:12:35.398  1596  3288 I BugleDataModel: ActionExecutorImpl: ACTION_BACKGROUND_QUEUED_SelfParticipantsRefreshAction
07-27 05:12:35.419   820   893 V WindowManagerShell:  animated by com.android.wm.shell.transition.RemoteTransitionHandler@a7c3f16
07-27 05:12:35.420   820   893 W Looper  : Slow dispatch took 132ms wmshell.main h=android.os.Handler c=com.android.wm.shell.transition.Transitions$TransitionPlayerImpl$$ExternalSyntheticLambda0@348d43e m=0
07-27 05:12:35.420   820   893 W Looper  : Slow delivery took 62ms wmshell.main h=android.os.Handler c=null m=2
07-27 05:12:35.437   576   597 V WindowManager: Sent Transition (#13) createdAt=07-27 05:12:34.709 via request=TransitionRequestInfo { type = CLOSE, triggerTask = TaskInfo{userId=0 taskId=75 displayId=0 isRunning=false baseIntent=Intent { act=android.intent.action.MAIN cat=[android.intent.category.LAUNCHER] flg=0x10200000 cmp=com.mediology.sinsinapp/.MainActivity } baseActivity=null topActivity=null origActivity=null realActivity=ComponentInfo{com.mediology.sinsinapp/com.mediology.sinsinapp.MainActivity} numActivities=0 lastActiveTime=60857 supportsMultiWindow=true resizeMode=1 isResizeable=true minWidth=-1 minHeight=-1 defaultMinSize=220 token=WCT{RemoteToken{d24139f Task{489029d #75 type=standard A=10208:com.mediology.sinsinapp}}} topActivityType=1 pictureInPictureParams=null shouldDockBigOverlays=false launchIntoPipHostTaskId=-1 lastParentTaskIdBeforePip=-1 displayCutoutSafeInsets=null topActivityInfo=null launchCookies=[] positionInParent=Point(0, 0) parentTaskId=-1 isFocused=true isVisible=true isVisibleRequested=true isSleeping=false locusId=null displayAreaFeatureId=1 isTopActivityTransparent=false appCompatTaskInfo=AppCompatTaskInfo { topActivityInSizeCompat=false topActivityEligibleForLetterboxEducation= falseisLetterboxEducationEnabled= false isLetterboxDoubleTapEnabled= false topActivityEligibleForUserAspectRatioButton= false topActivityBoundsLetterboxed= false isFromLetterboxDoubleTap= false topActivityLetterboxVerticalPosition= -1 topActivityLetterboxHorizontalPosition= -1 topActivityLetterboxWidth=-1 topActivityLetterboxHeight=-1 isUserFullscreenOverrideEnabled=false isSystemFullscreenOverrideEnabled=false cameraCompatTaskInfo=CameraCompatTaskInfo { cameraCompatControlState=hidden freeformCameraCompatMode=inactive}}}, pipTask = null, remoteTransition = null, displayChange = null, flags = 0, debugId = 13 }
07-27 05:12:35.437   576   597 V WindowManager:     startWCT=WindowContainerTransaction { changes = {} hops = [] errorCallbackToken=null taskFragmentOrganizer=null }
07-27 05:12:35.438   576   597 V WindowManager:     info={id=13 t=CLOSE f=0x0 trk=0 r=[0@Point(0, 0)] c=[
07-27 05:12:35.438   576   597 V WindowManager:         {WCT{RemoteToken{413c8b5 Task{fec3a03 #1 type=home}}} m=TO_FRONT f=SHOW_WALLPAPER|MOVE_TO_TOP leash=Surface(name=Task=1)/@0xcb398cb sb=Rect(0, 0 - 1080, 2400) eb=Rect(0, 0 - 1080, 2400) d=0 taskParent=-1},
07-27 05:12:35.438   576   597 V WindowManager:         {WCT{RemoteToken{d24139f Task{489029d #75 type=standard A=10208:com.mediology.sinsinapp}}} m=CLOSE f=NONE leash=Surface(name=Task=75)/@0x90818a8 sb=Rect(0, 0 - 1080, 2400) eb=Rect(0, 0 - 1080, 2400) d=0 taskParent=-1},
07-27 05:12:35.438   576   597 V WindowManager:         {null m=TO_FRONT f=IS_WALLPAPER leash=Surface(name=WallpaperWindowToken{6f9c0af token=android.os.Binder@158508e})/@0xc1158b5 sb=Rect(0, 0 - 1080, 2400) eb=Rect(0, 0 - 1080, 2400) d=0}
07-27 05:12:35.438   576   597 V WindowManager:     ]}
07-27 05:12:35.553  1306  1740 D OneSearchSuggestProvider: AppSearch 0-state cache not available, fallback to AGA
07-27 05:12:35.553  1306  1740 D OneSearchSuggestProvider: java.util.concurrent.CompletionException: java.util.NoSuchElementException: No value present
07-27 05:12:35.553  1306  1740 D OneSearchSuggestProvider: 	at java.util.concurrent.CompletableFuture.encodeThrowable(CompletableFuture.java:308)
07-27 05:12:35.553  1306  1740 D OneSearchSuggestProvider: 	at java.util.concurrent.CompletableFuture.completeThrowable(CompletableFuture.java:323)
07-27 05:12:35.553  1306  1740 D OneSearchSuggestProvider: 	at java.util.concurrent.CompletableFuture$UniAccept.tryFire(CompletableFuture.java:684)
07-27 05:12:35.553  1306  1740 D OneSearchSuggestProvider: 	at java.util.concurrent.CompletableFuture.postComplete(CompletableFuture.java:486)
07-27 05:12:35.553  1306  1740 D OneSearchSuggestProvider: 	at java.util.concurrent.CompletableFuture.completeExceptionally(CompletableFuture.java:2138)
07-27 05:12:35.553  1306  1740 D OneSearchSuggestProvider: 	at com.google.android.apps.nexuslauncher.allapps.E0.onResult(go/retraceme 31f9979659277bb965985aff1272c33e3c3c9e755b77166d20a2465454178f2c:67)
07-27 05:12:35.553  1306  1740 D OneSearchSuggestProvider: 	at android.app.appsearch.SearchSessionUtil$1.lambda$onResult$0(go/retraceme 64eee9e9f568ff45978879ad2ff83146f2618ee8a88278736fbdf5fae931976e:144)
07-27 05:12:35.553  1306  1740 D OneSearchSuggestProvider: 	at android.app.appsearch.SearchSessionUtil$1.$r8$lambda$CEk3q8sDAQVhU3rQwVueB8FAj_M(go/retraceme 64eee9e9f568ff45978879ad2ff83146f2618ee8a88278736fbdf5fae931976e:1)
07-27 05:12:35.553  1306  1740 D OneSearchSuggestProvider: 	at android.app.appsearch.SearchSessionUtil$1$$ExternalSyntheticLambda0.run(go/retraceme 64eee9e9f568ff45978879ad2ff83146f2618ee8a88278736fbdf5fae931976e:22)
07-27 05:12:35.553  1306  1740 D OneSearchSuggestProvider: 	at android.os.Handler.handleCallback(Handler.java:959)
07-27 05:12:35.553  1306  1740 D OneSearchSuggestProvider: 	at android.os.Handler.dispatchMessage(Handler.java:100)
07-27 05:12:35.553  1306  1740 D OneSearchSuggestProvider: 	at android.os.Looper.loopOnce(Looper.java:232)
07-27 05:12:35.553  1306  1740 D OneSearchSuggestProvider: 	at android.os.Looper.loop(Looper.java:317)
07-27 05:12:35.553  1306  1740 D OneSearchSuggestProvider: 	at android.os.HandlerThread.run(HandlerThread.java:85)
07-27 05:12:35.553  1306  1740 D OneSearchSuggestProvider: Caused by: java.util.NoSuchElementException: No value present
07-27 05:12:35.553  1306  1740 D OneSearchSuggestProvider: 	at java.util.Optional.get(Optional.java:143)
07-27 05:12:35.553  1306  1740 D OneSearchSuggestProvider: 	at com.google.android.apps.nexuslauncher.allapps.E0.onResult(go/retraceme 31f9979659277bb965985aff1272c33e3c3c9e755b77166d20a2465454178f2c:28)
07-27 05:12:35.553  1306  1740 D OneSearchSuggestProvider: 	... 8 more
07-27 05:12:35.555  1306  1306 D StateManager: createAtomicAnimation - fromState: Background, toState: Normal, partial trace:
07-27 05:12:35.555  1306  1306 D StateManager: 	at com.android.quickstep.util.StaggeredWorkspaceAnim.prepareToAnimate(go/retraceme 31f9979659277bb965985aff1272c33e3c3c9e755b77166d20a2465454178f2c:22)
07-27 05:12:35.555  1306  1306 D StateManager: 	at com.android.quickstep.util.StaggeredWorkspaceAnim.<init>(go/retraceme 31f9979659277bb965985aff1272c33e3c3c9e755b77166d20a2465454178f2c:4)
07-27 05:12:35.555  1306  1306 D StateManager: 	at com.android.quickstep.util.StaggeredWorkspaceAnim.<init>(go/retraceme 31f9979659277bb965985aff1272c33e3c3c9e755b77166d20a2465454178f2c:1)
07-27 05:12:35.564  1306  1740 D OneSearchSuggestProvider: Created the binder channel successfully for end point service =com.google.android.apps.search.googleapp.search.suggest.plugins.onesearch.server.OneSearchSuggestService , mChannel=i1{delegate=f{logId=9, target=directaddress:///AndroidComponentAddress%5BIntent%20%7B%20act=grpc.io.action.BIND%20cmp=com.google.android.googlequicksearchbox/com.google.android.apps.search.googleapp.search.suggest.plugins.onesearch.server.OneSearchSuggestService%20%7D%5D}} , mOneSearchConnection=l2.Z@9dcef00
07-27 05:12:35.568  1436  1698 I AiAiEcho: Predicting[0]:  [CONTEXT sampling_count=5 ]
07-27 05:12:35.568  1436  1698 I AiAiEcho: EchoTargets: 
07-27 05:12:35.568  1436  1698 I AiAiEcho: Filtered by AiAi flag check: 
07-27 05:12:35.568  1436  1698 I AiAiEcho: [CONTEXT ratelimit_period="10 SECONDS" ]
07-27 05:12:35.568  1436  1698 I AiAiEcho: Ranked targets strategy: SORT, count: 0, ranking metadata:  [CONTEXT ratelimit_period="10 SECONDS" ]
07-27 05:12:35.568  1436  1698 I AiAiEcho: #remoteViewsTwiddler: feature disabled.
07-27 05:12:35.568   576  1968 W UserManagerService: Requested status bar icon for non-badged user 0
07-27 05:12:35.570  1436  1698 I AiAiEcho: #postPredictionTargets: Sending updates to UISurface home with targets# 0 (types=[])
07-27 05:12:35.579   820   893 V WindowManagerShell: Transition animation finished (aborted=false), notifying core (#13) android.os.BinderProxy@b7fb29a@0
07-27 05:12:35.589   820  1047 D EGL_emulation: app_time_stats: avg=3776.88ms min=3776.88ms max=3776.88ms count=1
07-27 05:12:35.717   576   597 V WindowManager: Finish Transition (#13): created at 07-27 05:12:34.709 collect-started=3.483ms request-sent=4.908ms started=42.7ms ready=273.561ms sent=567.146ms finished=888.337ms
07-27 05:12:35.796  2028  2028 I binder  : 2028:576 cannot find target node
07-27 05:12:35.796  2028  2028 I binder  : 576:2028 transaction async to 0:0 failed 121147/29189/-22, size 64-0 line 3265
07-27 05:12:35.719   576  1968 D ActivityManager: sync unfroze 1558 com.google.android.googlequicksearchbox:search for 6
07-27 05:12:35.859  1306  1306 D SsBaseTemplateCard: No text view can be set up
07-27 05:12:35.859  1306  1306 D SsBaseTemplateCard: Passed-in item info is null
07-27 05:12:35.859  1306  1306 D SsBaseTemplateCard: Passed-in item info is null
07-27 05:12:35.859  1306  1306 D SsBaseTemplateCard: Passed-in item info is null
07-27 05:12:35.859  1306  1306 I SsBaseTemplateCard: Secondary card pane is null
07-27 05:12:35.863   576  2028 E IPCThreadState: Binder transaction failure. id: 121147, BR_*: 29189, error: -22 (Invalid argument)
07-27 05:12:35.863   576  2028 W ActivityManager: pid 576 system sent binder code 7 with flags 1 to frozen apps and got error -32
07-27 05:12:35.897   576   600 W ProcessStats: Tracking association SourceState{d4feebd com.google.android.apps.nexuslauncher/10177 BTop #1827} whose proc state 2 is better than process ProcessState{912fee com.google.android.googlequicksearchbox:search/10143 pkg=com.google.android.googlequicksearchbox} proc state 14 (0 skipped)
07-27 05:12:35.912   576  2028 W WindowManager: Exception thrown during dispatchAppVisibility Window{402e466 u0 com.mediology.sinsinapp/com.mediology.sinsinapp.MainActivity EXITING}
07-27 05:12:35.912   576  2028 W WindowManager: android.os.DeadObjectException
07-27 05:12:35.912   576  2028 W WindowManager: 	at android.os.BinderProxy.transactNative(Native Method)
07-27 05:12:35.912   576  2028 W WindowManager: 	at android.os.BinderProxy.transact(BinderProxy.java:586)
07-27 05:12:35.912   576  2028 W WindowManager: 	at android.view.IWindow$Stub$Proxy.dispatchAppVisibility(IWindow.java:553)
07-27 05:12:35.912   576  2028 W WindowManager: 	at com.android.server.wm.WindowState.sendAppVisibilityToClients(WindowState.java:3253)
07-27 05:12:35.912   576  2028 W WindowManager: 	at com.android.server.wm.WindowContainer.sendAppVisibilityToClients(WindowContainer.java:1289)
07-27 05:12:35.912   576  2028 W WindowManager: 	at com.android.server.wm.WindowToken.setClientVisible(WindowToken.java:403)
07-27 05:12:35.912   576  2028 W WindowManager: 	at com.android.server.wm.ActivityRecord.setClientVisible(ActivityRecord.java:7166)
07-27 05:12:35.912   576  2028 W WindowManager: 	at com.android.server.wm.ActivityRecord.postApplyAnimation(ActivityRecord.java:5881)
07-27 05:12:35.912   576  2028 W WindowManager: 	at com.android.server.wm.ActivityRecord.commitVisibility(ActivityRecord.java:5823)
07-27 05:12:35.912   576  2028 W WindowManager: 	at com.android.server.wm.Transition.finishTransition(Transition.java:1286)
07-27 05:12:35.912   576  2028 W WindowManager: 	at com.android.server.wm.TransitionController.finishTransition(TransitionController.java:937)
07-27 05:12:35.912   576  2028 W WindowManager: 	at com.android.server.wm.WindowOrganizerController.finishTransition(WindowOrganizerController.java:494)
07-27 05:12:35.912   576  2028 W WindowManager: 	at android.window.IWindowOrganizerController$Stub.onTransact(IWindowOrganizerController.java:289)
07-27 05:12:35.912   576  2028 W WindowManager: 	at com.android.server.wm.WindowOrganizerController.onTransact(WindowOrganizerController.java:204)
07-27 05:12:35.912   576  2028 W WindowManager: 	at android.os.Binder.execTransactInternal(Binder.java:1505)
07-27 05:12:35.912   576  2028 W WindowManager: 	at android.os.Binder.execTransact(Binder.java:1444)
07-27 05:12:35.912   576  2028 W Process : Unable to open /proc/2769/status
07-27 05:12:35.913   380   457 I netd    : tetherGetStats() -> {[]} <0.36ms>
07-27 05:12:36.112  1596  3289 I BugleDataModel: ParticipantRefresh: ContactContentObserver created
07-27 05:12:36.214  1558  2102 I WorkerManager: dispose()
07-27 05:12:36.217  1596  3289 I BugleDataModel: ParticipantFullRefresh: Start participant refresh. refreshMode: SELF_ONLY
07-27 05:12:36.265   576  1968 D OomAdjuster: Not killing cached processes
07-27 05:12:36.273  1044  3292 I NetworkScheduler.Stats: Task com.google.android.gms/com.google.android.gms.pay.gcmtask.PayGcmTaskService started execution. cause:4 exec_start_elapsed_seconds: 149 [CONTEXT service_id=218 ]
07-27 05:12:36.375   576   601 W system_server: Long monitor contention with owner binder:576_1F (2028) at void com.android.server.wm.WindowManagerService.notifyWindowRemovedListeners(android.os.IBinder)(WindowManagerService.java:5339) waiters=0 in void com.android.server.wm.WindowAnimator.lambda$new$1(long) for 657ms
07-27 05:12:36.406   820   893 V WindowManagerShell: Track 0 became idle
07-27 05:12:36.406   820   893 V WindowManagerShell: All active transition animations finished
07-27 05:12:36.406   820   893 W Looper  : Drained
07-27 05:12:36.406   820   893 W Looper  : Slow dispatch took 827ms wmshell.main h=android.os.Handler c=com.android.wm.shell.transition.RemoteTransitionHandler$1$$ExternalSyntheticLambda0@7a5bfb5 m=0
07-27 05:12:36.421  1306  1545 D EGL_emulation: app_time_stats: avg=1055.19ms min=1055.19ms max=1055.19ms count=1
07-27 05:12:36.502   820   893 W Looper  : Slow delivery took 106ms wmshell.main h=android.os.Handler c=android.window.TaskOrganizer$1$$ExternalSyntheticLambda4@cf9f64a m=0
07-27 05:12:36.502   820   893 W Looper  : Slow dispatch took 96ms wmshell.main h=android.os.Handler c=android.window.TaskOrganizer$1$$ExternalSyntheticLambda4@cf9f64a m=0
07-27 05:12:36.512   431   431 E BpTransactionCompletedListener: Failed to transact (-32)
07-27 05:12:36.537   576   875 W system_server: Long monitor contention with owner binder:576_1F (2028) at void com.android.server.wm.WindowManagerService.notifyWindowRemovedListeners(android.os.IBinder)(WindowManagerService.java:5339) waiters=2 in int com.android.server.wm.ActivityTaskManagerService.getLastResumedActivityUserId() for 366ms
07-27 05:12:36.537   576   695 W system_server: Long monitor contention with owner binder:576_1F (2028) at void com.android.server.wm.WindowManagerService.notifyWindowRemovedListeners(android.os.IBinder)(WindowManagerService.java:5339) waiters=1 in int com.android.server.wm.WindowManagerService$LocalService.hasInputMethodClientFocus(android.os.IBinder, int, int, int) for 676ms
07-27 05:12:36.538   576   875 W UserManagerService: Requested status bar icon for non-badged user 0
07-27 05:12:36.544   576   875 W UserManagerService: Requested status bar icon for non-badged user 0
07-27 05:12:36.578   576   695 I ImeTracker: com.google.android.apps.nexuslauncher:61ff29bf: onRequestHide at ORIGIN_SERVER reason HIDE_UNSPECIFIED_WINDOW fromUser false
07-27 05:12:36.578   576   695 I ImeTracker: com.google.android.apps.nexuslauncher:61ff29bf: onCancelled at PHASE_SERVER_SHOULD_HIDE
07-27 05:12:36.583  1370  1370 I GoogleInputMethodService: GoogleInputMethodService.onFinishInput():3157 
07-27 05:12:36.588   576   600 W system_server: Long monitor contention with owner android.imms (695) at com.android.internal.inputmethod.InputBindResult com.android.server.inputmethod.InputMethodManagerService.startInputOrWindowGainedFocus(int, com.android.internal.inputmethod.IInputMethodClient, android.os.IBinder, int, int, int, android.view.inputmethod.EditorInfo, com.android.internal.inputmethod.IRemoteInputConnection, com.android.internal.inputmethod.IRemoteAccessibilityInputConnection, int, int, android.window.ImeOnBackInvokedDispatcher)(InputMethodManagerService.java:3846) waiters=0 in void com.android.server.inputmethod.InputMethodManagerService$LocalServiceImpl.reportImeControl(android.os.IBinder) for 238ms
07-27 05:12:36.595  1596  3289 I BugleDataModel: SubscriptionsTracker#refreshSelfParticipantList([1])
07-27 05:12:36.597  1370  1370 I GoogleInputMethodService: GoogleInputMethodService.updateDeviceLockedStatus():2248 repeatCheckTimes = 0, locked = false
07-27 05:12:36.597  1370  1370 I GoogleInputMethodService: GoogleInputMethodService.onStartInput():1986 onStartInput(EditorInfo{EditorInfo{packageName=com.google.android.apps.nexuslauncher, inputType=0, inputTypeString=NULL, enableLearning=false, autoCorrection=false, autoComplete=false, imeOptions=0, privateImeOptions=null, actionName=UNSPECIFIED, actionLabel=null, initialSelStart=-1, initialSelEnd=-1, initialCapsMode=0, label=null, fieldId=0, fieldName=null, extras=null, hintText=null, hintLocales=[]}}, false)
07-27 05:12:36.597   576  3293 I EGL_emulation: Opening libGLESv1_CM_emulation.so
07-27 05:12:36.597  1370  1370 I GoogleInputMethodService: GoogleInputMethodService.updateDeviceLockedStatus():2248 repeatCheckTimes = 1, locked = false
07-27 05:12:36.601   576  3293 I EGL_emulation: Opening libGLESv2_emulation.so
07-27 05:12:36.602  1370  1370 I AndroidIME: InputBundleManager.loadActiveInputBundleId():450 loadActiveInputBundleId: und-Latn-x-password, password
07-27 05:12:36.604   820   893 W Looper  : Drained
07-27 05:12:36.604  1306  1306 I TopTaskTracker: onTaskRemoved: taskId=75
07-27 05:12:36.604  1306  1306 I TopTaskTracker: onTaskRemoved: taskId=75
07-27 05:12:36.606   576  1968 W PackageConfigPersister: App-specific configuration not found for packageName: com.google.android.apps.nexuslauncher and userId: 0
07-27 05:12:36.606   576  3293 W HWUI    : Failed to choose config with EGL_SWAP_BEHAVIOR_PRESERVED, retrying without...
07-27 05:12:36.607   576  3293 W HWUI    : Failed to initialize 101010-2 format, error = EGL_SUCCESS
07-27 05:12:36.611  1558  1561 W earchbox:search: Missing inline cache for java.util.Set com.google.bp.d.a.a.f.d.g.a(java.lang.Object, p.h.a.l)
07-27 05:12:36.622  1558  1558 I A       : (REDACTED) Created gRPC endpoint for service %s
07-27 05:12:36.663  1044  3211 I NetworkScheduler.Stats: Task com.google.android.gms/com.google.android.gms.pay.gcmtask.PayGcmTaskService finished executing. cause:4 result: 1 elapsed_millis: 740 uptime_millis: 740 exec_start_elapsed_seconds: 149 [CONTEXT service_id=218 ]
07-27 05:12:36.719  1044  1044 D BoundBrokerSvc: onBind: Intent { act=com.google.android.gms.auth.proximity.BetterTogetherFeatureSupportIntentOperation$RetryGmsTaskBoundService.ACTION_TASK_READY dat=chimera-action:/... cmp=com.google.android.gms/.chimera.PersistentInternalBoundBrokerService }
07-27 05:12:36.719  1044  1044 D BoundBrokerSvc: Loading bound service for intent: Intent { act=com.google.android.gms.auth.proximity.BetterTogetherFeatureSupportIntentOperation$RetryGmsTaskBoundService.ACTION_TASK_READY dat=chimera-action:/... cmp=com.google.android.gms/.chimera.PersistentInternalBoundBrokerService }
07-27 05:12:36.724  1596  3289 I BugleBackup: Registering preference change listener for "buglesub_1".
07-27 05:12:36.762  1044  3292 I NetworkScheduler.Stats: Task com.google.android.gms/com.google.android.gms.auth.proximity.BetterTogetherFeatureSupportIntentOperation$RetryGmsTaskBoundService started execution. cause:5 exec_start_elapsed_seconds: 149 [CONTEXT service_id=218 ]
07-27 05:12:36.767  1558  1862 I A       : NGA disabled due to not being eligible.
07-27 05:12:36.777  1044  1044 D BoundBrokerSvc: onUnbind: Intent { act=com.google.android.gms.auth.proximity.BetterTogetherFeatureSupportIntentOperation$RetryGmsTaskBoundService.ACTION_TASK_READY dat=chimera-action:/... cmp=com.google.android.gms/.chimera.PersistentInternalBoundBrokerService }
07-27 05:12:36.780  1596  3289 I Bugle   : getRawTelephonyPhoneNumber redacted-pii[12-chars] [CONTEXT sub_id=1 ]
07-27 05:12:36.782  1558  1862 I A       : NGA disabled due to not being eligible.
07-27 05:12:36.782  1044  3295 I NetworkScheduler.Stats: Task com.google.android.gms/com.google.android.gms.auth.proximity.BetterTogetherFeatureSupportIntentOperation$RetryGmsTaskBoundService finished executing. cause:5 result: 1 elapsed_millis: 65 uptime_millis: 65 exec_start_elapsed_seconds: 149 [CONTEXT service_id=218 ]
07-27 05:12:36.786  1571  1571 D BoundBrokerSvc: onBind: Intent { act=com.google.android.gms.auth.cryptauth.cryptauthservice.START dat=chimera-action:/... cmp=com.google.android.gms/.chimera.GmsBoundBrokerService }
07-27 05:12:36.787  1571  1571 D BoundBrokerSvc: Loading bound service for intent: Intent { act=com.google.android.gms.auth.cryptauth.cryptauthservice.START dat=chimera-action:/... cmp=com.google.android.gms/.chimera.GmsBoundBrokerService }
07-27 05:12:36.805  1571  1716 I CryptauthV2: [HaveKeyWithKeyNameOperation] Have key with key name operation is called.
07-27 05:12:36.809  1596  3289 I Bugle   : SubscriptionUtils.getCanonicalForSelf: self=redacted-pii[12-chars], country=US [CONTEXT sub_id=1 ]
07-27 05:12:36.858  1044  3299 I ProximityAuth: [BetterTogetherFeatureSupportIntentOperation] batchSetFeatureSupported finished with status [SUCCESS]. [CONTEXT service_id=108 ]
07-27 05:12:36.871  1596  3289 I Bugle   : getRawTelephonyPhoneNumber redacted-pii[12-chars] [CONTEXT sub_id=1 ]
07-27 05:12:36.890  1596  3289 W BugleDataModel: SubscriptionsTracker: Failed to update self participants' subscription info for, subId: -1, updateCount: 0
07-27 05:12:36.911  1596  3289 I Bugle   : getRawTelephonyPhoneNumber redacted-pii[12-chars] [CONTEXT sub_id=1 ]
07-27 05:12:36.914  1596  3289 I Bugle   : SubscriptionUtils.getCanonicalForSelf: self=redacted-pii[12-chars], country=US [CONTEXT sub_id=1 ]
07-27 05:12:36.928  1596  3289 I Bugle   : getRawTelephonyPhoneNumber redacted-pii[12-chars] [CONTEXT sub_id=1 ]
07-27 05:12:36.933  1596  3289 W BugleDataModel: SubscriptionsTracker: Failed to update self participants' subscription info for, subId: 1, updateCount: 0
07-27 05:12:36.943  1596  3289 I BugleDataModel: SubscriptionsTracker bindToTrackingMap bound participants: [ParticipantId=1 subId=-1, ParticipantId=2 subId=1]
07-27 05:12:36.954  1596  3289 I Bugle   : getRawTelephonyPhoneNumber redacted-pii[12-chars] [CONTEXT sub_id=1 ]
07-27 05:12:36.955  1596  3289 I Bugle   : SubscriptionUtils.getCanonicalForSelf: self=redacted-pii[12-chars], country=US [CONTEXT sub_id=1 ]
07-27 05:12:36.985  1596  1601 I .apps.messaging: Compiler allocated 5702KB to compile java.lang.Object aflc.c()
07-27 05:12:36.988   380   457 I netd    : tetherGetStats() -> {[]} <0.50ms>
07-27 05:12:37.021  1596  3289 I Bugle   : getRawTelephonyPhoneNumber redacted-pii[12-chars] [CONTEXT sub_id=1 ]
07-27 05:12:37.022  1596  3289 I Bugle   : SubscriptionUtils.getCanonicalForSelf: self=redacted-pii[12-chars], country=US [CONTEXT sub_id=1 ]
07-27 05:12:37.030  1306  1306 D SearchTargetUtil: query= size=45
07-27 05:12:37.030  1306  1306 D SearchTargetUtil: layoutType=short_icon_row resultType=131072 packageName=com.google.android.googlequicksearchbox extras=Bundle{suggestion_type=36,suggest_truncate_start=false,is_answer=false,is_entity=false,is_personal=true,suggest_raw_text=쿠팡,input_query=android.app.search.Query@5457cbf,group_id=web148395,response_id=0219f86c-e126-4e8f-8681-858696868c01,support_query_builder=true,} searchAction=쿠팡 searchActionExtras=Bundle{learn_more_url=https://support.google.com/websearch/?p=delete_recent_history&hl=en,suggestion_action_text=Delete,should_start_for_result=true,allow_pinning=true,skip_logging_in_target_handler=true,suggestion_action_rpc=1,}ParentID: null targetID: 3feada83-035e-40e1-9889-b8d6f3e566f6
07-27 05:12:37.030  1306  1306 D SearchTargetUtil: layoutType=short_icon_row resultType=131072 packageName=com.google.android.googlequicksearchbox extras=Bundle{suggestion_type=36,suggest_truncate_start=false,is_answer=false,is_entity=false,is_personal=true,suggest_raw_text=인스타그램,input_query=android.app.search.Query@5457cbf,group_id=web148395,response_id=0219f86c-e126-4e8f-8681-858696868c01,support_query_builder=true,} searchAction=인스타그램 searchActionExtras=Bundle{learn_more_url=https://support.google.com/websearch/?p=delete_recent_history&hl=en,suggestion_action_text=Delete,should_start_for_result=true,allow_pinning=true,skip_logging_in_target_handler=true,suggestion_action_rpc=1,}ParentID: null targetID: 5fc5efbb-8016-4450-986a-8087460e5d40
07-27 05:12:37.030  1306  1306 D SearchTargetUtil: layoutType=short_icon_row resultType=131072 packageName=com.google.android.googlequicksearchbox extras=Bundle{suggestion_type=36,suggest_truncate_start=false,is_answer=false,is_entity=false,is_personal=true,suggest_raw_text=홈택스,input_query=android.app.search.Query@5457cbf,group_id=web148395,response_id=0219f86c-e126-4e8f-8681-858696868c01,support_query_builder=true,} searchAction=홈택스 searchActionExtras=Bundle{learn_more_url=https://support.google.com/websearch/?p=delete_recent_history&hl=en,suggestion_action_text=Delete,should_start_for_result=true,allow_pinning=true,skip_logging_in_target_handler=true,suggestion_action_rpc=1,}ParentID: null targetID: e381e154-5041-40f3-b01e-30350aa1abde
07-27 05:12:37.030  1306  1306 D SearchTargetUtil: layoutType=short_icon_row resultType=131072 packageName=com.google.android.googlequicksearchbox extras=Bundle{suggestion_type=36,suggest_truncate_start=false,is_answer=false,is_entity=false,is_personal=true,suggest_raw_text=ddesign,input_query=android.app.search.Query@5457cbf,group_id=web148395,response_id=0219f86c-e126-4e8f-8681-858696868c01,support_query_builder=true,} searchAction=ddesign searchActionExtras=Bundle{learn_more_url=https://support.google.com/websearch/?p=delete_recent_history&hl=en,suggestion_action_text=Delete,should_start_for_result=true,allow_pinning=true,skip_logging_in_target_handler=true,suggestion_action_rpc=1,}ParentID: null targetID: 514877ef-8822-499b-8dca-e43cf6145822
07-27 05:12:37.030  1306  1306 D SearchTargetUtil: layoutType=short_icon_row resultType=131072 packageName=com.google.android.googlequicksearchbox extras=Bundle{suggestion_type=36,suggest_truncate_start=false,is_answer=false,is_entity=false,is_personal=true,suggest_raw_text=dddesign,input_query=android.app.search.Query@5457cbf,group_id=web148395,response_id=0219f86c-e126-4e8f-8681-858696868c01,support_query_builder=true,} searchAction=dddesign searchActionExtras=Bundle{learn_more_url=https://support.google.com/websearch/?p=delete_recent_history&hl=en,suggestion_action_text=Delete,should_start_for_result=true,allow_pinning=true,skip_logging_in_target_handler=true,suggestion_action_rpc=1,}ParentID: null targetID: f24a9a34-2e4d-4463-9879-f72fe0f94ac1
07-27 05:12:37.030  1306  1306 D SearchTargetUtil: layoutType=short_icon_row resultType=131072 packageName=com.google.android.googlequicksearchbox extras=Bundle{suggestion_type=36,suggest_truncate_start=false,is_answer=false,is_entity=false,is_personal=true,suggest_raw_text=leetcode,input_query=android.app.search.Query@5457cbf,group_id=web148395,response_id=0219f86c-e126-4e8f-8681-858696868c01,support_query_builder=true,} searchAction=leetcode searchActionExtras=Bundle{learn_more_url=https://support.google.com/websearch/?p=delete_recent_history&hl=en,suggestion_action_text=Delete,should_start_for_result=true,allow_pinning=true,skip_logging_in_target_handler=true,suggestion_action_rpc=1,}ParentID: null targetID: f4f49532-8706-4559-b296-60a191fbf9b5
07-27 05:12:37.030  1306  1306 D SearchTargetUtil: layoutType=short_icon_row resultType=131072 packageName=com.google.android.googlequicksearchbox extras=Bundle{suggestion_type=36,suggest_truncate_start=false,is_answer=false,is_entity=false,is_personal=true,suggest_raw_text=pretext,input_query=android.app.search.Query@5457cbf,group_id=web148395,response_id=0219f86c-e126-4e8f-8681-858696868c01,support_query_builder=true,} searchAction=pretext searchActionExtras=Bundle{learn_more_url=https://support.google.com/websearch/?p=delete_recent_history&hl=en,suggestion_action_text=Delete,should_start_for_result=true,allow_pinning=true,skip_logging_in_target_handler=true,suggestion_action_rpc=1,}ParentID: null targetID: 0deea1de-93e5-436b-a82c-07ac9060cb7c
07-27 05:12:37.030  1306  1306 D SearchTargetUtil: layoutType=short_icon_row resultType=131072 packageName=com.google.android.googlequicksearchbox extras=Bundle{suggestion_type=36,suggest_truncate_start=false,is_answer=false,is_entity=false,is_personal=true,suggest_raw_text=comfy ui,input_query=android.app.search.Query@5457cbf,group_id=web148395,response_id=0219f86c-e126-4e8f-8681-858696868c01,support_query_builder=true,} searchAction=comfy ui searchActionExtras=Bundle{learn_more_url=https://support.google.com/websearch/?p=delete_recent_history&hl=en,suggestion_action_text=Delete,should_start_for_result=true,allow_pinning=true,skip_logging_in_target_handler=true,suggestion_action_rpc=1,}ParentID: null targetID: 07ab2e3f-a8c8-4698-bddf-c3495879b492
07-27 05:12:37.030  1306  1306 D SearchTargetUtil: layoutType=short_icon_row resultType=131072 packageName=com.google.android.googlequicksearchbox extras=Bundle{suggestion_type=36,suggest_truncate_start=false,is_answer=false,is_entity=false,is_personal=true,suggest_raw_text=프로그래머스,input_query=android.app.search.Query@5457cbf,group_id=web148395,response_id=0219f86c-e126-4e8f-8681-858696868c01,support_query_builder=true,} searchAction=프로그래머스 searchActionExtras=Bundle{learn_more_url=https://support.google.com/websearch/?p=delete_recent_history&hl=en,suggestion_action_text=Delete,should_start_for_result=true,allow_pinning=true,skip_logging_in_target_handler=true,suggestion_action_rpc=1,}ParentID: null targetID: f62a2352-9216-4865-a707-27b2b95708b8
07-27 05:12:37.030  1306  1306 D SearchTargetUtil: layoutType=short_icon_row resultType=131072 packageName=com.google.android.googlequicksearchbox extras=Bundle{suggestion_type=36,suggest_truncate_start=false,is_answer=false,is_entity=false,is_personal=true,suggest_raw_text=데이비드 보위,input_query=android.app.search.Query@5457cbf,group_id=web148395,response_id=0219f86c-e126-4e8f-8681-858696868c01,support_query_builder=true,} searchAction=데이비드 보위 searchActionExtras=Bundle{learn_more_url=https://support.google.com/websearch/?p=delete_recent_history&hl=en,suggestion_action_text=Delete,should_start_for_result=true,allow_pinning=true,skip_logging_in_target_handler=true,suggestion_action_rpc=1,}ParentID: null targetID: 31d151a1-b978-43e1-af1e-6f5549b8ee33
07-27 05:12:37.030  1306  1306 D SearchTargetUtil: layoutType=short_icon_row resultType=131072 packageName=com.google.android.googlequicksearchbox extras=Bundle{suggestion_type=36,suggest_truncate_start=false,is_answer=false,is_entity=false,is_personal=true,suggest_raw_text=figma,input_query=android.app.search.Query@5457cbf,group_id=web148395,response_id=0219f86c-e126-4e8f-8681-858696868c01,support_query_builder=true,} searchAction=figma searchActionExtras=Bundle{learn_more_url=https://support.google.com/websearch/?p=delete_recent_history&hl=en,suggestion_action_text=Delete,should_start_for_result=true,allow_pinning=true,skip_logging_in_target_handler=true,suggestion_action_rpc=1,}ParentID: null targetID: 36320a41-bf70-4f8a-b63a-4003d8e77405
07-27 05:12:37.030  1306  1306 D SearchTargetUtil: layoutType=short_icon_row resultType=131072 packageName=com.google.android.googlequicksearchbox extras=Bundle{suggestion_type=36,suggest_truncate_start=false,is_answer=false,is_entity=false,is_personal=true,suggest_raw_text=구글 캘린더,input_query=android.app.search.Query@5457cbf,group_id=web148395,response_id=0219f86c-e126-4e8f-8681-858696868c01,support_query_builder=true,} searchAction=구글 캘린더 searchActionExtras=Bundle{learn_more_url=https://support.google.com/websearch/?p=delete_recent_history&hl=en,suggestion_action_text=Delete,should_start_for_result=true,allow_pinning=true,skip_logging_in_target_handler=true,suggestion_action_rpc=1,}ParentID: null targetID: 05dadfb3-87a0-4255-b57d-25b31ee20cec
07-27 05:12:37.030  1306  1306 D SearchTargetUtil: layoutType=short_icon_row resultType=131072 packageName=com.google.android.googlequicksearchbox extras=Bundle{suggestion_type=36,suggest_truncate_start=false,is_answer=false,is_entity=false,is_personal=true,suggest_raw_text=피그마,input_query=android.app.search.Query@5457cbf,group_id=web148395,response_id=0219f86c-e126-4e8f-8681-858696868c01,support_query_builder=true,} searchAction=피그마 searchActionExtras=Bundle{learn_more_url=https://support.google.com/websearch/?p=delete_recent_history&hl=en,suggestion_action_text=Delete,should_start_for_result=true,allow_pinning=true,skip_logging_in_target_handler=true,suggestion_action_rpc=1,}ParentID: null targetID: ee2ccbf2-898a-4c5a-8d48-2c962c116356
07-27 05:12:37.030  1306  1306 D SearchTargetUtil: layoutType=short_icon_row resultType=131072 packageName=com.google.android.googlequicksearchbox extras=Bundle{suggestion_type=36,suggest_truncate_start=false,is_answer=false,is_entity=false,is_personal=true,suggest_raw_text=claude console,input_query=android.app.search.Query@5457cbf,group_id=web148395,response_id=0219f86c-e126-4e8f-8681-858696868c01,support_query_builder=true,} searchAction=claude console searchActionExtras=Bundle{learn_more_url=https://support.google.com/websearch/?p=delete_recent_history&hl=en,suggestion_action_text=Delete,should_start_for_result=true,allow_pinning=true,skip_logging_in_target_handler=true,suggestion_action_rpc=1,}ParentID: null targetID: ff649bde-552c-46a8-883d-8b9417f0f6d4
07-27 05:12:37.030  1306  1306 D SearchTargetUtil: layoutType=short_icon_row resultType=131072 packageName=com.google.android.googlequicksearchbox extras=Bundle{suggestion_type=36,suggest_truncate_start=false,is_answer=false,is_entity=false,is_personal=true,suggest_raw_text=cloudflare,input_query=android.app.search.Query@5457cbf,group_id=web148395,response_id=0219f86c-e126-4e8f-8681-858696868c01,support_query_builder=true,} searchAction=cloudflare searchActionExtras=Bundle{learn_more_url=https://support.google.com/websearch/?p=delete_recent_history&hl=en,suggestion_action_text=Delete,should_start_for_result=true,allow_pinning=true,skip_logging_in_target_handler=true,suggestion_action_rpc=1,}ParentID: null targetID: ba07aeed-ba21-4ac4-9144-cdb5db76e172
07-27 05:12:37.030  1306  1306 D SearchTargetUtil: layoutType=short_icon_row resultType=131072 packageName=com.google.android.googlequicksearchbox extras=Bundle{suggestion_type=36,suggest_truncate_start=false,is_answer=false,is_entity=false,is_personal=true,suggest_raw_text=cloud run,input_query=android.app.search.Query@5457cbf,group_id=web148395,response_id=0219f86c-e126-4e8f-8681-858696868c01,support_query_builder=true,} searchAction=cloud run searchActionExtras=Bundle{learn_more_url=https://support.google.com/websearch/?p=delete_recent_history&hl=en,suggestion_action_text=Delete,should_start_for_result=true,allow_pinning=true,skip_logging_in_target_handler=true,suggestion_action_rpc=1,}ParentID: null targetID: 76bebdf4-5e23-44c0-a170-02f60b68883c
07-27 05:12:37.030  1306  1306 D SearchTargetUtil: layoutType=short_icon_row resultType=131072 packageName=com.google.android.googlequicksearchbox extras=Bundle{suggestion_type=36,suggest_truncate_start=false,is_answer=false,is_entity=false,is_personal=true,suggest_raw_text=미리캔버스,input_query=android.app.search.Query@5457cbf,group_id=web148395,response_id=0219f86c-e126-4e8f-8681-858696868c01,support_query_builder=true,} searchAction=미리캔버스 searchActionExtras=Bundle{learn_more_url=https://support.google.com/websearch/?p=delete_recent_history&hl=en,suggestion_action_text=Delete,should_start_for_result=true,allow_pinning=true,skip_logging_in_target_handler=true,suggestion_action_rpc=1,}ParentID: null targetID: 0a70ab37-e342-43e9-842d-a54e5a656015
07-27 05:12:37.030  1306  1306 D SearchTargetUtil: layoutType=short_icon_row resultType=131072 packageName=com.google.android.googlequicksearchbox extras=Bundle{suggestion_type=36,suggest_truncate_start=false,is_answer=false,is_entity=false,is_personal=true,suggest_raw_text=youtube,input_query=android.app.search.Query@5457cbf,group_id=web148395,response_id=0219f86c-e126-4e8f-8681-858696868c01,support_query_builder=true,} searchAction=youtube searchActionExtras=Bundle{learn_more_url=https://support.google.com/websearch/?p=delete_recent_history&hl=en,suggestion_action_text=Delete,should_start_for_result=true,allow_pinning=true,skip_logging_in_target_handler=true,suggestion_action_rpc=1,}ParentID: null targetID: 8b61328f-fbd4-411c-bada-e654f130af4f
07-27 05:12:37.030  1306  1306 D SearchTargetUtil: layoutType=short_icon_row resultType=131072 packageName=com.google.android.googlequicksearchbox extras=Bundle{suggestion_type=36,suggest_truncate_start=false,is_answer=false,is_entity=false,is_personal=true,suggest_raw_text=링크드인,input_query=android.app.search.Query@5457cbf,group_id=web148395,response_id=0219f86c-e126-4e8f-8681-858696868c01,support_query_builder=true,} searchAction=링크드인 searchActionExtras=Bundle{learn_more_url=https://support.google.com/websearch/?p=delete_recent_history&hl=en,suggestion_action_text=Delete,should_start_for_result=true,allow_pinning=true,skip_logging_in_target_handler=true,suggestion_action_rpc=1,}ParentID: null targetID: 0a705ec4-4314-4fd4-b68e-e66a38f00119
07-27 05:12:37.030  1306  1306 D SearchTargetUtil: layoutType=short_icon_row resultType=131072 packageName=com.google.android.googlequicksearchbox extras=Bundle{suggestion_type=36,suggest_truncate_start=false,is_answer=false,is_entity=false,is_personal=true,suggest_raw_text=네이버지도,input_query=android.app.search.Query@5457cbf,group_id=web148395,response_id=0219f86c-e126-4e8f-8681-858696868c01,support_query_builder=true,} searchAction=네이버지도 searchActionExtras=Bundle{learn_more_url=https://support.google.com/websearch/?p=delete_recent_history&hl=en,suggestion_action_text=Delete,should_start_for_result=true,allow_pinning=true,skip_logging_in_target_handler=true,suggestion_action_rpc=1,}ParentID: null targetID: 388b0668-22e2-4e13-8268-f9129cf39cc2
07-27 05:12:37.030  1306  1306 D SearchTargetUtil: layoutType=short_icon_row resultType=131072 packageName=com.google.android.googlequicksearchbox extras=Bundle{suggestion_type=36,suggest_truncate_start=false,is_answer=false,is_entity=false,is_personal=true,suggest_raw_text=mythos,input_query=android.app.search.Query@5457cbf,group_id=web148395,response_id=0219f86c-e126-4e8f-8681-858696868c01,support_query_builder=true,} searchAction=mythos searchActionExtras=Bundle{learn_more_url=https://support.google.com/websearch/?p=delete_recent_history&hl=en,suggestion_action_text=Delete,should_start_for_result=true,allow_pinning=true,skip_logging_in_target_handler=true,suggestion_action_rpc=1,}ParentID: null targetID: 85375bae-c701-44e1-90cd-7b47e755d699
07-27 05:12:37.030  1306  1306 D SearchTargetUtil: layoutType=short_icon_row resultType=131072 packageName=com.google.android.googlequicksearchbox extras=Bundle{suggestion_type=36,suggest_truncate_start=false,is_answer=false,is_entity=false,is_personal=true,suggest_raw_text=사업자 사실 증명 발급,input_query=android.app.search.Query@5457cbf,group_id=web148395,response_id=0219f86c-e126-4e8f-8681-858696868c01,support_query_builder=true,} searchAction=사업자 사실 증명 발급 searchActionExtras=Bundle{learn_more_url=https://support.google.com/websearch/?p=delete_recent_history&hl=en,suggestion_action_text=Delete,should_start_for_result=true,allow_pinning=true,skip_logging_in_target_handler=true,suggestion_action_rpc=1,}ParentID: null targetID: deedde1b-21e9-41ba-aed9-63e5e29fa4a7
07-27 05:12:37.030  1306  1306 D SearchTargetUtil: layoutType=short_icon_row resultType=131072 packageName=com.google.android.googlequicksearchbox extras=Bundle{suggestion_type=36,suggest_truncate_start=false,is_answer=false,is_entity=false,is_personal=true,suggest_raw_text=맥 caffeinate,input_query=android.app.search.Query@5457cbf,group_id=web148395,response_id=0219f86c-e126-4e8f-8681-858696868c01,support_query_builder=true,} searchAction=맥 caffeinate searchActionExtras=Bundle{learn_more_url=https://support.google.com/websearch/?p=delete_recent_history&hl=en,suggestion_action_text=Delete,should_start_for_result=true,allow_pinning=true,skip_logging_in_target_handler=true,suggestion_action_rpc=1,}ParentID: null targetID: c64f507a-376a-41e7-8360-43a117a65f51
07-27 05:12:37.030  1306  1306 D SearchTargetUtil: layoutType=short_icon_row resultType=131072 packageName=com.google.android.googlequicksearchbox extras=Bundle{suggestion_type=36,suggest_truncate_start=false,is_answer=false,is_entity=false,is_personal=true,suggest_raw_text=깃헙,input_query=android.app.search.Query@5457cbf,group_id=web148395,response_id=0219f86c-e126-4e8f-8681-858696868c01,support_query_builder=true,} searchAction=깃헙 searchActionExtras=Bundle{learn_more_url=https://support.google.com/websearch/?p=delete_recent_history&hl=en,suggestion_action_text=Delete,should_start_for_result=true,allow_pinning=true,skip_logging_in_target_handler=true,suggestion_action_rpc=1,}ParentID: null targetID: 98e47396-ab51-42d2-97fe-6063986f6813
07-27 05:12:37.030  1306  1306 D SearchTargetUtil: layoutType=short_icon_row resultType=131072 packageName=com.google.android.googlequicksearchbox extras=Bundle{suggestion_type=36,suggest_truncate_start=false,is_answer=false,is_entity=false,is_personal=true,suggest_raw_text=unsplash,input_query=android.app.search.Query@5457cbf,group_id=web148395,response_id=0219f86c-e126-4e8f-8681-858696868c01,support_query_builder=true,} searchAction=unsplash searchActionExtras=Bundle{learn_more_url=https://support.google.com/websearch/?p=delete_recent_history&hl=en,suggestion_action_text=Delete,should_start_for_result=true,allow_pinning=true,skip_logging_in_target_handler=true,suggestion_action_rpc=1,}ParentID: null targetID: 0176393d-64c1-4f3c-9c4c-7588c7d69ee0
07-27 05:12:37.030  1306  1306 D SearchTargetUtil: layoutType=short_icon_row resultType=131072 packageName=com.google.android.googlequicksearchbox extras=Bundle{suggestion_type=36,suggest_truncate_start=false,is_answer=false,is_entity=false,is_personal=true,suggest_raw_text=pretendard font,input_query=android.app.search.Query@5457cbf,group_id=web148395,response_id=0219f86c-e126-4e8f-8681-858696868c01,support_query_builder=true,} searchAction=pretendard font searchActionExtras=Bundle{learn_more_url=https://support.google.com/websearch/?p=delete_recent_history&hl=en,suggestion_action_text=Delete,should_start_for_result=true,allow_pinning=true,skip_logging_in_target_handler=true,suggestion_action_rpc=1,}ParentID: null targetID: 1c47b844-0221-4cad-8305-8e3d480a176e
07-27 05:12:37.030  1306  1306 D SearchTargetUtil: layoutType=short_icon_row resultType=131072 packageName=com.google.android.googlequicksearchbox extras=Bundle{suggestion_type=36,suggest_truncate_start=false,is_answer=false,is_entity=false,is_personal=true,suggest_raw_text=한국인 남자 키 168 비율,input_query=android.app.search.Query@5457cbf,group_id=web148395,response_id=0219f86c-e126-4e8f-8681-858696868c01,support_query_builder=true,} searchAction=한국인 남자 키 168 비율 searchActionExtras=Bundle{learn_more_url=https://support.google.com/websearch/?p=delete_recent_history&hl=en,suggestion_action_text=Delete,should_start_for_result=true,allow_pinning=true,skip_logging_in_target_handler=true,suggestion_action_rpc=1,}ParentID: null targetID: 3d45d5dc-4c21-4639-9043-880c9001df2c
07-27 05:12:37.030  1306  1306 D SearchTargetUtil: layoutType=short_icon_row resultType=131072 packageName=com.google.android.googlequicksearchbox extras=Bundle{suggestion_type=36,suggest_truncate_start=false,is_answer=false,is_entity=false,is_personal=true,suggest_raw_text=종합소득세 환급일,input_query=android.app.search.Query@5457cbf,group_id=web148395,response_id=0219f86c-e126-4e8f-8681-858696868c01,support_query_builder=true,} searchAction=종합소득세 환급일 searchActionExtras=Bundle{learn_more_url=https://support.google.com/websearch/?p=delete_recent_history&hl=en,suggestion_action_text=Delete,should_start_for_result=true,allow_pinning=true,skip_logging_in_target_handler=true,suggestion_action_rpc=1,}ParentID: null targetID: 437c1ea7-ee05-4349-a14d-ed37997a4637
07-27 05:12:37.030  1306  1306 D SearchTargetUtil: layoutType=short_icon_row resultType=131072 packageName=com.google.android.googlequicksearchbox extras=Bundle{suggestion_type=36,suggest_truncate_start=false,is_answer=false,is_entity=false,is_personal=true,suggest_raw_text=한국인 남자 키 178 비율,input_query=android.app.search.Query@5457cbf,group_id=web148395,response_id=0219f86c-e126-4e8f-8681-858696868c01,support_query_builder=true,} searchAction=한국인 남자 키 178 비율 searchActionExtras=Bundle{learn_more_url=https://support.google.com/websearch/?p=delete_recent_history&hl=en,suggestion_action_text=Delete,should_start_for_result=true,allow_pinning=true,skip_logging_in_target_handler=true,suggestion_action_rpc=1,}ParentID: null targetID: 2754011e-e830-431c-a34f-d12bc59533d3
07-27 05:12:37.030  1306  1306 D SearchTargetUtil: layoutType=short_icon_row resultType=131072 packageName=com.google.android.googlequicksearchbox extras=Bundle{suggestion_type=36,suggest_truncate_start=false,is_answer=false,is_entity=false,is_personal=true,suggest_raw_text=lemonaa,input_query=android.app.search.Query@5457cbf,group_id=web148395,response_id=0219f86c-e126-4e8f-8681-858696868c01,support_query_builder=true,} searchAction=lemonaa searchActionExtras=Bundle{learn_more_url=https://support.google.com/websearch/?p=delete_recent_history&hl=en,suggestion_action_text=Delete,should_start_for_result=true,allow_pinning=true,skip_logging_in_target_handler=true,suggestion_action_rpc=1,}ParentID: null targetID: 9448bdc4-ce8b-47df-8f13-a0d2905b6480
07-27 05:12:37.030  1306  1306 D SearchTargetUtil: layoutType=short_icon_row resultType=131072 packageName=com.google.android.googlequicksearchbox extras=Bundle{suggestion_type=33,suggest_truncate_start=false,is_answer=false,is_entity=false,is_personal=false,suggest_raw_text=starflite aviation license revoked,input_query=android.app.search.Query@5457cbf,group_id=web148395,response_id=0219f86c-e126-4e8f-8681-858696868c01,support_query_builder=false,} searchAction=starflite aviation license revoked searchActionExtras=Bundle{learn_more_url=https://support.google.com/websearch/answer/106230?hl=106230,suggestion_action_text=Report this,should_start_for_result=true,allow_pinning=true,skip_logging_in_target_handler=true,suggestion_action_rpc=2,}ParentID: null targetID: e6896e02-52ce-4326-9d46-95ed4b11f118
07-27 05:12:37.030  1306  1306 D SearchTargetUtil: layoutType=short_icon_row resultType=131072 packageName=com.google.android.googlequicksearchbox extras=Bundle{suggestion_type=33,suggest_truncate_start=false,is_answer=false,is_entity=false,is_personal=false,suggest_raw_text=apple iphone 18 pro,input_query=android.app.search.Query@5457cbf,group_id=web148395,response_id=0219f86c-e126-4e8f-8681-858696868c01,support_query_builder=false,} searchAction=apple iphone 18 pro searchActionExtras=Bundle{learn_more_url=https://support.google.com/websearch/answer/106230?hl=106230,suggestion_action_text=Report this,should_start_for_result=true,allow_pinning=true,skip_logging_in_target_handler=true,suggestion_action_rpc=2,}ParentID: null targetID: d8698f74-f59b-4c47-9d4a-6804c06b3c7d
07-27 05:12:37.030  1306  1306 D SearchTargetUtil: layoutType=short_icon_row resultType=131072 packageName=com.google.android.googlequicksearchbox extras=Bundle{suggestion_type=33,suggest_truncate_start=false,is_answer=false,is_entity=false,is_personal=false,suggest_raw_text=keanu reeves carl rinsch,input_query=android.app.search.Query@5457cbf,group_id=web148395,response_id=0219f86c-e126-4e8f-8681-858696868c01,support_query_builder=false,} searchAction=keanu reeves carl rinsch searchActionExtras=Bundle{learn_more_url=https://support.google.com/websearch/answer/106230?hl=106230,suggestion_action_text=Report this,should_start_for_result=true,allow_pinning=true,skip_logging_in_target_handler=true,suggestion_action_rpc=2,}ParentID: null targetID: 8faec6ee-7e2e-4ded-ba50-45cbad97a052
07-27 05:12:37.030  1306  1306 D SearchTargetUtil: layoutType=short_icon_row resultType=131072 packageName=com.google.android.googlequicksearchbox extras=Bundle{suggestion_type=33,suggest_truncate_start=false,is_answer=false,is_entity=false,is_personal=false,suggest_raw_text=ebola outbreak,input_query=android.app.search.Query@5457cbf,group_id=web148395,response_id=0219f86c-e126-4e8f-8681-858696868c01,support_query_builder=false,} searchAction=ebola outbreak searchActionExtras=Bundle{learn_more_url=https://support.google.com/websearch/answer/106230?hl=106230,suggestion_action_text=Report this,should_start_for_result=true,allow_pinning=true,skip_logging_in_target_handler=true,suggestion_action_rpc=2,}ParentID: null targetID: 30d66439-085e-4f1a-b7f4-c5728c98fd36
07-27 05:12:37.030  1306  1306 D SearchTargetUtil: layoutType=short_icon_row resultType=131072 packageName=com.google.android.googlequicksearchbox extras=Bundle{suggestion_type=33,suggest_truncate_start=false,is_answer=false,is_entity=false,is_personal=false,suggest_raw_text=psg vs arsenal champions league final,input_query=android.app.search.Query@5457cbf,group_id=web148395,response_id=0219f86c-e126-4e8f-8681-858696868c01,support_query_builder=false,} searchAction=psg vs arsenal champions league final searchActionExtras=Bundle{learn_more_url=https://support.google.com/websearch/answer/106230?hl=106230,suggestion_action_text=Report this,should_start_for_result=true,allow_pinning=true,skip_logging_in_target_handler=true,suggestion_action_rpc=2,}ParentID: null targetID: 234496b0-bfdb-422a-bdbc-e7aa4377a889
07-27 05:12:37.030  1306  1306 D SearchTargetUtil: layoutType=short_icon_row resultType=131072 packageName=com.google.android.googlequicksearchbox extras=Bundle{suggestion_type=33,suggest_truncate_start=false,is_answer=false,is_entity=false,is_personal=false,suggest_raw_text=blue moon full moon,input_query=android.app.search.Query@5457cbf,group_id=web148395,response_id=0219f86c-e126-4e8f-8681-858696868c01,support_query_builder=false,} searchAction=blue moon full moon searchActionExtras=Bundle{learn_more_url=https://support.google.com/websearch/answer/106230?hl=106230,suggestion_action_text=Report this,should_start_for_result=true,allow_pinning=true,skip_logging_in_target_handler=true,suggestion_action_rpc=2,}ParentID: null targetID: f33064ae-0227-46df-ae5e-aea0e1346898
07-27 05:12:37.030  1306  1306 D SearchTargetUtil: layoutType=short_icon_row resultType=131072 packageName=com.google.android.googlequicksearchbox extras=Bundle{suggestion_type=33,suggest_truncate_start=false,is_answer=false,is_entity=false,is_personal=false,suggest_raw_text=carls jr,input_query=android.app.search.Query@5457cbf,group_id=web148395,response_id=0219f86c-e126-4e8f-8681-858696868c01,support_query_builder=false,} searchAction=carls jr searchActionExtras=Bundle{learn_more_url=https://support.google.com/websearch/answer/106230?hl=106230,suggestion_action_text=Report this,should_start_for_result=true,allow_pinning=true,skip_logging_in_target_handler=true,suggestion_action_rpc=2,}ParentID: null targetID: c421b9f6-f3f0-42ee-838d-b475b9d151b7
07-27 05:12:37.030  1306  1306 D SearchTargetUtil: layoutType=short_icon_row resultType=131072 packageName=com.google.android.googlequicksearchbox extras=Bundle{suggestion_type=33,suggest_truncate_start=false,is_answer=false,is_entity=false,is_personal=false,suggest_raw_text=google messages chat themes,input_query=android.app.search.Query@5457cbf,group_id=web148395,response_id=0219f86c-e126-4e8f-8681-858696868c01,support_query_builder=false,} searchAction=google messages chat themes searchActionExtras=Bundle{learn_more_url=https://support.google.com/websearch/answer/106230?hl=106230,suggestion_action_text=Report this,should_start_for_result=true,allow_pinning=true,skip_logging_in_target_handler=true,suggestion_action_rpc=2,}ParentID: null targetID: cf4079ad-2fdc-4120-a335-f519e7f63ce2
07-27 05:12:37.030  1306  1306 D SearchTargetUtil: layoutType=short_icon_row resultType=131072 packageName=com.google.android.googlequicksearchbox extras=Bundle{suggestion_type=33,suggest_truncate_start=false,is_answer=false,is_entity=false,is_personal=false,suggest_raw_text=lincoln memorial reflecting pool,input_query=android.app.search.Query@5457cbf,group_id=web148395,response_id=0219f86c-e126-4e8f-8681-858696868c01,support_query_builder=false,} searchAction=lincoln memorial reflecting pool searchActionExtras=Bundle{learn_more_url=https://support.google.com/websearch/answer/106230?hl=106230,suggestion_action_text=Report this,should_start_for_result=true,allow_pinning=true,skip_logging_in_target_handler=true,suggestion_action_rpc=2,}ParentID: null targetID: 4d64b98b-0cbe-422c-bc49-109578f64a41
07-27 05:12:37.030  1306  1306 D SearchTargetUtil: layoutType=short_icon_row resultType=131072 packageName=com.google.android.googlequicksearchbox extras=Bundle{suggestion_type=33,suggest_truncate_start=false,is_answer=false,is_entity=false,is_personal=false,suggest_raw_text=a different world netflix sequel,input_query=android.app.search.Query@5457cbf,group_id=web148395,response_id=0219f86c-e126-4e8f-8681-858696868c01,support_query_builder=false,} searchAction=a different world netflix sequel searchActionExtras=Bundle{learn_more_url=https://support.google.com/websearch/answer/106230?hl=106230,suggestion_action_text=Report this,should_start_for_result=true,allow_pinning=true,skip_logging_in_target_handler=true,suggestion_action_rpc=2,}ParentID: null targetID: d54317eb-b5d2-47b6-a948-470dbacfecb6
07-27 05:12:37.030  1306  1306 D SearchTargetUtil: layoutType=short_icon_row resultType=131072 packageName=com.google.android.googlequicksearchbox extras=Bundle{suggestion_type=33,suggest_truncate_start=false,is_answer=false,is_entity=false,is_personal=false,suggest_raw_text=daniel ingham tt crash,input_query=android.app.search.Query@5457cbf,group_id=web148395,response_id=0219f86c-e126-4e8f-8681-858696868c01,support_query_builder=false,} searchAction=daniel ingham tt crash searchActionExtras=Bundle{learn_more_url=https://support.google.com/websearch/answer/106230?hl=106230,suggestion_action_text=Report this,should_start_for_result=true,allow_pinning=true,skip_logging_in_target_handler=true,suggestion_action_rpc=2,}ParentID: null targetID: 9d418dd6-bcf3-4cc7-8732-500730d9105d
07-27 05:12:37.030  1306  1306 D SearchTargetUtil: layoutType=short_icon_row resultType=131072 packageName=com.google.android.googlequicksearchbox extras=Bundle{suggestion_type=33,suggest_truncate_start=false,is_answer=false,is_entity=false,is_personal=false,suggest_raw_text=copperhead srt hyper muscle car,input_query=android.app.search.Query@5457cbf,group_id=web148395,response_id=0219f86c-e126-4e8f-8681-858696868c01,support_query_builder=false,} searchAction=copperhead srt hyper muscle car searchActionExtras=Bundle{learn_more_url=https://support.google.com/websearch/answer/106230?hl=106230,suggestion_action_text=Report this,should_start_for_result=true,allow_pinning=true,skip_logging_in_target_handler=true,suggestion_action_rpc=2,}ParentID: null targetID: 988069be-e01b-453d-8f20-6f6d9e289597
07-27 05:12:37.030  1306  1306 D SearchTargetUtil: layoutType=short_icon_row resultType=131072 packageName=com.google.android.googlequicksearchbox extras=Bundle{suggestion_type=33,suggest_truncate_start=false,is_answer=false,is_entity=false,is_personal=false,suggest_raw_text=jeep grand cherokee airbag recall,input_query=android.app.search.Query@5457cbf,group_id=web148395,response_id=0219f86c-e126-4e8f-8681-858696868c01,support_query_builder=false,} searchAction=jeep grand cherokee airbag recall searchActionExtras=Bundle{learn_more_url=https://support.google.com/websearch/answer/106230?hl=106230,suggestion_action_text=Report this,should_start_for_result=true,allow_pinning=true,skip_logging_in_target_handler=true,suggestion_action_rpc=2,}ParentID: null targetID: dfe9cf6c-50a8-4773-a3f7-82a87d511842
07-27 05:12:37.030  1306  1306 D SearchTargetUtil: layoutType=short_icon_row resultType=131072 packageName=com.google.android.googlequicksearchbox extras=Bundle{suggestion_type=33,suggest_truncate_start=false,is_answer=false,is_entity=false,is_personal=false,suggest_raw_text=laos cave rescue,input_query=android.app.search.Query@5457cbf,group_id=web148395,response_id=0219f86c-e126-4e8f-8681-858696868c01,support_query_builder=false,} searchAction=laos cave rescue searchActionExtras=Bundle{learn_more_url=https://support.google.com/websearch/answer/106230?hl=106230,suggestion_action_text=Report this,should_start_for_result=true,allow_pinning=true,skip_logging_in_target_handler=true,suggestion_action_rpc=2,}ParentID: null targetID: 3a8e165a-c5a9-4221-aace-9400b4102376
07-27 05:12:37.030  1306  1306 D SearchTargetUtil: layoutType=short_icon_row resultType=131072 packageName=com.google.android.googlequicksearchbox extras=Bundle{suggestion_type=33,suggest_truncate_start=false,is_answer=false,is_entity=false,is_personal=false,suggest_raw_text=belmont stakes,input_query=android.app.search.Query@5457cbf,group_id=web148395,response_id=0219f86c-e126-4e8f-8681-858696868c01,support_query_builder=false,} searchAction=belmont stakes searchActionExtras=Bundle{learn_more_url=https://support.google.com/websearch/answer/106230?hl=106230,suggestion_action_text=Report this,should_start_for_result=true,allow_pinning=true,skip_logging_in_target_handler=true,suggestion_action_rpc=2,}ParentID: null targetID: 780cbd6c-b285-4524-967b-af6b820d35a5
07-27 05:12:37.060  1596  3289 I BugleDataModel: ParticipantFullRefresh: Number of participants refreshed: 0
07-27 05:12:37.061  1596  3289 I BugleDataModel: ActionExecutorImpl: ACTION_RESPONSE_QUEUED_SelfParticipantsRefreshAction
07-27 05:12:37.066  1596  3304 I BugleDataModel: ActionExecutorImpl: Stopping ActionService
07-27 05:12:37.080  1596  1717 W Bugle   : TextClassifierLibManagerImpl: Reclaiming memory at level: 40
07-27 05:12:37.085  1596  3304 I Bugle   : getRawTelephonyPhoneNumber redacted-pii[12-chars] [CONTEXT sub_id=1 ]
07-27 05:12:37.086  1596  3304 I Bugle   : SubscriptionUtils.getCanonicalForSelf: self=redacted-pii[12-chars], country=US [CONTEXT sub_id=1 ]
07-27 05:12:37.089  1306  1313 W System  : A resource failed to call release. 
07-27 05:12:37.089  1306  1313 W s.nexuslauncher: ApkAssets: Deleting an ApkAssets object '<empty> and /system_ext/priv-app/SystemUIGoogle/SystemUIGoogle.apk' with 1 weak references
07-27 05:12:37.089  1306  1313 W s.nexuslauncher: ApkAssets: Deleting an ApkAssets object '/vendor/overlay/SystemUIGoogle__sdk_gphone64_arm64__auto_generated_rro_vendor.apk' with 1 weak references
07-27 05:12:37.089  1306  1313 W s.nexuslauncher: ApkAssets: Deleting an ApkAssets object '/product/overlay/SystemUIGoogle__sdk_gphone64_arm64__auto_generated_rro_product.apk' with 1 weak references
07-27 05:12:37.089  1306  1313 W s.nexuslauncher: ApkAssets: Deleting an ApkAssets object '/product/overlay/SystemUIEmulationPixel8/SystemUIEmulationPixel8Overlay.apk' with 1 weak references
07-27 05:12:37.090  1306  1313 W s.nexuslauncher: ApkAssets: Deleting an ApkAssets object '<empty> and /product/app/Drive/Drive.apk' with 1 weak references
07-27 05:12:37.090  1306  1313 W s.nexuslauncher: ApkAssets: Deleting an ApkAssets object '<empty> and /product/app/Maps/Maps.apk' with 1 weak references
07-27 05:12:37.090  1306  1313 W s.nexuslauncher: ApkAssets: Deleting an ApkAssets object '<empty> and /product/app/Photos/Photos.apk' with 1 weak references
07-27 05:12:37.090  1306  1313 W s.nexuslauncher: ApkAssets: Deleting an ApkAssets object '<empty> and /product/priv-app/WellbeingPrebuilt/WellbeingPrebuilt.apk' with 1 weak references
07-27 05:12:37.091  1306  1313 W s.nexuslauncher: ApkAssets: Deleting an ApkAssets object '<empty> and /product/app/YouTubeMusicPrebuilt/YouTubeMusicPrebuilt.apk' with 1 weak references
07-27 05:12:37.091  1306  1313 W s.nexuslauncher: ApkAssets: Deleting an ApkAssets object '<empty> and /product/app/CalendarGooglePrebuilt/CalendarGooglePrebuilt.apk' with 1 weak references
07-27 05:12:37.099  1306  1313 W s.nexuslauncher: ApkAssets: Deleting an ApkAssets object '<empty> and /product/app/GoogleContacts/GoogleContacts.apk' with 1 weak references
07-27 05:12:37.099  1306  1313 W s.nexuslauncher: ApkAssets: Deleting an ApkAssets object '<empty> and /product/app/PrebuiltDeskClockGoogle/PrebuiltDeskClockGoogle.apk' with 1 weak references
07-27 05:12:37.099  1306  1313 W s.nexuslauncher: ApkAssets: Deleting an ApkAssets object '<empty> and /product/priv-app/Velvet/Velvet.apk' with 1 weak references
07-27 05:12:37.100  1306  1313 W s.nexuslauncher: ApkAssets: Deleting an ApkAssets object '<empty> and /product/priv-app/SettingsIntelligenceGooglePrebuilt/SettingsIntelligenceGooglePrebuilt.apk' with 1 weak references
07-27 05:12:37.100  1306  1313 W s.nexuslauncher: ApkAssets: Deleting an ApkAssets object '<empty> and /product/app/YouTube/YouTube.apk' with 1 weak references
07-27 05:12:37.102  1306  1313 W System  : A resource failed to call release. 
07-27 05:12:37.102  1306  1313 W System  : A resource failed to call release. 
07-27 05:12:37.102  1306  1313 W System  : A resource failed to call release. 
07-27 05:12:37.106  1596  3304 I BugleSelfIdentity: Nothing changed in MyIdentity as phone number does not change [CONTEXT sub_id=1 ]
07-27 05:12:37.125  3302  3302 D AndroidRuntime: >>>>>> START com.android.internal.os.RuntimeInit uid 2000 <<<<<<
07-27 05:12:37.133  3302  3302 I AndroidRuntime: Using default boot image
07-27 05:12:37.133  3302  3302 I AndroidRuntime: Leaving lock profiling enabled
07-27 05:12:37.136  3302  3302 I app_process: Core platform API reporting enabled, enforcing=false
07-27 05:12:37.137  3302  3302 I app_process: Using CollectorTypeCMC GC.
07-27 05:12:37.229  3302  3302 D nativeloader: InitDefaultPublicLibraries for_preload=1: libandroid.so:libaaudio.so:libamidi.so:libbinder_ndk.so:libc.so:libcamera2ndk.so:libdl.so:libEGL.so:libGLESv1_CM.so:libGLESv2.so:libGLESv3.so:libicu.so:libicui18n.so:libicuuc.so:libjnigraphics.so:liblog.so:libmediandk.so:libm.so:libnativehelper.so:libnativewindow.so:libOpenMAXAL.so:libOpenSLES.so:libRS.so:libstdc++.so:libsync.so:libvulkan.so:libwebviewchromium_plat_support.so:libz.so
07-27 05:12:37.236  3302  3302 D nativeloader: Load libicu_jni.so using APEX ns com_android_art for caller /apex/com.android.art/javalib/core-oj.jar: ok
07-27 05:12:37.236  3302  3302 D app_process: u_setTimeZoneFilesDirectory("/apex/com.android.tzdata/etc/tz/versioned/8/icu") succeeded. 
07-27 05:12:37.236  3302  3302 D app_process: I18n APEX ICU file found: /apex/com.android.i18n/etc/icu/icudt75l.dat
07-27 05:12:37.237  3302  3302 D nativeloader: Load libjavacore.so using APEX ns com_android_art for caller /apex/com.android.art/javalib/core-oj.jar: ok
07-27 05:12:37.237  3302  3302 D nativeloader: Load libopenjdk.so using APEX ns com_android_art for caller /apex/com.android.art/javalib/core-oj.jar: ok
07-27 05:12:37.256  3302  3302 D nativeloader: Load libframework-connectivity-tiramisu-jni.so using APEX ns com_android_tethering for caller /apex/com.android.tethering/javalib/framework-connectivity-t.jar: ok
07-27 05:12:37.256  3302  3302 D AndroidRuntime: Calling main entry com.android.commands.monkey.Monkey
07-27 05:12:37.256  3302  3302 W Monkey  : args: [-p, com.mediology.sinsinapp, 1]
07-27 05:12:37.261  3302  3302 W Monkey  :  arg: "-p"
07-27 05:12:37.261  3302  3302 W Monkey  :  arg: "com.mediology.sinsinapp"
07-27 05:12:37.261  3302  3302 W Monkey  :  arg: "1"
07-27 05:12:37.261  3302  3302 W Monkey  : data="com.mediology.sinsinapp"
07-27 05:12:37.291   576  1307 W ActivityManager: registerReceiverWithFeature: no app for null
07-27 05:12:37.339   576  2029 W ActivityTaskManager: callingPackage for (uid=2000, pid=3302) has no WPC
07-27 05:12:37.351   576  2029 W OptProp : Cannot read opt property android.window.PROPERTY_COMPAT_ALLOW_USER_ASPECT_RATIO_OVERRIDE
07-27 05:12:37.352   576  2029 W OptProp : Cannot read opt property android.window.PROPERTY_COMPAT_ALLOW_USER_ASPECT_RATIO_FULLSCREEN_OVERRIDE
07-27 05:12:37.352   576  2029 W OptProp : Cannot read opt property android.window.PROPERTY_COMPAT_ALLOW_ORIENTATION_OVERRIDE
07-27 05:12:37.359   576  2029 V GrammaticalInflectionUtils: AttributionSource: AttributionSource { uid = 10208, packageName = null, attributionTag = null, token = android.os.Binder@1c6eaf0, deviceId = 0, next = null } does not have READ_SYSTEM_GRAMMATICAL_GENDER permission.
07-27 05:12:37.361   576  2029 W OptProp : Cannot read opt property android.window.PROPERTY_COMPAT_ALLOW_RESIZEABLE_ACTIVITY_OVERRIDES
07-27 05:12:37.361   576  2029 W OptProp : Cannot read opt property android.window.PROPERTY_COMPAT_ALLOW_MIN_ASPECT_RATIO_OVERRIDE
07-27 05:12:37.373   576  2029 V SplashScreenExceptionList: SplashScreen checking exception for package com.mediology.sinsinapp (target sdk:35) -> false
07-27 05:12:37.406   576  2029 I ActivityTaskManager: START u0 {act=android.intent.action.MAIN cat=[android.intent.category.LAUNCHER] flg=0x10200000 cmp=com.mediology.sinsinapp/.MainActivity} with LAUNCH_SINGLE_TASK from uid 2000 (BAL_ALLOW_PERMISSION) result code=0
07-27 05:12:37.406   820   893 V WindowManagerShell: Transition requested (#14): android.os.BinderProxy@35e9ed8 TransitionRequestInfo { type = OPEN, triggerTask = TaskInfo{userId=0 taskId=76 displayId=0 isRunning=true baseIntent=Intent { act=android.intent.action.MAIN cat=[android.intent.category.LAUNCHER] flg=0x10200000 cmp=com.mediology.sinsinapp/.MainActivity } baseActivity=ComponentInfo{com.mediology.sinsinapp/com.mediology.sinsinapp.MainActivity} topActivity=ComponentInfo{com.mediology.sinsinapp/com.mediology.sinsinapp.MainActivity} origActivity=null realActivity=ComponentInfo{com.mediology.sinsinapp/com.mediology.sinsinapp.MainActivity} numActivities=1 lastActiveTime=150535 supportsMultiWindow=true resizeMode=1 isResizeable=true minWidth=-1 minHeight=-1 defaultMinSize=220 token=WCT{android.window.IWindowContainerToken$Stub$Proxy@6bfa231} topActivityType=1 pictureInPictureParams=null shouldDockBigOverlays=false launchIntoPipHostTaskId=-1 lastParentTaskIdBeforePip=-1 displayCutoutSafeInsets=Rect(0, 132 - 0, 0) topActivityInfo=ActivityInfo{5e92d16 com.mediology.sinsinapp.MainActivity} launchCookies=[] positionInParent=Point(0, 0) parentTaskId=-1 isFocused=false isVisible=false isVisibleRequested=false isSleeping=false locusId=null displayAreaFeatureId=1 isTopActivityTransparent=false appCompatTaskInfo=AppCompatTaskInfo { topActivityInSizeCompat=false topActivityEligibleForLetterboxEducation= falseisLetterboxEducationEnabled= true isLetterboxDoubleTapEnabled= false topActivityEligibleForUserAspectRatioButton= false topActivityBoundsLetterboxed= false isFromLetterboxDoubleTap= false topActivityLetterboxVerticalPosition= -1 topActivityLetterboxHorizontalPosition= -1 topActivityLetterboxWidth=1080 topActivityLetterboxHeight=2400 isUserFullscreenOverrideEnabled=false isSystemFullscreenOverrideEnabled=false cameraCompatTaskInfo=CameraCompatTaskInfo { cameraCompatControlState=hidden freeformCameraCompatMode=inactive}}}, pipTask = null, remoteTransition = null, displayChange = null, flags = 0, debugId = 14 }
07-27 05:12:37.407  3302  3302 I Monkey  : Events injected: 1
07-27 05:12:37.410   576   600 V GrammaticalInflectionUtils: AttributionSource: AttributionSource { uid = 10208, packageName = null, attributionTag = null, token = android.os.Binder@1c6eaf0, deviceId = 0, next = null } does not have READ_SYSTEM_GRAMMATICAL_GENDER permission.
07-27 05:12:37.413  1306  1306 W SplitSelectStateCtor: Missing session instanceIds
07-27 05:12:37.413  1306  1306 D StatsLog: LAUNCHER_SPLIT_SELECTION_EXIT_INTERRUPTED
07-27 05:12:37.416   820   893 D WindowManagerShell: setLauncherKeepClearAreaHeight: visible=false, height=527
07-27 05:12:37.418  3302  3302 I Monkey  : ## Network stats: elapsed time=76ms (0ms mobile, 0ms wifi, 76ms not connected)
07-27 05:12:37.419  3302  3302 I app_process: System.exit called, status: 0
07-27 05:12:37.419  3302  3302 I AndroidRuntime: VM exiting with result code 0.
07-27 05:12:37.421   473   516 W IPCThreadState: Sending oneway calls to frozen process.
07-27 05:12:37.423   431   431 I BpBinder: onLastStrongRef automatically unlinking death recipients: 
07-27 05:12:37.447   576   757 I AppWidgetServiceImpl: Received broadcast: android.intent.action.PACKAGE_UNSTOPPED on user 0
07-27 05:12:37.459   576   757 I AppWidgetServiceImpl: Updating package stopped masked state for uid 10208 package com.mediology.sinsinapp isStopped false
07-27 05:12:37.460  1306  1306 I TopTaskTracker: onTaskMovedToFront: (moved taskInfo to front) taskId=76, baseIntent=Intent { act=android.intent.action.MAIN cat=[android.intent.category.LAUNCHER] flg=0x10200000 cmp=com.mediology.sinsinapp/.MainActivity }
07-27 05:12:37.467   381   381 D Zygote  : Forked child process 3315
07-27 05:12:37.490   576   609 W ActivityManager: Slow operation: 60ms so far, now at startProcess: returned from zygote!
07-27 05:12:37.495  3315  3315 I ology.sinsinapp: Late-enabling -Xcheck:jni
07-27 05:12:37.502   820  1013 D SplashScreenView: Build android.window.SplashScreenView{ac304a2 V.E...... ......ID 0,0-0,0}
07-27 05:12:37.502   820  1013 D SplashScreenView: Icon: view: android.widget.ImageView{7be8533 V.ED..... ......I. 0,0-0,0 #1020504 android:id/splashscreen_icon_view} drawable: com.android.wm.shell.startingsurface.SplashscreenIconDrawableFactory$ImmobileIconDrawable@12670f0 size: 420
07-27 05:12:37.502   820  1013 D SplashScreenView: Branding: view: android.view.View{d676669 G.ED..... ......I. 0,0-0,0 #1020503 android:id/splashscreen_branding_view} drawable: null size w: 0 h: 0
07-27 05:12:37.504   576   609 W ActivityManager: Slow operation: 94ms so far, now at startProcess: done updating battery stats
07-27 05:12:37.504   576   609 W ActivityManager: Slow operation: 94ms so far, now at startProcess: building log message
07-27 05:12:37.504   576   609 I ActivityManager: Start proc 3315:com.mediology.sinsinapp/u0a208 for next-top-activity {com.mediology.sinsinapp/com.mediology.sinsinapp.MainActivity}
07-27 05:12:37.504   576   609 W ActivityManager: Slow operation: 94ms so far, now at startProcess: starting to update pids map
07-27 05:12:37.507   576   609 W ActivityManager: Slow operation: 97ms so far, now at startProcess: done updating pids map
07-27 05:12:37.523   576   875 D CoreBackPreview: Window{5f7cbe u0 Splash Screen com.mediology.sinsinapp}: Setting back callback OnBackInvokedCallbackInfo{mCallback=android.window.IOnBackInvokedCallback$Stub$Proxy@2e8e235, mPriority=0, mIsAnimationCallback=false}
07-27 05:12:37.560  1306  1545 D EGL_emulation: app_time_stats: avg=442.31ms min=14.25ms max=1197.91ms count=5
07-27 05:12:37.593  3315  3315 I ology.sinsinapp: Using CollectorTypeCMC GC.
07-27 05:12:37.609  3315  3315 D nativeloader: Load libframework-connectivity-tiramisu-jni.so using APEX ns com_android_tethering for caller /apex/com.android.tethering/javalib/framework-connectivity-t.jar: ok
07-27 05:12:37.679   443   486 I adbd    : jdwp connection from 3315
07-27 05:12:37.727   576   597 V WindowManager: Sent Transition (#14) createdAt=07-27 05:12:37.361 via request=TransitionRequestInfo { type = OPEN, triggerTask = TaskInfo{userId=0 taskId=76 displayId=0 isRunning=true baseIntent=Intent { act=android.intent.action.MAIN cat=[android.intent.category.LAUNCHER] flg=0x10200000 cmp=com.mediology.sinsinapp/.MainActivity } baseActivity=ComponentInfo{com.mediology.sinsinapp/com.mediology.sinsinapp.MainActivity} topActivity=ComponentInfo{com.mediology.sinsinapp/com.mediology.sinsinapp.MainActivity} origActivity=null realActivity=ComponentInfo{com.mediology.sinsinapp/com.mediology.sinsinapp.MainActivity} numActivities=1 lastActiveTime=150535 supportsMultiWindow=true resizeMode=1 isResizeable=true minWidth=-1 minHeight=-1 defaultMinSize=220 token=WCT{RemoteToken{91c6596 Task{1b3fdc5 #76 type=standard A=10208:com.mediology.sinsinapp}}} topActivityType=1 pictureInPictureParams=null shouldDockBigOverlays=false launchIntoPipHostTaskId=-1 lastParentTaskIdBeforePip=-1 displayCutoutSafeInsets=Rect(0, 132 - 0, 0) topActivityInfo=ActivityInfo{f2517 com.mediology.sinsinapp.MainActivity} launchCookies=[] positionInParent=Point(0, 0) parentTaskId=-1 isFocused=false isVisible=false isVisibleRequested=false isSleeping=false locusId=null displayAreaFeatureId=1 isTopActivityTransparent=false appCompatTaskInfo=AppCompatTaskInfo { topActivityInSizeCompat=false topActivityEligibleForLetterboxEducation= falseisLetterboxEducationEnabled= true isLetterboxDoubleTapEnabled= false topActivityEligibleForUserAspectRatioButton= false topActivityBoundsLetterboxed= false isFromLetterboxDoubleTap= false topActivityLetterboxVerticalPosition= -1 topActivityLetterboxHorizontalPosition= -1 topActivityLetterboxWidth=1080 topActivityLetterboxHeight=2400 isUserFullscreenOverrideEnabled=false isSystemFullscreenOverrideEnabled=false cameraCompatTaskInfo=CameraCompatTaskInfo { cameraCompatControlState=hidden freeformCameraCompatMode=inactive}}}, pipTask = null, remoteTransition = null, displayChange = null, flags = 0, debugId = 14 }
07-27 05:12:37.727   576   597 V WindowManager:     startWCT=WindowContainerTransaction { changes = {} hops = [] errorCallbackToken=null taskFragmentOrganizer=null }
07-27 05:12:37.727   576   597 V WindowManager:     info={id=14 t=OPEN f=0x0 trk=0 r=[0@Point(0, 0)] c=[
07-27 05:12:37.727   576   597 V WindowManager:         {WCT{RemoteToken{91c6596 Task{1b3fdc5 #76 type=standard A=10208:com.mediology.sinsinapp}}} m=OPEN f=NONE leash=Surface(name=Task=76)/@0xfac0358 sb=Rect(0, 0 - 1080, 2400) eb=Rect(0, 0 - 1080, 2400) d=0 taskParent=-1},
07-27 05:12:37.727   576   597 V WindowManager:         {WCT{RemoteToken{413c8b5 Task{fec3a03 #1 type=home}}} m=TO_BACK f=SHOW_WALLPAPER leash=Surface(name=Task=1)/@0xcb398cb sb=Rect(0, 0 - 1080, 2400) eb=Rect(0, 0 - 1080, 2400) d=0 taskParent=-1}
07-27 05:12:37.727   576   597 V WindowManager:     ]}
07-27 05:12:37.730   576  3328 W HWUI    : Failed to choose config with EGL_SWAP_BEHAVIOR_PRESERVED, retrying without...
07-27 05:12:37.730   576  3328 W HWUI    : Failed to initialize 101010-2 format, error = EGL_SUCCESS
07-27 05:12:37.740   820  1301 V WindowManagerShell: onTransitionReady(transaction=2473901163077)
07-27 05:12:37.741   820   893 V WindowManagerShell: onTransitionReady (#14) android.os.BinderProxy@35e9ed8: {id=14 t=OPEN f=0x0 trk=0 r=[0@Point(0, 0)] c=[{WCT{android.window.IWindowContainerToken$Stub$Proxy@1eff620} m=OPEN f=NONE leash=Surface(name=Task=76)/@0xc960edd sb=Rect(0, 0 - 1080, 2400) eb=Rect(0, 0 - 1080, 2400) d=0 taskParent=-1},{WCT{android.window.IWindowContainerToken$Stub$Proxy@ce9bbd9} m=TO_BACK f=SHOW_WALLPAPER leash=Surface(name=Task=1)/@0x59da52 sb=Rect(0, 0 - 1080, 2400) eb=Rect(0, 0 - 1080, 2400) d=0 taskParent=-1}]}
07-27 05:12:37.741   820   893 V WindowManagerShell: Playing animation for (#14) android.os.BinderProxy@35e9ed8@0
07-27 05:12:37.741   820   893 V WindowManagerShell:  try handler com.android.wm.shell.transition.DefaultMixedHandler@a891ec
07-27 05:12:37.741   820   893 V WindowManagerShell:  try handler com.android.wm.shell.keyguard.KeyguardTransitionHandler@cc439b5
07-27 05:12:37.741   820   893 V WindowManagerShell:  try handler com.android.wm.shell.pip.PipTransition@1fe84a
07-27 05:12:37.741   820   893 V WindowManagerShell:  try handler com.android.wm.shell.activityembedding.ActivityEmbeddingController@998a3bb
07-27 05:12:37.741   820   893 V WindowManagerShell:  try handler com.android.wm.shell.recents.RecentsTransitionHandler@582e0d8
07-27 05:12:37.741   820   893 V ShellRecents: RecentsTransitionHandler.startAnimation: no controller found
07-27 05:12:37.741   820   893 V WindowManagerShell:  try handler com.android.wm.shell.splitscreen.StageCoordinator@84bbc31
07-27 05:12:37.741   820   893 V WindowManagerShell:  try handler com.android.wm.shell.transition.RemoteTransitionHandler@a7c3f16
07-27 05:12:37.752   820   893 V WindowManagerShell: Transition doesn't have explicit remote, search filters for match for {id=14 t=OPEN f=0x0 trk=0 r=[0@Point(0, 0)] c=[{WCT{android.window.IWindowContainerToken$Stub$Proxy@1eff620} m=OPEN f=NONE leash=Surface(name=Task=76)/@0xc960edd sb=Rect(0, 0 - 1080, 2400) eb=Rect(0, 0 - 1080, 2400) d=0 taskParent=-1},{WCT{android.window.IWindowContainerToken$Stub$Proxy@ce9bbd9} m=TO_BACK f=SHOW_WALLPAPER leash=Surface(name=Task=1)/@0x59da52 sb=Rect(0, 0 - 1080, 2400) eb=Rect(0, 0 - 1080, 2400) d=0 taskParent=-1}]}
07-27 05:12:37.752   820   893 V WindowManagerShell:  Checking filter Pair{{types=[] flags=0x0] notFlags=0x0 checks=[{atype=undefined independent=true modes=[OPEN,TO_FRONT] flags=IN_TASK_WITH_EMBEDDED_ACTIVITY mustBeTask=false order=ANY topActivity=ComponentInfo{com.google.android.apps.nexuslauncher/com.google.android.apps.nexuslauncher.NexusLauncherActivity} launchCookie=null},{atype=undefined independent=true modes=[CLOSE,TO_BACK] flags=IN_TASK_WITH_EMBEDDED_ACTIVITY mustBeTask=false order=ANY topActivity=null launchCookie=null}]} RemoteTransition { remoteTransition = android.window.IRemoteTransition$Stub$Proxy@d61525b, appThread = android.app.IApplicationThread$Stub$Proxy@6e9faf8, debugName = OverlaySwipeBack }}
07-27 05:12:37.752   820   893 V WindowManagerShell:  Checking filter Pair{{types=[] flags=0x0] notFlags=0x0 checks=[{atype=dream independent=true modes=[OPEN,TO_FRONT] flags=NONE mustBeTask=false order=ANY topActivity=null launchCookie=null},{atype=home independent=true modes=[CLOSE,TO_BACK] flags=NONE mustBeTask=false order=ANY topActivity=null launchCookie=null}]} RemoteTransition { remoteTransition = android.window.IRemoteTransition$Stub$Proxy@fe79bd1, appThread = android.app.IApplicationThread$Stub$Proxy@bbd3636, debugName = LauncherToDream }}
07-27 05:12:37.752   820   893 V WindowManagerShell:  Checking filter Pair{{types=[] flags=0x0] notFlags=0x100 checks=[{atype=home independent=true modes=[OPEN,TO_FRONT] flags=NONE mustBeTask=false order=TOP topActivity=ComponentInfo{com.google.android.apps.nexuslauncher/com.google.android.apps.nexuslauncher.NexusLauncherActivity} launchCookie=null},{atype=standard independent=true modes=[CLOSE,TO_BACK] flags=NONE mustBeTask=false order=ANY topActivity=null launchCookie=null}]} RemoteTransition { remoteTransition = android.window.IRemoteTransition$Stub$Proxy@9d8b937, appThread = android.app.IApplicationThread$Stub$Proxy@13fcea4, debugName = QuickstepLaunchHome }}
07-27 05:12:37.752   820   893 V WindowManagerShell:  Delegate animation for (#14) to null
07-27 05:12:37.752   820   893 V WindowManagerShell:  try handler com.android.wm.shell.transition.DefaultTransitionHandler@d1cc069
07-27 05:12:37.752   820   893 V WindowManagerShell: start default transition animation, info = {id=14 t=OPEN f=0x0 trk=0 r=[0@Point(0, 0)] c=[{WCT{android.window.IWindowContainerToken$Stub$Proxy@1eff620} m=OPEN f=NONE leash=Surface(name=Task=76)/@0xc960edd sb=Rect(0, 0 - 1080, 2400) eb=Rect(0, 0 - 1080, 2400) d=0 taskParent=-1},{WCT{android.window.IWindowContainerToken$Stub$Proxy@ce9bbd9} m=TO_BACK f=SHOW_WALLPAPER leash=Surface(name=Task=1)/@0x59da52 sb=Rect(0, 0 - 1080, 2400) eb=Rect(0, 0 - 1080, 2400) d=0 taskParent=-1}]}
07-27 05:12:37.753   820   893 V WindowManagerShell: loadAnimation: anim=android.view.animation.AnimationSet@997499e animAttr=0x13 type=OPEN isEntrance=false
07-27 05:12:37.753   820   893 V WindowManagerShell: loadAnimation: anim=android.view.animation.AnimationSet@c0cac7f animAttr=0x12 type=OPEN isEntrance=true
07-27 05:12:37.754   820   893 V WindowManagerShell:  animated by com.android.wm.shell.transition.DefaultTransitionHandler@d1cc069
07-27 05:12:37.793   820   893 V WindowManagerShell: Transition animation finished (aborted=false), notifying core (#14) android.os.BinderProxy@35e9ed8@0
07-27 05:12:37.800   576  2029 W UserManagerService: Requested status bar icon for non-badged user 0
07-27 05:12:37.812  1306  1545 D EGL_emulation: app_time_stats: avg=1390.97ms min=1390.97ms max=1390.97ms count=1
07-27 05:12:37.841   576   597 V WindowManager: Finish Transition (#14): created at 07-27 05:12:37.361 collect-started=0.039ms request-sent=42.261ms started=46.461ms ready=359.431ms sent=364.97ms finished=479.616ms
07-27 05:12:37.847   820   893 V WindowManagerShell: Track 0 became idle
07-27 05:12:37.848   820   893 V WindowManagerShell: All active transition animations finished
07-27 05:12:37.848   820   893 W Looper  : Slow dispatch took 55ms wmshell.main h=android.os.Handler c=com.android.wm.shell.transition.DefaultTransitionHandler$$ExternalSyntheticLambda0@e126938 m=0
07-27 05:12:37.851  1306  1306 D VRI[NexusLauncherActivity]: visibilityChanged oldVisibility=true newVisibility=false
07-27 05:12:37.851   820  1047 D EGL_emulation: app_time_stats: avg=1131.00ms min=277.62ms max=1984.37ms count=2
07-27 05:12:37.890   576  1968 W UserManagerService: Requested status bar icon for non-badged user 0
07-27 05:12:37.896  1306  1306 D NexusLauncherModelDelegate: notifySmartspaceEvent: SmartspaceTargetEvent{mSmartspaceTarget=null, mSmartspaceActionId='null', mEventType=7}
07-27 05:12:37.927   576  1968 W UserManagerService: Requested status bar icon for non-badged user 0
07-27 05:12:37.928   820   893 W Looper  : Slow dispatch took 39ms wmshell.main h=android.os.Handler c=android.window.TaskOrganizer$1$$ExternalSyntheticLambda4@3360d11 m=0
07-27 05:12:38.032  3315  3315 D ApplicationLoaders: Returning zygote-cached class loader: /system_ext/framework/androidx.window.extensions.jar
07-27 05:12:38.032  3315  3315 D ApplicationLoaders: Returning zygote-cached class loader: /system_ext/framework/androidx.window.sidecar.jar
07-27 05:12:38.032  3315  3315 W ziparchive: Unable to open '/data/app/~~T93ezTjbxBbsJRS8KOfcCA==/com.mediology.sinsinapp-3n8TehE9cPS1H3Ob-w8QRA==/base.dm': No such file or directory
07-27 05:12:38.033  3315  3315 W ziparchive: Unable to open '/data/app/~~T93ezTjbxBbsJRS8KOfcCA==/com.mediology.sinsinapp-3n8TehE9cPS1H3Ob-w8QRA==/base.dm': No such file or directory
07-27 05:12:38.441  3315  3315 D nativeloader: Configuring clns-7 for other apk /data/app/~~T93ezTjbxBbsJRS8KOfcCA==/com.mediology.sinsinapp-3n8TehE9cPS1H3Ob-w8QRA==/base.apk. target_sdk_version=35, uses_libraries=, library_path=/data/app/~~T93ezTjbxBbsJRS8KOfcCA==/com.mediology.sinsinapp-3n8TehE9cPS1H3Ob-w8QRA==/lib/arm64:/data/app/~~T93ezTjbxBbsJRS8KOfcCA==/com.mediology.sinsinapp-3n8TehE9cPS1H3Ob-w8QRA==/base.apk!/lib/arm64-v8a, permitted_path=/data:/mnt/expand:/data/user/0/com.mediology.sinsinapp
07-27 05:12:38.443  3315  3315 D CompatChangeReporter: Compat change id reported: 202956589; UID 10208; state: ENABLED
07-27 05:12:38.459  3315  3315 V GraphicsEnvironment: Currently set values for:
07-27 05:12:38.460  3315  3315 V GraphicsEnvironment:   angle_gl_driver_selection_pkgs=[]
07-27 05:12:38.460  3315  3315 V GraphicsEnvironment:   angle_gl_driver_selection_values=[]
07-27 05:12:38.460  3315  3315 V GraphicsEnvironment: Global.Settings values are invalid: number of packages: 0, number of values: 0
07-27 05:12:38.460  3315  3315 V GraphicsEnvironment: Neither updatable production driver nor prerelease driver is supported.
07-27 05:12:38.470  3315  3315 W FirebaseApp: Default FirebaseApp failed to initialize because no default options were found. This usually means that com.google.gms:google-services was not applied to your gradle project.
07-27 05:12:38.471  3315  3315 I FirebaseInitProvider: FirebaseApp initialization unsuccessful
07-27 05:12:38.482  3315  3315 D CompatChangeReporter: Compat change id reported: 312399441; UID 10208; state: ENABLED
07-27 05:12:38.504  3315  3315 D CompatChangeReporter: Compat change id reported: 279646685; UID 10208; state: ENABLED
07-27 05:12:38.520  3315  3315 W SoLoader: Initializing SoLoader: 0
07-27 05:12:38.521  3315  3315 W SoLoader: Recording new base apk path: /data/app/~~T93ezTjbxBbsJRS8KOfcCA==/com.mediology.sinsinapp-3n8TehE9cPS1H3Ob-w8QRA==/base.apk
07-27 05:12:38.521  3315  3315 W SoLoader: Previously recorded 0 base apk paths.
07-27 05:12:38.523  3315  3315 I SoLoader: Preparing SO source: DirectorySoSource[root = /vendor/lib64 flags = 2]
07-27 05:12:38.523  3315  3315 I SoLoader: Preparing SO source: DirectorySoSource[root = /system/lib64 flags = 2]
07-27 05:12:38.523  3315  3315 I SoLoader: Preparing SO source: DirectApkSoSource[root = [/data/app/~~T93ezTjbxBbsJRS8KOfcCA==/com.mediology.sinsinapp-3n8TehE9cPS1H3Ob-w8QRA==/base.apk!/lib/arm64-v8a]]
07-27 05:12:38.557  3315  3315 I SoLoader: Preparing SO source: ApplicationSoSource[DirectorySoSource[root = /data/app/~~T93ezTjbxBbsJRS8KOfcCA==/com.mediology.sinsinapp-3n8TehE9cPS1H3Ob-w8QRA==/lib/arm64 flags = 0]]
07-27 05:12:38.557  3315  3315 I SoLoader: init finish: 4 SO sources prepared
07-27 05:12:38.557  3315  3315 W SoLoader: SoLoader initialized: 8
07-27 05:12:38.575  3315  3315 D nativeloader: Load /data/app/~~T93ezTjbxBbsJRS8KOfcCA==/com.mediology.sinsinapp-3n8TehE9cPS1H3Ob-w8QRA==/base.apk!/lib/arm64-v8a/libc++_shared.so using ns clns-7 from class loader (caller=/data/app/~~T93ezTjbxBbsJRS8KOfcCA==/com.mediology.sinsinapp-3n8TehE9cPS1H3Ob-w8QRA==/base.apk!classes7.dex): ok
07-27 05:12:38.582  3315  3315 D nativeloader: Load /data/app/~~T93ezTjbxBbsJRS8KOfcCA==/com.mediology.sinsinapp-3n8TehE9cPS1H3Ob-w8QRA==/base.apk!/lib/arm64-v8a/libjsi.so using ns clns-7 from class loader (caller=/data/app/~~T93ezTjbxBbsJRS8KOfcCA==/com.mediology.sinsinapp-3n8TehE9cPS1H3Ob-w8QRA==/base.apk!classes7.dex): ok
07-27 05:12:38.586  3315  3315 D nativeloader: Load /data/app/~~T93ezTjbxBbsJRS8KOfcCA==/com.mediology.sinsinapp-3n8TehE9cPS1H3Ob-w8QRA==/base.apk!/lib/arm64-v8a/libfbjni.so using ns clns-7 from class loader (caller=/data/app/~~T93ezTjbxBbsJRS8KOfcCA==/com.mediology.sinsinapp-3n8TehE9cPS1H3Ob-w8QRA==/base.apk!classes7.dex): ok
07-27 05:12:38.595  3315  3315 D nativeloader: Load /data/app/~~T93ezTjbxBbsJRS8KOfcCA==/com.mediology.sinsinapp-3n8TehE9cPS1H3Ob-w8QRA==/base.apk!/lib/arm64-v8a/libreactnative.so using ns clns-7 from class loader (caller=/data/app/~~T93ezTjbxBbsJRS8KOfcCA==/com.mediology.sinsinapp-3n8TehE9cPS1H3Ob-w8QRA==/base.apk!classes7.dex): ok
07-27 05:12:38.595  3315  3315 D jni_lib_merge: Entering merged library JNI_OnLoad.
07-27 05:12:38.595  3315  3315 D jni_lib_merge: Preparing 12 pre-merged libs (including stub)
07-27 05:12:38.595  3315  3315 D jni_lib_merge: Preparing to register libfabricjni_so.  onload_func: 0x7b87d3fa5c
07-27 05:12:38.595  3315  3315 D jni_lib_merge: Preparing to register libreact_devsupportjni_so.  onload_func: 0x7b87f5c720
07-27 05:12:38.595  3315  3315 D jni_lib_merge: Preparing to register libreact_featureflagsjni_so.  onload_func: 0x7b87f6ef88
07-27 05:12:38.595  3315  3315 D jni_lib_merge: Preparing to register libreact_newarchdefaults_so.  onload_func: 0x7b88014320
07-27 05:12:38.595  3315  3315 D jni_lib_merge: Preparing to register libreactnativeblob_so.  onload_func: 0x7b882264c4
07-27 05:12:38.595  3315  3315 D jni_lib_merge: Preparing to register libreactnativejni_so.  onload_func: 0x7b88269438
07-27 05:12:38.595  3315  3315 D jni_lib_merge: Preparing to register libreactnativejni_common_so.  onload_func: 0x7b88279e2c
07-27 05:12:38.595  3315  3315 D jni_lib_merge: Preparing to register librninstance_so.  onload_func: 0x7b882c3c58
07-27 05:12:38.595  3315  3315 D jni_lib_merge: Preparing to register libturbomodulejsijni_so.  onload_func: 0x7b88420d60
07-27 05:12:38.595  3315  3315 D jni_lib_merge: Preparing to register libuimanagerjni_so.  onload_func: 0x7b88439b00
07-27 05:12:38.595  3315  3315 D jni_lib_merge: Preparing to register libyoga_so.  onload_func: 0x7b88449584
07-27 05:12:38.595  3315  3315 D jni_lib_merge: About to register 11 actual methods.
07-27 05:12:38.610  3315  3315 D nativeloader: Load /data/app/~~T93ezTjbxBbsJRS8KOfcCA==/com.mediology.sinsinapp-3n8TehE9cPS1H3Ob-w8QRA==/base.apk!/lib/arm64-v8a/libreact_codegen_rnscreens.so using ns clns-7 from class loader (caller=/data/app/~~T93ezTjbxBbsJRS8KOfcCA==/com.mediology.sinsinapp-3n8TehE9cPS1H3Ob-w8QRA==/base.apk!classes7.dex): ok
07-27 05:12:38.611  3315  3315 D jni_lib_merge: Entering merged library JNI_OnLoad.
07-27 05:12:38.611  3315  3315 D jni_lib_merge: Preparing 12 pre-merged libs (including stub)
07-27 05:12:38.611  3315  3315 D jni_lib_merge: Preparing to register libfabricjni_so.  onload_func: 0x7b87d3fa5c
07-27 05:12:38.611  3315  3315 D jni_lib_merge: Preparing to register libreact_devsupportjni_so.  onload_func: 0x7b87f5c720
07-27 05:12:38.611  3315  3315 D jni_lib_merge: Preparing to register libreact_featureflagsjni_so.  onload_func: 0x7b87f6ef88
07-27 05:12:38.611  3315  3315 D jni_lib_merge: Preparing to register libreact_newarchdefaults_so.  onload_func: 0x7b88014320
07-27 05:12:38.611  3315  3315 D jni_lib_merge: Preparing to register libreactnativeblob_so.  onload_func: 0x7b882264c4
07-27 05:12:38.611  3315  3315 D jni_lib_merge: Preparing to register libreactnativejni_so.  onload_func: 0x7b88269438
07-27 05:12:38.611  3315  3315 D jni_lib_merge: Preparing to register libreactnativejni_common_so.  onload_func: 0x7b88279e2c
07-27 05:12:38.611  3315  3315 D jni_lib_merge: Preparing to register librninstance_so.  onload_func: 0x7b882c3c58
07-27 05:12:38.611  3315  3315 D jni_lib_merge: Preparing to register libturbomodulejsijni_so.  onload_func: 0x7b88420d60
07-27 05:12:38.611  3315  3315 D jni_lib_merge: Preparing to register libuimanagerjni_so.  onload_func: 0x7b88439b00
07-27 05:12:38.611  3315  3315 D jni_lib_merge: Preparing to register libyoga_so.  onload_func: 0x7b88449584
07-27 05:12:38.611  3315  3315 D jni_lib_merge: About to register 11 actual methods.
07-27 05:12:38.618  3315  3315 D nativeloader: Load /data/app/~~T93ezTjbxBbsJRS8KOfcCA==/com.mediology.sinsinapp-3n8TehE9cPS1H3Ob-w8QRA==/base.apk!/lib/arm64-v8a/libreact_codegen_RNCSlider.so using ns clns-7 from class loader (caller=/data/app/~~T93ezTjbxBbsJRS8KOfcCA==/com.mediology.sinsinapp-3n8TehE9cPS1H3Ob-w8QRA==/base.apk!classes7.dex): ok
07-27 05:12:38.625  3315  3315 D nativeloader: Load /data/app/~~T93ezTjbxBbsJRS8KOfcCA==/com.mediology.sinsinapp-3n8TehE9cPS1H3Ob-w8QRA==/base.apk!/lib/arm64-v8a/libreact_codegen_rnsvg.so using ns clns-7 from class loader (caller=/data/app/~~T93ezTjbxBbsJRS8KOfcCA==/com.mediology.sinsinapp-3n8TehE9cPS1H3Ob-w8QRA==/base.apk!classes7.dex): ok
07-27 05:12:38.625  3315  3315 D jni_lib_merge: Entering merged library JNI_OnLoad.
07-27 05:12:38.625  3315  3315 D jni_lib_merge: Preparing 12 pre-merged libs (including stub)
07-27 05:12:38.625  3315  3315 D jni_lib_merge: Preparing to register libfabricjni_so.  onload_func: 0x7b87d3fa5c
07-27 05:12:38.625  3315  3315 D jni_lib_merge: Preparing to register libreact_devsupportjni_so.  onload_func: 0x7b87f5c720
07-27 05:12:38.625  3315  3315 D jni_lib_merge: Preparing to register libreact_featureflagsjni_so.  onload_func: 0x7b87f6ef88
07-27 05:12:38.625  3315  3315 D jni_lib_merge: Preparing to register libreact_newarchdefaults_so.  onload_func: 0x7b88014320
07-27 05:12:38.625  3315  3315 D jni_lib_merge: Preparing to register libreactnativeblob_so.  onload_func: 0x7b882264c4
07-27 05:12:38.625  3315  3315 D jni_lib_merge: Preparing to register libreactnativejni_so.  onload_func: 0x7b88269438
07-27 05:12:38.625  3315  3315 D jni_lib_merge: Preparing to register libreactnativejni_common_so.  onload_func: 0x7b88279e2c
07-27 05:12:38.625  3315  3315 D jni_lib_merge: Preparing to register librninstance_so.  onload_func: 0x7b882c3c58
07-27 05:12:38.625  3315  3315 D jni_lib_merge: Preparing to register libturbomodulejsijni_so.  onload_func: 0x7b88420d60
07-27 05:12:38.625  3315  3315 D jni_lib_merge: Preparing to register libuimanagerjni_so.  onload_func: 0x7b88439b00
07-27 05:12:38.625  3315  3315 D jni_lib_merge: Preparing to register libyoga_so.  onload_func: 0x7b88449584
07-27 05:12:38.625  3315  3315 D jni_lib_merge: About to register 11 actual methods.
07-27 05:12:38.630  3315  3315 D nativeloader: Load /data/app/~~T93ezTjbxBbsJRS8KOfcCA==/com.mediology.sinsinapp-3n8TehE9cPS1H3Ob-w8QRA==/base.apk!/lib/arm64-v8a/libreact_codegen_RNKC.so using ns clns-7 from class loader (caller=/data/app/~~T93ezTjbxBbsJRS8KOfcCA==/com.mediology.sinsinapp-3n8TehE9cPS1H3Ob-w8QRA==/base.apk!classes7.dex): ok
07-27 05:12:38.630  3315  3315 D jni_lib_merge: Entering merged library JNI_OnLoad.
07-27 05:12:38.630  3315  3315 D jni_lib_merge: Preparing 12 pre-merged libs (including stub)
07-27 05:12:38.630  3315  3315 D jni_lib_merge: Preparing to register libfabricjni_so.  onload_func: 0x7b87d3fa5c
07-27 05:12:38.630  3315  3315 D jni_lib_merge: Preparing to register libreact_devsupportjni_so.  onload_func: 0x7b87f5c720
07-27 05:12:38.630  3315  3315 D jni_lib_merge: Preparing to register libreact_featureflagsjni_so.  onload_func: 0x7b87f6ef88
07-27 05:12:38.630  3315  3315 D jni_lib_merge: Preparing to register libreact_newarchdefaults_so.  onload_func: 0x7b88014320
07-27 05:12:38.630  3315  3315 D jni_lib_merge: Preparing to register libreactnativeblob_so.  onload_func: 0x7b882264c4
07-27 05:12:38.630  3315  3315 D jni_lib_merge: Preparing to register libreactnativejni_so.  onload_func: 0x7b88269438
07-27 05:12:38.630  3315  3315 D jni_lib_merge: Preparing to register libreactnativejni_common_so.  onload_func: 0x7b88279e2c
07-27 05:12:38.630  3315  3315 D jni_lib_merge: Preparing to register librninstance_so.  onload_func: 0x7b882c3c58
07-27 05:12:38.630  3315  3315 D jni_lib_merge: Preparing to register libturbomodulejsijni_so.  onload_func: 0x7b88420d60
07-27 05:12:38.630  3315  3315 D jni_lib_merge: Preparing to register libuimanagerjni_so.  onload_func: 0x7b88439b00
07-27 05:12:38.630  3315  3315 D jni_lib_merge: Preparing to register libyoga_so.  onload_func: 0x7b88449584
07-27 05:12:38.630  3315  3315 D jni_lib_merge: About to register 11 actual methods.
07-27 05:12:38.634  3315  3315 D nativeloader: Load /data/app/~~T93ezTjbxBbsJRS8KOfcCA==/com.mediology.sinsinapp-3n8TehE9cPS1H3Ob-w8QRA==/base.apk!/lib/arm64-v8a/libreact_codegen_safeareacontext.so using ns clns-7 from class loader (caller=/data/app/~~T93ezTjbxBbsJRS8KOfcCA==/com.mediology.sinsinapp-3n8TehE9cPS1H3Ob-w8QRA==/base.apk!classes7.dex): ok
07-27 05:12:38.637  3315  3315 D nativeloader: Load /data/app/~~T93ezTjbxBbsJRS8KOfcCA==/com.mediology.sinsinapp-3n8TehE9cPS1H3Ob-w8QRA==/base.apk!/lib/arm64-v8a/libreact_codegen_TeleportViewSpec.so using ns clns-7 from class loader (caller=/data/app/~~T93ezTjbxBbsJRS8KOfcCA==/com.mediology.sinsinapp-3n8TehE9cPS1H3Ob-w8QRA==/base.apk!classes7.dex): ok
07-27 05:12:38.637  3315  3315 D jni_lib_merge: Entering merged library JNI_OnLoad.
07-27 05:12:38.637  3315  3315 D jni_lib_merge: Preparing 12 pre-merged libs (including stub)
07-27 05:12:38.637  3315  3315 D jni_lib_merge: Preparing to register libfabricjni_so.  onload_func: 0x7b87d3fa5c
07-27 05:12:38.637  3315  3315 D jni_lib_merge: Preparing to register libreact_devsupportjni_so.  onload_func: 0x7b87f5c720
07-27 05:12:38.637  3315  3315 D jni_lib_merge: Preparing to register libreact_featureflagsjni_so.  onload_func: 0x7b87f6ef88
07-27 05:12:38.637  3315  3315 D jni_lib_merge: Preparing to register libreact_newarchdefaults_so.  onload_func: 0x7b88014320
07-27 05:12:38.637  3315  3315 D jni_lib_merge: Preparing to register libreactnativeblob_so.  onload_func: 0x7b882264c4
07-27 05:12:38.637  3315  3315 D jni_lib_merge: Preparing to register libreactnativejni_so.  onload_func: 0x7b88269438
07-27 05:12:38.637  3315  3315 D jni_lib_merge: Preparing to register libreactnativejni_common_so.  onload_func: 0x7b88279e2c
07-27 05:12:38.637  3315  3315 D jni_lib_merge: Preparing to register librninstance_so.  onload_func: 0x7b882c3c58
07-27 05:12:38.637  3315  3315 D jni_lib_merge: Preparing to register libturbomodulejsijni_so.  onload_func: 0x7b88420d60
07-27 05:12:38.637  3315  3315 D jni_lib_merge: Preparing to register libuimanagerjni_so.  onload_func: 0x7b88439b00
07-27 05:12:38.637  3315  3315 D jni_lib_merge: Preparing to register libyoga_so.  onload_func: 0x7b88449584
07-27 05:12:38.637  3315  3315 D jni_lib_merge: About to register 11 actual methods.
07-27 05:12:38.644  3315  3315 D nativeloader: Load /data/app/~~T93ezTjbxBbsJRS8KOfcCA==/com.mediology.sinsinapp-3n8TehE9cPS1H3Ob-w8QRA==/base.apk!/lib/arm64-v8a/libappmodules.so using ns clns-7 from class loader (caller=/data/app/~~T93ezTjbxBbsJRS8KOfcCA==/com.mediology.sinsinapp-3n8TehE9cPS1H3Ob-w8QRA==/base.apk!classes7.dex): ok
07-27 05:12:38.761  3315  3315 E DevLauncherController: Failed to hide splash screen
07-27 05:12:38.761  3315  3315 E DevLauncherController: java.lang.ClassNotFoundException: expo.modules.splashscreen.SplashScreenManager
07-27 05:12:38.761  3315  3315 E DevLauncherController: 	at java.lang.Class.classForName(Native Method)
07-27 05:12:38.761  3315  3315 E DevLauncherController: 	at java.lang.Class.forName(Class.java:607)
07-27 05:12:38.761  3315  3315 E DevLauncherController: 	at java.lang.Class.forName(Class.java:512)
07-27 05:12:38.761  3315  3315 E DevLauncherController: 	at expo.modules.devlauncher.DevLauncherController$Companion.initialize$expo_dev_launcher_debug(DevLauncherController.kt:412)
07-27 05:12:38.761  3315  3315 E DevLauncherController: 	at expo.modules.devlauncher.DevLauncherController$Companion.initialize(DevLauncherController.kt:450)
07-27 05:12:38.761  3315  3315 E DevLauncherController: 	at expo.modules.devlauncher.DevLauncherController$Companion.initialize$default(DevLauncherController.kt:443)
07-27 05:12:38.761  3315  3315 E DevLauncherController: 	at expo.modules.devlauncher.DevLauncherPackageDelegate$createApplicationLifecycleListeners$1.onCreate(DevLauncherPackageDelegate.kt:40)
07-27 05:12:38.761  3315  3315 E DevLauncherController: 	at expo.modules.ApplicationLifecycleDispatcher.onApplicationCreate(ApplicationLifecycleDispatcher.kt:20)
07-27 05:12:38.761  3315  3315 E DevLauncherController: 	at com.mediology.sinsinapp.MainApplication.onCreate(MainApplication.kt:38)
07-27 05:12:38.761  3315  3315 E DevLauncherController: 	at android.app.Instrumentation.callApplicationOnCreate(Instrumentation.java:1386)
07-27 05:12:38.761  3315  3315 E DevLauncherController: 	at android.app.ActivityThread.handleBindApplication(ActivityThread.java:7504)
07-27 05:12:38.761  3315  3315 E DevLauncherController: 	at android.app.ActivityThread.-$$Nest$mhandleBindApplication(Unknown Source:0)
07-27 05:12:38.761  3315  3315 E DevLauncherController: 	at android.app.ActivityThread$H.handleMessage(ActivityThread.java:2416)
07-27 05:12:38.761  3315  3315 E DevLauncherController: 	at android.os.Handler.dispatchMessage(Handler.java:107)
07-27 05:12:38.761  3315  3315 E DevLauncherController: 	at android.os.Looper.loopOnce(Looper.java:232)
07-27 05:12:38.761  3315  3315 E DevLauncherController: 	at android.os.Looper.loop(Looper.java:317)
07-27 05:12:38.761  3315  3315 E DevLauncherController: 	at android.app.ActivityThread.main(ActivityThread.java:8705)
07-27 05:12:38.761  3315  3315 E DevLauncherController: 	at java.lang.reflect.Method.invoke(Native Method)
07-27 05:12:38.761  3315  3315 E DevLauncherController: 	at com.android.internal.os.RuntimeInit$MethodAndArgsCaller.run(RuntimeInit.java:580)
07-27 05:12:38.761  3315  3315 E DevLauncherController: 	at com.android.internal.os.ZygoteInit.main(ZygoteInit.java:886)
07-27 05:12:38.761  3315  3315 E DevLauncherController: Caused by: java.lang.ClassNotFoundException: Didn't find class "expo.modules.splashscreen.SplashScreenManager" on path: DexPathList[[zip file "/data/app/~~T93ezTjbxBbsJRS8KOfcCA==/com.mediology.sinsinapp-3n8TehE9cPS1H3Ob-w8QRA==/base.apk"],nativeLibraryDirectories=[/data/app/~~T93ezTjbxBbsJRS8KOfcCA==/com.mediology.sinsinapp-3n8TehE9cPS1H3Ob-w8QRA==/lib/arm64, /data/app/~~T93ezTjbxBbsJRS8KOfcCA==/com.mediology.sinsinapp-3n8TehE9cPS1H3Ob-w8QRA==/base.apk!/lib/arm64-v8a, /system/lib64, /system_ext/lib64]]
07-27 05:12:38.761  3315  3315 E DevLauncherController: 	at dalvik.system.BaseDexClassLoader.findClass(BaseDexClassLoader.java:259)
07-27 05:12:38.761  3315  3315 E DevLauncherController: 	at java.lang.ClassLoader.loadClass(ClassLoader.java:637)
07-27 05:12:38.761  3315  3315 E DevLauncherController: 	at java.lang.ClassLoader.loadClass(ClassLoader.java:573)
07-27 05:12:38.761  3315  3315 E DevLauncherController: 	... 20 more
07-27 05:12:38.798  3315  3339 D TrafficStats: tagSocket(87) with statsTag=0xffffffff, statsUid=-1
07-27 05:12:38.995   576   875 W OptProp : Cannot read opt property android.window.PROPERTY_COMPAT_ENABLE_FAKE_FOCUS
07-27 05:12:38.996   576   875 D CompatChangeReporter: Compat change id reported: 324203798; UID 10208; state: ENABLED
07-27 05:12:39.023  3315  3315 I Choreographer: Skipped 31 frames!  The application may be doing too much work on its main thread.
07-27 05:12:39.023   576  2029 I BroadcastQueue: BOOT_COMPLETED_BROADCAST_COMPLETION_LATENCY_REPORTED action:android.intent.action.BOOT_COMPLETED dispatchLatency:48 completeLatency:1224 dispatchRealLatency:48 completeRealLatency:1224 receiversSize:1 userId:0 userType:android.os.usertype.full.SYSTEM
07-27 05:12:39.065  3315  3315 D AppCompatDelegate: Checking for metadata for AppLocalesMetadataHolderService : Service not found
07-27 05:12:39.088  3315  3315 W ology.sinsinapp: Accessing hidden field Ljava/lang/reflect/Field;->accessFlags:I (unsupported, reflection, allowed)
07-27 05:12:39.094  3315  3315 D CompatChangeReporter: Compat change id reported: 309578419; UID 10208; state: ENABLED
07-27 05:12:39.108  3315  3315 W ology.sinsinapp: Accessing hidden method Landroid/view/ViewGroup;->makeOptionalFitsSystemWindows()V (unsupported, reflection, allowed)
07-27 05:12:39.128  3315  3349 D TrafficStats: tagSocket(98) with statsTag=0xffffffff, statsUid=-1
07-27 05:12:39.138  3315  3315 W HWUI    : Unknown dataspace 0
07-27 05:12:39.173   576  2029 D CoreBackPreview: Window{4001791 u0 com.mediology.sinsinapp/com.mediology.sinsinapp.MainActivity}: Setting back callback OnBackInvokedCallbackInfo{mCallback=android.window.IOnBackInvokedCallback$Stub$Proxy@1d4faf7, mPriority=0, mIsAnimationCallback=false}
07-27 05:12:39.237  3315  3346 I EGL_emulation: Opening libGLESv1_CM_emulation.so
07-27 05:12:39.237  3315  3346 I EGL_emulation: Opening libGLESv2_emulation.so
07-27 05:12:39.255  3315  3346 W HWUI    : Failed to choose config with EGL_SWAP_BEHAVIOR_PRESERVED, retrying without...
07-27 05:12:39.256  3315  3346 W HWUI    : Failed to initialize 101010-2 format, error = EGL_SUCCESS
07-27 05:12:39.267   158   158 I hwservicemanager: getTransport: Cannot find entry android.hardware.graphics.mapper@4.0::IMapper/default in either framework or device VINTF manifest.
07-27 05:12:39.271   157   157 I servicemanager: Caller(pid=3315,uid=10208,sid=u:r:untrusted_app:s0:c208,c256,c512,c768) Could not find android.hardware.graphics.allocator.IAllocator/default in the VINTF manifest. No alternative instances declared in VINTF.
07-27 05:12:39.268  3315  3346 I Gralloc4: mapper 4.x is not supported
07-27 05:12:39.287   576   597 W ziparchive: Unable to open '/data/app/~~T93ezTjbxBbsJRS8KOfcCA==/com.mediology.sinsinapp-3n8TehE9cPS1H3Ob-w8QRA==/base.dm': No such file or directory
07-27 05:12:39.287   576   597 I ActivityTaskManager: Displayed com.mediology.sinsinapp/.MainActivity for user 0: +1s951ms
07-27 05:12:39.299   820  1011 W WindowOnBackDispatcher: sendCancelIfRunning: isInProgress=false callback=android.view.ViewRootImpl$$ExternalSyntheticLambda11@a870025
07-27 05:12:39.300   576  2029 D CoreBackPreview: Window{5f7cbe u0 Splash Screen com.mediology.sinsinapp EXITING}: Setting back callback null
07-27 05:12:39.300   576  2029 W InputManager-JNI: Input channel object '5f7cbe Splash Screen com.mediology.sinsinapp (client)' was disposed without first being removed with the input manager!
07-27 05:12:39.302  1306  1306 D BaseDepthController: setSurface:
07-27 05:12:39.302  1306  1306 D BaseDepthController: 	mWaitingOnSurfaceValidity: false
07-27 05:12:39.302  1306  1306 D BaseDepthController: 	mSurface: null
07-27 05:12:39.307  1306  1306 D BaseDepthController: mSurface is null and mCurrentBlur is: 0
07-27 05:12:39.307  1306  1306 D StateManager: goToState - fromState: Normal, toState: Normal, partial trace:
07-27 05:12:39.307  1306  1306 D StateManager: 	at com.android.launcher3.statemanager.StateManager.moveToRestState(go/retraceme 31f9979659277bb965985aff1272c33e3c3c9e755b77166d20a2465454178f2c:4)
07-27 05:12:39.307  1306  1306 D StateManager: 	at com.android.launcher3.statemanager.StateManager.moveToRestState(go/retraceme 31f9979659277bb965985aff1272c33e3c3c9e755b77166d20a2465454178f2c:1)
07-27 05:12:39.307  1306  1306 D StateManager: 	at com.android.launcher3.statemanager.StatefulActivity.onStop(go/retraceme 31f9979659277bb965985aff1272c33e3c3c9e755b77166d20a2465454178f2c:34)
07-27 05:12:39.309  1306  1306 D StatsLog: LAUNCHER_ONSTOP
07-27 05:12:39.310   576  1307 I AppWidgetServiceImpl: setAppWidgetHidden() 0
07-27 05:12:39.316   473   516 W IPCThreadState: Sending oneway calls to frozen process.
07-27 05:12:39.318  1306  1740 D OneSearchSuggestProvider: Shut down the binder channel
07-27 05:12:39.319  1306  1615 I IPCThreadState: oneway function results for code 2 on binder at 0xb400007cc30e9860 will be dropped but finished with status UNKNOWN_TRANSACTION
07-27 05:12:39.319  1306  1306 D StatsLog: LAUNCHER_GOOGLE_SEARCH_RESTORE_LIST_SIZE_AFTER_ACTIVITY_RESTART
07-27 05:12:39.344   576  1307 W OptProp : Cannot read opt property android.window.PROPERTY_COMPAT_ALLOW_USER_ASPECT_RATIO_OVERRIDE
07-27 05:12:39.345   576  1307 W OptProp : Cannot read opt property android.window.PROPERTY_COMPAT_ALLOW_USER_ASPECT_RATIO_FULLSCREEN_OVERRIDE
07-27 05:12:39.345   576  1307 W OptProp : Cannot read opt property android.window.PROPERTY_COMPAT_ALLOW_ORIENTATION_OVERRIDE
07-27 05:12:39.346   576  1307 V GrammaticalInflectionUtils: AttributionSource: AttributionSource { uid = 10208, packageName = null, attributionTag = null, token = android.os.Binder@1c6eaf0, deviceId = 0, next = null } does not have READ_SYSTEM_GRAMMATICAL_GENDER permission.
07-27 05:12:39.346   576  1307 W OptProp : Cannot read opt property android.window.PROPERTY_COMPAT_ALLOW_RESIZEABLE_ACTIVITY_OVERRIDES
07-27 05:12:39.346   576  1307 W OptProp : Cannot read opt property android.window.PROPERTY_COMPAT_ALLOW_MIN_ASPECT_RATIO_OVERRIDE
07-27 05:12:39.362   576  1307 V SplashScreenExceptionList: SplashScreen checking exception for package com.mediology.sinsinapp (target sdk:35) -> false
07-27 05:12:39.373   576  1307 I ActivityTaskManager: START u0 {flg=0x10018000 cmp=com.mediology.sinsinapp/.MainActivity} with LAUNCH_SINGLE_TASK from uid 10208 (BAL_ALLOW_VISIBLE_WINDOW) result code=0
07-27 05:12:39.376   820   893 V WindowManagerShell: Transition requested (#15): android.os.BinderProxy@dbe9913 TransitionRequestInfo { type = OPEN, triggerTask = TaskInfo{userId=0 taskId=76 displayId=0 isRunning=true baseIntent=Intent { act=android.intent.action.MAIN cat=[android.intent.category.LAUNCHER] flg=0x10200000 cmp=com.mediology.sinsinapp/.MainActivity } baseActivity=ComponentInfo{com.mediology.sinsinapp/com.mediology.sinsinapp.MainActivity} topActivity=ComponentInfo{com.mediology.sinsinapp/com.mediology.sinsinapp.MainActivity} origActivity=null realActivity=ComponentInfo{com.mediology.sinsinapp/com.mediology.sinsinapp.MainActivity} numActivities=1 lastActiveTime=152482 supportsMultiWindow=true resizeMode=1 isResizeable=true minWidth=-1 minHeight=-1 defaultMinSize=220 token=WCT{android.window.IWindowContainerToken$Stub$Proxy@47d2750} topActivityType=1 pictureInPictureParams=null shouldDockBigOverlays=false launchIntoPipHostTaskId=-1 lastParentTaskIdBeforePip=-1 displayCutoutSafeInsets=Rect(0, 132 - 0, 0) topActivityInfo=ActivityInfo{3244d49 com.mediology.sinsinapp.MainActivity} launchCookies=[] positionInParent=Point(0, 0) parentTaskId=-1 isFocused=true isVisible=true isVisibleRequested=false isSleeping=false locusId=null displayAreaFeatureId=1 isTopActivityTransparent=false appCompatTaskInfo=AppCompatTaskInfo { topActivityInSizeCompat=false topActivityEligibleForLetterboxEducation= falseisLetterboxEducationEnabled= true isLetterboxDoubleTapEnabled= false topActivityEligibleForUserAspectRatioButton= false topActivityBoundsLetterboxed= false isFromLetterboxDoubleTap= false topActivityLetterboxVerticalPosition= -1 topActivityLetterboxHorizontalPosition= -1 topActivityLetterboxWidth=1080 topActivityLetterboxHeight=2400 isUserFullscreenOverrideEnabled=false isSystemFullscreenOverrideEnabled=false cameraCompatTaskInfo=CameraCompatTaskInfo { cameraCompatControlState=hidden freeformCameraCompatMode=inactive}}}, pipTask = null, remoteTransition = null, displayChange = null, flags = 0, debugId = 15 }
07-27 05:12:39.377   820  1047 D EGL_emulation: app_time_stats: avg=728.66ms min=3.15ms max=1454.17ms count=2
07-27 05:12:39.382   380   457 I netd    : tetherGetStats() -> {[]} <45.69ms>
07-27 05:12:39.382   576  1307 W OptProp : Cannot read opt property android.window.PROPERTY_COMPAT_ENABLE_FAKE_FOCUS
07-27 05:12:39.384  3315  3358 D TrafficStats: tagSocket(113) with statsTag=0xffffffff, statsUid=-1
07-27 05:12:39.389   431   431 I BpBinder: onLastStrongRef automatically unlinking death recipients: 
07-27 05:12:39.394  3315  3339 D TrafficStats: tagSocket(87) with statsTag=0xffffffff, statsUid=-1
07-27 05:12:39.406   820  1013 D SplashScreenView: Build android.window.SplashScreenView{e6fb36f V.E...... ......ID 0,0-0,0}
07-27 05:12:39.406   820  1013 D SplashScreenView: Icon: view: null drawable: null size: 0
07-27 05:12:39.406   820  1013 D SplashScreenView: Branding: view: android.view.View{515687c G.ED..... ......I. 0,0-0,0 #1020503 android:id/splashscreen_branding_view} drawable: null size w: 0 h: 0
07-27 05:12:39.420   576   695 I ImeTracker: com.mediology.sinsinapp:e9b2a043: onRequestHide at ORIGIN_SERVER reason HIDE_UNSPECIFIED_WINDOW fromUser false
07-27 05:12:39.420   576   695 I ImeTracker: com.mediology.sinsinapp:e9b2a043: onCancelled at PHASE_SERVER_SHOULD_HIDE
07-27 05:12:39.421   473   516 W IPCThreadState: Sending oneway calls to frozen process.
07-27 05:12:39.424  1370  1370 I GoogleInputMethodService: GoogleInputMethodService.onFinishInput():3157 
07-27 05:12:39.424  1370  1370 I GoogleInputMethodService: GoogleInputMethodService.updateDeviceLockedStatus():2248 repeatCheckTimes = 0, locked = false
07-27 05:12:39.424  1370  1370 I GoogleInputMethodService: GoogleInputMethodService.onStartInput():1986 onStartInput(EditorInfo{EditorInfo{packageName=com.mediology.sinsinapp, inputType=0, inputTypeString=NULL, enableLearning=false, autoCorrection=false, autoComplete=false, imeOptions=0, privateImeOptions=null, actionName=UNSPECIFIED, actionLabel=null, initialSelStart=-1, initialSelEnd=-1, initialCapsMode=0, label=null, fieldId=0, fieldName=null, extras=null, hintText=null, hintLocales=[]}}, false)
07-27 05:12:39.424  1370  1370 I GoogleInputMethodService: GoogleInputMethodService.updateDeviceLockedStatus():2248 repeatCheckTimes = 1, locked = false
07-27 05:12:39.425  1370  1370 I AndroidIME: InputBundleManager.loadActiveInputBundleId():450 loadActiveInputBundleId: und-Latn-x-password, password
07-27 05:12:39.425   576   643 W PackageConfigPersister: App-specific configuration not found for packageName: com.mediology.sinsinapp and userId: 0
07-27 05:12:39.493  3315  3315 D CompatChangeReporter: Compat change id reported: 291868760; UID 10208; state: ENABLED
07-27 05:12:39.512   576  2029 D CoreBackPreview: Window{bfc9856 u0 Splash Screen com.mediology.sinsinapp}: Setting back callback OnBackInvokedCallbackInfo{mCallback=android.window.IOnBackInvokedCallback$Stub$Proxy@4864dc4, mPriority=0, mIsAnimationCallback=false}
07-27 05:12:39.558  3315  3315 W unknown:BridgelessReact: ReactHost{0}.startSurface(surfaceId = 0): Schedule
07-27 05:12:39.559   820  1301 V WindowManagerShell: onTransitionReady(transaction=2473901163119)
07-27 05:12:39.559   576   597 V WindowManager: Sent Transition (#15) createdAt=07-27 05:12:39.347 via request=TransitionRequestInfo { type = OPEN, triggerTask = TaskInfo{userId=0 taskId=76 displayId=0 isRunning=true baseIntent=Intent { act=android.intent.action.MAIN cat=[android.intent.category.LAUNCHER] flg=0x10200000 cmp=com.mediology.sinsinapp/.MainActivity } baseActivity=ComponentInfo{com.mediology.sinsinapp/com.mediology.sinsinapp.MainActivity} topActivity=ComponentInfo{com.mediology.sinsinapp/com.mediology.sinsinapp.MainActivity} origActivity=null realActivity=ComponentInfo{com.mediology.sinsinapp/com.mediology.sinsinapp.MainActivity} numActivities=1 lastActiveTime=152482 supportsMultiWindow=true resizeMode=1 isResizeable=true minWidth=-1 minHeight=-1 defaultMinSize=220 token=WCT{RemoteToken{91c6596 Task{1b3fdc5 #76 type=standard A=10208:com.mediology.sinsinapp}}} topActivityType=1 pictureInPictureParams=null shouldDockBigOverlays=false launchIntoPipHostTaskId=-1 lastParentTaskIdBeforePip=-1 displayCutoutSafeInsets=Rect(0, 132 - 0, 0) topActivityInfo=ActivityInfo{e7c8230 com.mediology.sinsinapp.MainActivity} launchCookies=[] positionInParent=Point(0, 0) parentTaskId=-1 isFocused=true isVisible=true isVisibleRequested=false isSleeping=false locusId=null displayAreaFeatureId=1 isTopActivityTransparent=false appCompatTaskInfo=AppCompatTaskInfo { topActivityInSizeCompat=false topActivityEligibleForLetterboxEducation= falseisLetterboxEducationEnabled= true isLetterboxDoubleTapEnabled= false topActivityEligibleForUserAspectRatioButton= false topActivityBoundsLetterboxed= false isFromLetterboxDoubleTap= false topActivityLetterboxVerticalPosition= -1 topActivityLetterboxHorizontalPosition= -1 topActivityLetterboxWidth=1080 topActivityLetterboxHeight=2400 isUserFullscreenOverrideEnabled=false isSystemFullscreenOverrideEnabled=false cameraCompatTaskInfo=CameraCompatTaskInfo { cameraCompatControlState=hidden freeformCameraCompatMode=inactive}}}, pipTask = null, remoteTransition = null, displayChange = null, flags = 0, debugId = 15 }
07-27 05:12:39.559   576   597 V WindowManager:     startWCT=WindowContainerTransaction { changes = {} hops = [] errorCallbackToken=null taskFragmentOrganizer=null }
07-27 05:12:39.559  3315  3315 W unknown:BridgelessReact: ReactHost{0}.attachSurface(surfaceId = 0)
07-27 05:12:39.562   820   893 V WindowManagerShell: onTransitionReady (#15) android.os.BinderProxy@dbe9913: {id=15 t=OPEN f=0x0 trk=0 r=[0@Point(0, 0)] c=[{null m=OPEN f=FILLS_TASK|IS_BEHIND_STARTING_WINDOW|NO_ANIMATION leash=Surface(name=ActivityRecord{8004383 u0 com.mediology.sinsinapp/.MainActivity)/@0x1f04b14 sb=Rect(0, 0 - 0, 0) eb=Rect(0, 0 - 1080, 2400) d=-1->0 r=-1->0:-1 bc=fffafafa component=com.mediology.sinsinapp/.MainActivity},{null m=CLOSE f=FILLS_TASK|IS_BEHIND_STARTING_WINDOW leash=Surface(name=ActivityRecord{bcb9c3c u0 com.mediology.sinsinapp/.MainActivity)/@0xfa83fbd sb=Rect(0, 0 - 1080, 2400) eb=Rect(0, 0 - 1080, 2400) d=0 bc=fffafafa component=com.mediology.sinsinapp/.MainActivity}]}
07-27 05:12:39.562   820   893 V WindowManagerShell: Playing animation for (#15) android.os.BinderProxy@dbe9913@0
07-27 05:12:39.563   820   893 V WindowManagerShell:  try handler com.android.wm.shell.transition.DefaultMixedHandler@a891ec
07-27 05:12:39.563   820   893 V WindowManagerShell:  try handler com.android.wm.shell.keyguard.KeyguardTransitionHandler@cc439b5
07-27 05:12:39.563   820   893 V WindowManagerShell:  try handler com.android.wm.shell.pip.PipTransition@1fe84a
07-27 05:12:39.563   820   893 V WindowManagerShell:  try handler com.android.wm.shell.activityembedding.ActivityEmbeddingController@998a3bb
07-27 05:12:39.563   820   893 V WindowManagerShell:  try handler com.android.wm.shell.recents.RecentsTransitionHandler@582e0d8
07-27 05:12:39.563   820   893 V ShellRecents: RecentsTransitionHandler.startAnimation: no controller found
07-27 05:12:39.563   820   893 V WindowManagerShell:  try handler com.android.wm.shell.splitscreen.StageCoordinator@84bbc31
07-27 05:12:39.563   820   893 V WindowManagerShell:  try handler com.android.wm.shell.transition.RemoteTransitionHandler@a7c3f16
07-27 05:12:39.563   820   893 V WindowManagerShell: Transition doesn't have explicit remote, search filters for match for {id=15 t=OPEN f=0x0 trk=0 r=[0@Point(0, 0)] c=[{null m=OPEN f=FILLS_TASK|IS_BEHIND_STARTING_WINDOW|NO_ANIMATION leash=Surface(name=ActivityRecord{8004383 u0 com.mediology.sinsinapp/.MainActivity)/@0x1f04b14 sb=Rect(0, 0 - 0, 0) eb=Rect(0, 0 - 1080, 2400) d=-1->0 r=-1->0:-1 bc=fffafafa component=com.mediology.sinsinapp/.MainActivity},{null m=CLOSE f=FILLS_TASK|IS_BEHIND_STARTING_WINDOW leash=Surface(name=ActivityRecord{bcb9c3c u0 com.mediology.sinsinapp/.MainActivity)/@0xfa83fbd sb=Rect(0, 0 - 1080, 2400) eb=Rect(0, 0 - 1080, 2400) d=0 bc=fffafafa component=com.mediology.sinsinapp/.MainActivity}]}
07-27 05:12:39.563   820   893 V WindowManagerShell:  Checking filter Pair{{types=[] flags=0x0] notFlags=0x0 checks=[{atype=undefined independent=true modes=[OPEN,TO_FRONT] flags=IN_TASK_WITH_EMBEDDED_ACTIVITY mustBeTask=false order=ANY topActivity=ComponentInfo{com.google.android.apps.nexuslauncher/com.google.android.apps.nexuslauncher.NexusLauncherActivity} launchCookie=null},{atype=undefined independent=true modes=[CLOSE,TO_BACK] flags=IN_TASK_WITH_EMBEDDED_ACTIVITY mustBeTask=false order=ANY topActivity=null launchCookie=null}]} RemoteTransition { remoteTransition = android.window.IRemoteTransition$Stub$Proxy@d61525b, appThread = android.app.IApplicationThread$Stub$Proxy@6e9faf8, debugName = OverlaySwipeBack }}
07-27 05:12:39.563   820   893 V WindowManagerShell:  Checking filter Pair{{types=[] flags=0x0] notFlags=0x0 checks=[{atype=dream independent=true modes=[OPEN,TO_FRONT] flags=NONE mustBeTask=false order=ANY topActivity=null launchCookie=null},{atype=home independent=true modes=[CLOSE,TO_BACK] flags=NONE mustBeTask=false order=ANY topActivity=null launchCookie=null}]} RemoteTransition { remoteTransition = android.window.IRemoteTransition$Stub$Proxy@fe79bd1, appThread = android.app.IApplicationThread$Stub$Proxy@bbd3636, debugName = LauncherToDream }}
07-27 05:12:39.563   820   893 V WindowManagerShell:  Checking filter Pair{{types=[] flags=0x0] notFlags=0x100 checks=[{atype=home independent=true modes=[OPEN,TO_FRONT] flags=NONE mustBeTask=false order=TOP topActivity=ComponentInfo{com.google.android.apps.nexuslauncher/com.google.android.apps.nexuslauncher.NexusLauncherActivity} launchCookie=null},{atype=standard independent=true modes=[CLOSE,TO_BACK] flags=NONE mustBeTask=false order=ANY topActivity=null launchCookie=null}]} RemoteTransition { remoteTransition = android.window.IRemoteTransition$Stub$Proxy@9d8b937, appThread = android.app.IApplicationThread$Stub$Proxy@13fcea4, debugName = QuickstepLaunchHome }}
07-27 05:12:39.563   820   893 V WindowManagerShell:  Delegate animation for (#15) to null
07-27 05:12:39.563   820   893 V WindowManagerShell:  try handler com.android.wm.shell.transition.DefaultTransitionHandler@d1cc069
07-27 05:12:39.563   820   893 V WindowManagerShell: start default transition animation, info = {id=15 t=OPEN f=0x0 trk=0 r=[0@Point(0, 0)] c=[{null m=OPEN f=FILLS_TASK|IS_BEHIND_STARTING_WINDOW|NO_ANIMATION leash=Surface(name=ActivityRecord{8004383 u0 com.mediology.sinsinapp/.MainActivity)/@0x1f04b14 sb=Rect(0, 0 - 0, 0) eb=Rect(0, 0 - 1080, 2400) d=-1->0 r=-1->0:-1 bc=fffafafa component=com.mediology.sinsinapp/.MainActivity},{null m=CLOSE f=FILLS_TASK|IS_BEHIND_STARTING_WINDOW leash=Surface(name=ActivityRecord{bcb9c3c u0 com.mediology.sinsinapp/.MainActivity)/@0xfa83fbd sb=Rect(0, 0 - 1080, 2400) eb=Rect(0, 0 - 1080, 2400) d=0 bc=fffafafa component=com.mediology.sinsinapp/.MainActivity}]}
07-27 05:12:39.564   820   893 V WindowManagerShell: Transition animation finished (aborted=false), notifying core (#15) android.os.BinderProxy@dbe9913@0
07-27 05:12:39.566   576   597 V WindowManager:     info={id=15 t=OPEN f=0x0 trk=0 r=[0@Point(0, 0)] c=[
07-27 05:12:39.566   576   597 V WindowManager:         {null m=OPEN f=FILLS_TASK|IS_BEHIND_STARTING_WINDOW|NO_ANIMATION leash=Surface(name=ActivityRecord{8004383 u0 com.mediology.sinsinapp/.MainActivity)/@0x7c1e3e2 sb=Rect(0, 0 - 0, 0) eb=Rect(0, 0 - 1080, 2400) d=-1->0 r=-1->0:-1 bc=fffafafa component=com.mediology.sinsinapp/.MainActivity},
07-27 05:12:39.566   576   597 V WindowManager:         {null m=CLOSE f=FILLS_TASK|IS_BEHIND_STARTING_WINDOW leash=Surface(name=ActivityRecord{bcb9c3c u0 com.mediology.sinsinapp/.MainActivity)/@0x27904ad sb=Rect(0, 0 - 1080, 2400) eb=Rect(0, 0 - 1080, 2400) d=0 bc=fffafafa component=com.mediology.sinsinapp/.MainActivity}
07-27 05:12:39.566   576   597 V WindowManager:     ]}
07-27 05:12:39.578   576   597 V WindowManager: Finish Transition (#15): created at 07-27 05:12:39.347 collect-started=0.039ms request-sent=18.278ms started=29.642ms ready=41.455ms sent=211.51ms finished=229.49ms
07-27 05:12:39.585   820   893 V WindowManagerShell: Track 0 became idle
07-27 05:12:39.585   820   893 V WindowManagerShell: All active transition animations finished
07-27 05:12:39.585   820   893 V WindowManagerShell:  animated by com.android.wm.shell.transition.DefaultTransitionHandler@d1cc069
07-27 05:12:39.585   820   893 V WindowManagerShell: Track 0 became idle
07-27 05:12:39.585   820   893 V WindowManagerShell: All active transition animations finished
07-27 05:12:39.586   576  2029 W UserManagerService: Requested status bar icon for non-badged user 0
07-27 05:12:39.587   576   643 W UserManagerService: Requested status bar icon for non-badged user 0
07-27 05:12:39.598   576   643 W UserManagerService: Requested status bar icon for non-badged user 0
07-27 05:12:39.606  3315  3361 W unknown:BridgelessReact: ReactHost{0}.getOrCreateReactInstanceTask()
07-27 05:12:39.606  3315  3361 W unknown:BridgelessReact: ReactHost{0}.getOrCreateReactInstanceTask(): Start
07-27 05:12:39.607  3315  3361 W unknown:BridgelessReact: ReactHost{0}.getJSBundleLoader()
07-27 05:12:39.608  3315  3361 W unknown:BridgelessReact: ReactHost{0}.isMetroRunning()
07-27 05:12:39.621  3315  3362 D TrafficStats: tagSocket(116) with statsTag=0xffffffff, statsUid=-1
07-27 05:12:39.635  3315  3362 W unknown:BridgelessReact: ReactHost{0}.isMetroRunning(): Async result = true
07-27 05:12:39.635  3315  3361 W unknown:BridgelessReact: ReactHost{0}.loadJSBundleFromMetro()
07-27 05:12:39.636  3315  3361 D CompatChangeReporter: Compat change id reported: 270674727; UID 10208; state: ENABLED
07-27 05:12:39.639  3315  3363 D TrafficStats: tagSocket(119) with statsTag=0xffffffff, statsUid=-1
07-27 05:12:39.650  3315  3315 D nativeloader: Load /data/app/~~T93ezTjbxBbsJRS8KOfcCA==/com.mediology.sinsinapp-3n8TehE9cPS1H3Ob-w8QRA==/base.apk!/lib/arm64-v8a/libhermesvm.so using ns clns-7 from class loader (caller=/data/app/~~T93ezTjbxBbsJRS8KOfcCA==/com.mediology.sinsinapp-3n8TehE9cPS1H3Ob-w8QRA==/base.apk!classes7.dex): ok
07-27 05:12:39.654  3315  3315 D nativeloader: Load /data/app/~~T93ezTjbxBbsJRS8KOfcCA==/com.mediology.sinsinapp-3n8TehE9cPS1H3Ob-w8QRA==/base.apk!/lib/arm64-v8a/libhermestooling.so using ns clns-7 from class loader (caller=/data/app/~~T93ezTjbxBbsJRS8KOfcCA==/com.mediology.sinsinapp-3n8TehE9cPS1H3Ob-w8QRA==/base.apk!classes7.dex): ok
07-27 05:12:39.654  3315  3315 D jni_lib_merge: Entering merged library JNI_OnLoad.
07-27 05:12:39.655  3315  3315 D jni_lib_merge: Preparing 4 pre-merged libs (including stub)
07-27 05:12:39.655  3315  3315 D jni_lib_merge: Preparing to register libhermes_executor_so.  onload_func: 0x7ae712efa4
07-27 05:12:39.655  3315  3315 D jni_lib_merge: Preparing to register libhermesinstancejni_so.  onload_func: 0x7ae71688b4
07-27 05:12:39.655  3315  3315 D jni_lib_merge: Preparing to register libjsijniprofiler_so.  onload_func: 0x7ae716a8f8
07-27 05:12:39.655  3315  3315 D jni_lib_merge: About to register 3 actual methods.
07-27 05:12:39.663  3315  3315 W unknown:BridgelessReact: ReactHost{0}.onHostResume(activity)
07-27 05:12:39.667  3315  3364 D TrafficStats: tagSocket(118) with statsTag=0xffffffff, statsUid=-1
07-27 05:12:39.678  3315  3315 D VRI[MainActivity]: visibilityChanged oldVisibility=true newVisibility=false
07-27 05:12:39.686  3315  3315 D CompatChangeReporter: Compat change id reported: 63938206; UID 10208; state: ENABLED
07-27 05:12:39.726  1044  2062 I FontLog : Received query Noto Color Emoji Compat, URI content://com.google.android.gms.fonts [CONTEXT service_id=132 ]
07-27 05:12:39.727  1044  2062 I FontLog : Query [emojicompat-emoji-font] resolved to {Noto Color Emoji Compat, wdth 100.0, wght 400, ital 0.0, bestEffort false} [CONTEXT service_id=132 ]
07-27 05:12:39.732   576  1968 W WindowManager: Failed looking up window session=null callers=com.android.server.wm.WindowManagerService.addWindow:1575 com.android.server.wm.Session.addToDisplayAsUser:257 android.view.IWindowSession$Stub.onTransact:640 
07-27 05:12:39.732   576  1968 W WindowManager: Attempted to add window with token that is not a window: null.  Aborting.
07-27 05:12:39.733  1044  2062 I FontLog : Fetch {Noto Color Emoji Compat, wdth 100.0, wght 400, ital 0.0, bestEffort false} end status Status{statusCode=SUCCESS, resolution=null} [CONTEXT service_id=132 ]
07-27 05:12:39.741  3315  3315 E unknown:ReactNative: Unable to display loading message because react activity isn't active, message: Loading from 127.0.0.1:8088…
07-27 05:12:39.742  1044  2062 I FontLog : Pulling font file for id = 8, cache size = 7 [CONTEXT service_id=132 ]
07-27 05:12:39.744  3315  3319 I ology.sinsinapp: Compiler allocated 5250KB to compile void android.view.ViewRootImpl.performTraversals()
07-27 05:12:39.752  1044  2062 I FontLog : Pulling font file for id = 8, cache size = 7 [CONTEXT service_id=132 ]
07-27 05:12:39.753   576   643 W WindowManager: Failed looking up window session=null callers=com.android.server.wm.WindowManagerService.addWindow:1575 com.android.server.wm.Session.addToDisplayAsUser:257 android.view.IWindowSession$Stub.onTransact:640 
07-27 05:12:39.753   576   643 W WindowManager: Attempted to add window with token that is not a window: null.  Aborting.
07-27 05:12:39.755  3315  3315 E unknown:ReactNative: Unable to display loading message because react activity isn't active, message: Reloading...
07-27 05:12:39.976  3315  3315 W ology.sinsinapp: Accessing hidden method Landroid/os/SystemProperties;->addChangeCallback(Ljava/lang/Runnable;)V (unsupported, reflection, allowed)
07-27 05:12:40.182   576   643 D CoreBackPreview: Window{d9e5c2e u0 com.mediology.sinsinapp/com.mediology.sinsinapp.MainActivity}: Setting back callback OnBackInvokedCallbackInfo{mCallback=android.window.IOnBackInvokedCallback$Stub$Proxy@689c306, mPriority=0, mIsAnimationCallback=false}
07-27 05:12:40.401   576  1500 E TaskPersister: File error accessing recents directory (directory doesn't exist?).
07-27 05:12:40.409   820  1047 D EGL_emulation: app_time_stats: avg=515.70ms min=119.49ms max=911.92ms count=2
07-27 05:12:40.525   576   597 I ActivityTaskManager: Displayed com.mediology.sinsinapp/.MainActivity for user 0: +1s181ms
07-27 05:12:40.537  3315  3315 I Choreographer: Skipped 45 frames!  The application may be doing too much work on its main thread.
07-27 05:12:40.557   473   516 W IPCThreadState: Sending oneway calls to frozen process.
07-27 05:12:40.559   820  1011 W WindowOnBackDispatcher: sendCancelIfRunning: isInProgress=false callback=android.view.ViewRootImpl$$ExternalSyntheticLambda11@c6e178b
07-27 05:12:40.560   576  2029 D CoreBackPreview: Window{bfc9856 u0 Splash Screen com.mediology.sinsinapp}: Setting back callback null
07-27 05:12:40.561   576   875 W InputManager-JNI: Input channel object 'bfc9856 Splash Screen com.mediology.sinsinapp (client)' was disposed without first being removed with the input manager!
07-27 05:12:40.569  3315  3331 I HWUI    : Davey! duration=849ms; Flags=1, FrameTimelineVsyncId=16999, IntendedVsync=152804207695, Vsync=152887541025, InputEventId=0, HandleInputStart=152888341322, AnimationStart=152888342405, PerformTraversalsStart=152888342780, DrawStart=153562790989, FrameDeadline=152820874361, FrameInterval=152888330864, FrameStartTime=16666666, SyncQueued=153586695947, SyncStart=153589999947, IssueDrawCommandsStart=153601199447, SwapBuffers=153649273322, FrameCompleted=153657142614, DequeueBufferDuration=3375, QueueBufferDuration=633042, GpuCompleted=153657142614, SwapBuffersCompleted=153650463906, DisplayPresentTime=8243124776464380533, CommandSubmissionCompleted=153649273322, 
07-27 05:12:40.591  3315  3315 W WindowOnBackDispatcher: sendCancelIfRunning: isInProgress=false callback=android.view.ViewRootImpl$$ExternalSyntheticLambda11@8734d6c
07-27 05:12:40.605  3315  3319 I ology.sinsinapp: Compiler allocated 4206KB to compile void android.widget.TextView.<init>(android.content.Context, android.util.AttributeSet, int, int)
07-27 05:12:40.622   576  2029 W InputManager-JNI: Input channel object '4001791 com.mediology.sinsinapp/com.mediology.sinsinapp.MainActivity (client)' was disposed without first being removed with the input manager!
07-27 05:12:40.624   380   457 I netd    : tetherGetStats() -> {[]} <56.14ms>
07-27 05:12:40.625   576   875 W WindowManager: Failed looking up window session=Session{4e5522a 3315:u0a10208} callers=com.android.server.wm.WindowManagerService.windowForClientLocked:6311 com.android.server.wm.Session.setOnBackInvokedCallbackInfo:1020 android.view.IWindowSession$Stub.onTransact:1199 
07-27 05:12:40.625   576   875 I WindowManager: setOnBackInvokedCallback(): No window state for package:com.mediology.sinsinapp
07-27 05:12:40.634  3315  3315 W unknown:BridgelessReact: ReactHost{0}.raiseSoftException(onWindowFocusChange(hasFocus = "true")): Tried to access onWindowFocusChange while context is not ready
07-27 05:12:40.645  3315  3315 E unknown:ReactHost: Unhandled SoftException
07-27 05:12:40.645  3315  3315 E unknown:ReactHost: com.facebook.react.bridge.ReactNoCrashSoftException: raiseSoftException(onWindowFocusChange(hasFocus = "true")): Tried to access onWindowFocusChange while context is not ready
07-27 05:12:40.645  3315  3315 E unknown:ReactHost: 	at com.facebook.react.runtime.ReactHostImpl.raiseSoftException(ReactHostImpl.kt:905)
07-27 05:12:40.645  3315  3315 E unknown:ReactHost: 	at com.facebook.react.runtime.ReactHostImpl.raiseSoftException$default(ReactHostImpl.kt:896)
07-27 05:12:40.645  3315  3315 E unknown:ReactHost: 	at com.facebook.react.runtime.ReactHostImpl.onWindowFocusChange(ReactHostImpl.kt:668)
07-27 05:12:40.645  3315  3315 E unknown:ReactHost: 	at com.facebook.react.ReactDelegate.onWindowFocusChanged(ReactDelegate.kt:232)
07-27 05:12:40.645  3315  3315 E unknown:ReactHost: 	at com.facebook.react.ReactActivityDelegate.onWindowFocusChanged(ReactActivityDelegate.java:237)
07-27 05:12:40.645  3315  3315 E unknown:ReactHost: 	at expo.modules.ReactActivityDelegateWrapper$onWindowFocusChanged$1.invokeSuspend(ReactActivityDelegateWrapper.kt:320)
07-27 05:12:40.645  3315  3315 E unknown:ReactHost: 	at expo.modules.ReactActivityDelegateWrapper$onWindowFocusChanged$1.invoke(Unknown Source:8)
07-27 05:12:40.645  3315  3315 E unknown:ReactHost: 	at expo.modules.ReactActivityDelegateWrapper$onWindowFocusChanged$1.invoke(Unknown Source:4)
07-27 05:12:40.645  3315  3315 E unknown:ReactHost: 	at expo.modules.ReactActivityDelegateWrapper$launchLifecycleScopeWithLock$1.invokeSuspend(ReactActivityDelegateWrapper.kt:452)
07-27 05:12:40.645  3315  3315 E unknown:ReactHost: 	at kotlin.coroutines.jvm.internal.BaseContinuationImpl.resumeWith(ContinuationImpl.kt:34)
07-27 05:12:40.645  3315  3315 E unknown:ReactHost: 	at kotlinx.coroutines.internal.DispatchedContinuationKt.resumeCancellableWith(DispatchedContinuation.kt:375)
07-27 05:12:40.645  3315  3315 E unknown:ReactHost: 	at kotlinx.coroutines.intrinsics.CancellableKt.startCoroutineCancellable(Cancellable.kt:26)
07-27 05:12:40.645  3315  3315 E unknown:ReactHost: 	at kotlinx.coroutines.CoroutineStart.invoke(CoroutineStart.kt:358)
07-27 05:12:40.645  3315  3315 E unknown:ReactHost: 	at kotlinx.coroutines.AbstractCoroutine.start(AbstractCoroutine.kt:134)
07-27 05:12:40.645  3315  3315 E unknown:ReactHost: 	at kotlinx.coroutines.BuildersKt__Builders_commonKt.launch(Builders.common.kt:53)
07-27 05:12:40.645  3315  3315 E unknown:ReactHost: 	at kotlinx.coroutines.BuildersKt.launch(Unknown Source:1)
07-27 05:12:40.645  3315  3315 E unknown:ReactHost: 	at kotlinx.coroutines.BuildersKt__Builders_commonKt.launch$default(Builders.common.kt:44)
07-27 05:12:40.645  3315  3315 E unknown:ReactHost: 	at kotlinx.coroutines.BuildersKt.launch$default(Unknown Source:1)
07-27 05:12:40.645  3315  3315 E unknown:ReactHost: 	at expo.modules.ReactActivityDelegateWrapper.launchLifecycleScopeWithLock(ReactActivityDelegateWrapper.kt:450)
07-27 05:12:40.645  3315  3315 E unknown:ReactHost: 	at expo.modules.ReactActivityDelegateWrapper.launchLifecycleScopeWithLock$default(ReactActivityDelegateWrapper.kt:446)
07-27 05:12:40.645  3315  3315 E unknown:ReactHost: 	at expo.modules.ReactActivityDelegateWrapper.onWindowFocusChanged(ReactActivityDelegateWrapper.kt:318)
07-27 05:12:40.645  3315  3315 E unknown:ReactHost: 	at com.facebook.react.ReactActivity.onWindowFocusChanged(ReactActivity.java:158)
07-27 05:12:40.645  3315  3315 E unknown:ReactHost: 	at androidx.appcompat.view.WindowCallbackWrapper.onWindowFocusChanged(WindowCallbackWrapper.java:124)
07-27 05:12:40.645  3315  3315 E unknown:ReactHost: 	at expo.modules.devmenu.detectors.InterceptingWindowCallback.onWindowFocusChanged(Unknown Source:2)
07-27 05:12:40.645  3315  3315 E unknown:ReactHost: 	at com.android.internal.policy.DecorView.onWindowFocusChanged(DecorView.java:1772)
07-27 05:12:40.645  3315  3315 E unknown:ReactHost: 	at android.view.View.dispatchWindowFocusChanged(View.java:16743)
07-27 05:12:40.645  3315  3315 E unknown:ReactHost: 	at android.view.ViewGroup.dispatchWindowFocusChanged(ViewGroup.java:1505)
07-27 05:12:40.645  3315  3315 E unknown:ReactHost: 	at android.view.ViewRootImpl.dispatchFocusEvent(ViewRootImpl.java:4697)
07-27 05:12:40.645  3315  3315 E unknown:ReactHost: 	at android.view.ViewRootImpl.handleWindowFocusChanged(ViewRootImpl.java:4601)
07-27 05:12:40.645  3315  3315 E unknown:ReactHost: 	at android.view.ViewRootImpl.-$$Nest$mhandleWindowFocusChanged(Unknown Source:0)
07-27 05:12:40.645  3315  3315 E unknown:ReactHost: 	at android.view.ViewRootImpl$ViewRootHandler.handleMessageImpl(ViewRootImpl.java:6773)
07-27 05:12:40.645  3315  3315 E unknown:ReactHost: 	at android.view.ViewRootImpl$ViewRootHandler.handleMessage(ViewRootImpl.java:6683)
07-27 05:12:40.645  3315  3315 E unknown:ReactHost: 	at android.os.Handler.dispatchMessage(Handler.java:107)
07-27 05:12:40.645  3315  3315 E unknown:ReactHost: 	at android.os.Looper.loopOnce(Looper.java:232)
07-27 05:12:40.645  3315  3315 E unknown:ReactHost: 	at android.os.Looper.loop(Looper.java:317)
07-27 05:12:40.645  3315  3315 E unknown:ReactHost: 	at android.app.ActivityThread.main(ActivityThread.java:8705)
07-27 05:12:40.645  3315  3315 E unknown:ReactHost: 	at java.lang.reflect.Method.invoke(Native Method)
07-27 05:12:40.645  3315  3315 E unknown:ReactHost: 	at com.android.internal.os.RuntimeInit$MethodAndArgsCaller.run(RuntimeInit.java:580)
07-27 05:12:40.645  3315  3315 E unknown:ReactHost: 	at com.android.internal.os.ZygoteInit.main(ZygoteInit.java:886)
07-27 05:12:40.657   576   695 I ImeTracker: com.mediology.sinsinapp:559d13c3: onRequestHide at ORIGIN_SERVER reason HIDE_UNSPECIFIED_WINDOW fromUser false
07-27 05:12:40.657   576   695 I ImeTracker: com.mediology.sinsinapp:559d13c3: onCancelled at PHASE_SERVER_SHOULD_HIDE
07-27 05:12:40.658  1370  1370 I GoogleInputMethodService: GoogleInputMethodService.onFinishInput():3157 
07-27 05:12:40.658  1370  1370 I GoogleInputMethodService: GoogleInputMethodService.updateDeviceLockedStatus():2248 repeatCheckTimes = 0, locked = false
07-27 05:12:40.658  1370  1370 I GoogleInputMethodService: GoogleInputMethodService.onStartInput():1986 onStartInput(EditorInfo{EditorInfo{packageName=com.mediology.sinsinapp, inputType=0, inputTypeString=NULL, enableLearning=false, autoCorrection=false, autoComplete=false, imeOptions=0, privateImeOptions=null, actionName=UNSPECIFIED, actionLabel=null, initialSelStart=-1, initialSelEnd=-1, initialCapsMode=0, label=null, fieldId=0, fieldName=null, extras=null, hintText=null, hintLocales=[]}}, false)
07-27 05:12:40.659  1370  1370 I GoogleInputMethodService: GoogleInputMethodService.updateDeviceLockedStatus():2248 repeatCheckTimes = 1, locked = false
07-27 05:12:40.659   820   893 W Looper  : Slow delivery took 33ms wmshell.main h=android.os.Handler c=com.android.wm.shell.pip.PinnedStackListenerForwarder$PinnedTaskListenerImpl$$ExternalSyntheticLambda1@833fd0a m=0
07-27 05:12:40.684  1370  1370 I AndroidIME: InputBundleManager.loadActiveInputBundleId():450 loadActiveInputBundleId: und-Latn-x-password, password
07-27 05:12:40.686   576  1968 W PackageConfigPersister: App-specific configuration not found for packageName: com.mediology.sinsinapp and userId: 0
07-27 05:12:40.954   380   457 I netd    : tetherGetStats() -> {[]} <2.14ms>
07-27 05:12:40.962   380   457 I netd    : bandwidthSetGlobalAlert(2097152) <0.18ms>
07-27 05:12:40.973   380   457 I netd    : bandwidthRemoveInterfaceQuota(eth0) <2.09ms>
07-27 05:12:40.974   380   457 I netd    : bandwidthSetInterfaceQuota(eth0, 9223372036854775807) <0.63ms>
07-27 05:12:41.117  3315  3363 W unknown:BridgelessReact: ReactHost{0}.loadJSBundleFromMetro(): Creating BundleLoader
07-27 05:12:41.119  3315  3361 W unknown:BridgelessReact: ReactHost{0}.getOrCreateReactInstanceTask(): Creating BridgelessReactContext
07-27 05:12:41.124  3315  3361 W unknown:BridgelessReact: ReactHost{0}.getOrCreateReactInstanceTask(): Creating ReactInstance
07-27 05:12:41.176  1044  3060 I NearbyMediums: No BLE Fast/GATT advertisements found in the latest cycle.
07-27 05:12:41.257  3315  3361 I ExpoModulesCore: ✅ AppContext was initialized
07-27 05:12:41.295  3315  3361 W unknown:BridgelessReact: ReactHost{0}.getOrCreateReactInstanceTask(): Loading JS Bundle
07-27 05:12:41.296  3315  3361 W unknown:BridgelessReact: ReactHost{0}.getOrCreateReactInstanceTask(): DevSupportManager.onNewReactContextCreated()
07-27 05:12:41.300  3315  3315 W unknown:ReactNative: Packager connection already open, nooping.
07-27 05:12:41.300  3315  3361 W unknown:BridgelessReact: ReactHost{0}.startSurface(surfaceId = 0): Execute
07-27 05:12:41.300  3315  3315 W unknown:BridgelessReact: ReactHost{0}.ReactContext.onHostResume()
07-27 05:12:41.308  3315  3315 W unknown:BridgelessReact: ReactHost{0}.getOrCreateReactInstanceTask(): Executing ReactInstanceEventListeners
07-27 05:12:41.324  3315  3363 D TrafficStats: tagSocket(136) with statsTag=0xffffffff, statsUid=-1
07-27 05:12:41.629   576   875 D OomAdjuster: Not killing cached processes
07-27 05:12:41.837  3315  3371 I WebViewFactory: Loading com.google.android.webview version 124.0.6367.219 (code 636771932)
07-27 05:12:41.838  3315  3371 W ResourcesManager: Found a null ResourcesImpl, skipped.
07-27 05:12:41.842  3315  3371 V ResourcesManager: The following library key has been added: ResourcesKey{ mHash=52d11686 mResDir=null mSplitDirs=[] mOverlayDirs=[/product/overlay/EmulationPixel8/EmulationPixel8Overlay.apk,/product/overlay/NavigationBarModeGestural/NavigationBarModeGesturalOverlay.apk] mLibDirs=[/data/app/~~V8jWnHimbv_0cN1Ql8RorQ==/com.google.android.webview-gLDEjhnufxgMNAFZ6rwrXQ==/WebViewGoogle.apk,/data/app/~~j7XrDrOBfyXPaChKgCOlKw==/com.google.android.trichromelibrary_636771932-1ZyTS55ZreAXcKmASSpIgQ==/TrichromeLibrary.apk,/system_ext/framework/androidx.window.extensions.jar] mDisplayId=0 mOverrideConfig=v35 mCompatInfo={420dpi always-compat} mLoaders=[]}
07-27 05:12:41.847  3315  3371 W ziparchive: Unable to open '/data/app/~~j7XrDrOBfyXPaChKgCOlKw==/com.google.android.trichromelibrary_636771932-1ZyTS55ZreAXcKmASSpIgQ==/TrichromeLibrary.dm': No such file or directory
07-27 05:12:41.847  3315  3371 W ziparchive: Unable to open '/data/app/~~j7XrDrOBfyXPaChKgCOlKw==/com.google.android.trichromelibrary_636771932-1ZyTS55ZreAXcKmASSpIgQ==/TrichromeLibrary.dm': No such file or directory
07-27 05:12:41.848  3315  3371 W ology.sinsinapp: Entry not found
07-27 05:12:41.850  3315  3371 D nativeloader: Configuring clns-8 for other apk /data/app/~~j7XrDrOBfyXPaChKgCOlKw==/com.google.android.trichromelibrary_636771932-1ZyTS55ZreAXcKmASSpIgQ==/TrichromeLibrary.apk. target_sdk_version=34, uses_libraries=ALL, library_path=/data/app/~~V8jWnHimbv_0cN1Ql8RorQ==/com.google.android.webview-gLDEjhnufxgMNAFZ6rwrXQ==/lib/arm64:/data/app/~~V8jWnHimbv_0cN1Ql8RorQ==/com.google.android.webview-gLDEjhnufxgMNAFZ6rwrXQ==/WebViewGoogle.apk!/lib/arm64-v8a:/data/app/~~j7XrDrOBfyXPaChKgCOlKw==/com.google.android.trichromelibrary_636771932-1ZyTS55ZreAXcKmASSpIgQ==/TrichromeLibrary.apk!/lib/arm64-v8a, permitted_path=/data:/mnt/expand
07-27 05:12:41.850  3315  3371 D ApplicationLoaders: Returning zygote-cached class loader: /system_ext/framework/androidx.window.extensions.jar
07-27 05:12:41.852  3315  3371 D nativeloader: Configuring clns-9 for other apk /data/app/~~V8jWnHimbv_0cN1Ql8RorQ==/com.google.android.webview-gLDEjhnufxgMNAFZ6rwrXQ==/WebViewGoogle.apk. target_sdk_version=34, uses_libraries=, library_path=/data/app/~~V8jWnHimbv_0cN1Ql8RorQ==/com.google.android.webview-gLDEjhnufxgMNAFZ6rwrXQ==/lib/arm64:/data/app/~~V8jWnHimbv_0cN1Ql8RorQ==/com.google.android.webview-gLDEjhnufxgMNAFZ6rwrXQ==/WebViewGoogle.apk!/lib/arm64-v8a:/data/app/~~j7XrDrOBfyXPaChKgCOlKw==/com.google.android.trichromelibrary_636771932-1ZyTS55ZreAXcKmASSpIgQ==/TrichromeLibrary.apk!/lib/arm64-v8a, permitted_path=/data:/mnt/expand
07-27 05:12:41.852   576  1968 I AppsFilter: interaction: PackageSetting{6329a8 com.mediology.sinsinapp/10208} -> PackageSetting{d7bd194 com.android.cts.priv.ctsshim/10201} BLOCKED
07-27 05:12:41.852   576  1968 I AppsFilter: interaction: PackageSetting{6329a8 com.mediology.sinsinapp/10208} -> PackageSetting{40b843d com.android.internal.display.cutout.emulation.corner/10015} BLOCKED
07-27 05:12:41.852   576  1968 I AppsFilter: interaction: PackageSetting{6329a8 com.mediology.sinsinapp/10208} -> PackageSetting{f601432 com.android.internal.display.cutout.emulation.double/10076} BLOCKED
07-27 05:12:41.852   576  1968 I AppsFilter: interaction: PackageSetting{6329a8 com.mediology.sinsinapp/10208} -> PackageSetting{2bc0583 com.google.android.onetimeinitializer/10128} BLOCKED
07-27 05:12:41.852   576  1968 I AppsFilter: interaction: PackageSetting{6329a8 com.mediology.sinsinapp/10208} -> PackageSetting{a0e7300 com.google.android.ext.shared/10117} BLOCKED
07-27 05:12:41.852   576  1968 I AppsFilter: interaction: PackageSetting{6329a8 com.mediology.sinsinapp/10208} -> PackageSetting{1312739 com.android.virtualmachine.res/10194} BLOCKED
07-27 05:12:41.852   576  1968 I AppsFilter: interaction: PackageSetting{6329a8 com.mediology.sinsinapp/10208} -> PackageSetting{af7417e com.android.managedprovisioning.auto_generated_rro_product__/10016} BLOCKED
07-27 05:12:41.852   576  1968 I AppsFilter: interaction: PackageSetting{6329a8 com.mediology.sinsinapp/10208} -> PackageSetting{6af76df com.android.carrierconfig.auto_generated_rro_vendor__/10085} BLOCKED
07-27 05:12:41.852   576  1968 I AppsFilter: interaction: PackageSetting{6329a8 com.mediology.sinsinapp/10208} -> PackageSetting{e67bf2c com.google.android.server.deviceconfig.resources/10197} BLOCKED
07-27 05:12:41.852   576  1968 I AppsFilter: interaction: PackageSetting{6329a8 com.mediology.sinsinapp/10208} -> PackageSetting{673fdf5 com.android.systemui.emulation.pixel_3_xl/10010} BLOCKED
07-27 05:12:41.852   576  1968 I AppsFilter: interaction: PackageSetting{6329a8 com.mediology.sinsinapp/10208} -> PackageSetting{741f78a com.android.systemui.emulation.pixel_4_xl/10073} BLOCKED
07-27 05:12:41.852   576  1968 I AppsFilter: interaction: PackageSetting{6329a8 com.mediology.sinsinapp/10208} -> PackageSetting{f3ea1fb com.android.systemui.emulation.pixel_fold/10049} BLOCKED
07-27 05:12:41.852   576  1968 I AppsFilter: interaction: PackageSetting{6329a8 com.mediology.sinsinapp/10208} -> PackageSetting{627a218 com.android.providers.telephony.auto_generated_characteristics_rro/10066} BLOCKED
07-27 05:12:41.852   576  1968 I AppsFilter: interaction: PackageSetting{6329a8 com.mediology.sinsinapp/10208} -> PackageSetting{8d38471 com.android.simappdialog.auto_generated_rro_product__/10017} BLOCKED
07-27 05:12:41.852   576  1968 I AppsFilter: interaction: PackageSetting{6329a8 com.mediology.sinsinapp/10208} -> PackageSetting{4d00256 com.android.htmlviewer/10115} BLOCKED
07-27 05:12:41.852   576  1968 I AppsFilter: interaction: PackageSetting{6329a8 com.mediology.sinsinapp/10208} -> PackageSetting{1cb62d7 com.google.android.health.connect.backuprestore/10191} BLOCKED
07-27 05:12:41.852   576  1968 I AppsFilter: interaction: PackageSetting{6329a8 com.mediology.sinsinapp/10208} -> PackageSetting{500c7c4 com.android.systemui.auto_generated_rro_product__/10050} BLOCKED
07-27 05:12:41.852   576  1968 I AppsFilter: interaction: PackageSetting{6329a8 com.mediology.sinsinapp/10208} -> PackageSetting{3caf6ad com.google.android.soundpicker/10163} BLOCKED
07-27 05:12:41.852   576  1968 I AppsFilter: interaction: PackageSetting{6329a8 com.mediology.sinsinapp/10208} -> PackageSetting{b61ede2 com.google.android.marvin.talkbackoverlay/10090} BLOCKED
07-27 05:12:41.852   576  1968 I AppsFilter: interaction: PackageSetting{6329a8 com.mediology.sinsinapp/10208} -> PackageSetting{df95573 com.google.android.configupdater/10139} BLOCKED
07-27 05:12:41.852   576  1968 I AppsFilter: interaction: PackageSetting{6329a8 com.mediology.sinsinapp/10208} -> PackageSetting{5249c30 com.android.internal.emulation.pixel_3a_xl/10047} BLOCKED
07-27 05:12:41.852   576  1968 I AppsFilter: interaction: PackageSetting{6329a8 com.mediology.sinsinapp/10208} -> PackageSetting{54d50a9 com.android.internal.emulation.pixel_6_pro/10037} BLOCKED
07-27 05:12:41.852   576  1968 I AppsFilter: interaction: PackageSetting{6329a8 com.mediology.sinsinapp/10208} -> PackageSetting{c35062e com.android.internal.emulation.pixel_7_pro/10021} BLOCKED
07-27 05:12:41.852   576  1968 I AppsFilter: interaction: PackageSetting{6329a8 com.mediology.sinsinapp/10208} -> PackageSetting{9d5cf com.android.internal.emulation.pixel_8_pro/10038} BLOCKED
07-27 05:12:41.852   576  1968 I AppsFilter: interaction: PackageSetting{6329a8 com.mediology.sinsinapp/10208} -> PackageSetting{6f4b5c com.android.internal.emulation.pixel_9_pro/10009} BLOCKED
07-27 05:12:41.852   576  1968 I AppsFilter: interaction: PackageSetting{6329a8 com.mediology.sinsinapp/10208} -> PackageSetting{d814e65 com.android.internal.emulation.pixel_3a/10039} BLOCKED
07-27 05:12:41.852   576  1968 I AppsFilter: interaction: PackageSetting{6329a8 com.mediology.sinsinapp/10208} -> PackageSetting{d0f573a com.android.internal.emulation.pixel_4a/10024} BLOCKED
07-27 05:12:41.852   576  1968 I AppsFilter: interaction: PackageSetting{6329a8 com.mediology.sinsinapp/10208} -> PackageSetting{cf7ffeb com.android.internal.emulation.pixel_6a/10048} BLOCKED
07-27 05:12:41.852   576  1968 I AppsFilter: interaction: PackageSetting{6329a8 com.mediology.sinsinapp/10208} -> PackageSetting{53c148 com.android.internal.emulation.pixel_7a/10063} BLOCKED
07-27 05:12:41.852   576  1968 I AppsFilter: interaction: PackageSetting{6329a8 com.mediology.sinsinapp/10208} -> PackageSetting{e3d6be1 com.android.internal.emulation.pixel_8a/10007} BLOCKED
07-27 05:12:41.852   576  1968 I AppsFilter: interaction: PackageSetting{6329a8 com.mediology.sinsinapp/10208} -> PackageSetting{80bad06 com.google.android.overlay.googlewebview/10035} BLOCKED
07-27 05:12:41.852   576  1968 I AppsFilter: interaction: PackageSetting{6329a8 com.mediology.sinsinapp/10208} -> PackageSetting{454afc7 com.google.android.apps.safetyhub/10134} BLOCKED
07-27 05:12:41.852   576  1968 I AppsFilter: interaction: PackageSetting{6329a8 com.mediology.sinsinapp/10208} -> PackageSetting{87a9f4 com.google.android.hotspot2.osulogin/10188} BLOCKED
07-27 05:12:41.852   576  1968 I AppsFilter: interaction: PackageSetting{6329a8 com.mediology.sinsinapp/10208} -> PackageSetting{643e51d com.android.simappdialog/10120} BLOCKED
07-27 05:12:41.852   576  1968 I AppsFilter: interaction: PackageSetting{6329a8 com.mediology.sinsinapp/10208} -> PackageSetting{c259392 com.android.internal.display.cutout.emulation.hole/10032} BLOCKED
07-27 05:12:41.852   576  1968 I AppsFilter: interaction: PackageSetting{6329a8 com.mediology.sinsinapp/10208} -> PackageSetting{3e28163 com.android.internal.display.cutout.emulation.tall/10023} BLOCKED
07-27 05:12:41.852   576  1968 I AppsFilter: interaction: PackageSetting{6329a8 com.mediology.sinsinapp/10208} -> PackageSetting{6f7160 com.android.internal.systemui.navbar.threebutton/10078} BLOCKED
07-27 05:12:41.852   576  1968 I AppsFilter: interaction: PackageSetting{6329a8 com.mediology.sinsinapp/10208} -> PackageSetting{43eb619 com.android.internal.ranchu.commonoverlay/10060} BLOCKED
07-27 05:12:41.852   576  1968 I AppsFilter: interaction: PackageSetting{6329a8 com.mediology.sinsinapp/10208} -> PackageSetting{a8556de com.android.systemui.auto_generated_rro_vendor__/10086} BLOCKED
07-27 05:12:41.852   576  1968 I AppsFilter: interaction: PackageSetting{6329a8 com.mediology.sinsinapp/10208} -> PackageSetting{8f1d0bf com.google.android.deskclock/10151} BLOCKED
07-27 05:12:41.852   576  1968 I AppsFilter: interaction: PackageSetting{6329a8 com.mediology.sinsinapp/10208} -> PackageSetting{f4a438c com.android.internal.systemui.navbar.twobutton/10062} BLOCKED
07-27 05:12:41.852   576  1968 I AppsFilter: interaction: PackageSetting{6329a8 com.mediology.sinsinapp/10208} -> PackageSetting{d7b9ad5 com.google.android.as/10132} BLOCKED
07-27 05:12:41.852   576  1968 I AppsFilter: interaction: PackageSetting{6329a8 com.mediology.sinsinapp/10208} -> PackageSetting{c8c02ea com.android.systemui.emulation.pixel_3/10004} BLOCKED
07-27 05:12:41.852   576  1968 I AppsFilter: interaction: PackageSetting{6329a8 com.mediology.sinsinapp/10208} -> PackageSetting{b7cb9db com.android.systemui.emulation.pixel_4/10070} BLOCKED
07-27 05:12:41.852   576  1968 I AppsFilter: interaction: PackageSetting{6329a8 com.mediology.sinsinapp/10208} -> PackageSetting{f1e0c78 com.android.systemui.emulation.pixel_5/10065} BLOCKED
07-27 05:12:41.852   576  1968 I AppsFilter: interaction: PackageSetting{6329a8 com.mediology.sinsinapp/10208} -> PackageSetting{4680f51 com.android.systemui.emulation.pixel_6/10008} BLOCKED
07-27 05:12:41.852   576  1968 I AppsFilter: interaction: PackageSetting{6329a8 com.mediology.sinsinapp/10208} -> PackageSetting{e9f63b6 com.android.systemui.emulation.pixel_7/10080} BLOCKED
07-27 05:12:41.852   576  1968 I AppsFilter: interaction: PackageSetting{6329a8 com.mediology.sinsinapp/10208} -> PackageSetting{f0318b7 com.android.systemui.emulation.pixel_8/10074} BLOCKED
07-27 05:12:41.852   576  1968 I AppsFilter: interaction: PackageSetting{6329a8 com.mediology.sinsinapp/10208} -> PackageSetting{a637824 com.android.systemui.emulation.pixel_9/10058} BLOCKED
07-27 05:12:41.852   576  1968 I AppsFilter: interaction: PackageSetting{6329a8 com.mediology.sinsinapp/10208} -> PackageSetting{acd4f8d com.android.printspooler/10113} BLOCKED
07-27 05:12:41.852   576  1968 I AppsFilter: interaction: PackageSetting{6329a8 com.mediology.sinsinapp/10208} -> PackageSetting{bb60542 com.google.android.connectivity.resources.goldfish.overlay/10088} BLOCKED
07-27 05:12:41.852   576  1968 I AppsFilter: interaction: PackageSetting{6329a8 com.mediology.sinsinapp/10208} -> PackageSetting{5268953 com.android.dreams.basic/10127} BLOCKED
07-27 05:12:41.852   576  1968 I AppsFilter: interaction: PackageSetting{6329a8 com.mediology.sinsinapp/10208} -> PackageSetting{871f290 com.google.android.networkstack.tethering.emulator/10020} BLOCKED
07-27 05:12:41.852   576  1968 I AppsFilter: interaction: PackageSetting{6329a8 com.mediology.sinsinapp/10208} -> PackageSetting{bcc5789 com.android.providers.settings.auto_generated_rro_product__/10053} BLOCKED
07-27 05:12:41.852   576  1968 I AppsFilter: interaction: PackageSetting{6329a8 com.mediology.sinsinapp/10208} -> PackageSetting{5a3338e com.google.android.as.oss/10142} BLOCKED
07-27 05:12:41.852   576  1968 I AppsFilter: interaction: PackageSetting{6329a8 com.mediology.sinsinapp/10208} -> PackageSetting{e0667af com.android.traceur.auto_generated_rro_product__/10018} BLOCKED
07-27 05:12:41.852   576  1968 I AppsFilter: interaction: PackageSetting{6329a8 com.mediology.sinsinapp/10208} -> PackageSetting{caba7bc com.android.internal.emulation.pixel_9_pro_fold/10041} BLOCKED
07-27 05:12:41.852   576  1968 I AppsFilter: interaction: PackageSetting{6329a8 com.mediology.sinsinapp/10208} -> PackageSetting{999e345 com.google.android.devicelockcontroller/10203} BLOCKED
07-27 05:12:41.852   576  1968 I AppsFilter: interaction: PackageSetting{6329a8 com.mediology.sinsinapp/10208} -> PackageSetting{622fa9a com.google.android.dialer/10133} BLOCKED
07-27 05:12:41.852   576  1968 I AppsFilter: interaction: PackageSetting{6329a8 com.mediology.sinsinapp/10208} -> PackageSetting{25bcfcb com.android.internal.emulation.pixel_3/10061} BLOCKED
07-27 05:12:41.852   576  1968 I AppsFilter: interaction: PackageSetting{6329a8 com.mediology.sinsinapp/10208} -> PackageSetting{c6983a8 com.android.internal.emulation.pixel_4/10051} BLOCKED
07-27 05:12:41.852   576  1968 I AppsFilter: interaction: PackageSetting{6329a8 com.mediology.sinsinapp/10208} -> PackageSetting{afa6ec1 com.android.internal.emulation.pixel_5/10001} BLOCKED
07-27 05:12:41.852   576  1968 I AppsFilter: interaction: PackageSetting{6329a8 com.mediology.sinsinapp/10208} -> PackageSetting{4a62666 com.android.internal.emulation.pixel_6/10033} BLOCKED
07-27 05:12:41.852   576  1968 I AppsFilter: interaction: PackageSetting{6329a8 com.mediology.sinsinapp/10208} -> PackageSetting{3559da7 com.android.internal.emulation.pixel_7/10075} BLOCKED
07-27 05:12:41.852   576  1968 I AppsFilter: interaction: PackageSetting{6329a8 com.mediology.sinsinapp/10208} -> PackageSetting{7a73254 com.android.internal.emulation.pixel_8/10022} BLOCKED
07-27 05:12:41.852   576  1968 I AppsFilter: interaction: PackageSetting{6329a8 com.mediology.sinsinapp/10208} -> PackageSetting{47e35fd com.android.internal.emulation.pixel_9/10012} BLOCKED
07-27 05:12:41.852   576  1968 I AppsFilter: interaction: PackageSetting{6329a8 com.mediology.sinsinapp/10208} -> PackageSetting{cde42f2 com.google.android.captiveportallogin/10112} BLOCKED
07-27 05:12:41.852   576  1968 I AppsFilter: interaction: PackageSetting{6329a8 com.mediology.sinsinapp/10208} -> PackageSetting{c346d43 android.auto_generated_characteristics_rro/10011} BLOCKED
07-27 05:12:41.852   576  1968 I AppsFilter: interaction: PackageSetting{6329a8 com.mediology.sinsinapp/10208} -> PackageSetting{6f1fc0 com.google.android.appsearch.apk/10206} BLOCKED
07-27 05:12:41.853   576  1968 I AppsFilter: interaction: PackageSetting{6329a8 com.mediology.sinsinapp/10208} -> PackageSetting{97d34f9 com.android.musicfx/10093} BLOCKED
07-27 05:12:41.854   576  1968 I AppsFilter: interaction: PackageSetting{6329a8 com.mediology.sinsinapp/10208} -> PackageSetting{2099c3e com.google.android.markup/10155} BLOCKED
07-27 05:12:41.854   576  1968 I AppsFilter: interaction: PackageSetting{6329a8 com.mediology.sinsinapp/10208} -> PackageSetting{1a69a9f com.google.android.rkpdapp/10198} BLOCKED
07-27 05:12:41.855   576  1968 I AppsFilter: interaction: PackageSetting{6329a8 com.mediology.sinsinapp/10208} -> PackageSetting{d0677ec com.google.android.contacts/10156} BLOCKED
07-27 05:12:41.855   576  1968 I AppsFilter: interaction: PackageSetting{6329a8 com.mediology.sinsinapp/10208} -> PackageSetting{d327b5 com.android.server.telecom.auto_generated_rro_product__/10031} BLOCKED
07-27 05:12:41.855   576  1968 I AppsFilter: interaction: PackageSetting{6329a8 com.mediology.sinsinapp/10208} -> PackageSetting{aff3e4a com.android.phone.auto_generated_characteristics_rro/10072} BLOCKED
07-27 05:12:41.855   576  1968 I AppsFilter: interaction: PackageSetting{6329a8 com.mediology.sinsinapp/10208} -> PackageSetting{ae441bb com.google.android.overlay.googleconfig/10054} BLOCKED
07-27 05:12:41.855   576  1968 I AppsFilter: interaction: PackageSetting{6329a8 com.mediology.sinsinapp/10208} -> PackageSetting{d926d8 com.android.bips.auto_generated_rro_product__/10014} BLOCKED
07-27 05:12:41.855   576  1968 I AppsFilter: interaction: PackageSetting{6329a8 com.mediology.sinsinapp/10208} -> PackageSetting{95b8a31 com.google.android.apps.customization.pixel/10164} BLOCKED
07-27 05:12:41.855   576  1968 I AppsFilter: interaction: PackageSetting{6329a8 com.mediology.sinsinapp/10208} -> PackageSetting{2faf516 com.google.android.tag/10097} BLOCKED
07-27 05:12:41.855   576  1968 I AppsFilter: interaction: PackageSetting{6329a8 com.mediology.sinsinapp/10208} -> PackageSetting{8b3e97 com.google.android.overlay.permissioncontroller/10036} BLOCKED
07-27 05:12:41.855   576  1968 I AppsFilter: interaction: PackageSetting{6329a8 com.mediology.sinsinapp/10208} -> PackageSetting{825d884 com.google.android.partnersetup/10131} BLOCKED
07-27 05:12:41.855   576  1968 I AppsFilter: interaction: PackageSetting{6329a8 com.mediology.sinsinapp/10208} -> PackageSetting{a2d986d com.google.android.apps.wallpaper.nexus/10146} BLOCKED
07-27 05:12:41.855   576  1968 I AppsFilter: interaction: PackageSetting{6329a8 com.mediology.sinsinapp/10208} -> PackageSetting{b294ca2 com.google.android.apps.nexuslauncher/10177} BLOCKED
07-27 05:12:41.855   576  1968 I AppsFilter: interaction: PackageSetting{6329a8 com.mediology.sinsinapp/10208} -> PackageSetting{d3b2d33 com.android.theme.font.notoserifsource/10013} BLOCKED
07-27 05:12:41.855   576  1968 I AppsFilter: interaction: PackageSetting{6329a8 com.mediology.sinsinapp/10208} -> PackageSetting{269f8f0 com.google.android.safetycenter.resources/10204} BLOCKED
07-27 05:12:41.855   576  1968 I AppsFilter: interaction: PackageSetting{6329a8 com.mediology.sinsinapp/10208} -> PackageSetting{a984e69 com.android.internal.display.cutout.emulation.waterfall/10044} BLOCKED
07-27 05:12:41.855   576  1968 I AppsFilter: interaction: PackageSetting{6329a8 com.mediology.sinsinapp/10208} -> PackageSetting{8f390ee com.android.internal.systemui.navbar.transparent/10003} BLOCKED
07-27 05:12:41.855   576  1968 I AppsFilter: interaction: PackageSetting{6329a8 com.mediology.sinsinapp/10208} -> PackageSetting{bf1698f com.google.android.connectivity.resources/10186} BLOCKED
07-27 05:12:41.855   576  1968 I AppsFilter: interaction: PackageSetting{6329a8 com.mediology.sinsinapp/10208} -> PackageSetting{78db41c com.android.providers.contacts.auto_generated_rro_product__/10071} BLOCKED
07-27 05:12:41.855   576  1968 I AppsFilter: interaction: PackageSetting{6329a8 com.mediology.sinsinapp/10208} -> PackageSetting{dde6825 com.google.android.feedback/10175} BLOCKED
07-27 05:12:41.855   576  1968 I AppsFilter: interaction: PackageSetting{6329a8 com.mediology.sinsinapp/10208} -> PackageSetting{d0bcdfa com.google.android.printservice.recommendation/10121} BLOCKED
07-27 05:12:41.855   576  1968 I AppsFilter: interaction: PackageSetting{6329a8 com.mediology.sinsinapp/10208} -> PackageSetting{6f6aa8e com.google.android.calendar/10161} BLOCKED
07-27 05:12:41.855   576  1968 I AppsFilter: interaction: PackageSetting{6329a8 com.mediology.sinsinapp/10208} -> PackageSetting{250fab com.android.systemui.emulation.pixel_3a_xl/10002} BLOCKED
07-27 05:12:41.855   576  1968 I AppsFilter: interaction: PackageSetting{6329a8 com.mediology.sinsinapp/10208} -> PackageSetting{3cff608 com.android.systemui.emulation.pixel_6_pro/10026} BLOCKED
07-27 05:12:41.855   576  1968 I AppsFilter: interaction: PackageSetting{6329a8 com.mediology.sinsinapp/10208} -> PackageSetting{eb261a1 com.android.systemui.emulation.pixel_7_pro/10025} BLOCKED
07-27 05:12:41.855   576  1968 I AppsFilter: interaction: PackageSetting{6329a8 com.mediology.sinsinapp/10208} -> PackageSetting{f38cfc6 com.android.systemui.emulation.pixel_8_pro/10000} BLOCKED
07-27 05:12:41.855   576  1968 I AppsFilter: interaction: PackageSetting{6329a8 com.mediology.sinsinapp/10208} -> PackageSetting{3a2fb87 com.android.systemui.emulation.pixel_9_pro/10057} BLOCKED
07-27 05:12:41.855   576  1968 I AppsFilter: interaction: PackageSetting{6329a8 com.mediology.sinsinapp/10208} -> PackageSetting{6726ab4 com.android.carrierconfig.auto_generated_rro_product__/10084} BLOCKED
07-27 05:12:41.855   576  1968 I AppsFilter: interaction: PackageSetting{6329a8 com.mediology.sinsinapp/10208} -> PackageSetting{67276dd com.android.devicediagnostics.auto_generated_rro_product__/10027} BLOCKED
07-27 05:12:41.855   576  1968 I AppsFilter: interaction: PackageSetting{6329a8 com.mediology.sinsinapp/10208} -> PackageSetting{ae22252 com.android.providers.partnerbookmarks/10124} BLOCKED
07-27 05:12:41.855   576  1968 I AppsFilter: interaction: PackageSetting{6329a8 com.mediology.sinsinapp/10208} -> PackageSetting{629c923 com.android.wallpaper.livepicker/10103} BLOCKED
07-27 05:12:41.855   576  1968 I AppsFilter: interaction: PackageSetting{6329a8 com.mediology.sinsinapp/10208} -> PackageSetting{f257e20 com.android.providers.telephony.auto_generated_rro_product__/10006} BLOCKED
07-27 05:12:41.855   576  1968 I AppsFilter: interaction: PackageSetting{6329a8 com.mediology.sinsinapp/10208} -> PackageSetting{c24a3d9 com.android.phone.auto_generated_rro_vendor__/10087} BLOCKED
07-27 05:12:41.855   576  1968 I AppsFilter: interaction: PackageSetting{6329a8 com.mediology.sinsinapp/10208} -> PackageSetting{85c119e com.android.imsserviceentitlement/10141} BLOCKED
07-27 05:12:41.855   576  1968 I AppsFilter: interaction: PackageSetting{6329a8 com.mediology.sinsinapp/10208} -> PackageSetting{ac5d47f com.android.internal.emulation.pixel_9_pro_xl/10079} BLOCKED
07-27 05:12:41.855   576  1968 I AppsFilter: interaction: PackageSetting{6329a8 com.mediology.sinsinapp/10208} -> PackageSetting{6345c4c com.google.android.healthconnect.controller/10190} BLOCKED
07-27 05:12:41.855   576  1968 I AppsFilter: interaction: PackageSetting{6329a8 com.mediology.sinsinapp/10208} -> PackageSetting{732a495 com.android.internal.emulation.pixel_2_xl/10019} BLOCKED
07-27 05:12:41.855   576  1968 I AppsFilter: interaction: PackageSetting{6329a8 com.mediology.sinsinapp/10208} -> PackageSetting{ef3a9aa com.android.internal.emulation.pixel_3_xl/10042} BLOCKED
07-27 05:12:41.855   576  1968 I AppsFilter: interaction: PackageSetting{6329a8 com.mediology.sinsinapp/10208} -> PackageSetting{eed399b com.android.internal.emulation.pixel_4_xl/10077} BLOCKED
07-27 05:12:41.855   576  1968 I AppsFilter: interaction: PackageSetting{6329a8 com.mediology.sinsinapp/10208} -> PackageSetting{b70f138 com.android.internal.emulation.pixel_fold/10067} BLOCKED
07-27 05:12:41.855   576  1968 I AppsFilter: interaction: PackageSetting{6329a8 com.mediology.sinsinapp/10208} -> PackageSetting{1e5f511 com.android.bookmarkprovider/10118} BLOCKED
07-27 05:12:41.855   576  1968 I AppsFilter: interaction: PackageSetting{6329a8 com.mediology.sinsinapp/10208} -> PackageSetting{bbab676 com.google.android.overlay.pixelconfigcommon/10030} BLOCKED
07-27 05:12:41.855   576  1968 I AppsFilter: interaction: PackageSetting{6329a8 com.mediology.sinsinapp/10208} -> PackageSetting{75bd477 com.android.systemui.accessibility.accessibilitymenu.auto_generated_rro_product__/10082} BLOCKED
07-27 05:12:41.855   576  1968 I AppsFilter: interaction: PackageSetting{6329a8 com.mediology.sinsinapp/10208} -> PackageSetting{7dfe8e4 com.android.systemui.emulation.pixel_3a/10081} BLOCKED
07-27 05:12:41.855   576  1968 I AppsFilter: interaction: PackageSetting{6329a8 com.mediology.sinsinapp/10208} -> PackageSetting{7a3d14d com.android.systemui.emulation.pixel_4a/10040} BLOCKED
07-27 05:12:41.855   576  1968 I AppsFilter: interaction: PackageSetting{6329a8 com.mediology.sinsinapp/10208} -> PackageSetting{913c402 com.android.systemui.emulation.pixel_6a/10045} BLOCKED
07-27 05:12:41.855   576  1968 I AppsFilter: interaction: PackageSetting{6329a8 com.mediology.sinsinapp/10208} -> PackageSetting{eaf4113 com.android.systemui.emulation.pixel_7a/10034} BLOCKED
07-27 05:12:41.855   576  1968 I AppsFilter: interaction: PackageSetting{6329a8 com.mediology.sinsinapp/10208} -> PackageSetting{e24af50 com.android.systemui.emulation.pixel_8a/10046} BLOCKED
07-27 05:12:41.855   576  1968 I AppsFilter: interaction: PackageSetting{6329a8 com.mediology.sinsinapp/10208} -> PackageSetting{ae93549 com.google.android.settings.intelligence/10138} BLOCKED
07-27 05:12:41.855   576  1968 I AppsFilter: interaction: PackageSetting{6329a8 com.mediology.sinsinapp/10208} -> PackageSetting{b4e87ee com.google.android.projection.gearhead/10136} BLOCKED
07-27 05:12:41.855   576  1968 I AppsFilter: interaction: PackageSetting{6329a8 com.mediology.sinsinapp/10208} -> PackageSetting{2fe1e4e com.google.android.uwb.resources/10193} BLOCKED
07-27 05:12:41.855   576  1968 I AppsFilter: interaction: PackageSetting{6329a8 com.mediology.sinsinapp/10208} -> PackageSetting{dee948f com.android.cts.ctsshim/10202} BLOCKED
07-27 05:12:41.856   576  1968 I AppsFilter: interaction: PackageSetting{6329a8 com.mediology.sinsinapp/10208} -> PackageSetting{1c2db6f com.google.android.wifi.resources/10187} BLOCKED
07-27 05:12:41.856   576  1968 I AppsFilter: interaction: PackageSetting{6329a8 com.mediology.sinsinapp/10208} -> PackageSetting{5ad707c com.google.android.wifi.dialog/10189} BLOCKED
07-27 05:12:41.856   576  1968 I AppsFilter: interaction: PackageSetting{6329a8 com.mediology.sinsinapp/10208} -> PackageSetting{f06dd05 com.android.wallpaper/10174} BLOCKED
07-27 05:12:41.856   576  1968 I AppsFilter: interaction: PackageSetting{6329a8 com.mediology.sinsinapp/10208} -> PackageSetting{421d15a com.google.android.apps.wallpaper/10180} BLOCKED
07-27 05:12:41.856   576  1968 I AppsFilter: interaction: PackageSetting{6329a8 com.mediology.sinsinapp/10208} -> PackageSetting{5cbbf8b com.google.android.odad/10129} BLOCKED
07-27 05:12:41.856   576  1968 I AppsFilter: interaction: PackageSetting{6329a8 com.mediology.sinsinapp/10208} -> PackageSetting{c9f1868 com.android.settings.auto_generated_rro_product__/10029} BLOCKED
07-27 05:12:41.856   576  1968 I AppsFilter: interaction: PackageSetting{6329a8 com.mediology.sinsinapp/10208} -> PackageSetting{19d4481 com.android.systemui.emulation.pixel_9_pro_xl/10064} BLOCKED
07-27 05:12:41.856   576  1968 I AppsFilter: interaction: PackageSetting{6329a8 com.mediology.sinsinapp/10208} -> PackageSetting{79ba926 com.android.companiondevicemanager.auto_generated_characteristics_rro/10056} BLOCKED
07-27 05:12:41.856   576  1968 I AppsFilter: interaction: PackageSetting{6329a8 com.mediology.sinsinapp/10208} -> PackageSetting{434c967 com.android.internal.systemui.navbar.gestural/10059} BLOCKED
07-27 05:12:41.856   576  1968 I AppsFilter: interaction: PackageSetting{6329a8 com.mediology.sinsinapp/10208} -> PackageSetting{c815314 com.google.android.apps.youtube.music/10158} BLOCKED
07-27 05:12:41.856   576  1968 I AppsFilter: interaction: PackageSetting{6329a8 com.mediology.sinsinapp/10208} -> PackageSetting{fd8a7bd com.android.bluetoothmidiservice/10110} BLOCKED
07-27 05:12:41.856   576  1968 I AppsFilter: interaction: PackageSetting{6329a8 com.mediology.sinsinapp/10208} -> PackageSetting{b8931b2 com.android.storagemanager.auto_generated_rro_product__/10083} BLOCKED
07-27 05:12:41.856   576  1968 I AppsFilter: interaction: PackageSetting{6329a8 com.mediology.sinsinapp/10208} -> PackageSetting{83a9503 com.google.android.cellbroadcastreceiver/10200} BLOCKED
07-27 05:12:41.856   576  1968 I AppsFilter: interaction: PackageSetting{6329a8 com.mediology.sinsinapp/10208} -> PackageSetting{daa8c80 com.android.phone.auto_generated_rro_product__/10055} BLOCKED
07-27 05:12:41.856   576  1968 I AppsFilter: interaction: PackageSetting{6329a8 com.mediology.sinsinapp/10208} -> PackageSetting{36d02b9 com.android.systemui.emulation.pixel_9_pro_fold/10052} BLOCKED
07-27 05:12:41.856   576  1968 I AppsFilter: interaction: PackageSetting{6329a8 com.mediology.sinsinapp/10208} -> PackageSetting{54b6fe android.auto_generated_rro_product__/10068} BLOCKED
07-27 05:12:41.856   576  1968 I AppsFilter: interaction: PackageSetting{6329a8 com.mediology.sinsinapp/10208} -> PackageSetting{a477e5f com.google.android.inputmethod.latin/10165} BLOCKED
07-27 05:12:41.856   576  1968 I AppsFilter: interaction: PackageSetting{6329a8 com.mediology.sinsinapp/10208} -> PackageSetting{56bf0ac android.auto_generated_rro_vendor__/10089} BLOCKED
07-27 05:12:41.856   576  1968 I AppsFilter: interaction: PackageSetting{6329a8 com.mediology.sinsinapp/10208} -> PackageSetting{3521175 com.google.android.apps.restore/10135} BLOCKED
07-27 05:12:41.867  3315  3371 I cr_WVCFactoryProvider: Loaded version=124.0.6367.219 minSdkVersion=29 isBundle=false multiprocess=true packageId=2
07-27 05:12:41.874  3315  3371 D nativeloader: Load /data/app/~~j7XrDrOBfyXPaChKgCOlKw==/com.google.android.trichromelibrary_636771932-1ZyTS55ZreAXcKmASSpIgQ==/TrichromeLibrary.apk!/lib/arm64-v8a/libmonochrome_64.so using ns clns-9 from class loader (caller=/data/app/~~V8jWnHimbv_0cN1Ql8RorQ==/com.google.android.webview-gLDEjhnufxgMNAFZ6rwrXQ==/WebViewGoogle.apk): ok
07-27 05:12:41.875  3315  3371 D nativeloader: Load /system/lib64/libwebviewchromium_plat_support.so using ns clns-9 from class loader (caller=/data/app/~~V8jWnHimbv_0cN1Ql8RorQ==/com.google.android.webview-gLDEjhnufxgMNAFZ6rwrXQ==/WebViewGoogle.apk): ok
07-27 05:12:41.882  3315  3377 E chromium: [0727/051241.881971:ERROR:variations_seed_loader.cc(37)] Seed missing signature.
07-27 05:12:41.882  3315  3377 I cr_VariationsUtils: Failed reading seed file "/data/user/0/com.mediology.sinsinapp/app_webview/variations_seed_new"
07-27 05:12:41.882  3315  3377 I chromium: [0727/051241.882259:INFO:variations_seed_loader.cc(66)] Failed to open file for reading.: No such file or directory (2)
07-27 05:12:41.882  3315  3377 I cr_VariationsUtils: Failed reading seed file "/data/user/0/com.mediology.sinsinapp/app_webview/variations_seed"
07-27 05:12:41.893  3315  3371 I cr_LibraryLoader: Successfully loaded native library
07-27 05:12:41.895  3315  3371 I cr_CachingUmaRecorder: Flushed 6 samples from 6 histograms, 0 samples were dropped.
07-27 05:12:41.902  3315  3381 D TrafficStats: tagSocket(147) with statsTag=0xffffffff, statsUid=-1
07-27 05:12:41.919  3315  3370 D nativeloader: Load /data/app/~~T93ezTjbxBbsJRS8KOfcCA==/com.mediology.sinsinapp-3n8TehE9cPS1H3Ob-w8QRA==/base.apk!/lib/arm64-v8a/libworklets.so using ns clns-7 from class loader (caller=/data/app/~~T93ezTjbxBbsJRS8KOfcCA==/com.mediology.sinsinapp-3n8TehE9cPS1H3Ob-w8QRA==/base.apk!classes7.dex): ok
07-27 05:12:41.920  3315  3370 D nativeloader: Load /data/app/~~T93ezTjbxBbsJRS8KOfcCA==/com.mediology.sinsinapp-3n8TehE9cPS1H3Ob-w8QRA==/base.apk!/lib/arm64-v8a/libexpo-modules-core.so using ns clns-7 from class loader (caller=/data/app/~~T93ezTjbxBbsJRS8KOfcCA==/com.mediology.sinsinapp-3n8TehE9cPS1H3Ob-w8QRA==/base.apk!classes7.dex): ok
07-27 05:12:41.921  3315  3370 W BridgelessReactContext: [WARNING] Bridgeless doesn't support CatalystInstance. Accessing an API that's not part of the new architecture is not encouraged usage.
07-27 05:12:41.926  3315  3370 I ExpoModulesCore: ✅ JSI interop was installed
07-27 05:12:41.942  3315  3370 I ExpoModulesCore: ✅ Constants were exported
07-27 05:12:41.995  3315  3322 W ology.sinsinapp: ApkAssets: Deleting an ApkAssets object '<empty> and /data/app/~~V8jWnHimbv_0cN1Ql8RorQ==/com.google.android.webview-gLDEjhnufxgMNAFZ6rwrXQ==/WebViewGoogle.apk' with 2 weak references
07-27 05:12:41.997  3315  3370 W unknown:ViewManagerPropertyUpdater: Could not find generated setter for class com.reactnativekeyboardcontroller.OverKeyboardViewManager
07-27 05:12:41.999  3315  3370 W unknown:ViewManagerPropertyUpdater: Could not find generated setter for class com.reactnativekeyboardcontroller.views.overlay.OverKeyboardHostShadowNode
07-27 05:12:42.001  3315  3370 W unknown:ViewManagerPropertyUpdater: Could not find generated setter for class com.swmansion.rnscreens.ScreenFooterManager
07-27 05:12:42.001  3315  3370 W unknown:ViewManagerPropertyUpdater: Could not find generated setter for class com.facebook.react.uimanager.LayoutShadowNode
07-27 05:12:42.001  3315  3370 W unknown:ViewManagerPropertyUpdater: Could not find generated setter for class com.swmansion.rnscreens.gamma.tabs.TabScreenViewManager
07-27 05:12:42.002  3315  3370 W unknown:ViewManagerPropertyUpdater: Could not find generated setter for class expo.modules.kotlin.views.GroupViewManagerWrapper
07-27 05:12:42.003  3315  3370 W unknown:ViewManagerPropertyUpdater: Could not find generated setter for class com.swmansion.rnscreens.ScreenContainerViewManager
07-27 05:12:42.003  3315  3370 W unknown:ViewManagerPropertyUpdater: Could not find generated setter for class com.reactnativecommunity.slider.ReactSliderManager
07-27 05:12:42.005  3315  3370 W unknown:ViewManagerPropertyUpdater: Could not find generated setter for class com.swmansion.rnscreens.gamma.tabs.TabsHostViewManager
07-27 05:12:42.006  3315  3370 W unknown:ViewManagerPropertyUpdater: Could not find generated setter for class com.swmansion.rnscreens.ModalScreenViewManager
07-27 05:12:42.006  3315  3370 W unknown:ViewManagerPropertyUpdater: Could not find generated setter for class com.teleport.portal.PortalViewManager
07-27 05:12:42.008  3315  3370 W unknown:ViewManagerPropertyUpdater: Could not find generated setter for class com.reactnativekeyboardcontroller.KeyboardGestureAreaViewManager
07-27 05:12:42.009   380   457 I netd    : tetherGetStats() -> {[]} <0.47ms>
07-27 05:12:42.009  3315  3370 W unknown:ViewManagerPropertyUpdater: Could not find generated setter for class com.th3rdwave.safeareacontext.SafeAreaViewManager
07-27 05:12:42.009  3315  3370 W unknown:ViewManagerPropertyUpdater: Could not find generated setter for class com.th3rdwave.safeareacontext.SafeAreaViewShadowNode
07-27 05:12:42.010  3315  3370 W unknown:ViewManagerPropertyUpdater: Could not find generated setter for class com.swmansion.rnscreens.safearea.SafeAreaViewManager
07-27 05:12:42.010  3315  3370 W unknown:ViewManagerPropertyUpdater: Could not find generated setter for class com.swmansion.rnscreens.safearea.paper.SafeAreaViewShadowNode
07-27 05:12:42.010   380   457 I netd    : bandwidthSetGlobalAlert(2097152) <0.05ms>
07-27 05:12:42.010  3315  3370 W unknown:ViewManagerPropertyUpdater: Could not find generated setter for class com.swmansion.rnscreens.ScreenViewManager
07-27 05:12:42.011  3315  3370 W unknown:ViewManagerPropertyUpdater: Could not find generated setter for class expo.modules.kotlin.views.SimpleViewManagerWrapper
07-27 05:12:42.011  3315  3370 W unknown:ViewManagerPropertyUpdater: Could not find generated setter for class com.reactnativemenu.MenuViewManager
07-27 05:12:42.012  3315  3370 W unknown:ViewManagerPropertyUpdater: Could not find generated setter for class com.swmansion.rnscreens.ScreenStackViewManager
07-27 05:12:42.013  3315  3370 W unknown:ViewManagerPropertyUpdater: Could not find generated setter for class com.th3rdwave.safeareacontext.SafeAreaProviderManager
07-27 05:12:42.013  3315  3370 W unknown:ViewManagerPropertyUpdater: Could not find generated setter for class com.swmansion.rnscreens.SearchBarManager
07-27 05:12:42.016  3315  3370 W unknown:ViewManagerPropertyUpdater: Could not find generated setter for class com.iosutilities.IosUtilitiesViewManager
07-27 05:12:42.016  3315  3370 W unknown:ViewManagerPropertyUpdater: Could not find generated setter for class com.teleport.host.PortalHostViewManager
07-27 05:12:42.016  3315  3370 W unknown:ViewManagerPropertyUpdater: Could not find generated setter for class com.reactnativecommunity.webview.RNCWebViewManager
07-27 05:12:42.017  3315  3370 W unknown:ViewManagerPropertyUpdater: Could not find generated setter for class com.reactnativekeyboardcontroller.KeyboardControllerViewManager
07-27 05:12:42.018  3315  3370 W unknown:ViewManagerPropertyUpdater: Could not find generated setter for class com.swmansion.rnscreens.ScreenStackHeaderConfigViewManager
07-27 05:12:42.018  3315  3370 W unknown:ViewManagerPropertyUpdater: Could not find generated setter for class com.swmansion.rnscreens.ScreenContentWrapperManager
07-27 05:12:42.018  3315  3370 W unknown:ViewManagerPropertyUpdater: Could not find generated setter for class com.swmansion.rnscreens.gamma.stack.host.StackHostViewManager
07-27 05:12:42.018  3315  3370 W unknown:ViewManagerPropertyUpdater: Could not find generated setter for class com.reactnativegooglesignin.RNGoogleSigninButtonViewManager
07-27 05:12:42.018  3315  3370 W unknown:ViewManagerPropertyUpdater: Could not find generated setter for class com.swmansion.rnscreens.ScreenStackHeaderSubviewManager
07-27 05:12:42.019  3315  3370 W unknown:ViewManagerPropertyUpdater: Could not find generated setter for class com.swmansion.rnscreens.gamma.stack.screen.StackScreenViewManager
07-27 05:12:42.019  3315  3370 W unknown:ViewManagerPropertyUpdater: Could not find generated setter for class com.reactnativekeyboardcontroller.KeyboardBackgroundViewManager
07-27 05:12:42.068  3315  3370 W unknown:ViewManagerPropertyUpdater: Could not find generated setter for class com.horcrux.svg.RenderableViewManager$DefsViewManager
07-27 05:12:42.068  3315  3370 W unknown:ViewManagerPropertyUpdater: Could not find generated setter for class com.horcrux.svg.VirtualViewManager$RenderableShadowNode
07-27 05:12:42.072  3315  3370 W unknown:ViewManagerPropertyUpdater: Could not find generated setter for class com.facebook.react.views.debuggingoverlay.DebuggingOverlayManager
07-27 05:12:42.074  3315  3370 W unknown:ViewManagerPropertyUpdater: Could not find generated setter for class com.horcrux.svg.RenderableViewManager$FeMergeManager
07-27 05:12:42.075  3315  3370 W unknown:ViewManagerPropertyUpdater: Could not find generated setter for class com.facebook.react.views.safeareaview.ReactSafeAreaViewManager
07-27 05:12:42.077  3315  3370 W unknown:ViewManagerPropertyUpdater: Could not find generated setter for class com.horcrux.svg.RenderableViewManager$LinearGradientManager
07-27 05:12:42.081  3315  3370 W unknown:ViewManagerPropertyUpdater: Could not find generated setter for class com.horcrux.svg.RenderableViewManager$FeGaussianBlurManager
07-27 05:12:42.083  3315  3370 W unknown:ViewManagerPropertyUpdater: Could not find generated setter for class com.facebook.react.views.progressbar.ReactProgressBarViewManager
07-27 05:12:42.083  3315  3370 W unknown:ViewManagerPropertyUpdater: Could not find generated setter for class com.facebook.react.views.progressbar.ProgressBarShadowNode
07-27 05:12:42.085  3315  3370 W unknown:ViewManagerPropertyUpdater: Could not find generated setter for class com.facebook.react.views.scroll.ReactHorizontalScrollViewManager
07-27 05:12:42.089  3315  3370 W unknown:ViewManagerPropertyUpdater: Could not find generated setter for class com.facebook.react.views.text.ReactTextViewManager
07-27 05:12:42.090  3315  3370 W unknown:ViewManagerPropertyUpdater: Could not find generated setter for class com.facebook.react.views.text.ReactTextShadowNode
07-27 05:12:42.092  3315  3370 W unknown:ViewManagerPropertyUpdater: Could not find generated setter for class com.horcrux.svg.RenderableViewManager$FeColorMatrixManager
07-27 05:12:42.094  3315  3370 W unknown:ViewManagerPropertyUpdater: Could not find generated setter for class com.facebook.react.views.scroll.ReactHorizontalScrollContainerViewManager
07-27 05:12:42.097  3315  3370 W unknown:ViewManagerPropertyUpdater: Could not find generated setter for class com.horcrux.svg.RenderableViewManager$ClipPathViewManager
07-27 05:12:42.099  3315  3370 W unknown:ViewManagerPropertyUpdater: Could not find generated setter for class com.horcrux.svg.RenderableViewManager$SymbolManager
07-27 05:12:42.101  3315  3370 W unknown:ViewManagerPropertyUpdater: Could not find generated setter for class com.horcrux.svg.RenderableViewManager$PatternManager
07-27 05:12:42.105  3315  3370 W unknown:ViewManagerPropertyUpdater: Could not find generated setter for class com.horcrux.svg.RenderableViewManager$FeBlendManager
07-27 05:12:42.107  3315  3370 W unknown:ViewManagerPropertyUpdater: Could not find generated setter for class com.facebook.react.views.view.ReactViewManager
07-27 05:12:42.109  3315  3370 W unknown:ViewManagerPropertyUpdater: Could not find generated setter for class com.horcrux.svg.SvgViewManager
07-27 05:12:42.112  3315  3370 W unknown:ViewManagerPropertyUpdater: Could not find generated setter for class com.facebook.react.views.switchview.ReactSwitchManager
07-27 05:12:42.113  3315  3370 W unknown:ViewManagerPropertyUpdater: Could not find generated setter for class com.facebook.react.views.switchview.ReactSwitchShadowNode
07-27 05:12:42.115  3315  3370 W unknown:ViewManagerPropertyUpdater: Could not find generated setter for class com.horcrux.svg.RenderableViewManager$UseViewManager
07-27 05:12:42.117  3315  3370 W unknown:ViewManagerPropertyUpdater: Could not find generated setter for class com.horcrux.svg.RenderableViewManager$CircleViewManager
07-27 05:12:42.118  3315  3370 W unknown:ViewManagerPropertyUpdater: Could not find generated setter for class com.horcrux.svg.RenderableViewManager$TSpanViewManager
07-27 05:12:42.121  3315  3370 W unknown:ViewManagerPropertyUpdater: Could not find generated setter for class com.horcrux.svg.RenderableViewManager$FilterManager
07-27 05:12:42.122  3315  3370 W unknown:ViewManagerPropertyUpdater: Could not find generated setter for class com.horcrux.svg.RenderableViewManager$MarkerManager
07-27 05:12:42.125  3315  3370 W unknown:ViewManagerPropertyUpdater: Could not find generated setter for class com.swmansion.gesturehandler.react.RNGestureHandlerButtonViewManager
07-27 05:12:42.127  3315  3370 W unknown:ViewManagerPropertyUpdater: Could not find generated setter for class com.facebook.react.views.modal.ReactModalHostManager
07-27 05:12:42.130  3315  3370 W unknown:ViewManagerPropertyUpdater: Could not find generated setter for class com.horcrux.svg.RenderableViewManager$ForeignObjectManager
07-27 05:12:42.132  3315  3370 W unknown:ViewManagerPropertyUpdater: Could not find generated setter for class com.horcrux.svg.RenderableViewManager$EllipseViewManager
07-27 05:12:42.134  3315  3370 W unknown:ViewManagerPropertyUpdater: Could not find generated setter for class com.horcrux.svg.RenderableViewManager$LineViewManager
07-27 05:12:42.137  3315  3370 W unknown:ViewManagerPropertyUpdater: Could not find generated setter for class com.facebook.react.views.text.frescosupport.FrescoBasedReactTextInlineImageViewManager
07-27 05:12:42.137  3315  3370 W unknown:ViewManagerPropertyUpdater: Could not find generated setter for class com.facebook.react.views.text.frescosupport.FrescoBasedReactTextInlineImageShadowNode
07-27 05:12:42.139  3315  3370 W unknown:ViewManagerPropertyUpdater: Could not find generated setter for class com.horcrux.svg.RenderableViewManager$FeFloodManager
07-27 05:12:42.141  3315  3370 W unknown:ViewManagerPropertyUpdater: Could not find generated setter for class com.horcrux.svg.RenderableViewManager$GroupViewManager
07-27 05:12:42.143  3315  3370 W unknown:ViewManagerPropertyUpdater: Could not find generated setter for class com.horcrux.svg.RenderableViewManager$TextViewManager
07-27 05:12:42.147  3315  3370 W unknown:ViewManagerPropertyUpdater: Could not find generated setter for class com.horcrux.svg.RenderableViewManager$ImageViewManager
07-27 05:12:42.149  3315  3370 W unknown:ViewManagerPropertyUpdater: Could not find generated setter for class com.horcrux.svg.RenderableViewManager$FeCompositeManager
07-27 05:12:42.151  3315  3370 W unknown:ViewManagerPropertyUpdater: Could not find generated setter for class com.facebook.react.views.image.ReactImageManager
07-27 05:12:42.154  3315  3370 W unknown:ViewManagerPropertyUpdater: Could not find generated setter for class com.horcrux.svg.RenderableViewManager$RadialGradientManager
07-27 05:12:42.157  3315  3370 W unknown:ViewManagerPropertyUpdater: Could not find generated setter for class com.horcrux.svg.RenderableViewManager$MaskManager
07-27 05:12:42.159  3315  3370 W unknown:ViewManagerPropertyUpdater: Could not find generated setter for class com.facebook.react.views.unimplementedview.ReactUnimplementedViewManager
07-27 05:12:42.160  3315  3370 W unknown:ViewManagerPropertyUpdater: Could not find generated setter for class com.horcrux.svg.RenderableViewManager$RectViewManager
07-27 05:12:42.163  3315  3370 W unknown:ViewManagerPropertyUpdater: Could not find generated setter for class com.horcrux.svg.RenderableViewManager$TextPathViewManager
07-27 05:12:42.166  3315  3370 W unknown:ViewManagerPropertyUpdater: Could not find generated setter for class com.facebook.react.views.scroll.ReactScrollViewManager
07-27 05:12:42.168  3315  3370 W unknown:ViewManagerPropertyUpdater: Could not find generated setter for class com.horcrux.svg.RenderableViewManager$FeOffsetManager
07-27 05:12:42.170  3315  3370 W unknown:ViewManagerPropertyUpdater: Could not find generated setter for class com.horcrux.svg.RenderableViewManager$PathViewManager
07-27 05:12:42.174  3315  3370 W unknown:ViewManagerPropertyUpdater: Could not find generated setter for class com.facebook.react.views.drawer.ReactDrawerLayoutManager
07-27 05:12:42.177  3315  3370 W unknown:ViewManagerPropertyUpdater: Could not find generated setter for class com.facebook.react.views.swiperefresh.SwipeRefreshLayoutManager
07-27 05:12:42.181  3315  3370 W unknown:ViewManagerPropertyUpdater: Could not find generated setter for class com.facebook.react.views.textinput.ReactTextInputManager
07-27 05:12:42.182  3315  3370 W unknown:ViewManagerPropertyUpdater: Could not find generated setter for class com.facebook.react.views.textinput.ReactTextInputShadowNode
07-27 05:12:42.185  3315  3370 W unknown:ViewManagerPropertyUpdater: Could not find generated setter for class com.swmansion.gesturehandler.react.RNGestureHandlerRootViewManager
07-27 05:12:42.220  3315  3381 D TrafficStats: tagSocket(138) with statsTag=0xffffffff, statsUid=-1
07-27 05:12:42.331  3315  3370 D nativeloader: Load /data/app/~~T93ezTjbxBbsJRS8KOfcCA==/com.mediology.sinsinapp-3n8TehE9cPS1H3Ob-w8QRA==/base.apk!/lib/arm64-v8a/librnscreens.so using ns clns-7 from class loader (caller=/data/app/~~T93ezTjbxBbsJRS8KOfcCA==/com.mediology.sinsinapp-3n8TehE9cPS1H3Ob-w8QRA==/base.apk!classes2.dex): ok
07-27 05:12:42.380  3315  3370 I ReactNativeJS: Running "main" with {"rootTag":1,"initialProps":{},"fabric":true}
07-27 05:12:42.482  1596  1596 I BugleDataModel: ActionExecutorImpl: Starting ActionService
07-27 05:12:42.486  1596  1596 I BugleDataModel: ActionExecutorImpl: ACTION_EXECUTE_QUEUED_CountryCodeDetectorAction
07-27 05:12:42.490  1596  3304 I BugleDataModel: ExecuteActionRunnable: running action CountryCodeDetectorAction
07-27 05:12:42.491  1596  3304 I BugleDataModel: ActionExecutorImpl: ACTION_BACKGROUND_QUEUED_CountryCodeDetectorAction
07-27 05:12:42.494  1596  3288 I Bugle   : CountryCodeDetector: updateSmsNetworkCountry from default subscription network country. detected country: us
07-27 05:12:42.495  1596  3288 I BugleDataModel: ActionExecutorImpl: ACTION_RESPONSE_QUEUED_CountryCodeDetectorAction
07-27 05:12:42.497  1596  3304 I BugleDataModel: ActionExecutorImpl: Stopping ActionService
07-27 05:12:42.502  1596  1663 W Bugle   : TextClassifierLibManagerImpl: Reclaiming memory at level: 40
07-27 05:12:42.502   380   457 I netd    : tetherGetStats() -> {[]} <2.17ms>
07-27 05:12:42.560  3387  3387 W BpBinder: Linking to death on android.gui.ISurfaceComposer but there are no threads (yet?) listening to incoming transactions. See ProcessState::startThreadPool and ProcessState::setThreadPoolMaxThreadCount. Generally you should setup the binder threadpool before other initialization steps.
07-27 05:12:42.560  3387  3387 W ProcessState: Extra binder thread started, but 0 threads requested. Do not use *startThreadPool when zero threads are requested.
07-27 05:12:42.579   157   157 I servicemanager: Caller(pid=3387,uid=2000,sid=u:r:shell:s0) Could not find android.hardware.graphics.allocator.IAllocator/default in the VINTF manifest. No alternative instances declared in VINTF.
07-27 05:12:42.576   158   158 I hwservicemanager: getTransport: Cannot find entry android.hardware.graphics.mapper@4.0::IMapper/default in either framework or device VINTF manifest.
07-27 05:12:42.576  3387  3388 I Gralloc4: mapper 4.x is not supported
07-27 05:12:42.652  3315  3370 D nativeloader: Load /data/app/~~T93ezTjbxBbsJRS8KOfcCA==/com.mediology.sinsinapp-3n8TehE9cPS1H3Ob-w8QRA==/base.apk!/lib/arm64-v8a/libreanimated.so using ns clns-7 from class loader (caller=/data/app/~~T93ezTjbxBbsJRS8KOfcCA==/com.mediology.sinsinapp-3n8TehE9cPS1H3Ob-w8QRA==/base.apk!classes7.dex): ok
07-27 05:12:42.706  3315  3370 W ReactNativeJS: '[Reanimated] Reduced motion setting is enabled on this device. This warning is visible only in the development mode. Some animations will be disabled by default. You can override the behavior for individual animations, see https://docs.swmansion.com/react-native-reanimated/docs/guides/troubleshooting#reduced-motion-setting-is-enabled-on-this-device.', { [Stack] name: 'Stack' }
