--------- beginning of main
07-27 05:14:28.364  3315  3315 W [RNScreens]: topInsetEnabled prop is not available on Android
07-27 05:14:28.364  3315  3315 W [RNScreens]: backTitleVisible prop is not available on Android
07-27 05:14:28.364  3315  3315 W [RNScreens]: largeTitleHideShadow prop is not available on Android
07-27 05:14:28.364  3315  3315 W [RNScreens]: largeTitleFontWeight prop is not available on Android
07-27 05:14:28.364  3315  3315 W [RNScreens]: userInterfaceStyle prop is not available on Android
07-27 05:14:28.364  3315  3315 W [RNScreens]: largeTitleFontFamily prop is not available on Android
07-27 05:14:28.394  3315  3725 W com.reactnativekeyboardcontroller.modules.statusbar.StatusBarManagerCompatModuleImpl: StatusBarModule: Ignored status bar change, current activity is edge-to-edge.
07-27 05:14:28.397   422   539 D audioserver: logFgsApiEnd: FGS Logger Transaction failed, -129
07-27 05:14:28.406  3315  3315 I ThemedReactContext: KeyboardController::layoutDidSynchronize
07-27 05:14:28.425  3315  3315 I ThemedReactContext: KeyboardController::layoutDidSynchronize
07-27 05:14:29.806  1450  1759 I BistoHotwordHelper: (REDACTED) getHotwordActive::active query: %s, watch: %s, devices connected: %s
07-27 05:14:30.242  3315  3315 W ReactEditText: Can not attach listener because field `mListeners` not found: No field mListeners in class Lcom/facebook/react/views/textinput/ReactEditText; (declaration of 'com.facebook.react.views.textinput.ReactEditText' appears in /data/app/~~T93ezTjbxBbsJRS8KOfcCA==/com.mediology.sinsinapp-3n8TehE9cPS1H3Ob-w8QRA==/base.apk!classes7.dex). Attaching to the end...
07-27 05:14:30.243  3315  3315 I ThemedReactContext: KeyboardController::focusDidSet
07-27 05:14:30.246  3315  3315 I ImeTracker: com.mediology.sinsinapp:247dbeb1: onRequestShow at ORIGIN_CLIENT reason SHOW_SOFT_INPUT fromUser true
07-27 05:14:30.246  3315  3315 D InputMethodManager: showSoftInput() view=com.facebook.react.views.textinput.ReactEditText{3928ca9 VFED..CL. .F.P..ID 44,556-930,618 #77e aid=1073741839} flags=0 reason=SHOW_SOFT_INPUT
--------- beginning of system
07-27 05:14:30.248   576   695 D OomAdjuster: Not killing cached processes
07-27 05:14:30.251  1370  1370 I GoogleInputMethodService: GoogleInputMethodService.onFinishInput():3157 
07-27 05:14:30.254  1370  1370 I GoogleInputMethodService: GoogleInputMethodService.updateDeviceLockedStatus():2248 repeatCheckTimes = 0, locked = false
07-27 05:14:30.254  1370  1370 I GoogleInputMethodService: GoogleInputMethodService.onStartInput():1986 onStartInput(EditorInfo{EditorInfo{packageName=com.mediology.sinsinapp, inputType=81, inputTypeString=Password, enableLearning=false, autoCorrection=false, autoComplete=true, imeOptions=4000006, privateImeOptions=null, actionName=DONE, actionLabel=null, initialSelStart=0, initialSelEnd=0, initialCapsMode=0, label=null, fieldId=1918, fieldName=null, extras=Bundle[mParcelledData.dataSize=404], hintText=non-empty, hintLocales=[]}}, false)
07-27 05:14:30.254  1370  1370 I GoogleInputMethodService: GoogleInputMethodService.updateDeviceLockedStatus():2248 repeatCheckTimes = 1, locked = false
07-27 05:14:30.255   422   509 D audioserver: logFgsApiBegin: FGS Logger Transaction failed, -129
07-27 05:14:30.257  1370  1370 I AndroidIME: InputBundleManager.loadActiveInputBundleId():450 loadActiveInputBundleId: und-Latn-x-password, password
07-27 05:14:30.258  3315  3346 D EGL_emulation: app_time_stats: avg=98.29ms min=1.15ms max=1299.36ms count=19
07-27 05:14:30.258  1370  1370 I HardKeyTracker: HardKeyTracker.unregisterKeySequence():183 Unregister key sequence lnk{labelResId=2132019800, callback=gnd@f531647, lastModifier=0, keyCodes=[57, 57], actions=[1, 0]}
07-27 05:14:30.258  1370  1370 I HardKeyTracker: HardKeyTracker.unregisterKeySequence():183 Unregister key sequence lnk{labelResId=0, callback=gnd@1ca0c12, lastModifier=0, keyCodes=[58, 58], actions=[1, 0]}
07-27 05:14:30.259   576  2013 W AS.PlaybackActivityMon: No piid assigned for invalid/internal port id 15
07-27 05:14:30.260   576  1805 W PackageConfigPersister: App-specific configuration not found for packageName: com.mediology.sinsinapp and userId: 0
07-27 05:14:30.262  1370  1370 I GoogleInputMethodService: GoogleInputMethodService.onStartInputView():2098 onStartInputView(EditorInfo{EditorInfo{packageName=com.mediology.sinsinapp, inputType=81, inputTypeString=Password, enableLearning=false, autoCorrection=false, autoComplete=true, imeOptions=4000006, privateImeOptions=null, actionName=DONE, actionLabel=null, initialSelStart=0, initialSelEnd=0, initialCapsMode=0, label=null, fieldId=1918, fieldName=null, extras=Bundle[{android.support.text.emoji.emojiCompat_metadataVersion=9, androidx.core.view.inputmethod.EditorInfoCompat.STYLUS_HANDWRITING_ENABLED=false, android.support.text.emoji.emojiCompat_replaceAll=false}], hintText=non-empty, hintLocales=[]}}, false)
07-27 05:14:30.262  1370  1370 I GoogleInputMethodService: GoogleInputMethodService.updateDeviceLockedStatus():2248 repeatCheckTimes = 1, locked = false
07-27 05:14:30.268  1370  1370 I KeyboardHeightUtil: KeyboardHeightUtil.getOemKeyboardHeightRatio():206 systemKeyboardHeightRatio:1.000000.
07-27 05:14:30.268  1370  1370 I AndroidIME: AbstractIme.onActivate():89 PasswordIme.onActivate() : EditorInfo = EditorInfo{packageName=com.mediology.sinsinapp, inputType=81, inputTypeString=Password, enableLearning=false, autoCorrection=false, autoComplete=true, imeOptions=4000006, privateImeOptions=null, actionName=DONE, actionLabel=null, initialSelStart=0, initialSelEnd=0, initialCapsMode=0, label=null, fieldId=1918, fieldName=null, extras=Bundle[{android.support.text.emoji.emojiCompat_metadataVersion=9, androidx.core.view.inputmethod.EditorInfoCompat.STYLUS_HANDWRITING_ENABLED=false, android.support.text.emoji.emojiCompat_replaceAll=false}], hintText=non-empty, hintLocales=[]}, IncognitoMode = false, DeviceLocked = false
07-27 05:14:30.270  1370  1370 I KeyboardWrapper: KeyboardWrapper.activateKeyboard():575 activateKeyboard(): type=prime, status=0, imeDef=ktt{stringId=password, language=und-Latn-x-password, languageTag=und-Latn-x-password, processedConditions={variant=qwerty, enable_number_row=false, device=phone}, className=com.google.android.libraries.inputmethod.ime.password.PasswordIme, label=2132018743, keyEventInterpreter=null, inlineComposing=true, autoCapital=true, announceAutoSelectedCandidate=true, statusIcon=0, primeKeyboardType=SOFT, indicatorIcon=0, indicatorLabel=null, displayAppCompletions=false, extraValues=ktl{}, processors=kvl@99ac202, unacceptableMetaKeys=4098, languageSpecificSettings=0, asciiCapable=false, alwaysShowSuggestions=false, useAsciiPasswordKeyboard=false, secondaryIme=null, keyboardGroupDef=kut@d8d6713, phenotypeFlagId=0, localizationLanguageTag=null, supportsInlineSuggestion=false, supportsAccessPoints=false}
07-27 05:14:30.270  1370  1370 I KeyboardManager: KeyboardManager.requestKeyboard():234 Creating keyboard prime, imeId=password, cacheKey=theme_border_stylesheet_noshadow_gsans_pillkey_silkpopup_hover_light_phone_bottom4dp_navredesign
07-27 05:14:30.270  1370  1370 I KeyboardWrapper: KeyboardWrapper.onKeyboardReady():239 onKeyboardReady(): type=prime(prime), kb=com.google.android.apps.inputmethod.latin.keyboard.LatinPasswordKeyboard@87f730d
07-27 05:14:30.270  1370  1370 I KeyboardWrapper: KeyboardWrapper.doActivateKeyboard():606 doActivateKeyboard(): prime
07-27 05:14:30.271  1370  1370 I KeyboardHeightUtil: KeyboardHeightUtil.calculateMaxKeyboardBodyHeight():45 leave 281 height for app when ime window height:2142, header height:116 and isFullscreenMode:false, so the max keyboard body height is:1745
07-27 05:14:30.273  1370  1370 W Keyboard: Keyboard.getKeyboardViewHelper():574 null helper is returned: keyboardDef=kuo{processedConditions={show_suggestions=true, enable_more_candidates_view_for_multilingual=false, enable_secondary_symbols=false, variant=qwerty, language=en-US, device=phone, expressions=normal, keyboard_mode=normal, show_secondary_digits=false, enable_preemptive_decode=true, rtl_layout=false}, globalConditions={global_theme_key=theme_border_stylesheet_noshadow_gsans_pillkey_silkpopup_hover_light_phone_bottom4dp_navredesign, global_locale=en_US, global_density_dpi=420, global_orientation=1}, className=.latin.keyboard.LatinPasswordKeyboard, resourceIds=[#0x7f170663, #0x7f1708e0, #0x7f17071f], initialStates=0, keyboardViewDefs=[kvb{direction=null, id=#0x7f0b014d, isScalable=true, layoutId=#0x7f0e039d, type=BODY, touchable=true, defaultShow=true}, kvb{direction=null, id=#0x7f0b014d, isScalable=false, layoutId=#0x7f0e01aa, type=FLOATING_CANDIDATES, touchable=false, defaultShow=false}, kvb{direction=LOCALE, id=#0x7f0b014d, isScalable=false, layoutId=#0x7f0e058f, type=HEADER, touchable=true, defaultShow=true}], persistentStates=0, persistentStatesPrefKey=null, popupBubbleLayoutId=#0x7f0e068d, recentKeyLayoutId=0, recentKeyPopupLayoutId=0, recentKeyType=null, rememberRecentKey=NONE, sessionStates=17592186044419}, type=WIDGET, helpersCreated=[kib@99bb1d7, kib@ac46ac4, kib@5c15dad, null], context.getResources().getConfiguration(): {1.0 310mcc260mnc [en_US] ldltr sw411dp w411dp h914dp 420dpi nrml long port finger qwerty/v/v dpad/v winConfig={ mBounds=Rect(0, 0 - 1080, 2400) mAppBounds=Rect(0, 0 - 1080, 2400) mMaxBounds=Rect(0, 0 - 1080, 2400) mDisplayRotation=ROTATION_0 mWindowingMode=fullscreen mActivityType=undefined mAlwaysOnTop=undefined mRotation=ROTATION_0} as.2 s.34 fontWeightAdjustment=0}
07-27 05:14:30.273  3315  3315 I ImeTracker: com.mediology.sinsinapp:ff1b1485: onRequestShow at ORIGIN_CLIENT reason SHOW_SOFT_INPUT fromUser false
07-27 05:14:30.274  3315  3315 D InputMethodManager: showSoftInput() view=com.facebook.react.views.textinput.ReactEditText{3928ca9 VFED..CL. .F.P.... 44,556-930,618 #77e aid=1073741839} flags=0 reason=SHOW_SOFT_INPUT
07-27 05:14:30.274  1370  1370 I KeyboardHeightUtil: KeyboardHeightUtil.calculateMaxKeyboardBodyHeight():45 leave 281 height for app when ime window height:2142, header height:116 and isFullscreenMode:false, so the max keyboard body height is:1745
07-27 05:14:30.285   422   539 D AudioFlinger: mixer(0xb400007e7f7558e0) throttle end: throttle time(11)
07-27 05:14:30.285  1370  1370 I GoogleInputMethodService: GoogleInputMethodService.startInputIfInputViewStarted():3728 startInputIfInputViewStarted(): default prime
07-27 05:14:30.285  1370  1370 I KeyboardModeManager: KeyboardModeManager.setInputViewKeyboardViewHolderProvider():625 setInputView() : supportsOneHandedMode=true supportsSplitMode=true
07-27 05:14:30.286  1370  1370 I NormalModeController: NormalModeController.getKeyboardBodyViewHolderPaddingBottom():104 currentPrimeKeyboardType:SOFT systemPaddingBottom:-1
07-27 05:14:30.286  1370  1370 I KeyboardHeightUtil: KeyboardHeightUtil.calculateMaxKeyboardBodyHeight():45 leave 281 height for app when ime window height:2142, header height:116 and isFullscreenMode:false, so the max keyboard body height is:1745
07-27 05:14:30.286  1370  1370 I KeyboardHeightUtil: KeyboardHeightUtil.calculateMaxKeyboardBodyHeight():45 leave 281 height for app when ime window height:2142, header height:116 and isFullscreenMode:false, so the max keyboard body height is:1745
07-27 05:14:30.286  1370  1370 I KeyboardHeightUtil: KeyboardHeightUtil.calculateMaxKeyboardBodyHeight():45 leave 281 height for app when ime window height:2142, header height:116 and isFullscreenMode:false, so the max keyboard body height is:1745
07-27 05:14:30.286  1370  1370 I KeyboardHeightUtil: KeyboardHeightUtil.calculateMaxKeyboardBodyHeight():45 leave 281 height for app when ime window height:2142, header height:116 and isFullscreenMode:false, so the max keyboard body height is:1745
07-27 05:14:30.286  1370  1370 I NormalModeController: NormalModeController.getKeyboardBodyViewHolderPaddingBottom():104 currentPrimeKeyboardType:SOFT systemPaddingBottom:-1
07-27 05:14:30.286  1370  1370 I KeyboardHeightUtil: KeyboardHeightUtil.calculateMaxKeyboardBodyHeight():45 leave 281 height for app when ime window height:2142, header height:116 and isFullscreenMode:false, so the max keyboard body height is:1745
07-27 05:14:30.286  1370  1370 I KeyboardHeightUtil: KeyboardHeightUtil.calculateMaxKeyboardBodyHeight():45 leave 281 height for app when ime window height:2142, header height:116 and isFullscreenMode:false, so the max keyboard body height is:1745
07-27 05:14:30.286  1370  1370 I KeyboardModeManager: KeyboardModeManager.setInputViewKeyboardViewHolderProvider():613 setInputView() : supportsOneHandedMode=true, supportSplitMode=true
07-27 05:14:30.294   380   457 I netd    : tetherGetStats() -> {[]} <1.14ms>
07-27 05:14:30.300  1370  1370 I CrowdsourceExtension: CrowdsourceExtension.checkIfDefaultBrowserIsAllowed():110 Failed to get default browser. The default browser may be deactived.
07-27 05:14:30.302  1370  1370 I AccessoryInputModeManager: AccessoryInputModeManager.onModeStarted():308 Accessory input mode started: null
07-27 05:14:30.302  1370  1370 W SupplementaryKeyboardsWrapper: SupplementaryKeyboardsWrapper.deactivateKeyboard():159 keyboard accessory_candidates_consumer is not activated before!
07-27 05:14:30.303  1370  1370 I NewLanguagePromptExtension: NewLanguagePromptExtension.onActivate():195 Not activated NewLanguagePromptExtension: not a normal text input box.
07-27 05:14:30.306  1370  1370 I HardKeyTracker: HardKeyTracker.unregisterKeySequence():183 Unregister key sequence lnk{labelResId=2132019804, callback=cfr@15577d3, lastModifier=2, keyCodes=[48], actions=[0]}
07-27 05:14:30.307  1370  1370 I HardKeyTracker: HardKeyTracker.registerKeySequence():139 Register key sequence lnk{labelResId=2132019804, callback=cfr@b9ccb1, lastModifier=2, keyCodes=[48], actions=[0]}
07-27 05:14:30.307  1370  1370 I CurrentMicStatusHolder: CurrentMicStatusHolder.onStartInputView():81 Current Mic status = {MicIconHidden-PasswordOrNumberOrDateInputType,}
07-27 05:14:30.325  1370  1370 I KeyboardHeightUtil: KeyboardHeightUtil.calculateMaxKeyboardBodyHeight():45 leave 281 height for app when ime window height:2142, header height:116 and isFullscreenMode:false, so the max keyboard body height is:1745
07-27 05:14:30.326  1370  1370 I WindowMetricsNotification: WindowMetricsNotification.notifyWithWindow():113 
07-27 05:14:30.332  1370  1370 I WindowMetricsNotification: WindowMetricsNotification.notify():106 WindowMetricsNotification{bounds=Rect(0, 132 - 1080, 2400), insets=Rect(0, 0 - 0, 126), densityDpi=420, smallestScreenWidthDp=411, displayWidth=1080, displayHeight=2400, xdpi=420.0, ydpi=420.0}; DisplayMetrics{density=2.625, width=1080, height=2400, scaledDensity=2.625, xdpi=420.0, ydpi=420.0}
07-27 05:14:30.363  1571  1571 D BoundBrokerSvc: onBind: Intent { act=com.google.firebase.dynamiclinks.service.START pkg=com.google.android.gms }
07-27 05:14:30.363  1571  1571 D BoundBrokerSvc: Loading bound service for intent: Intent { act=com.google.firebase.dynamiclinks.service.START pkg=com.google.android.gms }
07-27 05:14:30.369  1370  1370 I StylusModule: StylusModule.onUpdateToolType():770 Update tool type = 0
07-27 05:14:30.373  1370  1370 I GoogleInputMethodService: GoogleInputMethodService$1.onKeyboardViewShown():494 onKeyboardViewShown: keyboardType=prime, keyboardViewType=HEADER keyboardView=com.google.android.libraries.inputmethod.widgets.SoftKeyboardView{1b9cf4b V.E...... ........ 0,0-1080,116}
07-27 05:14:30.374  1370  1370 I GoogleInputMethodService: GoogleInputMethodService$1.onKeyboardViewShown():494 onKeyboardViewShown: keyboardType=prime, keyboardViewType=BODY keyboardView=com.google.android.libraries.inputmethod.widgets.SoftKeyboardView{281a59c V.E...... ........ 0,0-1080,641}
07-27 05:14:30.374  1370  1370 I NewLanguagePromptExtension: NewLanguagePromptExtension$1.onKeyboardViewShown():94 Not show new language banner: not prime keyboard, or the extension not activated.
07-27 05:14:30.375  1370  1370 I WindowMetricsNotification: WindowMetricsNotification.notifyWithWindow():113 
07-27 05:14:30.375  1370  1370 I WindowMetricsNotification: WindowMetricsNotification.notify():106 WindowMetricsNotification{bounds=Rect(0, 132 - 1080, 2400), insets=Rect(0, 0 - 0, 126), densityDpi=420, smallestScreenWidthDp=411, displayWidth=1080, displayHeight=2400, xdpi=420.0, ydpi=420.0}; DisplayMetrics{density=2.625, width=1080, height=2400, scaledDensity=2.625, xdpi=420.0, ydpi=420.0}
07-27 05:14:30.375  1370  1370 I WindowMetricsNotification: WindowMetricsNotification.notifyWithWindow():113 
07-27 05:14:30.375  1370  1370 I WindowMetricsNotification: WindowMetricsNotification.notify():106 WindowMetricsNotification{bounds=Rect(0, 132 - 1080, 2400), insets=Rect(0, 0 - 0, 126), densityDpi=420, smallestScreenWidthDp=411, displayWidth=1080, displayHeight=2400, xdpi=420.0, ydpi=420.0}; DisplayMetrics{density=2.625, width=1080, height=2400, scaledDensity=2.625, xdpi=420.0, ydpi=420.0}
07-27 05:14:30.388  3315  3315 D InsetsController: show(ime(), fromIme=true)
07-27 05:14:30.408   820   893 D WindowManagerShell: onKeepClearAreasChanged: restricted={}, unrestricted={Rect(0, 1517 - 1080, 2400)}
07-27 05:14:30.409  3315  3315 D InsetsController: show(ime(), fromIme=true)
07-27 05:14:30.409  3315  3315 I ImeTracker: com.mediology.sinsinapp:ff1b1485: onCancelled at PHASE_CLIENT_APPLY_ANIMATION
07-27 05:14:30.433  3315  3315 I ThemedReactContext: KeyboardController::keyboardWillShow
07-27 05:14:30.433  3315  3315 I com.reactnativekeyboardcontroller.listeners.KeyboardAnimationCallback: HEIGHT:: 336.3809509277344 TAG:: 1918
07-27 05:14:30.449  3315  3315 I com.reactnativekeyboardcontroller.listeners.KeyboardAnimationCallback: DiffY: 0.0 0.0 0.0 false 1918
07-27 05:14:30.453  1370  1370 I StylusModule: StylusModule.onUpdateToolType():770 Update tool type = 0
07-27 05:14:30.481   422   539 D audioserver: logFgsApiEnd: FGS Logger Transaction failed, -129
07-27 05:14:30.482  3315  3315 I ImeTracker: com.mediology.sinsinapp:247dbeb1: onShown
07-27 05:14:30.488  3315  3315 I com.reactnativekeyboardcontroller.listeners.KeyboardAnimationCallback: DiffY: 883.0 336.3809509277344 1.0 false 1918
07-27 05:14:30.492  3315  3315 I ThemedReactContext: KeyboardController::keyboardDidShow
07-27 05:14:30.493  3315  3315 I ThemedReactContext: onUserDrivenAnimationEnded
07-27 05:14:30.507  1370  1370 I StylusModule: StylusModule.onUpdateToolType():770 Update tool type = 0
07-27 05:14:31.134  3315  3315 I ImeTracker: com.mediology.sinsinapp:de166cb3: onRequestShow at ORIGIN_CLIENT reason SHOW_SOFT_INPUT fromUser true
07-27 05:14:31.134  3315  3315 D InputMethodManager: showSoftInput() view=com.facebook.react.views.textinput.ReactEditText{3928ca9 VFED..CL. .F.P.... 44,556-930,618 #77e aid=1073741839} flags=0 reason=SHOW_SOFT_INPUT
07-27 05:14:31.138  3315  3315 D InsetsController: show(ime(), fromIme=true)
07-27 05:14:31.138  3315  3315 I ImeTracker: com.mediology.sinsinapp:de166cb3: onCancelled at PHASE_CLIENT_APPLY_ANIMATION
07-27 05:14:31.141   422   509 D audioserver: logFgsApiBegin: FGS Logger Transaction failed, -129
07-27 05:14:31.141   576   875 W AS.PlaybackActivityMon: No piid assigned for invalid/internal port id 15
07-27 05:14:31.175  1370  1370 I StylusModule: StylusModule.onUpdateToolType():770 Update tool type = 0
07-27 05:14:31.191  1044  3127 I NearbyMediums: No BLE Fast/GATT advertisements found in the latest cycle.
07-27 05:14:31.196  1370  1370 I StylusModule: StylusModule.onUpdateToolType():770 Update tool type = 0
07-27 05:14:31.225  1370  1370 I StylusModule: StylusModule.onUpdateToolType():770 Update tool type = 0
07-27 05:14:31.274  3315  3346 D EGL_emulation: app_time_stats: avg=89.27ms min=9.20ms max=493.90ms count=11
07-27 05:14:31.277  1370  1370 I StylusModule: StylusModule.onUpdateToolType():770 Update tool type = 0
07-27 05:14:31.356  1370  1370 I StylusModule: StylusModule.onUpdateToolType():770 Update tool type = 0
07-27 05:14:31.366   422   539 D audioserver: logFgsApiEnd: FGS Logger Transaction failed, -129
07-27 05:14:32.043  3784  3784 D AndroidRuntime: >>>>>> START com.android.internal.os.RuntimeInit uid 2000 <<<<<<
07-27 05:14:32.048  3784  3784 I AndroidRuntime: Using default boot image
07-27 05:14:32.048  3784  3784 I AndroidRuntime: Leaving lock profiling enabled
07-27 05:14:32.050  3784  3784 I app_process: Core platform API reporting enabled, enforcing=false
07-27 05:14:32.050  3784  3784 I app_process: Using CollectorTypeCMC GC.
07-27 05:14:32.110  3784  3784 D nativeloader: InitDefaultPublicLibraries for_preload=1: libandroid.so:libaaudio.so:libamidi.so:libbinder_ndk.so:libc.so:libcamera2ndk.so:libdl.so:libEGL.so:libGLESv1_CM.so:libGLESv2.so:libGLESv3.so:libicu.so:libicui18n.so:libicuuc.so:libjnigraphics.so:liblog.so:libmediandk.so:libm.so:libnativehelper.so:libnativewindow.so:libOpenMAXAL.so:libOpenSLES.so:libRS.so:libstdc++.so:libsync.so:libvulkan.so:libwebviewchromium_plat_support.so:libz.so
07-27 05:14:32.117  3784  3784 D nativeloader: Load libicu_jni.so using APEX ns com_android_art for caller /apex/com.android.art/javalib/core-oj.jar: ok
07-27 05:14:32.117  3784  3784 D app_process: u_setTimeZoneFilesDirectory("/apex/com.android.tzdata/etc/tz/versioned/8/icu") succeeded. 
07-27 05:14:32.117  3784  3784 D app_process: I18n APEX ICU file found: /apex/com.android.i18n/etc/icu/icudt75l.dat
07-27 05:14:32.120  3784  3784 D nativeloader: Load libjavacore.so using APEX ns com_android_art for caller /apex/com.android.art/javalib/core-oj.jar: ok
07-27 05:14:32.121  3784  3784 D nativeloader: Load libopenjdk.so using APEX ns com_android_art for caller /apex/com.android.art/javalib/core-oj.jar: ok
07-27 05:14:32.126  3784  3784 W app_process: ClassLoaderContext shared library size mismatch. Expected=2, found=0 (PCL[]{PCL[/system/framework/android.test.base.jar*724373495]#PCL[/system/framework/android.test.mock.jar*1452759902]} | PCL[])
07-27 05:14:32.126  3784  3784 W app_process: ClassLoaderContext classpath size mismatch. expected=0, found=1 (PCL[]{PCL[/system/framework/android.test.runner.jar*2496447986]#PCL[/system/framework/android.test.base.jar*724373495]} | PCL[/system/framework/android.test.runner.jar*2496447986])
07-27 05:14:32.146  3784  3784 D nativeloader: Load libframework-connectivity-tiramisu-jni.so using APEX ns com_android_tethering for caller /apex/com.android.tethering/javalib/framework-connectivity-t.jar: ok
07-27 05:14:32.146  3784  3784 D AndroidRuntime: Calling main entry com.android.commands.uiautomator.Launcher
07-27 05:14:32.151  3784  3784 D UiAutomationConnection: Created on user UserHandle{0}
07-27 05:14:32.151  3784  3784 I UiAutomation: Initialized for user 0 on display 0
07-27 05:14:32.151  3784  3784 W UiAutomation: Created with deprecatead constructor, assumes DEFAULT_DISPLAY
07-27 05:14:32.152   576   875 D AccessibilityManagerService: changeCurrentUserForTestAutomationIfNeededLocked(0): ignoring because device doesn't support visible background users
07-27 05:14:32.152   576   875 I UiAutomationManager: Registering UiTestAutomationService (id=com.android.server.accessibility/UiAutomation, flags=0x0) when called by user 0
07-27 05:14:32.153   576   875 W MagnificationConnectionManager: requestConnection duplicated request: connect=false, mConnectionState=DISCONNECTED
07-27 05:14:32.154   576   576 W IPCThreadState: Sending oneway calls to frozen process.
07-27 05:14:32.154  1436  2427 I AiAiEcho: Settings changed for uri: content://settings/secure/accessibility_enabled
07-27 05:14:32.155   576   576 W IPCThreadState: Sending oneway calls to frozen process.
07-27 05:14:32.155   576   576 W IPCThreadState: Sending oneway calls to frozen process.
07-27 05:14:32.155   576   576 W IPCThreadState: Sending oneway calls to frozen process.
07-27 05:14:32.155   576   576 W IPCThreadState: Sending oneway calls to frozen process.
07-27 05:14:32.158  1436  1698 I AiAiEcho: Predicting[0]:  [CONTEXT sampling_count=5 ]
07-27 05:14:32.158  1436  1698 I AiAiEcho: EchoTargets: 
07-27 05:14:32.158  1436  1698 I AiAiEcho: Filtered by AiAi flag check: 
07-27 05:14:32.158  1436  1698 I AiAiEcho: [CONTEXT ratelimit_period="10 SECONDS" ]
07-27 05:14:32.157   576   576 W IPCThreadState: Sending oneway calls to frozen process.
07-27 05:14:32.158  1436  1698 I AiAiEcho: Ranked targets strategy: SORT, count: 0, ranking metadata:  [CONTEXT ratelimit_period="10 SECONDS" ]
07-27 05:14:32.158  3784  3796 V UiAutomation: Init UiAutomation@cb305d7[id=10, displayId=0, flags=0]
07-27 05:14:32.158   576   576 W IPCThreadState: Sending oneway calls to frozen process.
07-27 05:14:32.158   576   576 W IPCThreadState: Sending oneway calls to frozen process.
07-27 05:14:32.159   576   576 W IPCThreadState: Sending oneway calls to frozen process.
07-27 05:14:32.159   576   576 W IPCThreadState: Sending oneway calls to frozen process.
07-27 05:14:32.159  1436  1698 I AiAiEcho: #remoteViewsTwiddler: feature disabled.
07-27 05:14:32.160   576   576 W IPCThreadState: Sending oneway calls to frozen process.
07-27 05:14:32.160  1436  1698 I AiAiEcho: Predicting[0]:  [CONTEXT sampling_count=5 ]
07-27 05:14:32.160  1436  1698 I AiAiEcho: EchoTargets: 
07-27 05:14:32.160  1436  1698 I AiAiEcho: Filtered by AiAi flag check: 
07-27 05:14:32.160  1436  1698 I AiAiEcho: [CONTEXT ratelimit_period="10 SECONDS" ]
07-27 05:14:32.160   576   576 W IPCThreadState: Sending oneway calls to frozen process.
07-27 05:14:32.160   576   576 W IPCThreadState: Sending oneway calls to frozen process.
07-27 05:14:32.160  1436  1698 I AiAiEcho: Ranked targets strategy: SORT, count: 0, ranking metadata:  [CONTEXT ratelimit_period="10 SECONDS" ]
07-27 05:14:32.160   576   576 W IPCThreadState: Sending oneway calls to frozen process.
07-27 05:14:32.160  1436  1698 I AiAiEcho: #remoteViewsTwiddler: feature disabled.
07-27 05:14:32.160  1436  1698 I AiAiEcho: Predicting[0]:  [CONTEXT sampling_count=5 ]
07-27 05:14:32.160  1436  1698 I AiAiEcho: EchoTargets: 
07-27 05:14:32.160  1436  1698 I AiAiEcho: Filtered by AiAi flag check: 
07-27 05:14:32.160  1436  1698 I AiAiEcho: [CONTEXT ratelimit_period="10 SECONDS" ]
07-27 05:14:32.161  1436  1698 I AiAiEcho: Ranked targets strategy: SORT, count: 0, ranking metadata:  [CONTEXT ratelimit_period="10 SECONDS" ]
07-27 05:14:32.161  1436  1698 I AiAiEcho: #remoteViewsTwiddler: feature disabled.
07-27 05:14:32.161  1436  1698 I AiAiEcho: #postPredictionTargets: Sending updates to UISurface media_data_manager with targets# 0 (types=[])
07-27 05:14:32.176   576   576 W IPCThreadState: Sending oneway calls to frozen process.
07-27 05:14:32.176   576   576 W IPCThreadState: Sending oneway calls to frozen process.
07-27 05:14:32.176   576   576 W IPCThreadState: Sending oneway calls to frozen process.
07-27 05:14:32.176   576   576 W IPCThreadState: Sending oneway calls to frozen process.
07-27 05:14:32.176   576   576 W IPCThreadState: Sending oneway calls to frozen process.
07-27 05:14:32.176   576   576 W IPCThreadState: Sending oneway calls to frozen process.
07-27 05:14:32.176   576   576 W IPCThreadState: Sending oneway calls to frozen process.
07-27 05:14:32.176  1436  1698 I AiAiEcho: #postPredictionTargets: Sending updates to UISurface lockscreen with targets# 0 (types=[])
07-27 05:14:32.176  1436  1698 I AiAiEcho: #postPredictionTargets: Sending updates to UISurface home with targets# 0 (types=[])
07-27 05:14:32.177   576   576 D BatterySaverPolicy: accessibility changed to true, updating policy.
07-27 05:14:32.178   576  2013 W MagnificationConnectionManager: requestConnection duplicated request: connect=false, mConnectionState=DISCONNECTED
07-27 05:14:32.179   576   576 W IPCThreadState: Sending oneway calls to frozen process.
07-27 05:14:32.179   576   576 W IPCThreadState: Sending oneway calls to frozen process.
07-27 05:14:32.179   576   576 W IPCThreadState: Sending oneway calls to frozen process.
07-27 05:14:32.179   576   576 W IPCThreadState: Sending oneway calls to frozen process.
07-27 05:14:32.179   576   576 W IPCThreadState: Sending oneway calls to frozen process.
07-27 05:14:32.179   576   576 W IPCThreadState: Sending oneway calls to frozen process.
07-27 05:14:32.179   576   576 W IPCThreadState: Sending oneway calls to frozen process.
07-27 05:14:32.179   576   576 W IPCThreadState: Sending oneway calls to frozen process.
07-27 05:14:32.179   576   576 W IPCThreadState: Sending oneway calls to frozen process.
07-27 05:14:32.179   576   576 W IPCThreadState: Sending oneway calls to frozen process.
07-27 05:14:32.179   820   820 D SsMediaDataProvider: Forwarding Smartspace updates []
07-27 05:14:32.181   576   576 W IPCThreadState: Sending oneway calls to frozen process.
07-27 05:14:32.181   576   576 W IPCThreadState: Sending oneway calls to frozen process.
07-27 05:14:32.181   576   576 W IPCThreadState: Sending oneway calls to frozen process.
07-27 05:14:32.181   576   576 W IPCThreadState: Sending oneway calls to frozen process.
07-27 05:14:32.183  1306  1306 D SsBaseTemplateCard: No text view can be set up
07-27 05:14:32.183  1306  1306 D SsBaseTemplateCard: Passed-in item info is null
07-27 05:14:32.183  1306  1306 D SsBaseTemplateCard: Passed-in item info is null
07-27 05:14:32.183  1306  1306 D SsBaseTemplateCard: Passed-in item info is null
07-27 05:14:32.183  1306  1306 I SsBaseTemplateCard: Secondary card pane is null
07-27 05:14:32.186   820   820 W PageIndicator: Total number of pages invalid: 0. Assuming 1 page.
07-27 05:14:32.203  1436  2427 I AiAiEcho: Settings changed for uri: content://settings/secure/accessibility_enabled
07-27 05:14:32.204  1436  1698 I AiAiEcho: Predicting[0]:  [CONTEXT sampling_count=5 ]
07-27 05:14:32.204  1436  1698 I AiAiEcho: EchoTargets: 
07-27 05:14:32.204  1436  1698 I AiAiEcho: Filtered by AiAi flag check: 
07-27 05:14:32.204  1436  1698 I AiAiEcho: [CONTEXT ratelimit_period="10 SECONDS" ]
07-27 05:14:32.204  1436  1698 I AiAiEcho: Ranked targets strategy: SORT, count: 0, ranking metadata:  [CONTEXT ratelimit_period="10 SECONDS" ]
07-27 05:14:32.204  1436  1698 I AiAiEcho: #remoteViewsTwiddler: feature disabled.
07-27 05:14:32.204  1436  1698 I AiAiEcho: Predicting[0]:  [CONTEXT sampling_count=5 ]
07-27 05:14:32.204  1436  1698 I AiAiEcho: EchoTargets: 
07-27 05:14:32.204  1436  1698 I AiAiEcho: Filtered by AiAi flag check: 
07-27 05:14:32.204  1436  1698 I AiAiEcho: [CONTEXT ratelimit_period="10 SECONDS" ]
07-27 05:14:32.204  1436  1698 I AiAiEcho: Ranked targets strategy: SORT, count: 0, ranking metadata:  [CONTEXT ratelimit_period="10 SECONDS" ]
07-27 05:14:32.204  1436  1698 I AiAiEcho: #remoteViewsTwiddler: feature disabled.
07-27 05:14:32.205  1436  1698 I AiAiEcho: Predicting[0]:  [CONTEXT sampling_count=5 ]
07-27 05:14:32.205  1436  1698 I AiAiEcho: EchoTargets: 
07-27 05:14:32.205  1436  1698 I AiAiEcho: Filtered by AiAi flag check: 
07-27 05:14:32.205  1436  1698 I AiAiEcho: [CONTEXT ratelimit_period="10 SECONDS" ]
07-27 05:14:32.205  1436  1698 I AiAiEcho: Ranked targets strategy: SORT, count: 0, ranking metadata:  [CONTEXT ratelimit_period="10 SECONDS" ]
07-27 05:14:32.205  1436  1698 I AiAiEcho: #remoteViewsTwiddler: feature disabled.
07-27 05:14:32.205  1436  1698 I AiAiEcho: #postPredictionTargets: Sending updates to UISurface media_data_manager with targets# 0 (types=[])
07-27 05:14:32.205   820   820 D SsMediaDataProvider: Forwarding Smartspace updates []
07-27 05:14:32.205  1436  1698 I AiAiEcho: #postPredictionTargets: Sending updates to UISurface lockscreen with targets# 0 (types=[])
07-27 05:14:32.205   820   820 W PageIndicator: Total number of pages invalid: 0. Assuming 1 page.
07-27 05:14:32.205  1436  1698 I AiAiEcho: #postPredictionTargets: Sending updates to UISurface home with targets# 0 (types=[])
07-27 05:14:32.213  1306  1306 D SsBaseTemplateCard: No text view can be set up
07-27 05:14:32.213  1306  1306 D SsBaseTemplateCard: Passed-in item info is null
07-27 05:14:32.213  1306  1306 D SsBaseTemplateCard: Passed-in item info is null
07-27 05:14:32.213  1306  1306 D SsBaseTemplateCard: Passed-in item info is null
07-27 05:14:32.213  1306  1306 I SsBaseTemplateCard: Secondary card pane is null
07-27 05:14:32.424  3315  3346 D EGL_emulation: app_time_stats: avg=152.55ms min=9.22ms max=499.03ms count=7
07-27 05:14:33.220  3784  3784 I AccessibilityNodeInfoDumper: Skipping invisible child: android.view.accessibility.AccessibilityNodeInfo@11fa87; boundsInParent: Rect(0, 0 - 1080, 0); boundsInScreen: Rect(0, 0 - 1080, 0); boundsInWindow: Rect(0, 0 - 1080, 0); packageName: com.mediology.sinsinapp; className: android.widget.LinearLayout; text: null; error: null; maxTextLength: -1; stateDescription: null; contentDescription: null; tooltipText: null; containerTitle: null; viewIdResName: null; uniqueId: null; checkable: false; checked: false; focusable: false; focused: false; selected: false; clickable: false; longClickable: false; contextClickable: false; enabled: true; password: false; scrollable: false; granularScrollingSupported: false; importantForAccessibility: false; visible: false; actions: [AccessibilityAction: ACTION_SELECT - null, AccessibilityAction: ACTION_CLEAR_SELECTION - null, AccessibilityAction: ACTION_ACCESSIBILITY_FOCUS - null, AccessibilityAction: ACTION_SHOW_ON_SCREEN - null]; isTextSelectable: false
07-27 05:14:33.220  3784  3784 I AccessibilityNodeInfoDumper: Skipping invisible child: android.view.accessibility.AccessibilityNodeInfo@11f6c6; boundsInParent: Rect(0, 0 - 1080, 0); boundsInScreen: Rect(0, 0 - 1080, 0); boundsInWindow: Rect(0, 0 - 1080, 0); packageName: com.mediology.sinsinapp; className: android.view.ViewGroup; text: null; error: null; maxTextLength: -1; stateDescription: null; contentDescription: null; tooltipText: null; containerTitle: null; viewIdResName: null; uniqueId: null; checkable: false; checked: false; focusable: false; focused: false; selected: false; clickable: false; longClickable: false; contextClickable: false; enabled: true; password: false; scrollable: false; granularScrollingSupported: false; importantForAccessibility: false; visible: false; actions: [AccessibilityAction: ACTION_SELECT - null, AccessibilityAction: ACTION_CLEAR_SELECTION - null, AccessibilityAction: ACTION_ACCESSIBILITY_FOCUS - null, AccessibilityAction: ACTION_SHOW_ON_SCREEN - null]; isTextSelectable: false
07-27 05:14:33.220  3784  3784 I AccessibilityNodeInfoDumper: Skipping invisible child: android.view.accessibility.AccessibilityNodeInfo@13050e; boundsInParent: Rect(0, 0 - 1080, 0); boundsInScreen: Rect(0, 0 - 1080, 0); boundsInWindow: Rect(0, 0 - 1080, 0); packageName: com.mediology.sinsinapp; className: android.widget.LinearLayout; text: null; error: null; maxTextLength: -1; stateDescription: null; contentDescription: null; tooltipText: null; containerTitle: null; viewIdResName: null; uniqueId: null; checkable: false; checked: false; focusable: false; focused: false; selected: false; clickable: false; longClickable: false; contextClickable: false; enabled: true; password: false; scrollable: false; granularScrollingSupported: false; importantForAccessibility: false; visible: false; actions: [AccessibilityAction: ACTION_SELECT - null, AccessibilityAction: ACTION_CLEAR_SELECTION - null, AccessibilityAction: ACTION_ACCESSIBILITY_FOCUS - null, AccessibilityAction: ACTION_SHOW_ON_SCREEN - null]; isTextSelectable: false
07-27 05:14:33.220  3784  3784 I AccessibilityNodeInfoDumper: Skipping invisible child: android.view.accessibility.AccessibilityNodeInfo@13014d; boundsInParent: Rect(0, 0 - 1080, 0); boundsInScreen: Rect(0, 0 - 1080, 0); boundsInWindow: Rect(0, 0 - 1080, 0); packageName: com.mediology.sinsinapp; className: android.view.ViewGroup; text: null; error: null; maxTextLength: -1; stateDescription: null; contentDescription: null; tooltipText: null; containerTitle: null; viewIdResName: null; uniqueId: null; checkable: false; checked: false; focusable: false; focused: false; selected: false; clickable: false; longClickable: false; contextClickable: false; enabled: true; password: false; scrollable: false; granularScrollingSupported: false; importantForAccessibility: false; visible: false; actions: [AccessibilityAction: ACTION_SELECT - null, AccessibilityAction: ACTION_CLEAR_SELECTION - null, AccessibilityAction: ACTION_ACCESSIBILITY_FOCUS - null, AccessibilityAction: ACTION_SHOW_ON_SCREEN - null]; isTextSelectable: false
07-27 05:14:33.230  3784  3784 I AccessibilityNodeInfoDumper: Skipping invisible child: android.view.accessibility.AccessibilityNodeInfo@a52fd; boundsInParent: Rect(0, 0 - 1080, 121); boundsInScreen: Rect(0, 0 - 1080, -121); boundsInWindow: Rect(0, 0 - 1080, -121); packageName: com.mediology.sinsinapp; className: android.view.ViewGroup; text: null; error: null; maxTextLength: -1; stateDescription: null; contentDescription: null; tooltipText: null; containerTitle: null; viewIdResName: toastAnimatedContainer; uniqueId: null; checkable: false; checked: false; focusable: false; focused: false; selected: false; clickable: false; longClickable: false; contextClickable: false; enabled: true; password: false; scrollable: false; granularScrollingSupported: false; importantForAccessibility: true; visible: false; actions: [AccessibilityAction: ACTION_SELECT - null, AccessibilityAction: ACTION_CLEAR_SELECTION - null, AccessibilityAction: ACTION_ACCESSIBILITY_FOCUS - null, AccessibilityAction: ACTION_SHOW_ON_SCREEN - null]; isTextSelectable: false
07-27 05:14:33.230  3784  3784 I AccessibilityNodeInfoDumper: Skipping invisible child: android.view.accessibility.AccessibilityNodeInfo@a3c77; boundsInParent: Rect(0, 0 - 1080, 0); boundsInScreen: Rect(0, 2400 - 1080, 2400); boundsInWindow: Rect(0, 2400 - 1080, 2400); packageName: com.mediology.sinsinapp; className: android.view.ViewGroup; text: null; error: null; maxTextLength: -1; stateDescription: null; contentDescription: null; tooltipText: null; containerTitle: null; viewIdResName: null; uniqueId: null; checkable: false; checked: false; focusable: false; focused: false; selected: false; clickable: false; longClickable: false; contextClickable: false; enabled: true; password: false; scrollable: false; granularScrollingSupported: false; importantForAccessibility: false; visible: false; actions: [AccessibilityAction: ACTION_SELECT - null, AccessibilityAction: ACTION_CLEAR_SELECTION - null, AccessibilityAction: ACTION_ACCESSIBILITY_FOCUS - null, AccessibilityAction: ACTION_SHOW_ON_SCREEN - null]; isTextSelectable: false
07-27 05:14:33.231  3784  3784 W AccessibilityNodeInfoDumper: Fetch time: 15ms
07-27 05:14:33.233   576  2013 W MagnificationConnectionManager: requestConnection duplicated request: connect=false, mConnectionState=DISCONNECTED
07-27 05:14:33.233   576  2013 D AccessibilityManagerService: restoreCurrentUserForTestAutomationIfNeededLocked(): ignoring because device doesn't support visible background users
07-27 05:14:33.233  1436  2427 I AiAiEcho: Settings changed for uri: content://settings/secure/accessibility_enabled
07-27 05:14:33.233   576   576 W IPCThreadState: Sending oneway calls to frozen process.
07-27 05:14:33.233   576   576 W IPCThreadState: Sending oneway calls to frozen process.
07-27 05:14:33.233   576   576 W IPCThreadState: Sending oneway calls to frozen process.
07-27 05:14:33.233  1436  1698 I AiAiEcho: Predicting[0]:  [CONTEXT sampling_count=5 ]
07-27 05:14:33.233  1436  1698 I AiAiEcho: EchoTargets: 
07-27 05:14:33.233  1436  1698 I AiAiEcho: Filtered by AiAi flag check: 
07-27 05:14:33.233  1436  1698 I AiAiEcho: [CONTEXT ratelimit_period="10 SECONDS" ]
07-27 05:14:33.234  1436  1698 I AiAiEcho: Ranked targets strategy: SORT, count: 0, ranking metadata:  [CONTEXT ratelimit_period="10 SECONDS" ]
07-27 05:14:33.234  1436  1698 I AiAiEcho: #remoteViewsTwiddler: feature disabled.
07-27 05:14:33.234  1436  1698 I AiAiEcho: Predicting[0]:  [CONTEXT sampling_count=5 ]
07-27 05:14:33.234  3784  3784 D AndroidRuntime: Shutting down VM
07-27 05:14:33.234   576   576 W IPCThreadState: Sending oneway calls to frozen process.
07-27 05:14:33.234   576   576 W IPCThreadState: Sending oneway calls to frozen process.
07-27 05:14:33.234   576   576 W IPCThreadState: Sending oneway calls to frozen process.
07-27 05:14:33.234   576   576 W IPCThreadState: Sending oneway calls to frozen process.
07-27 05:14:33.234   576   576 W IPCThreadState: Sending oneway calls to frozen process.
07-27 05:14:33.234   576   576 W IPCThreadState: Sending oneway calls to frozen process.
07-27 05:14:33.234   576   576 W IPCThreadState: Sending oneway calls to frozen process.
07-27 05:14:33.234   576   576 W IPCThreadState: Sending oneway calls to frozen process.
07-27 05:14:33.234   576   576 W IPCThreadState: Sending oneway calls to frozen process.
07-27 05:14:33.234   576   576 W IPCThreadState: Sending oneway calls to frozen process.
07-27 05:14:33.234   576   576 W IPCThreadState: Sending oneway calls to frozen process.
07-27 05:14:33.234   576   576 W IPCThreadState: Sending oneway calls to frozen process.
07-27 05:14:33.235   576   576 W IPCThreadState: Sending oneway calls to frozen process.
07-27 05:14:33.235   576   576 W IPCThreadState: Sending oneway calls to frozen process.
07-27 05:14:33.235   576   576 W IPCThreadState: Sending oneway calls to frozen process.
07-27 05:14:33.235   576   576 W IPCThreadState: Sending oneway calls to frozen process.
07-27 05:14:33.235   576   576 W IPCThreadState: Sending oneway calls to frozen process.
07-27 05:14:33.235   576   576 W IPCThreadState: Sending oneway calls to frozen process.
07-27 05:14:33.235   576   576 D BatterySaverPolicy: accessibility changed to false, updating policy.
07-27 05:14:33.235  1436  1698 I AiAiEcho: EchoTargets: 
07-27 05:14:33.235  1436  1698 I AiAiEcho: Filtered by AiAi flag check: 
07-27 05:14:33.235  1436  1698 I AiAiEcho: [CONTEXT ratelimit_period="10 SECONDS" ]
07-27 05:14:33.235  1436  1698 I AiAiEcho: Ranked targets strategy: SORT, count: 0, ranking metadata:  [CONTEXT ratelimit_period="10 SECONDS" ]
07-27 05:14:33.235  1436  1698 I AiAiEcho: #remoteViewsTwiddler: feature disabled.
07-27 05:14:33.236  1436  1698 I AiAiEcho: Predicting[0]:  [CONTEXT sampling_count=5 ]
07-27 05:14:33.236  1436  1698 I AiAiEcho: EchoTargets: 
07-27 05:14:33.236  1436  1698 I AiAiEcho: Filtered by AiAi flag check: 
07-27 05:14:33.236  1436  1698 I AiAiEcho: [CONTEXT ratelimit_period="10 SECONDS" ]
07-27 05:14:33.236  1436  1698 I AiAiEcho: Ranked targets strategy: SORT, count: 0, ranking metadata:  [CONTEXT ratelimit_period="10 SECONDS" ]
07-27 05:14:33.236  1436  1698 I AiAiEcho: #remoteViewsTwiddler: feature disabled.
07-27 05:14:33.236  1436  1698 I AiAiEcho: #postPredictionTargets: Sending updates to UISurface media_data_manager with targets# 0 (types=[])
07-27 05:14:33.237  1436  1698 I AiAiEcho: #postPredictionTargets: Sending updates to UISurface lockscreen with targets# 0 (types=[])
07-27 05:14:33.237  1436  1698 I AiAiEcho: #postPredictionTargets: Sending updates to UISurface home with targets# 0 (types=[])
07-27 05:14:33.238  1306  1306 D SsBaseTemplateCard: No text view can be set up
07-27 05:14:33.238  1306  1306 D SsBaseTemplateCard: Passed-in item info is null
07-27 05:14:33.238  1306  1306 D SsBaseTemplateCard: Passed-in item info is null
07-27 05:14:33.238  1306  1306 D SsBaseTemplateCard: Passed-in item info is null
07-27 05:14:33.238  1306  1306 I SsBaseTemplateCard: Secondary card pane is null
07-27 05:14:33.239   820   820 D SsMediaDataProvider: Forwarding Smartspace updates []
07-27 05:14:33.239   820   820 W PageIndicator: Total number of pages invalid: 0. Assuming 1 page.
07-27 05:14:33.275  1370  1593 W LatinCommonCountersMetricsProcessor: LatinCommonCountersMetricsProcessor$DelightProblemReporter.run():834 Missing LM for 'en'
07-27 05:14:33.426  3315  3346 D EGL_emulation: app_time_stats: avg=500.66ms min=500.39ms max=500.94ms count=2
07-27 05:14:34.237   384  3508 D android.hardware.audio@7.1-impl.ranchu: threadLoop: entering standby, frames: 657152
07-27 05:14:34.427  3315  3346 D EGL_emulation: app_time_stats: avg=500.81ms min=499.65ms max=501.98ms count=2
07-27 05:14:35.928  3315  3346 D EGL_emulation: app_time_stats: avg=500.17ms min=498.09ms max=502.90ms count=3
07-27 05:14:37.427  3315  3346 D EGL_emulation: app_time_stats: avg=499.60ms min=498.43ms max=500.50ms count=3
07-27 05:14:38.925  3315  3346 D EGL_emulation: app_time_stats: avg=499.37ms min=499.29ms max=499.46ms count=3
07-27 05:14:39.941  3315  3346 D EGL_emulation: app_time_stats: avg=507.74ms min=501.50ms max=513.99ms count=2
07-27 05:14:40.738  3315  3315 E FrameTracker: force finish cuj, time out: J<IME_INSETS_SHOW_ANIMATION::0@1@com.mediology.sinsinapp>
07-27 05:14:40.943  3315  3346 D EGL_emulation: app_time_stats: avg=500.96ms min=500.41ms max=501.51ms count=2
07-27 05:14:41.192  1044  3127 I NearbyMediums: No BLE Fast/GATT advertisements found in the latest cycle.
07-27 05:14:41.945  3315  3346 D EGL_emulation: app_time_stats: avg=500.79ms min=500.32ms max=501.26ms count=2
07-27 05:14:43.055   576  1307 D CoreBackPreview: Window{1a7be90 u0 PopupWindow:d10c094}: Setting back callback OnBackInvokedCallbackInfo{mCallback=android.window.IOnBackInvokedCallback$Stub$Proxy@16bdf8e, mPriority=0, mIsAnimationCallback=false}
07-27 05:14:43.117  3315  3315 W WindowOnBackDispatcher: sendCancelIfRunning: isInProgress=false callback=android.view.ViewRootImpl$$ExternalSyntheticLambda11@98d0083
07-27 05:14:43.121   576  2013 D CoreBackPreview: Window{1a7be90 u0 PopupWindow:d10c094}: Setting back callback null
07-27 05:14:43.129   576  1307 W InputManager-JNI: Input channel object '1a7be90 PopupWindow:d10c094 (client)' was disposed without first being removed with the input manager!
07-27 05:14:43.442  3315  3346 D EGL_emulation: app_time_stats: avg=499.11ms min=498.11ms max=500.15ms count=3
07-27 05:14:44.443  3315  3346 D EGL_emulation: app_time_stats: avg=500.47ms min=498.26ms max=502.67ms count=2
07-27 05:14:45.396   576   593 D OomAdjuster: Not killing cached processes
07-27 05:14:45.396  1571  1571 D BoundBrokerSvc: onUnbind: Intent { act=com.google.firebase.dynamiclinks.service.START pkg=com.google.android.gms }
07-27 05:14:45.943  3315  3346 D EGL_emulation: app_time_stats: avg=500.10ms min=498.69ms max=500.85ms count=3
07-27 05:14:47.458  3315  3346 D EGL_emulation: app_time_stats: avg=505.00ms min=499.62ms max=515.66ms count=3
07-27 05:14:48.793  3315  3315 W ReactEditText: Can not attach listener because field `mListeners` not found: No field mListeners in class Lcom/facebook/react/views/textinput/ReactEditText; (declaration of 'com.facebook.react.views.textinput.ReactEditText' appears in /data/app/~~T93ezTjbxBbsJRS8KOfcCA==/com.mediology.sinsinapp-3n8TehE9cPS1H3Ob-w8QRA==/base.apk!classes7.dex). Attaching to the end...
07-27 05:14:48.793  3315  3315 I ThemedReactContext: KeyboardController::focusDidSet
07-27 05:14:48.796  3315  3315 I ThemedReactContext: KeyboardController::keyboardWillShow
07-27 05:14:48.797  3315  3315 I ThemedReactContext: KeyboardController::keyboardDidShow
07-27 05:14:48.799  3315  3315 I ImeTracker: com.mediology.sinsinapp:39a58c9e: onRequestShow at ORIGIN_CLIENT reason SHOW_SOFT_INPUT fromUser true
07-27 05:14:48.799  3315  3315 D InputMethodManager: showSoftInput() view=com.facebook.react.views.textinput.ReactEditText{bd3b9e2 VFED..CL. .F.P..ID 44,266-930,328 #770 aid=1073741838} flags=0 reason=SHOW_SOFT_INPUT
07-27 05:14:48.800   576   695 I ImeTracker: com.mediology.sinsinapp:1f3ff44f: onRequestShow at ORIGIN_SERVER reason ATTACH_NEW_INPUT fromUser false
07-27 05:14:48.801  1370  1370 I GoogleInputMethodService: GoogleInputMethodService.onFinishInputView():2393 
07-27 05:14:48.803  3315  3346 D EGL_emulation: app_time_stats: avg=448.02ms min=345.23ms max=500.22ms count=3
07-27 05:14:48.805  3315  3315 W RemoteInputConnectionImpl: requestCursorUpdates on inactive InputConnection
07-27 05:14:48.811  1370  1370 W TooltipLifecycleManager: TooltipLifecycleManager.dismissTooltips():152 Tooltip with id spell_check_add_to_dictionary not found in tooltipManager.
07-27 05:14:48.816   422   509 D audioserver: logFgsApiBegin: FGS Logger Transaction failed, -129
07-27 05:14:48.816   576  1307 W AS.PlaybackActivityMon: No piid assigned for invalid/internal port id 15
07-27 05:14:48.838  1370  1370 I AndroidIME: AbstractIme.onDeactivate():202 PasswordIme.onDeactivate()
07-27 05:14:48.840  3315  3315 I ImeTracker: com.mediology.sinsinapp:c8aba969: onRequestShow at ORIGIN_CLIENT reason SHOW_SOFT_INPUT fromUser false
07-27 05:14:48.840  3315  3315 D InputMethodManager: showSoftInput() view=com.facebook.react.views.textinput.ReactEditText{bd3b9e2 VFED..CL. .F.P.... 44,266-930,328 #770 aid=1073741838} flags=0 reason=SHOW_SOFT_INPUT
07-27 05:14:48.841  1370  1370 I GoogleInputMethodService: GoogleInputMethodService.onFinishInput():3157 
07-27 05:14:48.841  1370  1370 I GoogleInputMethodService: GoogleInputMethodService.updateDeviceLockedStatus():2248 repeatCheckTimes = 0, locked = false
07-27 05:14:48.841  1370  1370 I GoogleInputMethodService: GoogleInputMethodService.onStartInput():1986 onStartInput(EditorInfo{EditorInfo{packageName=com.mediology.sinsinapp, inputType=21, inputTypeString=EmailAddress, enableLearning=true, autoCorrection=false, autoComplete=true, imeOptions=8000006, privateImeOptions=null, actionName=DONE, actionLabel=null, initialSelStart=0, initialSelEnd=0, initialCapsMode=0, label=null, fieldId=1904, fieldName=null, extras=Bundle[mParcelledData.dataSize=404], hintText=non-empty, hintLocales=[]}}, false)
07-27 05:14:48.842  1370  1370 I GoogleInputMethodService: GoogleInputMethodService.updateDeviceLockedStatus():2248 repeatCheckTimes = 1, locked = false
07-27 05:14:48.842  1370  1370 I AndroidIME: InputBundleManager.loadActiveInputBundleId():450 loadActiveInputBundleId: en-US, ime_english_united_states
07-27 05:14:48.843  1370  1370 I HardKeyTracker: HardKeyTracker.registerKeySequence():139 Register key sequence lnk{labelResId=2132019800, callback=gnd@7748e2b, lastModifier=0, keyCodes=[57, 57], actions=[1, 0]}
07-27 05:14:48.843  1370  1370 I HardKeyTracker: HardKeyTracker.registerKeySequence():139 Register key sequence lnk{labelResId=0, callback=gnd@fd34046, lastModifier=0, keyCodes=[58, 58], actions=[1, 0]}
07-27 05:14:48.843   576  1307 W PackageConfigPersister: App-specific configuration not found for packageName: com.mediology.sinsinapp and userId: 0
07-27 05:14:48.843  1370  1370 I GoogleInputMethodService: GoogleInputMethodService.onStartInputView():2098 onStartInputView(EditorInfo{EditorInfo{packageName=com.mediology.sinsinapp, inputType=21, inputTypeString=EmailAddress, enableLearning=true, autoCorrection=false, autoComplete=true, imeOptions=8000006, privateImeOptions=null, actionName=DONE, actionLabel=null, initialSelStart=0, initialSelEnd=0, initialCapsMode=0, label=null, fieldId=1904, fieldName=null, extras=Bundle[{android.support.text.emoji.emojiCompat_metadataVersion=9, androidx.core.view.inputmethod.EditorInfoCompat.STYLUS_HANDWRITING_ENABLED=true, android.support.text.emoji.emojiCompat_replaceAll=false}], hintText=non-empty, hintLocales=[]}}, false)
07-27 05:14:48.843  1370  1370 I GoogleInputMethodService: GoogleInputMethodService.updateDeviceLockedStatus():2248 repeatCheckTimes = 1, locked = false
07-27 05:14:48.844  1370  1370 I KeyboardHeightUtil: KeyboardHeightUtil.getOemKeyboardHeightRatio():206 systemKeyboardHeightRatio:1.000000.
07-27 05:14:48.851  1370  1370 I LatinIme: LatinIme.<init>():377 Language = en-US
07-27 05:14:48.881  1370  1370 I Delight5Facilitator: Delight5Facilitator.initializeForIme():747 initializeForIme() : Locale = [en_US], layout = qwerty
07-27 05:14:48.883  1370  1370 I Delight5Facilitator: Delight5Facilitator.resetDecoder():919 resetDecoder() : Locale = [en_US]
07-27 05:14:48.884   576  1307 D FileUtils: Rounded bytes from 2070597632 to 4000000000
07-27 05:14:48.895  1370  1370 I Delight5Decoder: Delight5DecoderWrapper.createOrResetDecoder():373 Decoder reset
07-27 05:14:48.925  1370  1694 I MainLanguageModelLoader: MainLanguageModelLoader.call():139 Running LM loader for [en_US]
07-27 05:14:48.930  1370  1370 I AndroidIME: AbstractIme.onActivate():89 LatinIme.onActivate() : EditorInfo = EditorInfo{packageName=com.mediology.sinsinapp, inputType=21, inputTypeString=EmailAddress, enableLearning=true, autoCorrection=false, autoComplete=true, imeOptions=8000006, privateImeOptions=null, actionName=DONE, actionLabel=null, initialSelStart=0, initialSelEnd=0, initialCapsMode=0, label=null, fieldId=1904, fieldName=null, extras=Bundle[{android.support.text.emoji.emojiCompat_metadataVersion=9, androidx.core.view.inputmethod.EditorInfoCompat.STYLUS_HANDWRITING_ENABLED=true, android.support.text.emoji.emojiCompat_replaceAll=false}], hintText=non-empty, hintLocales=[]}, IncognitoMode = false, DeviceLocked = false
07-27 05:14:48.933  1370  1593 I NetworkInfoNotification: NetworkInfoNotification$Listener.onReceive():107 onNetworkAvailable: networkState = METERED, isAirplaneModeOn = false
07-27 05:14:48.934  1370  1370 I VoiceInputHandler: VoiceInputHandler.onActivateIme():99 registering TalkbackStateListener
07-27 05:14:48.935  1370  1694 I DelightDataFileManagerLanguageModelProvider: DelightDataFileManagerLanguageModelProvider.fetchLanguageModel():76 find data en-840 mdd
07-27 05:14:48.939  1370  1694 I SuperDelight: SuperDelightManager.syncBundledLanguageModels():729 syncBundledLanguageModels(): clearing bundled_delight selection
07-27 05:14:48.939  1370  1694 I LmManager: LmManager.asyncUpdateEnabledLanguageModels():96 asyncUpdateEnabledLanguageModels()
07-27 05:14:48.940  1370  1694 I SuperDelight: SuperDelightManager.initializeOverridesSuperpacks():400 initializeOverridesSuperpacks()
07-27 05:14:48.940  1370  1370 I VoiceInputManagerWrapper: VoiceInputManagerWrapper.cancelShutdown():102 cancelShutdown()
07-27 05:14:48.940  1370  1370 I VoiceInputManagerWrapper: VoiceInputManagerWrapper.syncLanguagePacks():114 syncLanguagePacks()
07-27 05:14:48.941  1370  1694 I DelightKLPDownloader: DelightKLPDownloader.downloadKLPInternal():185 downloading KLP for en_840
07-27 05:14:48.941  1370  1694 I ManifestedDataDownloader: ManifestedDataDownloader.download():57 downloading manifest https://www.gstatic.com/android/keyboard/dictionarypack/2024070918/metadata.json-perlang/en-840.json?v=2024071002
07-27 05:14:48.943  1370  1370 I LatinIme: LatinIme.updateEnableInlineSuggestionsOnDecoderSideFlags():1174 inline flag updated to:false
07-27 05:14:48.944  1370  3817 I SpeechFactory: SpeechRecognitionFactory.maybeScheduleAutoPackDownloadForFallback():200 maybeScheduleAutoPackDownloadForFallback()
07-27 05:14:48.944  1370  3817 I FallbackOnDeviceRecognitionProvider: FallbackOnDeviceRecognitionProvider.maybeScheduleAutoPackDownload():197 maybeScheduleAutoPackDownload() for language tag en-US
07-27 05:14:48.944  1370  1694 I DelightDataFileManagerLanguageModelProvider: DelightDataFileManagerLanguageModelProvider.fetchLanguageModel():76 find data en-US bundled_delight
07-27 05:14:48.944  1370  3641 I DownloadManager: DownloadManager.downloadInternal():390 Download for __KLP_manifest_delight__en-840 scheduled with params DownloadParams{allowMetered=true, requireCharging=false, foreground=false, immediately=true, priority=0}
07-27 05:14:48.944  1370  3641 I DownloadManager: DownloadManager.startDownload():484 start download of __KLP_manifest_delight__en-840
07-27 05:14:48.945  1370  1694 I LmManager: LmManager.asyncUpdateEnabledLanguageModels():96 asyncUpdateEnabledLanguageModels()
07-27 05:14:48.945  1370  1694 I SuperDelight: SuperDelightManager.initializeOverridesSuperpacks():400 initializeOverridesSuperpacks()
07-27 05:14:48.945  1370  1694 I DelightKLPDownloader: DelightKLPDownloader.downloadKLPInternal():185 downloading KLP for en_840
07-27 05:14:48.945  1370  1694 I ManifestedDataDownloader: ManifestedDataDownloader.download():57 downloading manifest https://www.gstatic.com/android/keyboard/dictionarypack/2024070918/metadata.json-perlang/en-840.json?v=2024071002
07-27 05:14:48.945  1370  1688 I Delight5Decoder: Delight5DecoderWrapper.loadLanguageModel():730 loadLanguageModel() : 1, version [2024070900]
07-27 05:14:48.945  1370  1694 I MainLanguageModelLoader: MainLanguageModelLoader.updateLmAvailableState():349 updateLmAvailableState(): locale? en_US prevState? AVAILABLE
07-27 05:14:48.946  1370  1694 I MainLanguageModelLoader: MainLanguageModelLoader.updateLmAvailableState():385 updateLmAvailableState(): locale? en_US newState? AVAILABLE
07-27 05:14:48.946  1370  3554 I SuperDelight: SuperDelightManager.initializeBundledDelightSuperpacks():374 initializeBundledDelightSuperpacks()
07-27 05:14:48.946  1370  1694 I Delight5Facilitator: BlocklistLoader.call():39 Running blocklist loader
07-27 05:14:48.948  1370  1694 I Delight5Facilitator: ContactsLanguageModelLoader.call():37 Running contacts language model loader
07-27 05:14:48.948  1370  1694 I Delight5Facilitator: ContactsLanguageModelLoader.call():49 Contacts language model is unloaded: preferences=false, deviceLocked=false, blockPersonalData=false
07-27 05:14:48.948  1370  1694 I Delight5Facilitator: PersonalLanguageModelLoader.call():47 Running personal language model loader
07-27 05:14:48.950  1370  1694 I Delight5Facilitator: UserHistoryLanguageModelLoader.call():84 Running user history language model loader
07-27 05:14:48.951  1370  3641 I DownloadManager: DownloadManager.downloadInternal():390 Download for __KLP_manifest_delight__en-840 scheduled with params DownloadParams{allowMetered=true, requireCharging=false, foreground=false, immediately=true, priority=0}
07-27 05:14:48.951  1370  3641 I DownloadManager: DownloadManager.startDownload():484 start download of __KLP_manifest_delight__en-840
07-27 05:14:48.951  1370  1694 I EmojiSuperpacksManager: EmojiSuperpacksManager.triggerSync():382 triggerSync() : isBundled = false
07-27 05:14:48.952  1370  1694 I EmojiSuperpacksManager: EmojiSuperpacksManager.triggerSync():382 triggerSync() : isBundled = true
07-27 05:14:48.952  1370  1694 I EmojiShortcutsLoader: EmojiShortcutsLoader.getEmojiShortcuts():132 Emoji shortcut file does not exist.
07-27 05:14:48.952  1370  1694 I EmojiShortcutsLoader: EmojiShortcutsLoader.call():71 0 emoji shortcut maps loaded.
07-27 05:14:48.952  1370  1694 I EmojiShortcutsLoader: EmojiShortcutsLoader.call():82 Finished loading emoji shortcuts
07-27 05:14:48.952  1370  1694 I Delight5Facilitator: EmailLanguageModelLoader.call():32 Running email language model loader
07-27 05:14:48.953  1370  3641 I DownloadManager: DownloadManager.downloadInternal():390 Download for __KLP_delight__en-840 scheduled with params DownloadParams{allowMetered=false, requireCharging=false, foreground=false, immediately=false, priority=500}
07-27 05:14:48.953  1370  1694 I Delight5Facilitator: KeyCorrectionTfliteModelLoader.call():31 Running Key Correction Tflite Model loader
07-27 05:14:48.953  1370  1694 I Delight5Facilitator: RankingModelLoader.call():30 Running Ranking Model loader
07-27 05:14:48.956  1370  3641 I DownloadManager: DownloadManager.downloadInternal():390 Download for __KLP_delight__en-840 scheduled with params DownloadParams{allowMetered=false, requireCharging=false, foreground=false, immediately=false, priority=500}
07-27 05:14:48.966  1370  3555 I SuperDelight: SuperDelightManager.initializeBundledDelightSuperpacks():374 initializeBundledDelightSuperpacks()
07-27 05:14:48.967  1370  3554 I SuperDelight: SuperDelightManager.lambda$syncOverridesLanguageModels$14():683 SuperDelightManager#syncOverridesLanguageModels(): Superpack delight_overrides not found or negative version provided
07-27 05:14:48.967  1370  3555 I SuperDelight: SuperDelightManager.lambda$syncOverridesLanguageModels$14():683 SuperDelightManager#syncOverridesLanguageModels(): Superpack delight_overrides not found or negative version provided
07-27 05:14:48.972  1370  1595 I SP      : Registering bundled_delight.2024043000, url: null, constraints: *:*:*:*, flags: *, requested: 2024043000, current: 2024043000
07-27 05:14:48.972  1370  1595 I SP      : Registering bundled_emoji.2024051320, url: null, constraints: m:*:*:*, flags: *, requested: 2024051320, current: 2024051320
07-27 05:14:48.974  1370  1694 I CrankEngineLocales: CrankEngineLocales.getLocaleToUseForCrankEngine():66 Using locale en_US for emoji prediction
07-27 05:14:48.974  1370  1694 I CrankEngineLocales: CrankEngineLocales.getLocaleToUseForCrankEngine():66 Using locale en_US for emoji prediction
07-27 05:14:48.974  1370  1694 I CrankEngineLocales: CrankEngineLocales.getLocaleToUseForCrankEngine():66 Using locale en_US for emoji prediction
07-27 05:14:48.974  1370  1595 I SP      : Registering kc_tflite_model.2024052201, url: https://www.gstatic.com/android/keyboard/kc_triggering_model/superpacks-manifest-20240423_102657.json, constraints: W:*:*:*, flags: bg, requested: 2024052201, current: -1
07-27 05:14:48.974  1370  1595 I SP      : Registering kc_tflite_model.2024052201, url: https://www.gstatic.com/android/keyboard/kc_triggering_model/superpacks-manifest-20240423_102657.json, constraints: W:*:*:*, flags: bg, requested: 2024052201, current: -1
07-27 05:14:48.974  1370  1595 I SP      : Registering kc_tflite_model.2024052201, url: https://www.gstatic.com/android/keyboard/kc_triggering_model/superpacks-manifest-20240423_102657.json, constraints: W:*:*:*, flags: bg, requested: 2024052201, current: -1
07-27 05:14:48.975  1370  1595 I SP      : Registering kc_tflite_model.2024052201, url: https://www.gstatic.com/android/keyboard/kc_triggering_model/superpacks-manifest-20240423_102657.json, constraints: W:*:*:*, flags: bg, requested: 2024052201, current: -1
07-27 05:14:48.975  1370  1595 I SP      : Registering kc_tflite_model.2024052201, url: https://www.gstatic.com/android/keyboard/kc_triggering_model/superpacks-manifest-20240423_102657.json, constraints: W:*:*:*, flags: bg, requested: 2024052201, current: -1
07-27 05:14:48.975  1370  1595 I SP      : Registering emoji.2024051320, url: https://www.gstatic.com/android/keyboard/modelpack/emoji/20240513200046/superpacks_manifest.zip, constraints: m:*:*:*, flags: *, requested: 2024051320, current: 2024051320
07-27 05:14:48.976  1370  1688 I tflite  : Initialized TensorFlow Lite runtime.
07-27 05:14:48.978  1370  3554 I SuperDelight: SuperDelightManager$2.onSuccess():631 delight_overrides sync success, adding to data file manager
07-27 05:14:48.978  1370  3555 I SuperDelight: SuperDelightManager$2.onSuccess():631 delight_overrides sync success, adding to data file manager
07-27 05:14:48.979  1370  1595 I SP      : Registering bundled_delight.2024043000, url: null, constraints: *:*:*:*, flags: *, requested: 2024043000, current: 2024043000
07-27 05:14:48.981  1370  1688 W libc    : Access denied finding property "ro.hardware.chipname"
07-27 05:14:48.983  1370  1694 I CrankEngineLocales: CrankEngineLocales.getLocaleToUseForCrankEngine():66 Using locale en_US for emoji prediction
07-27 05:14:48.983  1370  1694 I CrankEngineLocales: CrankEngineLocales.getLocaleToUseForCrankEngine():66 Using locale en_US for emoji prediction
07-27 05:14:48.990  1370  1595 I SP      : Scheduling job with delay of 0s for {W:b:u:l, bg}, 3 candidates
07-27 05:14:48.996  1370  1595 I SP      : Scheduling: download registered, 0 started, 0 paused, 3 scheduled, 3 pending: spell_checker:en_cpu_272adaa02e4841a0e8fe0d7f95b77421 * {W:b:u:l, bg}, manifests:emoticon_content_description-2022081613 * {W:b:u:l, bg}, manifests:kc_tflite_model-2024052201 * {W:b:u:l, bg}
07-27 05:14:48.996  1370  1595 I SuperpacksManagerImpl: SuperpacksManagerImpl$3$1.onFailure():588 kc_tflite_model.registerManifest() cancelled
07-27 05:14:48.996  1370  1595 I SuperpacksManagerImpl: SuperpacksManagerImpl$3$1.onFailure():588 kc_tflite_model.registerManifest() cancelled
07-27 05:14:48.996  1370  1595 I SuperpacksManagerImpl: SuperpacksManagerImpl$3$1.onFailure():588 kc_tflite_model.registerManifest() cancelled
07-27 05:14:48.996  1370  1595 I SuperpacksManagerImpl: SuperpacksManagerImpl$3$1.onFailure():588 kc_tflite_model.registerManifest() cancelled
07-27 05:14:48.996  1370  1595 I EmojiSlicingStrategy: EmojiSlicingStrategy.matchEnabledLocalesWithPackLocales():129 matchEnabledLocalesWithPackLocales() : User enabled 1 locales; returning 1 slices
07-27 05:14:48.997  1370  1595 I SP      : Syncing bundled_emoji (2024051320) with slices: [{7b9ddb0b8c001e17cee03b1edf554b20, m:*:*:*}], metadata: false
07-27 05:14:48.997  1370  1694 I CrankEngineLocales: CrankEngineLocales.getLocaleToUseForCrankEngine():66 Using locale en_US for emoji prediction
07-27 05:14:48.997  1370  3555 I SuperDelight: SuperDelightManager.lambda$syncBundledLanguageModels$16():769 SuperDelightManager#syncBundledLanguageModels(): Syncing for version 2024043000
07-27 05:14:48.999   422   539 D audioserver: logFgsApiEnd: FGS Logger Transaction failed, -129
07-27 05:14:49.000  1370  1595 I EmojiSlicingStrategy: EmojiSlicingStrategy.matchEnabledLocalesWithPackLocales():129 matchEnabledLocalesWithPackLocales() : User enabled 1 locales; returning 1 slices
07-27 05:14:49.000  1370  1595 I SP      : Syncing emoji (2024051320) with slices: [{2ada3c9a4a17d6bb81b1fe8d51502d60, m:*:*:*}], metadata: false
07-27 05:14:49.001  1370  3554 I SuperDelight: SuperDelightManager.lambda$syncBundledLanguageModels$16():769 SuperDelightManager#syncBundledLanguageModels(): Syncing for version 2024043000
07-27 05:14:49.011  1370  1694 I CrankEngineLocales: CrankEngineLocales.getLocaleToUseForCrankEngine():66 Using locale en_US for emoji prediction
07-27 05:14:49.023  1370  1595 I SuperDelight: SuperDelightBundledSlicingStrategy.getSlices():41 BundledSlicing#getSlices() : Locale = [en_US]
07-27 05:14:49.026  1370  1688 I Delight5Decoder: Delight5DecoderWrapper.loadLanguageModel():752 Loaded main LM 1.en
07-27 05:14:49.026  1370  1688 I Delight5Decoder: Delight5DecoderWrapper.loadLanguageModel():730 loadLanguageModel() : 7, version [n/a]
07-27 05:14:49.026  1370  1688 I native  : I0000 00:00:1785096889.026322    1688 blocklist-assembly.cc:126] LoadBlocklist en
07-27 05:14:49.026  1370  1595 I SuperDelight: SuperDelightBundledSlicingStrategy.getSlices():67 BundledSlicing#getSlices(): result {slices=[bundled_delight:main_en_us_2024022600_2], last batch=true, sync metadata=false}
07-27 05:14:49.026  1370  1595 I SP      : Syncing bundled_delight (2024043000) with slices: [main_en_us_2024022600_2], metadata: false
07-27 05:14:49.026  1370  1688 I Delight5Decoder: Delight5DecoderWrapper.loadLanguageModel():771 Loaded dynamic LM 7.en
07-27 05:14:49.026  1370  1688 I Delight5Decoder: Delight5DecoderWrapper.loadLanguageModel():730 loadLanguageModel() : 4, version [n/a]
07-27 05:14:49.027  1370  1370 I InputBundle: InputBundle.consumeEvent():884 Skip consuming an event as keyboard status is 0
07-27 05:14:49.027  1370  1370 I KeyboardWrapper: KeyboardWrapper.activateKeyboard():575 activateKeyboard(): type=prime, status=0, imeDef=ktt{stringId=ime_english_united_states, language=en-US, languageTag=en-US, processedConditions={enable_number_row=false, device=phone}, className=com.google.android.apps.inputmethod.libs.latin5.LatinIme, label=0, keyEventInterpreter=null, inlineComposing=true, autoCapital=true, announceAutoSelectedCandidate=true, statusIcon=0, primeKeyboardType=SOFT, indicatorIcon=0, indicatorLabel=US, displayAppCompletions=true, extraValues=ktl{}, processors=kvl@99ac202, unacceptableMetaKeys=4098, languageSpecificSettings=0, asciiCapable=true, alwaysShowSuggestions=false, useAsciiPasswordKeyboard=false, secondaryIme=null, keyboardGroupDef=kut@940a01f, phenotypeFlagId=0, localizationLanguageTag=null, supportsInlineSuggestion=true, supportsAccessPoints=true}
07-27 05:14:49.027  1370  1593 I NativeLibHelper: NativeLibHelper.loadLibrary():162 Loaded native library:integrated_shared_object (result=true)
07-27 05:14:49.027  1370  1370 I KeyboardManager: KeyboardManager.requestKeyboard():234 Creating keyboard prime, imeId=ime_english_united_states, cacheKey=theme_border_stylesheet_noshadow_gsans_pillkey_silkpopup_hover_light_phone_bottom4dp_navredesign
07-27 05:14:49.028  1370  1370 I KeyboardWrapper: KeyboardWrapper.onKeyboardReady():239 onKeyboardReady(): type=null(prime), kb=com.google.android.apps.inputmethod.latin.keyboard.LatinPrimeKeyboard@14e6935
07-27 05:14:49.028  1370  1370 I KeyboardWrapper: KeyboardWrapper.doActivateKeyboard():606 doActivateKeyboard(): prime
07-27 05:14:49.029  1370  1688 I Delight5Decoder: Delight5DecoderWrapper.loadLanguageModel():771 Loaded dynamic LM 4.en
07-27 05:14:49.030  1370  1688 I Delight5Decoder: Delight5DecoderWrapper.loadLanguageModel():730 loadLanguageModel() : 3, version [n/a]
07-27 05:14:49.033  1370  1688 I Delight5Decoder: Delight5DecoderWrapper.loadLanguageModel():771 Loaded dynamic LM 3.en
07-27 05:14:49.034  1370  1688 I Delight5Decoder: Delight5DecoderWrapper.loadLanguageModel():730 loadLanguageModel() : 20, version [n/a]
07-27 05:14:49.036  1370  1688 I Delight5Decoder: Delight5DecoderWrapper.loadLanguageModel():771 Loaded dynamic LM 20.en
07-27 05:14:49.045  1370  1595 I SuperDelight: SuperDelightBundledSlicingStrategy.getSlices():41 BundledSlicing#getSlices() : Locale = [en_US]
07-27 05:14:49.046  1370  1595 I SuperDelight: SuperDelightBundledSlicingStrategy.getSlices():67 BundledSlicing#getSlices(): result {slices=[bundled_delight:main_en_us_2024022600_2], last batch=true, sync metadata=false}
07-27 05:14:49.046  1370  1595 I SP      : Syncing bundled_delight (2024043000) with slices: [main_en_us_2024022600_2], metadata: false
07-27 05:14:49.066  1370  1370 I KeyboardViewHelper: KeyboardViewHelper.getView():168 Get view with height ratio:1.000000
07-27 05:14:49.073  1044  2092 I FontLog : Received query Google Sans Text, URI content://com.google.android.gms.fonts [CONTEXT service_id=132 ]
07-27 05:14:49.073  1370  1370 I KeyboardHeightUtil: KeyboardHeightUtil.calculateMaxKeyboardBodyHeight():45 leave 281 height for app when ime window height:2142, header height:116 and isFullscreenMode:false, so the max keyboard body height is:1745
07-27 05:14:49.073  1370  1370 W KeyboardDef: KeyboardDef.getKeyboardViewDef():757 KeyboardViewDef is not found: keyboardDef=kuo{processedConditions={enable_more_candidates_view_for_multilingual=false, enable_secondary_symbols=false, variant=qwerty, language=en-US, device=phone, expressions=normal, keyboard_mode=normal, show_secondary_digits=true, enable_preemptive_decode=true, rtl_layout=false}, globalConditions={global_theme_key=theme_border_stylesheet_noshadow_gsans_pillkey_silkpopup_hover_light_phone_bottom4dp_navredesign, global_locale=en_US, global_density_dpi=420, global_orientation=1}, className=.latin.keyboard.LatinPrimeKeyboard, resourceIds=[#0x7f170663, #0x7f1708e0], initialStates=0, keyboardViewDefs=[kvb{direction=null, id=#0x7f0b014d, isScalable=true, layoutId=#0x7f0e039d, type=BODY, touchable=true, defaultShow=true}, kvb{direction=null, id=#0x7f0b014d, isScalable=false, layoutId=#0x7f0e01aa, type=FLOATING_CANDIDATES, touchable=false, defaultShow=false}, kvb{direction=LOCALE, id=#0x7f0b014d, isScalable=false, layoutId=#0x7f0e0591, type=HEADER, touchable=true, defaultShow=true}], persistentStates=0, persistentStatesPrefKey=null, popupBubbleLayoutId=#0x7f0e068d, recentKeyLayoutId=0, recentKeyPopupLayoutId=0, recentKeyType=null, rememberRecentKey=NONE, sessionStates=17592186044419}, type=WIDGET, id=2131427661
07-27 05:14:49.074  1370  1370 W Keyboard: Keyboard.getKeyboardViewHelper():574 null helper is returned: keyboardDef=kuo{processedConditions={enable_more_candidates_view_for_multilingual=false, enable_secondary_symbols=false, variant=qwerty, language=en-US, device=phone, expressions=normal, keyboard_mode=normal, show_secondary_digits=true, enable_preemptive_decode=true, rtl_layout=false}, globalConditions={global_theme_key=theme_border_stylesheet_noshadow_gsans_pillkey_silkpopup_hover_light_phone_bottom4dp_navredesign, global_locale=en_US, global_density_dpi=420, global_orientation=1}, className=.latin.keyboard.LatinPrimeKeyboard, resourceIds=[#0x7f170663, #0x7f1708e0], initialStates=0, keyboardViewDefs=[kvb{direction=null, id=#0x7f0b014d, isScalable=true, layoutId=#0x7f0e039d, type=BODY, touchable=true, defaultShow=true}, kvb{direction=null, id=#0x7f0b014d, isScalable=false, layoutId=#0x7f0e01aa, type=FLOATING_CANDIDATES, touchable=false, defaultShow=false}, kvb{direction=LOCALE, id=#0x7f0b014d, isScalable=false, layoutId=#0x7f0e0591, type=HEADER, touchable=true, defaultShow=true}], persistentStates=0, persistentStatesPrefKey=null, popupBubbleLayoutId=#0x7f0e068d, recentKeyLayoutId=0, recentKeyPopupLayoutId=0, recentKeyType=null, rememberRecentKey=NONE, sessionStates=17592186044419}, type=WIDGET, helpersCreated=[kib@2976365, kib@fdc483a, kib@5a89ceb, null], context.getResources().getConfiguration(): {1.0 310mcc260mnc [en_US] ldltr sw411dp w411dp h914dp 420dpi nrml long port finger qwerty/v/v dpad/v winConfig={ mBounds=Rect(0, 0 - 1080, 2400) mAppBounds=Rect(0, 0 - 1080, 2400) mMaxBounds=Rect(0, 0 - 1080, 2400) mDisplayRotation=ROTATION_0 mWindowingMode=fullscreen mActivityType=undefined mAlwaysOnTop=undefined mRotation=ROTATION_0} as.2 s.34 fontWeightAdjustment=0}
07-27 05:14:49.074  1044  2092 I FontLog : Query [Google Sans Text] resolved to {Google Sans Text, wdth 100.0, wght 400, ital 0.0, bestEffort false} [CONTEXT service_id=132 ]
07-27 05:14:49.077  1044  2092 I FontLog : Font PFD returned from cache for {Google Sans Text, wdth 100.0, wght 400, ital 0.0, bestEffort false} [CONTEXT service_id=132 ]
07-27 05:14:49.077  1044  2092 I FontLog : Fetch {Google Sans Text, wdth 100.0, wght 400, ital 0.0, bestEffort false} end status Status{statusCode=SUCCESS, resolution=null} [CONTEXT service_id=132 ]
07-27 05:14:49.078  1370  1370 I KeyboardHeightUtil: KeyboardHeightUtil.calculateMaxKeyboardBodyHeight():45 leave 281 height for app when ime window height:2142, header height:116 and isFullscreenMode:false, so the max keyboard body height is:1745
07-27 05:14:49.081  1044  1057 I FontLog : Pulling font file for id = 11, cache size = 6 [CONTEXT service_id=132 ]
07-27 05:14:49.087  1370  1370 I GoogleInputMethodService: GoogleInputMethodService.startInputIfInputViewStarted():3728 startInputIfInputViewStarted(): default prime
07-27 05:14:49.087  1370  1370 I KeyboardModeManager: KeyboardModeManager.setInputViewKeyboardViewHolderProvider():625 setInputView() : supportsOneHandedMode=true supportsSplitMode=true
07-27 05:14:49.087  1370  1370 I NormalModeController: NormalModeController.getKeyboardBodyViewHolderPaddingBottom():104 currentPrimeKeyboardType:SOFT systemPaddingBottom:-1
07-27 05:14:49.087  1370  1370 I KeyboardHeightUtil: KeyboardHeightUtil.calculateMaxKeyboardBodyHeight():45 leave 281 height for app when ime window height:2142, header height:116 and isFullscreenMode:false, so the max keyboard body height is:1745
07-27 05:14:49.087  1370  1370 I KeyboardHeightUtil: KeyboardHeightUtil.calculateMaxKeyboardBodyHeight():45 leave 281 height for app when ime window height:2142, header height:116 and isFullscreenMode:false, so the max keyboard body height is:1745
07-27 05:14:49.087  1370  1370 I KeyboardHeightUtil: KeyboardHeightUtil.calculateMaxKeyboardBodyHeight():45 leave 281 height for app when ime window height:2142, header height:116 and isFullscreenMode:false, so the max keyboard body height is:1745
07-27 05:14:49.088  1370  1370 I KeyboardHeightUtil: KeyboardHeightUtil.calculateMaxKeyboardBodyHeight():45 leave 281 height for app when ime window height:2142, header height:116 and isFullscreenMode:false, so the max keyboard body height is:1745
07-27 05:14:49.088  1370  1370 I NormalModeController: NormalModeController.getKeyboardBodyViewHolderPaddingBottom():104 currentPrimeKeyboardType:SOFT systemPaddingBottom:-1
07-27 05:14:49.089  1370  1370 I KeyboardHeightUtil: KeyboardHeightUtil.calculateMaxKeyboardBodyHeight():45 leave 281 height for app when ime window height:2142, header height:116 and isFullscreenMode:false, so the max keyboard body height is:1745
07-27 05:14:49.089  1370  1370 I KeyboardHeightUtil: KeyboardHeightUtil.calculateMaxKeyboardBodyHeight():45 leave 281 height for app when ime window height:2142, header height:116 and isFullscreenMode:false, so the max keyboard body height is:1745
07-27 05:14:49.090  1370  1370 I KeyboardModeManager: KeyboardModeManager.setInputViewKeyboardViewHolderProvider():613 setInputView() : supportsOneHandedMode=true, supportSplitMode=true
07-27 05:14:49.092  1370  1370 I CrowdsourceExtension: CrowdsourceExtension.checkIfDefaultBrowserIsAllowed():110 Failed to get default browser. The default browser may be deactived.
07-27 05:14:49.092  1370  1370 I AccessoryInputModeManager: AccessoryInputModeManager.onModeStarted():308 Accessory input mode started: null
07-27 05:14:49.092  1370  1370 W SupplementaryKeyboardsWrapper: SupplementaryKeyboardsWrapper.deactivateKeyboard():159 keyboard accessory_candidates_consumer is not activated before!
07-27 05:14:49.093  1370  1370 I HardKeyTracker: HardKeyTracker.unregisterKeySequence():183 Unregister key sequence lnk{labelResId=2132019804, callback=cfr@b9ccb1, lastModifier=2, keyCodes=[48], actions=[0]}
07-27 05:14:49.093  1370  1370 I HardKeyTracker: HardKeyTracker.registerKeySequence():139 Register key sequence lnk{labelResId=2132019804, callback=cfr@bcd1b54, lastModifier=2, keyCodes=[48], actions=[0]}
07-27 05:14:49.093  1370  1370 I CurrentMicStatusHolder: CurrentMicStatusHolder.onStartInputView():81 Current Mic status = {MicIconHidden-EmailInputType,}
07-27 05:14:49.093  1370  1370 I VoiceImeExtension: VoiceImeExtension.shouldStartVoiceInputAutomaticallyInCurrentInputBox():415 No private IME option set to start voice input.
07-27 05:14:49.096  1571  1571 D BoundBrokerSvc: onBind: Intent { act=com.google.firebase.dynamiclinks.service.START pkg=com.google.android.gms }
07-27 05:14:49.096  1571  1571 D BoundBrokerSvc: Loading bound service for intent: Intent { act=com.google.firebase.dynamiclinks.service.START pkg=com.google.android.gms }
07-27 05:14:49.104  1370  1370 I StylusModule: StylusModule.onUpdateToolType():770 Update tool type = 0
07-27 05:14:49.104  1370  1595 I SP      : Sync for bundled_emoji succeeded in 109 ms: no changes
07-27 05:14:49.105  1370  1595 I SP      : Sync for emoji succeeded in 109 ms: {added: [2ada3c9a4a17d6bb81b1fe8d51502d60], metadata: false
07-27 05:14:49.105  1370  1370 I WindowMetricsNotification: WindowMetricsNotification.notifyWithWindow():113 
07-27 05:14:49.105  1370  1370 I WindowMetricsNotification: WindowMetricsNotification.notify():106 WindowMetricsNotification{bounds=Rect(0, 132 - 1080, 2400), insets=Rect(0, 0 - 0, 126), densityDpi=420, smallestScreenWidthDp=411, displayWidth=1080, displayHeight=2400, xdpi=420.0, ydpi=420.0}; DisplayMetrics{density=2.625, width=1080, height=2400, scaledDensity=2.625, xdpi=420.0, ydpi=420.0}
07-27 05:14:49.107   576   593 D ImeInsetsSourceProvider: showImePostLayout cancelled, isScheduledAndReadyToShowIme: true, mImeRequester: Window{d9e5c2e u0 com.mediology.sinsinapp/com.mediology.sinsinapp.MainActivity}, serverVisible: true, frozen: false, mWindowContainer is: non-null, windowState: Window{c3714a5 u0 InputMethod}, isDrawn: true, mGivenInsetsPending: false, dcTarget: Window{d9e5c2e u0 com.mediology.sinsinapp/com.mediology.sinsinapp.MainActivity}, controlTarget: Window{d9e5c2e u0 com.mediology.sinsinapp/com.mediology.sinsinapp.MainActivity}
07-27 05:14:49.107   576   593 D ImeInsetsSourceProvider: controlTarget == DisplayContent.controlTarget: true, hasPendingControls: false, leash is: non-null, isImeLayeringTarget: true, isAboveImeLayeringTarget: false, isImeFallbackTarget: false, isImeInputTarget: true, sameAsImeControlTarget: true
07-27 05:14:49.107   576   593 I ImeTracker: com.mediology.sinsinapp:1f3ff44f: onCancelled at PHASE_WM_SHOW_IME_RUNNER
07-27 05:14:49.108  1370  1370 I KeyboardHeightUtil: KeyboardHeightUtil.calculateMaxKeyboardBodyHeight():45 leave 281 height for app when ime window height:2142, header height:116 and isFullscreenMode:false, so the max keyboard body height is:1745
07-27 05:14:49.108  1370  1370 I WindowMetricsNotification: WindowMetricsNotification.notifyWithWindow():113 
07-27 05:14:49.108  1370  1370 I WindowMetricsNotification: WindowMetricsNotification.notify():106 WindowMetricsNotification{bounds=Rect(0, 132 - 1080, 2400), insets=Rect(0, 0 - 0, 126), densityDpi=420, smallestScreenWidthDp=411, displayWidth=1080, displayHeight=2400, xdpi=420.0, ydpi=420.0}; DisplayMetrics{density=2.625, width=1080, height=2400, scaledDensity=2.625, xdpi=420.0, ydpi=420.0}
07-27 05:14:49.109  1370  1370 W View    : requestLayout() improperly called by com.google.android.libraries.inputmethod.widgets.SoftKeyView{301c6a1 VFE...C.. ......ID 5,0-115,116 #7f0b039a app:id/key_pos_header_access_points_menu} during layout: running second layout pass
07-27 05:14:49.109  1370  1370 W View    : requestLayout() improperly called by com.google.android.libraries.inputmethod.widgets.CopyImageSourceView{3ccd0c6 V.ED..... ......ID 5,0-1075,116 #7f0b0134 app:id/0_resource_name_obfuscated} during layout: running second layout pass
07-27 05:14:49.109  1370  1370 W View    : requestLayout() improperly called by android.widget.LinearLayout{4f56887 V.E...... ......ID 115,0-965,116 #7f0b0281 app:id/0_resource_name_obfuscated} during layout: running second layout pass
07-27 05:14:49.109  1370  1370 W View    : requestLayout() improperly called by android.widget.LinearLayout{1c0d3b4 V.E...... ......ID 965,0-965,116 #7f0b0280 app:id/0_resource_name_obfuscated} during layout: running second layout pass
07-27 05:14:49.109  1370  1370 W View    : requestLayout() improperly called by com.google.android.libraries.inputmethod.widgets.SoftKeyView{d32bdd VFE...C.. ......ID 965,0-1075,116 #7f0b03a3 app:id/key_pos_header_power_key} during layout: running second layout pass
07-27 05:14:49.109  1370  1370 I KeyboardHeightUtil: KeyboardHeightUtil.calculateMaxKeyboardBodyHeight():45 leave 281 height for app when ime window height:2142, header height:116 and isFullscreenMode:false, so the max keyboard body height is:1745
07-27 05:14:49.114  3315  3315 D InsetsController: show(ime(), fromIme=true)
07-27 05:14:49.114  3315  3315 I ImeTracker: com.mediology.sinsinapp:39a58c9e: onCancelled at PHASE_CLIENT_APPLY_ANIMATION
07-27 05:14:49.117  3315  3315 D InsetsController: show(ime(), fromIme=true)
07-27 05:14:49.117  3315  3315 I ImeTracker: com.mediology.sinsinapp:c8aba969: onCancelled at PHASE_CLIENT_APPLY_ANIMATION
07-27 05:14:49.128  1370  1370 I GoogleInputMethodService: GoogleInputMethodService$1.onKeyboardViewShown():494 onKeyboardViewShown: keyboardType=prime, keyboardViewType=HEADER keyboardView=com.google.android.libraries.inputmethod.widgets.SoftKeyboardView{5f773cc V.E...... ........ 0,0-1080,116}
07-27 05:14:49.128  1370  1370 I GoogleInputMethodService: GoogleInputMethodService$1.onKeyboardViewShown():494 onKeyboardViewShown: keyboardType=prime, keyboardViewType=BODY keyboardView=com.google.android.libraries.inputmethod.widgets.SoftKeyboardView{281a59c V.E...... ........ 0,0-1080,641}
07-27 05:14:49.128  1370  1370 I NewLanguagePromptExtension: NewLanguagePromptExtension$1.onKeyboardViewShown():104 Not show new language banner: no change in enabled input method entries
07-27 05:14:49.128  1370  1370 I WindowMetricsNotification: WindowMetricsNotification.notifyWithWindow():113 
07-27 05:14:49.128  1370  1370 I WindowMetricsNotification: WindowMetricsNotification.notify():106 WindowMetricsNotification{bounds=Rect(0, 132 - 1080, 2400), insets=Rect(0, 0 - 0, 126), densityDpi=420, smallestScreenWidthDp=411, displayWidth=1080, displayHeight=2400, xdpi=420.0, ydpi=420.0}; DisplayMetrics{density=2.625, width=1080, height=2400, scaledDensity=2.625, xdpi=420.0, ydpi=420.0}
07-27 05:14:49.128  1370  1370 I WindowMetricsNotification: WindowMetricsNotification.notifyWithWindow():113 
07-27 05:14:49.128  1370  1370 I WindowMetricsNotification: WindowMetricsNotification.notify():106 WindowMetricsNotification{bounds=Rect(0, 132 - 1080, 2400), insets=Rect(0, 0 - 0, 126), densityDpi=420, smallestScreenWidthDp=411, displayWidth=1080, displayHeight=2400, xdpi=420.0, ydpi=420.0}; DisplayMetrics{density=2.625, width=1080, height=2400, scaledDensity=2.625, xdpi=420.0, ydpi=420.0}
07-27 05:14:49.128  1370  1370 I NormalModeController: NormalModeController.getKeyboardBodyViewHolderPaddingBottom():104 currentPrimeKeyboardType:SOFT systemPaddingBottom:-1
07-27 05:14:49.128  1370  1688 I Delight5Decoder: Delight5DecoderWrapper.setKeyboardLayout():511 setKeyboardLayout()
07-27 05:14:49.130  1370  1370 I StylusModule: StylusModule.onUpdateToolType():770 Update tool type = 0
07-27 05:14:49.130  1370  1787 D EGL_emulation: app_time_stats: avg=9382.26ms min=92.77ms max=18671.74ms count=2
07-27 05:14:49.131  1370  1595 I SP      : GC for 'bundled_delight' (10) with ttl of 0 ms took 4 ms (0/4/0)
07-27 05:14:49.132  1370  1688 I Delight5Decoder: Delight5DecoderWrapper.setKeyboardLayout():511 setKeyboardLayout()
07-27 05:14:49.144  1370  1595 I LmManager: LmManager$1.onFailure():87 Bundled delight sync failed
07-27 05:14:49.144  1370  1595 I LmManager: java.util.concurrent.CancellationException: Task was cancelled.
07-27 05:14:49.144  1370  1595 I LmManager: 	at pug.r(PG:33)
07-27 05:14:49.144  1370  1595 I LmManager: 	at pug.get(PG:3)
07-27 05:14:49.144  1370  1595 I LmManager: 	at a.i(PG:2)
07-27 05:14:49.144  1370  1595 I LmManager: 	at npy.t(PG:10)
07-27 05:14:49.144  1370  1595 I LmManager: 	at pvy.run(PG:88)
07-27 05:14:49.144  1370  1595 I LmManager: 	at pvh.execute(PG:1)
07-27 05:14:49.144  1370  1595 I LmManager: 	at pug.h(PG:1)
07-27 05:14:49.144  1370  1595 I LmManager: 	at pug.k(PG:101)
07-27 05:14:49.144  1370  1595 I LmManager: 	at pug.p(PG:28)
07-27 05:14:49.144  1370  1595 I LmManager: 	at pvd.c(PG:5)
07-27 05:14:49.144  1370  1595 I LmManager: 	at pvf.e(PG:6)
07-27 05:14:49.144  1370  1595 I LmManager: 	at pwk.run(PG:75)
07-27 05:14:49.144  1370  1595 I LmManager: 	at java.util.concurrent.Executors$RunnableAdapter.call(Executors.java:487)
07-27 05:14:49.144  1370  1595 I LmManager: 	at java.util.concurrent.FutureTask.run(FutureTask.java:264)
07-27 05:14:49.144  1370  1595 I LmManager: 	at jdk.run(PG:8)
07-27 05:14:49.144  1370  1595 I LmManager: 	at java.util.concurrent.ThreadPoolExecutor.runWorker(ThreadPoolExecutor.java:1145)
07-27 05:14:49.144  1370  1595 I LmManager: 	at java.util.concurrent.ThreadPoolExecutor$Worker.run(ThreadPoolExecutor.java:644)
07-27 05:14:49.144  1370  1595 I LmManager: 	at java.lang.Thread.run(Thread.java:1012)
07-27 05:14:49.144  1370  1595 I LmManager: 	at jcx.run(PG:8)
07-27 05:14:49.144  1370  1595 I SP      : GC for 'bundled_emoji' (10) with ttl of 0 ms took 0 ms (0/0/0)
07-27 05:14:49.144  1370  1595 I SP      : GC for 'emoji' (10) with ttl of 0 ms took 0 ms (0/0/0)
07-27 05:14:49.144  1370  1595 I AbstractSyncResultCallback: AbstractSyncResultCallback.onFailure():38 onFailure(): bundled_delight.sync cancelled; expected if new request supersedes pending one.
07-27 05:14:49.151  1370  3555 I SuperDelight: SuperDelightManager$2.onSuccess():631 bundled_delight sync success, adding to data file manager
07-27 05:14:49.158  1370  3555 I DataFileManager: DataFileManager.removeDataWithoutNotify():219 removing data en-US bundled_delight
07-27 05:14:49.188  3315  3315 D AutofillManager: notifyViewReadyInner:1073741839
07-27 05:14:49.189  3315  3315 D AutofillManager: Triggering pre-emptive request for fill dialog.
07-27 05:14:49.196  1370  1370 I KeyboardHeightUtil: KeyboardHeightUtil.calculateMaxKeyboardBodyHeight():45 leave 281 height for app when ime window height:2142, header height:116 and isFullscreenMode:false, so the max keyboard body height is:1745
07-27 05:14:49.198  1370  1370 W InputContextProxy: InputContextProxy.applyClientDiffInternal():940 Ignore [FetchSuggestions] diff due to stale request: 3<5, inputStateId=2, lastInputStateId=3
07-27 05:14:49.232   576  2013 D RequestId: RequestId(): startId= 842
07-27 05:14:49.236  1370  1595 I SP      : Sync for bundled_delight succeeded in 210 ms: {added: [main_en_us_2024022600_2], metadata: false
07-27 05:14:49.239   576  2013 V AutofillSession: Primary service component name: ComponentInfo{com.google.android.gms/com.google.android.gms.autofill.service.AutofillService}, secondary service component name: ComponentInfo{com.android.credentialmanager/com.android.credentialmanager.autofill.CredentialAutofillService}
07-27 05:14:49.242   576  2013 V SecondaryProviderHandler: Creating a secondary provider handler with component name, ComponentInfo{com.android.credentialmanager/com.android.credentialmanager.autofill.CredentialAutofillService}
07-27 05:14:49.247   576  2013 D RequestId: nextId(): requestId = 844
07-27 05:14:49.249   576  2013 I AppsFilter: interaction: PackageSetting{6329a8 com.mediology.sinsinapp/10208} -> PackageSetting{a477e5f com.google.android.inputmethod.latin/10165} BLOCKED
07-27 05:14:49.249   576  2013 W FillRequestEventLogger: Couldn't find packageName: com.google.android.inputmethod.latin
07-27 05:14:49.251  1370  3819 I EmojiSuperpacksManager: EmojiSuperpacksManager.processPackSet():504 processPackSet() : isBundled = false
07-27 05:14:49.253  1370  3820 I EmojiSuperpacksManager: EmojiSuperpacksManager.processPackSet():504 processPackSet() : isBundled = true
07-27 05:14:49.292  1370  1694 I EmojiShortcutsLoader: EmojiShortcutsLoader.getEmojiShortcuts():135 Reading en_US emoji shortcuts
07-27 05:14:49.293  1370  1370 I StylusModule: StylusModule.onUpdateToolType():770 Update tool type = 0
07-27 05:14:49.296  1370  1595 I SP      : GC for 'bundled_delight' (10) with ttl of 0 ms took 0 ms (0/0/0)
07-27 05:14:49.296  1370  1595 I LmManager: LmManager$1.onSuccess():82 Bundled delight sync success
07-27 05:14:49.299   576   593 W PresentationStatsEventLogger: Bad view state for: -1
07-27 05:14:49.303   576   576 D AutofillInlineSuggestionsRequestSession: onCreateInlineSuggestionsRequestLocked called: 0@49251334
07-27 05:14:49.306  1370  1370 I KeyboardHeightUtil: KeyboardHeightUtil.calculateMaxKeyboardBodyHeight():45 leave 281 height for app when ime window height:2142, header height:116 and isFullscreenMode:false, so the max keyboard body height is:1745
07-27 05:14:49.333  1370  3554 I SuperDelight: SuperDelightManager$2.onSuccess():631 bundled_delight sync success, adding to data file manager
07-27 05:14:49.333  1370  3554 I DataFileManager: DataFileManager.addDataWithoutNotify():185 adding data en-US bundled_delight
07-27 05:14:49.356   576  2013 W PresentationStatsEventLogger: Bad view state for: -1
07-27 05:14:49.405  1370  1694 I EmojiShortcutsLoader: EmojiShortcutsLoader.getEmojiShortcuts():156 Read en_US emoji shortcuts successfully.
07-27 05:14:49.424  1370  1694 I EmojiShortcutsLoader: EmojiShortcutsLoader.call():71 1 emoji shortcut maps loaded.
07-27 05:14:49.432  1370  1694 I EmojiShortcutsLoader: EmojiShortcutsLoader.call():82 Finished loading emoji shortcuts
07-27 05:14:49.441  1370  1694 I EmojiShortcutsLoader: EmojiShortcutsLoader.getEmojiShortcuts():135 Reading en_US emoji shortcuts
07-27 05:14:49.443  3315  3315 I AssistStructure: Flattened final assist data: 2836 bytes, containing 1 windows, 18 views
07-27 05:14:49.446   576  2013 D AutofillSession: createPendingIntent for request 844
07-27 05:14:49.447   576  2013 D ContentCapturePerUserService: Notified activity assist data for activity: Token{700d900 ActivityRecord{8004383 u0 com.mediology.sinsinapp/.MainActivity t76}} without a session Id
07-27 05:14:49.467  1370  1370 I StylusModule: StylusModule.onUpdateToolType():770 Update tool type = 0
07-27 05:14:49.469   576  2013 W PresentationStatsEventLogger: Bad view state for: -1
07-27 05:14:49.481  1370  1370 I StylusModule: StylusModule.onUpdateToolType():770 Update tool type = 0
07-27 05:14:49.495  1370  1374 W putmethod.latin: Missing inline cache for boolean com.google.android.apps.inputmethod.libs.latin5.LatinIme.c(joe)
07-27 05:14:49.495  1370  1374 W putmethod.latin: Missing inline cache for boolean com.google.android.apps.inputmethod.libs.latin5.LatinIme.c(joe)
07-27 05:14:49.501  1370  1694 I EmojiShortcutsLoader: EmojiShortcutsLoader.getEmojiShortcuts():156 Read en_US emoji shortcuts successfully.
07-27 05:14:49.555  1370  1694 I EmojiShortcutsLoader: EmojiShortcutsLoader.call():71 1 emoji shortcut maps loaded.
07-27 05:14:49.562  1370  1694 I EmojiShortcutsLoader: EmojiShortcutsLoader.call():82 Finished loading emoji shortcuts
07-27 05:14:49.602  1370  1370 W InputConnectionWrapper: InputConnectionWrapper.recordDuration():1694 IPC IC_GET_SURROUNDING_TEXT took 120 ms
07-27 05:14:49.602  1370  1375 I putmethod.latin: Background concurrent mark compact GC freed 8596KB AllocSpace bytes, 17(728KB) LOS objects, 49% free, 12MB/25MB, paused 614us,4.697ms total 177.353ms
07-27 05:14:49.603  1370  1370 I StylusModule: StylusModule.onUpdateToolType():770 Update tool type = 0
07-27 05:14:49.604  1370  1370 I KeyboardHeightUtil: KeyboardHeightUtil.calculateMaxKeyboardBodyHeight():45 leave 281 height for app when ime window height:2142, header height:116 and isFullscreenMode:false, so the max keyboard body height is:1745
07-27 05:14:49.606  1370  1377 W SP      : File ref is being finalized but wasn't closed, file: tflite-nwp-756c50035b995cfb0f7e8feb7d1b10ee[3]
07-27 05:14:49.606  1370  1377 W SP      : File ref is being finalized but wasn't closed, file: tflite-nwp-756c50035b995cfb0f7e8feb7d1b10ee[3]
07-27 05:14:49.606  1370  1377 W SP      : File ref is being finalized but wasn't closed, file: 2023012316_en[7]
07-27 05:14:49.606  1370  1377 W SP      : File ref is being finalized but wasn't closed, file: 2023012316_en[7]
07-27 05:14:49.606  1370  1377 W SP      : File ref is being finalized but wasn't closed, file: 2023012316_en[7]
07-27 05:14:49.606  1370  1377 W SP      : File ref is being finalized but wasn't closed, file: 2023012316_en[7]
07-27 05:14:49.606  1370  1377 W SP      : File ref is being finalized but wasn't closed, file: 2023012316_en[7]
07-27 05:14:49.607  1370  1377 W SP      : File ref is being finalized but wasn't closed, file: 2023012316_en[7]
07-27 05:14:49.607  1370  1377 W SP      : File ref is being finalized but wasn't closed, file: main_en_us_2024022600_2[2]
07-27 05:14:49.607  1370  1377 W SP      : File ref is being finalized but wasn't closed, file: main_en_us_2024022600_2[2]
07-27 05:14:49.651   576   875 W PresentationStatsEventLogger: Bad view state for: -1
07-27 05:14:49.710  1370  1370 I KeyboardHeightUtil: KeyboardHeightUtil.calculateMaxKeyboardBodyHeight():45 leave 281 height for app when ime window height:2142, header height:116 and isFullscreenMode:false, so the max keyboard body height is:1745
07-27 05:14:49.767  1370  1688 I native  : I0000 00:00:1785096889.767757    1688 input-context-store.cc:262] Ignoring stale client request for FetchSuggestions
07-27 05:14:49.768  1370  1370 W InputContextProxy: InputContextProxy.applyClientDiffInternal():940 Ignore [FetchSuggestions] diff due to stale request: 5<13, inputStateId=7, lastInputStateId=7
07-27 05:14:49.785  1370  1370 I StylusModule: StylusModule.onUpdateToolType():770 Update tool type = 0
07-27 05:14:49.807   576   875 W PresentationStatsEventLogger: Bad view state for: -1
07-27 05:14:49.833  1370  1370 I StylusModule: StylusModule.onUpdateToolType():770 Update tool type = 0
07-27 05:14:49.842   576   875 W PresentationStatsEventLogger: Bad view state for: -1
07-27 05:14:49.856  3315  3346 D EGL_emulation: app_time_stats: avg=95.63ms min=33.74ms max=268.75ms count=11
07-27 05:14:49.911  1370  1370 I StylusModule: StylusModule.onUpdateToolType():770 Update tool type = 0
07-27 05:14:49.923   576   593 W PresentationStatsEventLogger: Bad view state for: -1
07-27 05:14:49.937  1370  1370 I StylusModule: StylusModule.onUpdateToolType():770 Update tool type = 0
07-27 05:14:49.951   576   593 W PresentationStatsEventLogger: Bad view state for: -1
07-27 05:14:49.987  1370  1370 I StylusModule: StylusModule.onUpdateToolType():770 Update tool type = 0
07-27 05:14:49.990   576   593 W PresentationStatsEventLogger: Bad view state for: -1
07-27 05:14:50.025  1370  1370 I StylusModule: StylusModule.onUpdateToolType():770 Update tool type = 0
07-27 05:14:50.027   576   593 W PresentationStatsEventLogger: Bad view state for: -1
07-27 05:14:50.053  1370  1370 I StylusModule: StylusModule.onUpdateToolType():770 Update tool type = 0
07-27 05:14:50.060   576   593 W PresentationStatsEventLogger: Bad view state for: -1
07-27 05:14:50.086  1370  1370 I StylusModule: StylusModule.onUpdateToolType():770 Update tool type = 0
07-27 05:14:50.095   576   593 W PresentationStatsEventLogger: Bad view state for: -1
07-27 05:14:50.170  1370  1370 I StylusModule: StylusModule.onUpdateToolType():770 Update tool type = 0
07-27 05:14:50.176   576   593 W PresentationStatsEventLogger: Bad view state for: -1
07-27 05:14:50.253  1370  1370 I StylusModule: StylusModule.onUpdateToolType():770 Update tool type = 0
07-27 05:14:50.259   576   875 W PresentationStatsEventLogger: Bad view state for: -1
07-27 05:14:51.193  1044  3127 I NearbyMediums: No BLE Fast/GATT advertisements found in the latest cycle.
07-27 05:14:51.325  3315  3346 D EGL_emulation: app_time_stats: avg=87.81ms min=4.26ms max=498.82ms count=15
07-27 05:14:51.384  3827  3827 D AndroidRuntime: >>>>>> START com.android.internal.os.RuntimeInit uid 2000 <<<<<<
07-27 05:14:51.389  3827  3827 I AndroidRuntime: Using default boot image
07-27 05:14:51.389  3827  3827 I AndroidRuntime: Leaving lock profiling enabled
07-27 05:14:51.390  3827  3827 I app_process: Core platform API reporting enabled, enforcing=false
07-27 05:14:51.390  3827  3827 I app_process: Using CollectorTypeCMC GC.
07-27 05:14:51.454  3827  3827 D nativeloader: InitDefaultPublicLibraries for_preload=1: libandroid.so:libaaudio.so:libamidi.so:libbinder_ndk.so:libc.so:libcamera2ndk.so:libdl.so:libEGL.so:libGLESv1_CM.so:libGLESv2.so:libGLESv3.so:libicu.so:libicui18n.so:libicuuc.so:libjnigraphics.so:liblog.so:libmediandk.so:libm.so:libnativehelper.so:libnativewindow.so:libOpenMAXAL.so:libOpenSLES.so:libRS.so:libstdc++.so:libsync.so:libvulkan.so:libwebviewchromium_plat_support.so:libz.so
07-27 05:14:51.462  3827  3827 D nativeloader: Load libicu_jni.so using APEX ns com_android_art for caller /apex/com.android.art/javalib/core-oj.jar: ok
07-27 05:14:51.462  3827  3827 D app_process: u_setTimeZoneFilesDirectory("/apex/com.android.tzdata/etc/tz/versioned/8/icu") succeeded. 
07-27 05:14:51.462  3827  3827 D app_process: I18n APEX ICU file found: /apex/com.android.i18n/etc/icu/icudt75l.dat
07-27 05:14:51.464  3827  3827 D nativeloader: Load libjavacore.so using APEX ns com_android_art for caller /apex/com.android.art/javalib/core-oj.jar: ok
07-27 05:14:51.465  3827  3827 D nativeloader: Load libopenjdk.so using APEX ns com_android_art for caller /apex/com.android.art/javalib/core-oj.jar: ok
07-27 05:14:51.467  3827  3827 W app_process: ClassLoaderContext shared library size mismatch. Expected=2, found=0 (PCL[]{PCL[/system/framework/android.test.base.jar*724373495]#PCL[/system/framework/android.test.mock.jar*1452759902]} | PCL[])
07-27 05:14:51.467  3827  3827 W app_process: ClassLoaderContext classpath size mismatch. expected=0, found=1 (PCL[]{PCL[/system/framework/android.test.runner.jar*2496447986]#PCL[/system/framework/android.test.base.jar*724373495]} | PCL[/system/framework/android.test.runner.jar*2496447986])
07-27 05:14:51.497  3827  3827 D nativeloader: Load libframework-connectivity-tiramisu-jni.so using APEX ns com_android_tethering for caller /apex/com.android.tethering/javalib/framework-connectivity-t.jar: ok
07-27 05:14:51.498  3827  3827 D AndroidRuntime: Calling main entry com.android.commands.uiautomator.Launcher
07-27 05:14:51.504  3827  3827 D UiAutomationConnection: Created on user UserHandle{0}
07-27 05:14:51.504  3827  3827 I UiAutomation: Initialized for user 0 on display 0
07-27 05:14:51.504  3827  3827 W UiAutomation: Created with deprecatead constructor, assumes DEFAULT_DISPLAY
07-27 05:14:51.506   576  1307 D AccessibilityManagerService: changeCurrentUserForTestAutomationIfNeededLocked(0): ignoring because device doesn't support visible background users
07-27 05:14:51.506   576  1307 I UiAutomationManager: Registering UiTestAutomationService (id=com.android.server.accessibility/UiAutomation, flags=0x0) when called by user 0
07-27 05:14:51.507   576  1307 W MagnificationConnectionManager: requestConnection duplicated request: connect=false, mConnectionState=DISCONNECTED
07-27 05:14:51.508  1436  1452 I AiAiEcho: Settings changed for uri: content://settings/secure/accessibility_enabled
07-27 05:14:51.508  1436  1698 I AiAiEcho: Predicting[0]:  [CONTEXT sampling_count=5 ]
07-27 05:14:51.508  1436  1698 I AiAiEcho: EchoTargets: 
07-27 05:14:51.508  1436  1698 I AiAiEcho: Filtered by AiAi flag check: 
07-27 05:14:51.508  1436  1698 I AiAiEcho: [CONTEXT ratelimit_period="10 SECONDS" ]
07-27 05:14:51.508  1436  1698 I AiAiEcho: Ranked targets strategy: SORT, count: 0, ranking metadata:  [CONTEXT ratelimit_period="10 SECONDS" ]
07-27 05:14:51.508  1436  1698 I AiAiEcho: #remoteViewsTwiddler: feature disabled.
07-27 05:14:51.508  1436  1698 I AiAiEcho: Predicting[0]:  [CONTEXT sampling_count=5 ]
07-27 05:14:51.508  1436  1698 I AiAiEcho: EchoTargets: 
07-27 05:14:51.508  1436  1698 I AiAiEcho: Filtered by AiAi flag check: 
07-27 05:14:51.508  1436  1698 I AiAiEcho: [CONTEXT ratelimit_period="10 SECONDS" ]
07-27 05:14:51.509  1436  1698 I AiAiEcho: Ranked targets strategy: SORT, count: 0, ranking metadata:  [CONTEXT ratelimit_period="10 SECONDS" ]
07-27 05:14:51.509  1436  1698 I AiAiEcho: #remoteViewsTwiddler: feature disabled.
07-27 05:14:51.509  1436  1698 I AiAiEcho: Predicting[0]:  [CONTEXT sampling_count=5 ]
07-27 05:14:51.509  1436  1698 I AiAiEcho: EchoTargets: 
07-27 05:14:51.509  1436  1698 I AiAiEcho: Filtered by AiAi flag check: 
07-27 05:14:51.509  1436  1698 I AiAiEcho: [CONTEXT ratelimit_period="10 SECONDS" ]
07-27 05:14:51.509  1436  1698 I AiAiEcho: Ranked targets strategy: SORT, count: 0, ranking metadata:  [CONTEXT ratelimit_period="10 SECONDS" ]
07-27 05:14:51.509  1436  1698 I AiAiEcho: #remoteViewsTwiddler: feature disabled.
07-27 05:14:51.509   576   576 W IPCThreadState: Sending oneway calls to frozen process.
07-27 05:14:51.510   576   576 W IPCThreadState: Sending oneway calls to frozen process.
07-27 05:14:51.510   576   576 W IPCThreadState: Sending oneway calls to frozen process.
07-27 05:14:51.510  1436  1698 I AiAiEcho: #postPredictionTargets: Sending updates to UISurface media_data_manager with targets# 0 (types=[])
07-27 05:14:51.511   820   820 D SsMediaDataProvider: Forwarding Smartspace updates []
07-27 05:14:51.511   576   576 W IPCThreadState: Sending oneway calls to frozen process.
07-27 05:14:51.511   576   576 W IPCThreadState: Sending oneway calls to frozen process.
07-27 05:14:51.511   576   576 W IPCThreadState: Sending oneway calls to frozen process.
07-27 05:14:51.511   576   576 W IPCThreadState: Sending oneway calls to frozen process.
07-27 05:14:51.511  3827  3839 V UiAutomation: Init UiAutomation@e5d7b82[id=11, displayId=0, flags=0]
07-27 05:14:51.511   576   576 W IPCThreadState: Sending oneway calls to frozen process.
07-27 05:14:51.511  1436  1698 I AiAiEcho: #postPredictionTargets: Sending updates to UISurface lockscreen with targets# 0 (types=[])
07-27 05:14:51.512  1436  1698 I AiAiEcho: #postPredictionTargets: Sending updates to UISurface home with targets# 0 (types=[])
07-27 05:14:51.512   576   576 W IPCThreadState: Sending oneway calls to frozen process.
07-27 05:14:51.512   576   576 W IPCThreadState: Sending oneway calls to frozen process.
07-27 05:14:51.513  1306  1306 D SsBaseTemplateCard: No text view can be set up
07-27 05:14:51.513   576   875 W MagnificationConnectionManager: requestConnection duplicated request: connect=false, mConnectionState=DISCONNECTED
07-27 05:14:51.513  1306  1306 D SsBaseTemplateCard: Passed-in item info is null
07-27 05:14:51.513  1306  1306 D SsBaseTemplateCard: Passed-in item info is null
07-27 05:14:51.513  1306  1306 D SsBaseTemplateCard: Passed-in item info is null
07-27 05:14:51.513  1306  1306 I SsBaseTemplateCard: Secondary card pane is null
07-27 05:14:51.514  1436  1452 I AiAiEcho: Settings changed for uri: content://settings/secure/accessibility_enabled
07-27 05:14:51.514   576   576 W IPCThreadState: Sending oneway calls to frozen process.
07-27 05:14:51.514   576   576 W IPCThreadState: Sending oneway calls to frozen process.
07-27 05:14:51.515   576   576 W IPCThreadState: Sending oneway calls to frozen process.
07-27 05:14:51.515   576   576 W IPCThreadState: Sending oneway calls to frozen process.
07-27 05:14:51.515   576   576 W IPCThreadState: Sending oneway calls to frozen process.
07-27 05:14:51.515  1436  1698 I AiAiEcho: Predicting[0]:  [CONTEXT sampling_count=5 ]
07-27 05:14:51.515  1436  1698 I AiAiEcho: EchoTargets: 
07-27 05:14:51.515  1436  1698 I AiAiEcho: Filtered by AiAi flag check: 
07-27 05:14:51.515  1436  1698 I AiAiEcho: [CONTEXT ratelimit_period="10 SECONDS" ]
07-27 05:14:51.515  1436  1698 I AiAiEcho: Ranked targets strategy: SORT, count: 0, ranking metadata:  [CONTEXT ratelimit_period="10 SECONDS" ]
07-27 05:14:51.515  1436  1698 I AiAiEcho: #remoteViewsTwiddler: feature disabled.
07-27 05:14:51.515  1436  1698 I AiAiEcho: Predicting[0]:  [CONTEXT sampling_count=5 ]
07-27 05:14:51.515   576   576 W IPCThreadState: Sending oneway calls to frozen process.
07-27 05:14:51.515   576   576 W IPCThreadState: Sending oneway calls to frozen process.
07-27 05:14:51.515  1436  1698 I AiAiEcho: EchoTargets: 
07-27 05:14:51.515  1436  1698 I AiAiEcho: Filtered by AiAi flag check: 
07-27 05:14:51.515  1436  1698 I AiAiEcho: [CONTEXT ratelimit_period="10 SECONDS" ]
07-27 05:14:51.516  1436  1698 I AiAiEcho: Ranked targets strategy: SORT, count: 0, ranking metadata:  [CONTEXT ratelimit_period="10 SECONDS" ]
07-27 05:14:51.516  1436  1698 I AiAiEcho: #remoteViewsTwiddler: feature disabled.
07-27 05:14:51.516  1436  1698 I AiAiEcho: Predicting[0]:  [CONTEXT sampling_count=5 ]
07-27 05:14:51.516  1436  1698 I AiAiEcho: EchoTargets: 
07-27 05:14:51.516  1436  1698 I AiAiEcho: Filtered by AiAi flag check: 
07-27 05:14:51.516  1436  1698 I AiAiEcho: [CONTEXT ratelimit_period="10 SECONDS" ]
07-27 05:14:51.516  1436  1698 I AiAiEcho: Ranked targets strategy: SORT, count: 0, ranking metadata:  [CONTEXT ratelimit_period="10 SECONDS" ]
07-27 05:14:51.516  1436  1698 I AiAiEcho: #remoteViewsTwiddler: feature disabled.
07-27 05:14:51.516  1436  1698 I AiAiEcho: #postPredictionTargets: Sending updates to UISurface media_data_manager with targets# 0 (types=[])
07-27 05:14:51.516  1436  1698 I AiAiEcho: #postPredictionTargets: Sending updates to UISurface lockscreen with targets# 0 (types=[])
07-27 05:14:51.516  1436  1698 I AiAiEcho: #postPredictionTargets: Sending updates to UISurface home with targets# 0 (types=[])
07-27 05:14:51.517   576   576 W IPCThreadState: Sending oneway calls to frozen process.
07-27 05:14:51.517   576   576 W IPCThreadState: Sending oneway calls to frozen process.
07-27 05:14:51.517   576   576 W IPCThreadState: Sending oneway calls to frozen process.
07-27 05:14:51.517   576   576 W IPCThreadState: Sending oneway calls to frozen process.
07-27 05:14:51.517  1306  1306 D SsBaseTemplateCard: No text view can be set up
07-27 05:14:51.517  1306  1306 D SsBaseTemplateCard: Passed-in item info is null
07-27 05:14:51.517  1306  1306 D SsBaseTemplateCard: Passed-in item info is null
07-27 05:14:51.517  1306  1306 D SsBaseTemplateCard: Passed-in item info is null
07-27 05:14:51.517  1306  1306 I SsBaseTemplateCard: Secondary card pane is null
07-27 05:14:51.517   576   576 W IPCThreadState: Sending oneway calls to frozen process.
07-27 05:14:51.517   576   576 W IPCThreadState: Sending oneway calls to frozen process.
07-27 05:14:51.518   820   820 W PageIndicator: Total number of pages invalid: 0. Assuming 1 page.
07-27 05:14:51.518   576   576 W IPCThreadState: Sending oneway calls to frozen process.
07-27 05:14:51.518   576   576 W IPCThreadState: Sending oneway calls to frozen process.
07-27 05:14:51.518   576   576 W IPCThreadState: Sending oneway calls to frozen process.
07-27 05:14:51.518   576   576 W IPCThreadState: Sending oneway calls to frozen process.
07-27 05:14:51.518   576   576 W IPCThreadState: Sending oneway calls to frozen process.
07-27 05:14:51.518   576   576 W IPCThreadState: Sending oneway calls to frozen process.
07-27 05:14:51.518   576   576 W IPCThreadState: Sending oneway calls to frozen process.
07-27 05:14:51.519   576   576 W IPCThreadState: Sending oneway calls to frozen process.
07-27 05:14:51.519   576   576 W IPCThreadState: Sending oneway calls to frozen process.
07-27 05:14:51.519   576   576 W IPCThreadState: Sending oneway calls to frozen process.
07-27 05:14:51.519   576   576 W IPCThreadState: Sending oneway calls to frozen process.
07-27 05:14:51.519   576   576 W IPCThreadState: Sending oneway calls to frozen process.
07-27 05:14:51.519   576   576 D BatterySaverPolicy: accessibility changed to true, updating policy.
07-27 05:14:51.520   820   820 D SsMediaDataProvider: Forwarding Smartspace updates []
07-27 05:14:51.520   820   820 W PageIndicator: Total number of pages invalid: 0. Assuming 1 page.
07-27 05:14:51.834   820  1047 D EGL_emulation: app_time_stats: avg=40010.04ms min=40010.04ms max=40010.04ms count=1
07-27 05:14:51.889   384  3508 D android.hardware.audio@7.1-impl.ranchu: threadLoop: entering standby, frames: 806208
07-27 05:14:52.325  3315  3346 D EGL_emulation: app_time_stats: avg=499.99ms min=498.28ms max=501.69ms count=2
07-27 05:14:52.741  3827  3827 I AccessibilityNodeInfoDumper: Skipping invisible child: android.view.accessibility.AccessibilityNodeInfo@11fa92; boundsInParent: Rect(0, 0 - 1080, 0); boundsInScreen: Rect(0, 0 - 1080, 0); boundsInWindow: Rect(0, 0 - 1080, 0); packageName: com.mediology.sinsinapp; className: android.widget.LinearLayout; text: null; error: null; maxTextLength: -1; stateDescription: null; contentDescription: null; tooltipText: null; containerTitle: null; viewIdResName: null; uniqueId: null; checkable: false; checked: false; focusable: false; focused: false; selected: false; clickable: false; longClickable: false; contextClickable: false; enabled: true; password: false; scrollable: false; granularScrollingSupported: false; importantForAccessibility: false; visible: false; actions: [AccessibilityAction: ACTION_SELECT - null, AccessibilityAction: ACTION_CLEAR_SELECTION - null, AccessibilityAction: ACTION_ACCESSIBILITY_FOCUS - null, AccessibilityAction: ACTION_SHOW_ON_SCREEN - null]; isTextSelectable: false
07-27 05:14:52.741  3827  3827 I AccessibilityNodeInfoDumper: Skipping invisible child: android.view.accessibility.AccessibilityNodeInfo@11f6d1; boundsInParent: Rect(0, 0 - 1080, 0); boundsInScreen: Rect(0, 0 - 1080, 0); boundsInWindow: Rect(0, 0 - 1080, 0); packageName: com.mediology.sinsinapp; className: android.view.ViewGroup; text: null; error: null; maxTextLength: -1; stateDescription: null; contentDescription: null; tooltipText: null; containerTitle: null; viewIdResName: null; uniqueId: null; checkable: false; checked: false; focusable: false; focused: false; selected: false; clickable: false; longClickable: false; contextClickable: false; enabled: true; password: false; scrollable: false; granularScrollingSupported: false; importantForAccessibility: false; visible: false; actions: [AccessibilityAction: ACTION_SELECT - null, AccessibilityAction: ACTION_CLEAR_SELECTION - null, AccessibilityAction: ACTION_ACCESSIBILITY_FOCUS - null, AccessibilityAction: ACTION_SHOW_ON_SCREEN - null]; isTextSelectable: false
07-27 05:14:52.741  3827  3827 I AccessibilityNodeInfoDumper: Skipping invisible child: android.view.accessibility.AccessibilityNodeInfo@130519; boundsInParent: Rect(0, 0 - 1080, 0); boundsInScreen: Rect(0, 0 - 1080, 0); boundsInWindow: Rect(0, 0 - 1080, 0); packageName: com.mediology.sinsinapp; className: android.widget.LinearLayout; text: null; error: null; maxTextLength: -1; stateDescription: null; contentDescription: null; tooltipText: null; containerTitle: null; viewIdResName: null; uniqueId: null; checkable: false; checked: false; focusable: false; focused: false; selected: false; clickable: false; longClickable: false; contextClickable: false; enabled: true; password: false; scrollable: false; granularScrollingSupported: false; importantForAccessibility: false; visible: false; actions: [AccessibilityAction: ACTION_SELECT - null, AccessibilityAction: ACTION_CLEAR_SELECTION - null, AccessibilityAction: ACTION_ACCESSIBILITY_FOCUS - null, AccessibilityAction: ACTION_SHOW_ON_SCREEN - null]; isTextSelectable: false
07-27 05:14:52.741  3827  3827 I AccessibilityNodeInfoDumper: Skipping invisible child: android.view.accessibility.AccessibilityNodeInfo@130158; boundsInParent: Rect(0, 0 - 1080, 0); boundsInScreen: Rect(0, 0 - 1080, 0); boundsInWindow: Rect(0, 0 - 1080, 0); packageName: com.mediology.sinsinapp; className: android.view.ViewGroup; text: null; error: null; maxTextLength: -1; stateDescription: null; contentDescription: null; tooltipText: null; containerTitle: null; viewIdResName: null; uniqueId: null; checkable: false; checked: false; focusable: false; focused: false; selected: false; clickable: false; longClickable: false; contextClickable: false; enabled: true; password: false; scrollable: false; granularScrollingSupported: false; importantForAccessibility: false; visible: false; actions: [AccessibilityAction: ACTION_SELECT - null, AccessibilityAction: ACTION_CLEAR_SELECTION - null, AccessibilityAction: ACTION_ACCESSIBILITY_FOCUS - null, AccessibilityAction: ACTION_SHOW_ON_SCREEN - null]; isTextSelectable: false
07-27 05:14:52.759  3827  3827 I AccessibilityNodeInfoDumper: Skipping invisible child: android.view.accessibility.AccessibilityNodeInfo@a5308; boundsInParent: Rect(0, 0 - 1080, 121); boundsInScreen: Rect(0, 0 - 1080, -121); boundsInWindow: Rect(0, 0 - 1080, -121); packageName: com.mediology.sinsinapp; className: android.view.ViewGroup; text: null; error: null; maxTextLength: -1; stateDescription: null; contentDescription: null; tooltipText: null; containerTitle: null; viewIdResName: toastAnimatedContainer; uniqueId: null; checkable: false; checked: false; focusable: false; focused: false; selected: false; clickable: false; longClickable: false; contextClickable: false; enabled: true; password: false; scrollable: false; granularScrollingSupported: false; importantForAccessibility: true; visible: false; actions: [AccessibilityAction: ACTION_SELECT - null, AccessibilityAction: ACTION_CLEAR_SELECTION - null, AccessibilityAction: ACTION_ACCESSIBILITY_FOCUS - null, AccessibilityAction: ACTION_SHOW_ON_SCREEN - null]; isTextSelectable: false
07-27 05:14:52.759  3827  3827 I AccessibilityNodeInfoDumper: Skipping invisible child: android.view.accessibility.AccessibilityNodeInfo@a3c82; boundsInParent: Rect(0, 0 - 1080, 0); boundsInScreen: Rect(0, 2400 - 1080, 2400); boundsInWindow: Rect(0, 2400 - 1080, 2400); packageName: com.mediology.sinsinapp; className: android.view.ViewGroup; text: null; error: null; maxTextLength: -1; stateDescription: null; contentDescription: null; tooltipText: null; containerTitle: null; viewIdResName: null; uniqueId: null; checkable: false; checked: false; focusable: false; focused: false; selected: false; clickable: false; longClickable: false; contextClickable: false; enabled: true; password: false; scrollable: false; granularScrollingSupported: false; importantForAccessibility: false; visible: false; actions: [AccessibilityAction: ACTION_SELECT - null, AccessibilityAction: ACTION_CLEAR_SELECTION - null, AccessibilityAction: ACTION_ACCESSIBILITY_FOCUS - null, AccessibilityAction: ACTION_SHOW_ON_SCREEN - null]; isTextSelectable: false
07-27 05:14:52.760  3827  3827 W AccessibilityNodeInfoDumper: Fetch time: 25ms
07-27 05:14:52.761   576  1307 W MagnificationConnectionManager: requestConnection duplicated request: connect=false, mConnectionState=DISCONNECTED
07-27 05:14:52.761   576  1307 D AccessibilityManagerService: restoreCurrentUserForTestAutomationIfNeededLocked(): ignoring because device doesn't support visible background users
07-27 05:14:52.762   576   576 W IPCThreadState: Sending oneway calls to frozen process.
07-27 05:14:52.762   576   576 W IPCThreadState: Sending oneway calls to frozen process.
07-27 05:14:52.762   576   576 W IPCThreadState: Sending oneway calls to frozen process.
07-27 05:14:52.762   576   576 W IPCThreadState: Sending oneway calls to frozen process.
07-27 05:14:52.762  3827  3827 D AndroidRuntime: Shutting down VM
07-27 05:14:52.763  1436  2427 I AiAiEcho: Settings changed for uri: content://settings/secure/accessibility_enabled
07-27 05:14:52.763   576   576 W IPCThreadState: Sending oneway calls to frozen process.
07-27 05:14:52.763   576   576 W IPCThreadState: Sending oneway calls to frozen process.
07-27 05:14:52.763   576   576 W IPCThreadState: Sending oneway calls to frozen process.
07-27 05:14:52.763   576   576 W IPCThreadState: Sending oneway calls to frozen process.
07-27 05:14:52.763   576   576 W IPCThreadState: Sending oneway calls to frozen process.
07-27 05:14:52.763   576   576 W IPCThreadState: Sending oneway calls to frozen process.
07-27 05:14:52.763   576   576 W IPCThreadState: Sending oneway calls to frozen process.
07-27 05:14:52.763   576   576 W IPCThreadState: Sending oneway calls to frozen process.
07-27 05:14:52.763   576   576 W IPCThreadState: Sending oneway calls to frozen process.
07-27 05:14:52.763  1436  1698 I AiAiEcho: Predicting[0]:  [CONTEXT sampling_count=5 ]
07-27 05:14:52.763  1436  1698 I AiAiEcho: EchoTargets: 
07-27 05:14:52.763  1436  1698 I AiAiEcho: Filtered by AiAi flag check: 
07-27 05:14:52.763  1436  1698 I AiAiEcho: [CONTEXT ratelimit_period="10 SECONDS" ]
07-27 05:14:52.763  1436  1698 I AiAiEcho: Ranked targets strategy: SORT, count: 0, ranking metadata:  [CONTEXT ratelimit_period="10 SECONDS" ]
07-27 05:14:52.763  1436  1698 I AiAiEcho: #remoteViewsTwiddler: feature disabled.
07-27 05:14:52.763   576   576 W IPCThreadState: Sending oneway calls to frozen process.
07-27 05:14:52.763   576   576 W IPCThreadState: Sending oneway calls to frozen process.
07-27 05:14:52.764   576   576 W IPCThreadState: Sending oneway calls to frozen process.
07-27 05:14:52.764   576   576 W IPCThreadState: Sending oneway calls to frozen process.
07-27 05:14:52.764   576   576 W IPCThreadState: Sending oneway calls to frozen process.
07-27 05:14:52.764   576   576 W IPCThreadState: Sending oneway calls to frozen process.
07-27 05:14:52.764   576   576 W IPCThreadState: Sending oneway calls to frozen process.
07-27 05:14:52.764   576   576 W IPCThreadState: Sending oneway calls to frozen process.
07-27 05:14:52.764   576   576 D BatterySaverPolicy: accessibility changed to false, updating policy.
07-27 05:14:52.764  1436  1698 I AiAiEcho: #postPredictionTargets: Sending updates to UISurface media_data_manager with targets# 0 (types=[])
07-27 05:14:52.766  1436  1698 I AiAiEcho: Predicting[0]:  [CONTEXT sampling_count=5 ]
07-27 05:14:52.766  1436  1698 I AiAiEcho: EchoTargets: 
07-27 05:14:52.766  1436  1698 I AiAiEcho: Filtered by AiAi flag check: 
07-27 05:14:52.766  1436  1698 I AiAiEcho: [CONTEXT ratelimit_period="10 SECONDS" ]
07-27 05:14:52.766  1436  1698 I AiAiEcho: Ranked targets strategy: SORT, count: 0, ranking metadata:  [CONTEXT ratelimit_period="10 SECONDS" ]
07-27 05:14:52.766  1436  1698 I AiAiEcho: #remoteViewsTwiddler: feature disabled.
07-27 05:14:52.768  1436  1698 I AiAiEcho: Predicting[0]:  [CONTEXT sampling_count=5 ]
07-27 05:14:52.768  1436  1698 I AiAiEcho: EchoTargets: 
07-27 05:14:52.768  1436  1698 I AiAiEcho: Filtered by AiAi flag check: 
07-27 05:14:52.768  1436  1698 I AiAiEcho: [CONTEXT ratelimit_period="10 SECONDS" ]
07-27 05:14:52.768  1436  1698 I AiAiEcho: Ranked targets strategy: SORT, count: 0, ranking metadata:  [CONTEXT ratelimit_period="10 SECONDS" ]
07-27 05:14:52.768  1436  1698 I AiAiEcho: #remoteViewsTwiddler: feature disabled.
07-27 05:14:52.769  1436  1698 I AiAiEcho: #postPredictionTargets: Sending updates to UISurface lockscreen with targets# 0 (types=[])
07-27 05:14:52.769  1436  1698 I AiAiEcho: #postPredictionTargets: Sending updates to UISurface home with targets# 0 (types=[])
07-27 05:14:52.821  1306  1306 D SsBaseTemplateCard: No text view can be set up
07-27 05:14:52.821  1306  1306 D SsBaseTemplateCard: Passed-in item info is null
07-27 05:14:52.821  1306  1306 D SsBaseTemplateCard: Passed-in item info is null
07-27 05:14:52.821  1306  1306 D SsBaseTemplateCard: Passed-in item info is null
07-27 05:14:52.821  1306  1306 I SsBaseTemplateCard: Secondary card pane is null
07-27 05:14:52.823   820   820 D SsMediaDataProvider: Forwarding Smartspace updates []
07-27 05:14:52.823   820   820 W PageIndicator: Total number of pages invalid: 0. Assuming 1 page.
07-27 05:14:53.325  3315  3346 D EGL_emulation: app_time_stats: avg=500.23ms min=454.76ms max=545.70ms count=2
07-27 05:14:53.714  3844  3844 W BpBinder: Linking to death on android.gui.ISurfaceComposer but there are no threads (yet?) listening to incoming transactions. See ProcessState::startThreadPool and ProcessState::setThreadPoolMaxThreadCount. Generally you should setup the binder threadpool before other initialization steps.
07-27 05:14:53.715  3844  3844 W ProcessState: Extra binder thread started, but 0 threads requested. Do not use *startThreadPool when zero threads are requested.
07-27 05:14:53.735   158   158 I hwservicemanager: getTransport: Cannot find entry android.hardware.graphics.mapper@4.0::IMapper/default in either framework or device VINTF manifest.
--------- beginning of kernel
07-27 05:14:53.738   157   157 I servicemanager: Caller(pid=3844,uid=2000,sid=u:r:shell:s0) Could not find android.hardware.graphics.allocator.IAllocator/default in the VINTF manifest. No alternative instances declared in VINTF.
07-27 05:14:53.736  3844  3845 I Gralloc4: mapper 4.x is not supported
07-27 05:14:53.743   576   938 D CoreBackPreview: Window{ad939fa u0 PopupWindow:dd44150}: Setting back callback OnBackInvokedCallbackInfo{mCallback=android.window.IOnBackInvokedCallback$Stub$Proxy@8094208, mPriority=0, mIsAnimationCallback=false}
07-27 05:14:53.879  3315  3315 W WindowOnBackDispatcher: sendCancelIfRunning: isInProgress=false callback=android.view.ViewRootImpl$$ExternalSyntheticLambda11@21d156f
07-27 05:14:53.879   576   938 D CoreBackPreview: Window{ad939fa u0 PopupWindow:dd44150}: Setting back callback null
07-27 05:14:53.893   576   938 W InputManager-JNI: Input channel object 'ad939fa PopupWindow:dd44150 (client)' was disposed without first being removed with the input manager!
07-27 05:14:54.108   576   938 D CoreBackPreview: Window{2f476b4 u0 PopupWindow:96db1bd}: Setting back callback OnBackInvokedCallbackInfo{mCallback=android.window.IOnBackInvokedCallback$Stub$Proxy@f710e52, mPriority=0, mIsAnimationCallback=false}
07-27 05:14:54.224  3315  3315 W WindowOnBackDispatcher: sendCancelIfRunning: isInProgress=false callback=android.view.ViewRootImpl$$ExternalSyntheticLambda11@9629e80
07-27 05:14:54.248   576  1307 D CoreBackPreview: Window{2f476b4 u0 PopupWindow:96db1bd}: Setting back callback null
07-27 05:14:54.259   576   938 W InputManager-JNI: Input channel object '2f476b4 PopupWindow:96db1bd (client)' was disposed without first being removed with the input manager!
07-27 05:14:54.376  3315  3346 D EGL_emulation: app_time_stats: avg=525.12ms min=487.73ms max=562.51ms count=2
07-27 05:14:55.088   576   607 D OomAdjuster: Not killing cached processes
07-27 05:14:55.845  3315  3346 D EGL_emulation: app_time_stats: avg=489.74ms min=468.04ms max=502.68ms count=3
07-27 05:14:56.859  3315  3346 D EGL_emulation: app_time_stats: avg=506.92ms min=495.91ms max=517.92ms count=2
07-27 05:14:57.859  3315  3346 D EGL_emulation: app_time_stats: avg=500.06ms min=498.57ms max=501.55ms count=2
07-27 05:14:58.859  3315  3346 D EGL_emulation: app_time_stats: avg=499.97ms min=499.11ms max=500.82ms count=2
07-27 05:15:00.012  1436  1698 I AiAiEcho: Predicting[0]:  [CONTEXT sampling_count=5 ]
07-27 05:15:00.013   820  1047 D EGL_emulation: app_time_stats: avg=8178.01ms min=8178.01ms max=8178.01ms count=1
07-27 05:15:00.013  1436  1698 I AiAiEcho: EchoTargets: 
07-27 05:15:00.013  1436  1698 I AiAiEcho: Filtered by AiAi flag check: 
07-27 05:15:00.013  1436  1698 I AiAiEcho: [CONTEXT ratelimit_period="10 SECONDS" ]
07-27 05:15:00.013  1436  1698 I AiAiEcho: Ranked targets strategy: SORT, count: 0, ranking metadata:  [CONTEXT ratelimit_period="10 SECONDS" ]
07-27 05:15:00.013  1436  1698 I AiAiEcho: #remoteViewsTwiddler: feature disabled.
07-27 05:15:00.013  1436  1698 I AiAiEcho: Predicting[0]:  [CONTEXT sampling_count=5 ]
07-27 05:15:00.013  1436  1698 I AiAiEcho: EchoTargets: 
07-27 05:15:00.013  1436  1698 I AiAiEcho: Filtered by AiAi flag check: 
07-27 05:15:00.013  1436  1698 I AiAiEcho: [CONTEXT ratelimit_period="10 SECONDS" ]
07-27 05:15:00.013  1436  1698 I AiAiEcho: Ranked targets strategy: SORT, count: 0, ranking metadata:  [CONTEXT ratelimit_period="10 SECONDS" ]
07-27 05:15:00.013  1436  1698 I AiAiEcho: #remoteViewsTwiddler: feature disabled.
07-27 05:15:00.013  1436  1698 I AiAiEcho: #postPredictionTargets: Sending updates to UISurface lockscreen with targets# 0 (types=[])
07-27 05:15:00.013  1436  1698 I AiAiEcho: #postPredictionTargets: Sending updates to UISurface home with targets# 0 (types=[])
07-27 05:15:00.014   820   820 W PageIndicator: Total number of pages invalid: 0. Assuming 1 page.
07-27 05:15:00.014  1306  1306 D SsBaseTemplateCard: No text view can be set up
07-27 05:15:00.014  1306  1306 D SsBaseTemplateCard: Passed-in item info is null
07-27 05:15:00.014  1306  1306 D SsBaseTemplateCard: Passed-in item info is null
07-27 05:15:00.014  1306  1306 D SsBaseTemplateCard: Passed-in item info is null
07-27 05:15:00.014  1306  1306 I SsBaseTemplateCard: Secondary card pane is null
07-27 05:15:00.357  3315  3346 D EGL_emulation: app_time_stats: avg=499.19ms min=488.49ms max=507.40ms count=3
07-27 05:15:01.196  1044  3127 I NearbyMediums: No BLE Fast/GATT advertisements found in the latest cycle.
07-27 05:15:01.359  3315  3346 D EGL_emulation: app_time_stats: avg=500.93ms min=500.74ms max=501.11ms count=2
07-27 05:15:02.860  3315  3346 D EGL_emulation: app_time_stats: avg=500.48ms min=495.48ms max=504.34ms count=3
07-27 05:15:03.863  3315  3346 D EGL_emulation: app_time_stats: avg=501.27ms min=497.21ms max=505.33ms count=2
07-27 05:15:04.211  3315  3315 W ReactEditText: Can not attach listener because field `mListeners` not found: No field mListeners in class Lcom/facebook/react/views/textinput/ReactEditText; (declaration of 'com.facebook.react.views.textinput.ReactEditText' appears in /data/app/~~T93ezTjbxBbsJRS8KOfcCA==/com.mediology.sinsinapp-3n8TehE9cPS1H3Ob-w8QRA==/base.apk!classes7.dex). Attaching to the end...
07-27 05:15:04.212  3315  3315 I ThemedReactContext: KeyboardController::focusDidSet
07-27 05:15:04.213  3315  3315 I ThemedReactContext: KeyboardController::keyboardWillShow
07-27 05:15:04.213  3315  3315 I ThemedReactContext: KeyboardController::keyboardDidShow
07-27 05:15:04.214   576  1307 W AutofillManagerServiceImpl: logViewEntered: not logging event because history is null
07-27 05:15:04.216   576  1307 D AutofillSession: Starting partition or augmented request for view id 1073741839@49251334: 1
07-27 05:15:04.216   576  1307 W FillRequestEventLogger: FillRequestEventLogger is not empty before starting for a new request
07-27 05:15:04.216   576  1307 D RequestId: nextId(): requestId = 846
07-27 05:15:04.217   576  1307 I AppsFilter: interaction: PackageSetting{6329a8 com.mediology.sinsinapp/10208} -> PackageSetting{a477e5f com.google.android.inputmethod.latin/10165} BLOCKED
07-27 05:15:04.217   576  1307 W FillRequestEventLogger: Couldn't find packageName: com.google.android.inputmethod.latin
07-27 05:15:04.217  3315  3315 I ImeTracker: com.mediology.sinsinapp:b9d896dd: onRequestShow at ORIGIN_CLIENT reason SHOW_SOFT_INPUT fromUser true
07-27 05:15:04.218  3315  3315 D InputMethodManager: showSoftInput() view=com.facebook.react.views.textinput.ReactEditText{3928ca9 VFED..CL. .F.P..ID 44,556-930,618 #77e aid=1073741839} flags=0 reason=SHOW_SOFT_INPUT
07-27 05:15:04.218   576   576 W AutofillInlineSuggestionsRequestSession: Never received an InlineSuggestionsRequest from the IME for 0@49251334
07-27 05:15:04.218   576   576 D AutofillInlineSuggestionsRequestSession: onCreateInlineSuggestionsRequestLocked called: 1073741839@49251334
07-27 05:15:04.218   576   695 I ImeTracker: com.mediology.sinsinapp:61d3139d: onRequestShow at ORIGIN_SERVER reason ATTACH_NEW_INPUT fromUser false
07-27 05:15:04.219  1370  1370 I GoogleInputMethodService: GoogleInputMethodService.onFinishInputView():2393 
07-27 05:15:04.227   422   509 D audioserver: logFgsApiBegin: FGS Logger Transaction failed, -129
07-27 05:15:04.227   576  2023 W AS.PlaybackActivityMon: No piid assigned for invalid/internal port id 15
07-27 05:15:04.231   422   539 D AudioFlinger: mixer(0xb400007e7f7558e0) throttle end: throttle time(43)
07-27 05:15:04.232  3315  3315 I AssistStructure: Flattened final assist data: 2816 bytes, containing 2 windows, 18 views
07-27 05:15:04.233   576  2023 D AutofillSession: createPendingIntent for request 846
07-27 05:15:04.233   576  2023 D ContentCapturePerUserService: Notified activity assist data for activity: Token{700d900 ActivityRecord{8004383 u0 com.mediology.sinsinapp/.MainActivity t76}} without a session Id
07-27 05:15:04.234  3315  3315 W RemoteInputConnectionImpl: requestCursorUpdates on inactive InputConnection
07-27 05:15:04.238   576  2023 D CoreBackPreview: Window{7825111 u0 PopupWindow:f65bd98}: Setting back callback OnBackInvokedCallbackInfo{mCallback=android.window.IOnBackInvokedCallback$Stub$Proxy@bd59077, mPriority=0, mIsAnimationCallback=false}
07-27 05:15:04.240  1370  1370 W TooltipLifecycleManager: TooltipLifecycleManager.dismissTooltips():152 Tooltip with id spell_check_add_to_dictionary not found in tooltipManager.
07-27 05:15:04.242  1370  1370 I InputBundle: InputBundle.consumeEvent():884 Skip consuming an event as keyboard status is 0
07-27 05:15:04.242  1370  1370 I VoiceInputHandler: VoiceInputHandler.onDeactivateIme():115 unregistering TalkbackStateListener
07-27 05:15:04.243  1370  1370 I VoiceInputManagerWrapper: VoiceInputManagerWrapper.shutdown():124 shutdown()
07-27 05:15:04.244  1370  1370 E native  : E0000 00:00:1785096904.244361    1370 key-correction-manager.cc:337] User feature cache is not ready for key correction!
07-27 05:15:04.263  1370  1370 I AndroidIME: AbstractIme.onDeactivate():202 LatinIme.onDeactivate()
07-27 05:15:04.264  1370  1370 I GoogleInputMethodService: GoogleInputMethodService.onFinishInput():3157 
07-27 05:15:04.265  1370  1370 I GoogleInputMethodService: GoogleInputMethodService.updateDeviceLockedStatus():2248 repeatCheckTimes = 0, locked = false
07-27 05:15:04.266  1370  1370 I GoogleInputMethodService: GoogleInputMethodService.onStartInput():1986 onStartInput(EditorInfo{EditorInfo{packageName=com.mediology.sinsinapp, inputType=81, inputTypeString=Password, enableLearning=false, autoCorrection=false, autoComplete=true, imeOptions=4000006, privateImeOptions=null, actionName=DONE, actionLabel=null, initialSelStart=8, initialSelEnd=8, initialCapsMode=0, label=null, fieldId=1918, fieldName=null, extras=Bundle[mParcelledData.dataSize=404], hintText=non-empty, hintLocales=[]}}, false)
07-27 05:15:04.266  1370  1370 I GoogleInputMethodService: GoogleInputMethodService.updateDeviceLockedStatus():2248 repeatCheckTimes = 1, locked = false
07-27 05:15:04.266  1370  1370 I AndroidIME: InputBundleManager.loadActiveInputBundleId():450 loadActiveInputBundleId: und-Latn-x-password, password
07-27 05:15:04.266  1370  1370 I HardKeyTracker: HardKeyTracker.unregisterKeySequence():183 Unregister key sequence lnk{labelResId=2132019800, callback=gnd@7748e2b, lastModifier=0, keyCodes=[57, 57], actions=[1, 0]}
07-27 05:15:04.266  1370  1370 I HardKeyTracker: HardKeyTracker.unregisterKeySequence():183 Unregister key sequence lnk{labelResId=0, callback=gnd@fd34046, lastModifier=0, keyCodes=[58, 58], actions=[1, 0]}
07-27 05:15:04.267   576  1307 W PackageConfigPersister: App-specific configuration not found for packageName: com.mediology.sinsinapp and userId: 0
07-27 05:15:04.267  1370  1370 I GoogleInputMethodService: GoogleInputMethodService.onStartInputView():2098 onStartInputView(EditorInfo{EditorInfo{packageName=com.mediology.sinsinapp, inputType=81, inputTypeString=Password, enableLearning=false, autoCorrection=false, autoComplete=true, imeOptions=4000006, privateImeOptions=null, actionName=DONE, actionLabel=null, initialSelStart=8, initialSelEnd=8, initialCapsMode=0, label=null, fieldId=1918, fieldName=null, extras=Bundle[{android.support.text.emoji.emojiCompat_metadataVersion=9, androidx.core.view.inputmethod.EditorInfoCompat.STYLUS_HANDWRITING_ENABLED=false, android.support.text.emoji.emojiCompat_replaceAll=false}], hintText=non-empty, hintLocales=[]}}, false)
07-27 05:15:04.267  1370  1370 I GoogleInputMethodService: GoogleInputMethodService.updateDeviceLockedStatus():2248 repeatCheckTimes = 1, locked = false
07-27 05:15:04.298   576  1307 D OomAdjuster: Not killing cached processes
07-27 05:15:04.298  1370  1593 W ModuleManager: ModuleManager.loadModule():473 Module mgc is not available
07-27 05:15:04.302  1370  1370 I KeyboardHeightUtil: KeyboardHeightUtil.getOemKeyboardHeightRatio():206 systemKeyboardHeightRatio:1.000000.
07-27 05:15:04.303  1370  1370 I AndroidIME: AbstractIme.onActivate():89 PasswordIme.onActivate() : EditorInfo = EditorInfo{packageName=com.mediology.sinsinapp, inputType=81, inputTypeString=Password, enableLearning=false, autoCorrection=false, autoComplete=true, imeOptions=4000006, privateImeOptions=null, actionName=DONE, actionLabel=null, initialSelStart=8, initialSelEnd=8, initialCapsMode=0, label=null, fieldId=1918, fieldName=null, extras=Bundle[{android.support.text.emoji.emojiCompat_metadataVersion=9, androidx.core.view.inputmethod.EditorInfoCompat.STYLUS_HANDWRITING_ENABLED=false, android.support.text.emoji.emojiCompat_replaceAll=false}], hintText=non-empty, hintLocales=[]}, IncognitoMode = false, DeviceLocked = false
07-27 05:15:04.303  1370  1370 I KeyboardWrapper: KeyboardWrapper.activateKeyboard():575 activateKeyboard(): type=prime, status=0, imeDef=ktt{stringId=password, language=und-Latn-x-password, languageTag=und-Latn-x-password, processedConditions={variant=qwerty, enable_number_row=false, device=phone}, className=com.google.android.libraries.inputmethod.ime.password.PasswordIme, label=2132018743, keyEventInterpreter=null, inlineComposing=true, autoCapital=true, announceAutoSelectedCandidate=true, statusIcon=0, primeKeyboardType=SOFT, indicatorIcon=0, indicatorLabel=null, displayAppCompletions=false, extraValues=ktl{}, processors=kvl@99ac202, unacceptableMetaKeys=4098, languageSpecificSettings=0, asciiCapable=false, alwaysShowSuggestions=false, useAsciiPasswordKeyboard=false, secondaryIme=null, keyboardGroupDef=kut@d8d6713, phenotypeFlagId=0, localizationLanguageTag=null, supportsInlineSuggestion=false, supportsAccessPoints=false}
07-27 05:15:04.303  1370  1370 I KeyboardManager: KeyboardManager.requestKeyboard():234 Creating keyboard prime, imeId=password, cacheKey=theme_border_stylesheet_noshadow_gsans_pillkey_silkpopup_hover_light_phone_bottom4dp_navredesign
07-27 05:15:04.310  1370  1370 I KeyboardWrapper: KeyboardWrapper.onKeyboardReady():239 onKeyboardReady(): type=prime(prime), kb=com.google.android.apps.inputmethod.latin.keyboard.LatinPasswordKeyboard@87f730d
07-27 05:15:04.310  1370  1370 I KeyboardWrapper: KeyboardWrapper.doActivateKeyboard():606 doActivateKeyboard(): prime
07-27 05:15:04.398  1370  1370 I KeyboardViewHelper: KeyboardViewHelper.getView():168 Get view with height ratio:1.000000
07-27 05:15:04.428   422   539 D audioserver: logFgsApiEnd: FGS Logger Transaction failed, -129
07-27 05:15:04.439  3315  3315 I ImeTracker: com.mediology.sinsinapp:7ea1d61a: onRequestShow at ORIGIN_CLIENT reason SHOW_SOFT_INPUT fromUser false
07-27 05:15:04.439  3315  3315 D InputMethodManager: showSoftInput() view=com.facebook.react.views.textinput.ReactEditText{3928ca9 VFED..CL. .F...... 44,556-930,618 #77e aid=1073741839} flags=0 reason=SHOW_SOFT_INPUT
07-27 05:15:04.469  1370  1370 I KeyboardHeightUtil: KeyboardHeightUtil.calculateMaxKeyboardBodyHeight():45 leave 281 height for app when ime window height:2142, header height:116 and isFullscreenMode:false, so the max keyboard body height is:1745
07-27 05:15:04.472  1370  1370 W Keyboard: Keyboard.getKeyboardViewHelper():574 null helper is returned: keyboardDef=kuo{processedConditions={show_suggestions=true, enable_more_candidates_view_for_multilingual=false, enable_secondary_symbols=false, variant=qwerty, language=en-US, device=phone, expressions=normal, keyboard_mode=normal, show_secondary_digits=false, enable_preemptive_decode=true, rtl_layout=false}, globalConditions={global_theme_key=theme_border_stylesheet_noshadow_gsans_pillkey_silkpopup_hover_light_phone_bottom4dp_navredesign, global_locale=en_US, global_density_dpi=420, global_orientation=1}, className=.latin.keyboard.LatinPasswordKeyboard, resourceIds=[#0x7f170663, #0x7f1708e0, #0x7f17071f], initialStates=0, keyboardViewDefs=[kvb{direction=null, id=#0x7f0b014d, isScalable=true, layoutId=#0x7f0e039d, type=BODY, touchable=true, defaultShow=true}, kvb{direction=null, id=#0x7f0b014d, isScalable=false, layoutId=#0x7f0e01aa, type=FLOATING_CANDIDATES, touchable=false, defaultShow=false}, kvb{direction=LOCALE, id=#0x7f0b014d, isScalable=false, layoutId=#0x7f0e058f, type=HEADER, touchable=true, defaultShow=true}], persistentStates=0, persistentStatesPrefKey=null, popupBubbleLayoutId=#0x7f0e068d, recentKeyLayoutId=0, recentKeyPopupLayoutId=0, recentKeyType=null, rememberRecentKey=NONE, sessionStates=17592186044419}, type=WIDGET, helpersCreated=[kib@99bb1d7, kib@ac46ac4, kib@5c15dad, null], context.getResources().getConfiguration(): {1.0 310mcc260mnc [en_US] ldltr sw411dp w411dp h914dp 420dpi nrml long port finger qwerty/v/v dpad/v winConfig={ mBounds=Rect(0, 0 - 1080, 2400) mAppBounds=Rect(0, 0 - 1080, 2400) mMaxBounds=Rect(0, 0 - 1080, 2400) mDisplayRotation=ROTATION_0 mWindowingMode=fullscreen mActivityType=undefined mAlwaysOnTop=undefined mRotation=ROTATION_0} as.2 s.34 fontWeightAdjustment=0}
07-27 05:15:04.473  1370  1370 I KeyboardHeightUtil: KeyboardHeightUtil.calculateMaxKeyboardBodyHeight():45 leave 281 height for app when ime window height:2142, header height:116 and isFullscreenMode:false, so the max keyboard body height is:1745
07-27 05:15:04.473  1370  1370 I GoogleInputMethodService: GoogleInputMethodService.startInputIfInputViewStarted():3728 startInputIfInputViewStarted(): default prime
07-27 05:15:04.473  1370  1370 I KeyboardModeManager: KeyboardModeManager.setInputViewKeyboardViewHolderProvider():625 setInputView() : supportsOneHandedMode=true supportsSplitMode=true
07-27 05:15:04.473  1370  1370 I NormalModeController: NormalModeController.getKeyboardBodyViewHolderPaddingBottom():104 currentPrimeKeyboardType:SOFT systemPaddingBottom:-1
07-27 05:15:04.474  1370  1370 I KeyboardHeightUtil: KeyboardHeightUtil.calculateMaxKeyboardBodyHeight():45 leave 281 height for app when ime window height:2142, header height:116 and isFullscreenMode:false, so the max keyboard body height is:1745
07-27 05:15:04.474  1370  1370 I KeyboardHeightUtil: KeyboardHeightUtil.calculateMaxKeyboardBodyHeight():45 leave 281 height for app when ime window height:2142, header height:116 and isFullscreenMode:false, so the max keyboard body height is:1745
07-27 05:15:04.474  1370  1370 I KeyboardHeightUtil: KeyboardHeightUtil.calculateMaxKeyboardBodyHeight():45 leave 281 height for app when ime window height:2142, header height:116 and isFullscreenMode:false, so the max keyboard body height is:1745
07-27 05:15:04.474  1370  1370 I KeyboardHeightUtil: KeyboardHeightUtil.calculateMaxKeyboardBodyHeight():45 leave 281 height for app when ime window height:2142, header height:116 and isFullscreenMode:false, so the max keyboard body height is:1745
07-27 05:15:04.481  1370  1370 I NormalModeController: NormalModeController.getKeyboardBodyViewHolderPaddingBottom():104 currentPrimeKeyboardType:SOFT systemPaddingBottom:-1
07-27 05:15:04.482  1370  1370 I KeyboardHeightUtil: KeyboardHeightUtil.calculateMaxKeyboardBodyHeight():45 leave 281 height for app when ime window height:2142, header height:116 and isFullscreenMode:false, so the max keyboard body height is:1745
07-27 05:15:04.482  1370  1370 I KeyboardHeightUtil: KeyboardHeightUtil.calculateMaxKeyboardBodyHeight():45 leave 281 height for app when ime window height:2142, header height:116 and isFullscreenMode:false, so the max keyboard body height is:1745
07-27 05:15:04.482  1370  1370 I KeyboardModeManager: KeyboardModeManager.setInputViewKeyboardViewHolderProvider():613 setInputView() : supportsOneHandedMode=true, supportSplitMode=true
07-27 05:15:04.511  1370  1370 I CrowdsourceExtension: CrowdsourceExtension.checkIfDefaultBrowserIsAllowed():110 Failed to get default browser. The default browser may be deactived.
07-27 05:15:04.512  1370  1370 I AccessoryInputModeManager: AccessoryInputModeManager.onModeStarted():308 Accessory input mode started: null
07-27 05:15:04.512  1370  1370 W SupplementaryKeyboardsWrapper: SupplementaryKeyboardsWrapper.deactivateKeyboard():159 keyboard accessory_candidates_consumer is not activated before!
07-27 05:15:04.513  1370  1370 I NewLanguagePromptExtension: NewLanguagePromptExtension.onActivate():195 Not activated NewLanguagePromptExtension: not a normal text input box.
07-27 05:15:04.514  1370  1370 I HardKeyTracker: HardKeyTracker.unregisterKeySequence():183 Unregister key sequence lnk{labelResId=2132019804, callback=cfr@bcd1b54, lastModifier=2, keyCodes=[48], actions=[0]}
07-27 05:15:04.514  1370  1370 I HardKeyTracker: HardKeyTracker.registerKeySequence():139 Register key sequence lnk{labelResId=2132019804, callback=cfr@5e8f221, lastModifier=2, keyCodes=[48], actions=[0]}
07-27 05:15:04.514  1370  1370 I CurrentMicStatusHolder: CurrentMicStatusHolder.onStartInputView():81 Current Mic status = {MicIconHidden-PasswordOrNumberOrDateInputType,}
07-27 05:15:04.515  1370  1370 I StylusModule: StylusModule.onUpdateToolType():770 Update tool type = 0
07-27 05:15:04.519   576  1307 D AutofillInlineSuggestionsRequestSession: onInlineSuggestionsSessionInvalidated() called.
07-27 05:15:04.528  3315  3315 W WindowOnBackDispatcher: sendCancelIfRunning: isInProgress=false callback=android.view.ViewRootImpl$$ExternalSyntheticLambda11@466d457
07-27 05:15:04.529   576  1307 D CoreBackPreview: Window{7825111 u0 PopupWindow:f65bd98}: Setting back callback null
07-27 05:15:04.536   576  1307 W InputManager-JNI: Input channel object '7825111 PopupWindow:f65bd98 (client)' was disposed without first being removed with the input manager!
07-27 05:15:04.541   576  2023 W PresentationStatsEventLogger: Bad view state for: -1
07-27 05:15:04.566  3315  3315 D InsetsController: show(ime(), fromIme=true)
07-27 05:15:04.566  3315  3315 I ImeTracker: com.mediology.sinsinapp:61d3139d: onCancelled at PHASE_CLIENT_APPLY_ANIMATION
07-27 05:15:04.611   576  1968 D AutofillInlineSuggestionsRequestSession: onInlineSuggestionsRequest() received: InlineSuggestionsRequest { maxSuggestionCount = 9, inlinePresentationSpecs = [InlinePresentationSpec { minSize = 89x116, maxSize = 630x116, style = Bundle[mParcelledData.dataSize=2844] }, InlinePresentationSpec { minSize = 89x116, maxSize = 630x116, style = Bundle[mParcelledData.dataSize=2844] }, InlinePresentationSpec { minSize = 89x116, maxSize = 630x116, style = Bundle[mParcelledData.dataSize=2844] }, InlinePresentationSpec { minSize = 89x116, maxSize = 630x116, style = Bundle[mParcelledData.dataSize=2844] }, InlinePresentationSpec { minSize = 89x116, maxSize = 630x116, style = Bundle[mParcelledData.dataSize=2844] }, InlinePresentationSpec { minSize = 89x116, maxSize = 630x116, style = Bundle[mParcelledData.dataSize=2844] }, InlinePresentationSpec { minSize = 89x116, maxSize = 630x116, style = Bundle[mParcelledData.dataSize=2844] }, InlinePresentationSpec { minSize = 89x116, maxSize = 630x116, style = Bundle[mParcelledData.dataSize=2844] }, InlinePresentationSpec { minSize = 89x116, maxSize = 630x116, style = Bundle[mParcelledData.dataSize=2844] }], hostPackageName = com.google.android.inputmethod.latin, supportedLocales = [en_US], extras = Bundle[EMPTY_PARCEL], hostInputToken = android.os.BinderProxy@85c407a, hostDisplayId = 0, inlineTooltipPresentationSpec = null }
07-27 05:15:04.617   576   686 W InputDispatcher: Excessive delay in interceptKeyBeforeDispatching; took 55 ms
07-27 05:15:04.624  3315  3315 D InsetsController: show(ime(), fromIme=true)
07-27 05:15:04.625  3315  3315 I ImeTracker: com.mediology.sinsinapp:b9d896dd: onCancelled at PHASE_CLIENT_APPLY_ANIMATION
07-27 05:15:04.650  1370  1370 I KeyboardHeightUtil: KeyboardHeightUtil.calculateMaxKeyboardBodyHeight():45 leave 281 height for app when ime window height:2142, header height:116 and isFullscreenMode:false, so the max keyboard body height is:1745
07-27 05:15:04.650  1370  1370 I WindowMetricsNotification: WindowMetricsNotification.notifyWithWindow():113 
07-27 05:15:04.651  1370  1370 I WindowMetricsNotification: WindowMetricsNotification.notify():106 WindowMetricsNotification{bounds=Rect(0, 132 - 1080, 2400), insets=Rect(0, 0 - 0, 126), densityDpi=420, smallestScreenWidthDp=411, displayWidth=1080, displayHeight=2400, xdpi=420.0, ydpi=420.0}; DisplayMetrics{density=2.625, width=1080, height=2400, scaledDensity=2.625, xdpi=420.0, ydpi=420.0}
07-27 05:15:04.676  1370  1370 I WindowMetricsNotification: WindowMetricsNotification.notifyWithWindow():113 
07-27 05:15:04.676  1370  1370 I WindowMetricsNotification: WindowMetricsNotification.notify():106 WindowMetricsNotification{bounds=Rect(0, 132 - 1080, 2400), insets=Rect(0, 0 - 0, 126), densityDpi=420, smallestScreenWidthDp=411, displayWidth=1080, displayHeight=2400, xdpi=420.0, ydpi=420.0}; DisplayMetrics{density=2.625, width=1080, height=2400, scaledDensity=2.625, xdpi=420.0, ydpi=420.0}
07-27 05:15:04.677  1370  1370 I GoogleInputMethodService: GoogleInputMethodService$1.onKeyboardViewShown():494 onKeyboardViewShown: keyboardType=prime, keyboardViewType=HEADER keyboardView=com.google.android.libraries.inputmethod.widgets.SoftKeyboardView{1b9cf4b V.E...... ........ 0,0-1080,116}
07-27 05:15:04.678  1370  1370 I GoogleInputMethodService: GoogleInputMethodService$1.onKeyboardViewShown():494 onKeyboardViewShown: keyboardType=prime, keyboardViewType=BODY keyboardView=com.google.android.libraries.inputmethod.widgets.SoftKeyboardView{281a59c V.E...... ........ 0,0-1080,641}
07-27 05:15:04.678  1370  1370 I NewLanguagePromptExtension: NewLanguagePromptExtension$1.onKeyboardViewShown():94 Not show new language banner: not prime keyboard, or the extension not activated.
07-27 05:15:04.697  1370  1370 I WindowMetricsNotification: WindowMetricsNotification.notifyWithWindow():113 
07-27 05:15:04.697  1370  1370 I WindowMetricsNotification: WindowMetricsNotification.notify():106 WindowMetricsNotification{bounds=Rect(0, 132 - 1080, 2400), insets=Rect(0, 0 - 0, 126), densityDpi=420, smallestScreenWidthDp=411, displayWidth=1080, displayHeight=2400, xdpi=420.0, ydpi=420.0}; DisplayMetrics{density=2.625, width=1080, height=2400, scaledDensity=2.625, xdpi=420.0, ydpi=420.0}
07-27 05:15:04.697  1370  1370 I WindowMetricsNotification: WindowMetricsNotification.notifyWithWindow():113 
07-27 05:15:04.697  1370  1370 I WindowMetricsNotification: WindowMetricsNotification.notify():106 WindowMetricsNotification{bounds=Rect(0, 132 - 1080, 2400), insets=Rect(0, 0 - 0, 126), densityDpi=420, smallestScreenWidthDp=411, displayWidth=1080, displayHeight=2400, xdpi=420.0, ydpi=420.0}; DisplayMetrics{density=2.625, width=1080, height=2400, scaledDensity=2.625, xdpi=420.0, ydpi=420.0}
07-27 05:15:04.714  3315  3315 D InsetsController: show(ime(), fromIme=true)
07-27 05:15:04.715  3315  3315 I ImeTracker: com.mediology.sinsinapp:7ea1d61a: onCancelled at PHASE_CLIENT_APPLY_ANIMATION
07-27 05:15:04.717  1370  1370 I KeyboardHeightUtil: KeyboardHeightUtil.calculateMaxKeyboardBodyHeight():45 leave 281 height for app when ime window height:2142, header height:116 and isFullscreenMode:false, so the max keyboard body height is:1745
07-27 05:15:04.720  1370  1787 D EGL_emulation: app_time_stats: avg=2598.23ms min=95.36ms max=14932.63ms count=6
07-27 05:15:04.788  1370  1370 I StylusModule: StylusModule.onUpdateToolType():770 Update tool type = 0
07-27 05:15:04.796   576   938 W PresentationStatsEventLogger: Bad view state for: -1
07-27 05:15:04.829  1044  1044 I GmsCoreXrpcWrapper: Returning a channel provider with trafficStatsTag=18692 trafficStatsUid=-1
07-27 05:15:04.891  1370  1370 I StylusModule: StylusModule.onUpdateToolType():770 Update tool type = 0
07-27 05:15:04.893   576   593 W PresentationStatsEventLogger: Bad view state for: -1
07-27 05:15:04.910  3315  3346 D EGL_emulation: app_time_stats: avg=144.68ms min=7.75ms max=367.87ms count=7
07-27 05:15:04.997  1370  1370 I StylusModule: StylusModule.onUpdateToolType():770 Update tool type = 0
07-27 05:15:05.002   576   938 W PresentationStatsEventLogger: Bad view state for: -1
07-27 05:15:05.061  1571  1571 D BoundBrokerSvc: onBind: Intent { act=com.google.android.mdd.service.START dat=chimera-action:/... cmp=com.google.android.gms/.chimera.GmsBoundBrokerService }
07-27 05:15:05.061  1571  1571 D BoundBrokerSvc: Loading bound service for intent: Intent { act=com.google.android.mdd.service.START dat=chimera-action:/... cmp=com.google.android.gms/.chimera.GmsBoundBrokerService }
07-27 05:15:05.099  1370  1370 I StylusModule: StylusModule.onUpdateToolType():770 Update tool type = 0
07-27 05:15:05.101   576   593 W PresentationStatsEventLogger: Bad view state for: -1
07-27 05:15:05.174  1044  1044 W Glide   : Failed to find GeneratedAppGlideModule. You should include an annotationProcessor compile dependency on com.github.bumptech.glide:compiler in your application and a @GlideModule annotated AppGlideModule implementation or LibraryGlideModules will be silently ignored
07-27 05:15:05.209   576   593 D ConnectivityService: requestNetwork for uid/pid:10144/1044 activeRequest: null callbackRequest: 125 [NetworkRequest [ REQUEST id=126, [ Capabilities: INTERNET&NOT_RESTRICTED&TRUSTED&NOT_VCN_MANAGED&NOT_BANDWIDTH_CONSTRAINED Uid: 10144 RequestorUid: 10144 RequestorPkg: com.google.android.gms UnderlyingNetworks: Null] ]] callback flags: 0 order: 2147483647 isUidTracked: false
07-27 05:15:05.212  1370  1370 I StylusModule: StylusModule.onUpdateToolType():770 Update tool type = 0
07-27 05:15:05.214   576   593 W PresentationStatsEventLogger: Bad view state for: -1
07-27 05:15:05.216   576   730 D ConnectivityService: NetReassign [126 : null → 100] [c 0] [a 2] [i 4]
07-27 05:15:05.217   576   723 D WifiNetworkFactory: got request NetworkRequest [ REQUEST id=126, [ Capabilities: INTERNET&NOT_RESTRICTED&TRUSTED&NOT_VCN_MANAGED&NOT_BANDWIDTH_CONSTRAINED Uid: 10144 RequestorUid: 10144 RequestorPkg: com.google.android.gms UnderlyingNetworks: Null] ]
07-27 05:15:05.217   576   723 D UntrustedWifiNetworkFactory: got request NetworkRequest [ REQUEST id=126, [ Capabilities: INTERNET&NOT_RESTRICTED&TRUSTED&NOT_VCN_MANAGED&NOT_BANDWIDTH_CONSTRAINED Uid: 10144 RequestorUid: 10144 RequestorPkg: com.google.android.gms UnderlyingNetworks: Null] ]
07-27 05:15:05.221   576   723 D OemPaidWifiNetworkFactory: got request NetworkRequest [ REQUEST id=126, [ Capabilities: INTERNET&NOT_RESTRICTED&TRUSTED&NOT_VCN_MANAGED&NOT_BANDWIDTH_CONSTRAINED Uid: 10144 RequestorUid: 10144 RequestorPkg: com.google.android.gms UnderlyingNetworks: Null] ]
07-27 05:15:05.221   576   723 D MultiInternetWifiNetworkFactory: got request NetworkRequest [ REQUEST id=126, [ Capabilities: INTERNET&NOT_RESTRICTED&TRUSTED&NOT_VCN_MANAGED&NOT_BANDWIDTH_CONSTRAINED Uid: 10144 RequestorUid: 10144 RequestorPkg: com.google.android.gms UnderlyingNetworks: Null] ]
07-27 05:15:05.222  1571  1571 D BoundBrokerSvc: onBind: Intent { act=com.google.android.gms.chromesync.service.zeroparty.START dat=chimera-action:/... cmp=com.google.android.gms/.chimera.GmsApiService }
07-27 05:15:05.222  1571  1571 D BoundBrokerSvc: Loading bound service for intent: Intent { act=com.google.android.gms.chromesync.service.zeroparty.START dat=chimera-action:/... cmp=com.google.android.gms/.chimera.GmsApiService }
07-27 05:15:05.233  1571  1571 D BoundBrokerSvc: onBind: Intent { act=com.google.android.gms.wallet.service.BIND pkg=com.google.android.gms }
07-27 05:15:05.233  1571  1571 D BoundBrokerSvc: Loading bound service for intent: Intent { act=com.google.android.gms.wallet.service.BIND pkg=com.google.android.gms }
07-27 05:15:05.244   576   938 I AssistStructure: Flattened final assist data: 2520 bytes, containing 2 windows, 18 views
07-27 05:15:05.261  1370  1370 W NotificationCenter: NotificationCenter$ListenerData.notifyOnExecutor():672 Heavy notify work detected on UI thread: |kbq->gme| takes 26ms
07-27 05:15:05.280  1044  3060 W adrj    : Infinite Data has no result for com.mediology.sinsinapp [CONTEXT service_id=177 ]
07-27 05:15:05.285  1044  3060 W adrj    : Infinite Data has no result for com.mediology.sinsinapp [CONTEXT service_id=177 ]
07-27 05:15:05.312  1370  1370 I StylusModule: StylusModule.onUpdateToolType():770 Update tool type = 0
07-27 05:15:05.317  1044  3894 E GmsCoreLogger: Missing account for FACET_USAGE_GAIA_UNSAMPLED [CONTEXT service_id=299 ]
07-27 05:15:05.354   576  2023 W PresentationStatsEventLogger: Bad view state for: -1
07-27 05:15:05.436  1044  1044 D BoundBrokerSvc: onBind: Intent { act=com.google.android.gms.auth.aang.events.services.START dat=chimera-action:/... cmp=com.google.android.gms/.chimera.PersistentApiService }
07-27 05:15:05.436  1044  1044 D BoundBrokerSvc: Loading bound service for intent: Intent { act=com.google.android.gms.auth.aang.events.services.START dat=chimera-action:/... cmp=com.google.android.gms/.chimera.PersistentApiService }
07-27 05:15:05.513  1571  1716 I SyncManager: Executing sync(type=400, waitForInit) [CONTEXT service_id=80 ]
07-27 05:15:05.519  1370  1370 I StylusModule: StylusModule.onUpdateToolType():770 Update tool type = 0
07-27 05:15:05.519  1571  1716 I SyncManager: Executing sync(type=400) finished in 4ms [CONTEXT service_id=80 ]
07-27 05:15:05.525   576  2023 W PresentationStatsEventLogger: Bad view state for: -1
07-27 05:15:05.534  1571  1571 D BoundBrokerSvc: onBind: Intent { act=com.google.android.gms.auth.key.retrieval.service.START dat=chimera-action:/... cmp=com.google.android.gms/.chimera.GmsApiService }
07-27 05:15:05.534  1571  1571 D BoundBrokerSvc: Loading bound service for intent: Intent { act=com.google.android.gms.auth.key.retrieval.service.START dat=chimera-action:/... cmp=com.google.android.gms/.chimera.GmsApiService }
07-27 05:15:05.546  1571  3180 I RecoverableKeyStoreGms: [GetKeyMaterialOperation] GetKeyMaterialOperation: 190ed9c9-5c26-43d0-8054-5c1df5021c56
07-27 05:15:05.633  1370  1370 I StylusModule: StylusModule.onUpdateToolType():770 Update tool type = 0
07-27 05:15:05.651  1370  1370 I GoogleInputMethodService: GoogleInputMethodService.onStartInput():1986 onStartInput(EditorInfo{EditorInfo{packageName=com.mediology.sinsinapp, inputType=81, inputTypeString=Password, enableLearning=false, autoCorrection=false, autoComplete=true, imeOptions=4000006, privateImeOptions=null, actionName=DONE, actionLabel=null, initialSelStart=0, initialSelEnd=0, initialCapsMode=3000, label=null, fieldId=1918, fieldName=null, extras=Bundle[mParcelledData.dataSize=404], hintText=non-empty, hintLocales=[]}}, true)
07-27 05:15:05.653  1370  1370 I GoogleInputMethodService: GoogleInputMethodService.updateDeviceLockedStatus():2248 repeatCheckTimes = 1, locked = false
07-27 05:15:05.653  1370  1370 W SessionManager: SessionManager.beginSession():53 Try to begin an already begun session [INPUT_SESSION], end it first
07-27 05:15:05.654  1370  1370 W SessionManager: SessionManager.endSession():96 Child session [INPUT_VIEW_SESSION] is not ended while ending session [{INPUT_VIEW_SESSION=1785096904267, IME_SESSION=1785096904303, INPUT_SESSION=1785096904266}], ending it now.
07-27 05:15:05.662  1370  1370 W SessionManager: SessionManager.endSession():96 Child session [IME_SESSION] is not ended while ending session [{INPUT_VIEW_SESSION=1785096904267, IME_SESSION=1785096904303, INPUT_SESSION=1785096904266}], ending it now.
07-27 05:15:05.673  1370  1370 I AndroidIME: InputBundleManager.loadActiveInputBundleId():450 loadActiveInputBundleId: und-Latn-x-password, password
07-27 05:15:05.673   576  2023 W PackageConfigPersister: App-specific configuration not found for packageName: com.mediology.sinsinapp and userId: 0
07-27 05:15:05.704  1370  1370 W NotificationCenter: NotificationCenter$ListenerData.notifyOnExecutor():672 Heavy notify work detected on UI thread: |kga->jjc| takes 31ms
07-27 05:15:05.705  1370  1370 I GoogleInputMethodService: GoogleInputMethodService.onStartInputView():2098 onStartInputView(EditorInfo{EditorInfo{packageName=com.mediology.sinsinapp, inputType=81, inputTypeString=Password, enableLearning=false, autoCorrection=false, autoComplete=true, imeOptions=4000006, privateImeOptions=null, actionName=DONE, actionLabel=null, initialSelStart=0, initialSelEnd=0, initialCapsMode=3000, label=null, fieldId=1918, fieldName=null, extras=Bundle[{android.support.text.emoji.emojiCompat_metadataVersion=9, androidx.core.view.inputmethod.EditorInfoCompat.STYLUS_HANDWRITING_ENABLED=false, android.support.text.emoji.emojiCompat_replaceAll=false}], hintText=non-empty, hintLocales=[]}}, true)
07-27 05:15:05.708  1370  1370 I AndroidIME: AbstractIme.onDeactivate():202 PasswordIme.onDeactivate()
07-27 05:15:05.708  1370  1370 W SessionManager: SessionManager.endSession():88 Try to end a not begun session [IME_SESSION].
07-27 05:15:05.709  1370  1370 I GoogleInputMethodService: GoogleInputMethodService.updateDeviceLockedStatus():2248 repeatCheckTimes = 1, locked = false
07-27 05:15:05.711  1370  1370 I KeyboardHeightUtil: KeyboardHeightUtil.getOemKeyboardHeightRatio():206 systemKeyboardHeightRatio:1.000000.
07-27 05:15:05.713  1370  1370 I AndroidIME: AbstractIme.onActivate():89 PasswordIme.onActivate() : EditorInfo = EditorInfo{packageName=com.mediology.sinsinapp, inputType=81, inputTypeString=Password, enableLearning=false, autoCorrection=false, autoComplete=true, imeOptions=4000006, privateImeOptions=null, actionName=DONE, actionLabel=null, initialSelStart=0, initialSelEnd=0, initialCapsMode=3000, label=null, fieldId=1918, fieldName=null, extras=Bundle[{android.support.text.emoji.emojiCompat_metadataVersion=9, androidx.core.view.inputmethod.EditorInfoCompat.STYLUS_HANDWRITING_ENABLED=false, android.support.text.emoji.emojiCompat_replaceAll=false}], hintText=non-empty, hintLocales=[]}, IncognitoMode = false, DeviceLocked = false
07-27 05:15:05.713  1370  1370 I KeyboardWrapper: KeyboardWrapper.activateKeyboard():575 activateKeyboard(): type=prime, status=0, imeDef=ktt{stringId=password, language=und-Latn-x-password, languageTag=und-Latn-x-password, processedConditions={variant=qwerty, enable_number_row=false, device=phone}, className=com.google.android.libraries.inputmethod.ime.password.PasswordIme, label=2132018743, keyEventInterpreter=null, inlineComposing=true, autoCapital=true, announceAutoSelectedCandidate=true, statusIcon=0, primeKeyboardType=SOFT, indicatorIcon=0, indicatorLabel=null, displayAppCompletions=false, extraValues=ktl{}, processors=kvl@99ac202, unacceptableMetaKeys=4098, languageSpecificSettings=0, asciiCapable=false, alwaysShowSuggestions=false, useAsciiPasswordKeyboard=false, secondaryIme=null, keyboardGroupDef=kut@d8d6713, phenotypeFlagId=0, localizationLanguageTag=null, supportsInlineSuggestion=false, supportsAccessPoints=false}
07-27 05:15:05.714  1370  1370 I KeyboardManager: KeyboardManager.requestKeyboard():234 Creating keyboard prime, imeId=password, cacheKey=theme_border_stylesheet_noshadow_gsans_pillkey_silkpopup_hover_light_phone_bottom4dp_navredesign
07-27 05:15:05.715  1370  1370 I KeyboardWrapper: KeyboardWrapper.onKeyboardReady():239 onKeyboardReady(): type=prime(prime), kb=com.google.android.apps.inputmethod.latin.keyboard.LatinPasswordKeyboard@87f730d
07-27 05:15:05.715  1370  1370 I KeyboardWrapper: KeyboardWrapper.doActivateKeyboard():606 doActivateKeyboard(): prime
07-27 05:15:05.717  1370  1370 I KeyboardHeightUtil: KeyboardHeightUtil.calculateMaxKeyboardBodyHeight():45 leave 281 height for app when ime window height:2142, header height:116 and isFullscreenMode:false, so the max keyboard body height is:1745
07-27 05:15:05.718  1370  1370 W Keyboard: Keyboard.getKeyboardViewHelper():574 null helper is returned: keyboardDef=kuo{processedConditions={show_suggestions=true, enable_more_candidates_view_for_multilingual=false, enable_secondary_symbols=false, variant=qwerty, language=en-US, device=phone, expressions=normal, keyboard_mode=normal, show_secondary_digits=false, enable_preemptive_decode=true, rtl_layout=false}, globalConditions={global_theme_key=theme_border_stylesheet_noshadow_gsans_pillkey_silkpopup_hover_light_phone_bottom4dp_navredesign, global_locale=en_US, global_density_dpi=420, global_orientation=1}, className=.latin.keyboard.LatinPasswordKeyboard, resourceIds=[#0x7f170663, #0x7f1708e0, #0x7f17071f], initialStates=0, keyboardViewDefs=[kvb{direction=null, id=#0x7f0b014d, isScalable=true, layoutId=#0x7f0e039d, type=BODY, touchable=true, defaultShow=true}, kvb{direction=null, id=#0x7f0b014d, isScalable=false, layoutId=#0x7f0e01aa, type=FLOATING_CANDIDATES, touchable=false, defaultShow=false}, kvb{direction=LOCALE, id=#0x7f0b014d, isScalable=false, layoutId=#0x7f0e058f, type=HEADER, touchable=true, defaultShow=true}], persistentStates=0, persistentStatesPrefKey=null, popupBubbleLayoutId=#0x7f0e068d, recentKeyLayoutId=0, recentKeyPopupLayoutId=0, recentKeyType=null, rememberRecentKey=NONE, sessionStates=17592186044419}, type=WIDGET, helpersCreated=[kib@99bb1d7, kib@ac46ac4, kib@5c15dad, null], context.getResources().getConfiguration(): {1.0 310mcc260mnc [en_US] ldltr sw411dp w411dp h914dp 420dpi nrml long port finger qwerty/v/v dpad/v winConfig={ mBounds=Rect(0, 0 - 1080, 2400) mAppBounds=Rect(0, 0 - 1080, 2400) mMaxBounds=Rect(0, 0 - 1080, 2400) mDisplayRotation=ROTATION_0 mWindowingMode=fullscreen mActivityType=undefined mAlwaysOnTop=undefined mRotation=ROTATION_0} as.2 s.34 fontWeightAdjustment=0}
07-27 05:15:05.719  1370  1370 I KeyboardHeightUtil: KeyboardHeightUtil.calculateMaxKeyboardBodyHeight():45 leave 281 height for app when ime window height:2142, header height:116 and isFullscreenMode:false, so the max keyboard body height is:1745
07-27 05:15:05.719  1370  1370 I GoogleInputMethodService: GoogleInputMethodService.startInputIfInputViewStarted():3728 startInputIfInputViewStarted(): default prime
07-27 05:15:05.719  1370  1370 I KeyboardModeManager: KeyboardModeManager.setInputViewKeyboardViewHolderProvider():625 setInputView() : supportsOneHandedMode=true supportsSplitMode=true
07-27 05:15:05.720  1370  1370 I NormalModeController: NormalModeController.getKeyboardBodyViewHolderPaddingBottom():104 currentPrimeKeyboardType:SOFT systemPaddingBottom:-1
07-27 05:15:05.720  1370  1370 I KeyboardHeightUtil: KeyboardHeightUtil.calculateMaxKeyboardBodyHeight():45 leave 281 height for app when ime window height:2142, header height:116 and isFullscreenMode:false, so the max keyboard body height is:1745
07-27 05:15:05.720  1370  1370 I KeyboardHeightUtil: KeyboardHeightUtil.calculateMaxKeyboardBodyHeight():45 leave 281 height for app when ime window height:2142, header height:116 and isFullscreenMode:false, so the max keyboard body height is:1745
07-27 05:15:05.720  1370  1370 I KeyboardHeightUtil: KeyboardHeightUtil.calculateMaxKeyboardBodyHeight():45 leave 281 height for app when ime window height:2142, header height:116 and isFullscreenMode:false, so the max keyboard body height is:1745
07-27 05:15:05.720  1370  1370 I KeyboardHeightUtil: KeyboardHeightUtil.calculateMaxKeyboardBodyHeight():45 leave 281 height for app when ime window height:2142, header height:116 and isFullscreenMode:false, so the max keyboard body height is:1745
07-27 05:15:05.720  1370  1370 I NormalModeController: NormalModeController.getKeyboardBodyViewHolderPaddingBottom():104 currentPrimeKeyboardType:SOFT systemPaddingBottom:-1
07-27 05:15:05.721  1370  1370 I KeyboardHeightUtil: KeyboardHeightUtil.calculateMaxKeyboardBodyHeight():45 leave 281 height for app when ime window height:2142, header height:116 and isFullscreenMode:false, so the max keyboard body height is:1745
07-27 05:15:05.721  1370  1370 I KeyboardHeightUtil: KeyboardHeightUtil.calculateMaxKeyboardBodyHeight():45 leave 281 height for app when ime window height:2142, header height:116 and isFullscreenMode:false, so the max keyboard body height is:1745
07-27 05:15:05.721  1370  1370 I KeyboardModeManager: KeyboardModeManager.setInputViewKeyboardViewHolderProvider():613 setInputView() : supportsOneHandedMode=true, supportSplitMode=true
07-27 05:15:05.729  1370  1370 I CrowdsourceExtension: CrowdsourceExtension.checkIfDefaultBrowserIsAllowed():110 Failed to get default browser. The default browser may be deactived.
07-27 05:15:05.730  1370  1370 I AccessoryInputModeManager: AccessoryInputModeManager.onModeStarted():308 Accessory input mode started: null
07-27 05:15:05.730  1370  1370 W SupplementaryKeyboardsWrapper: SupplementaryKeyboardsWrapper.deactivateKeyboard():159 keyboard accessory_candidates_consumer is not activated before!
07-27 05:15:05.731  1370  1370 I NewLanguagePromptExtension: NewLanguagePromptExtension.onActivate():195 Not activated NewLanguagePromptExtension: not a normal text input box.
07-27 05:15:05.732  1370  1370 I CurrentMicStatusHolder: CurrentMicStatusHolder.onStartInputView():81 Current Mic status = {MicIconHidden-PasswordOrNumberOrDateInputType,}
07-27 05:15:05.734   576   576 D AutofillInlineSuggestionsRequestSession: onInlineSuggestionsResponseLocked called for:1073741839@49251334
07-27 05:15:05.734   576   576 D AutofillInlineSuggestionsRequestSession: maybeNotifyFillUiEventLoked(): hasSuggestionToShow=false, mPreviousHasNonPinSuggestionShow=false
07-27 05:15:05.734  1370  1370 I StylusModule: StylusModule.onUpdateToolType():770 Update tool type = 0
07-27 05:15:05.734   576   576 D AutofillInlineSuggestionsRequestSession: Send inline response: 0
07-27 05:15:05.736  1370  1370 I KeyboardHeightUtil: KeyboardHeightUtil.calculateMaxKeyboardBodyHeight():45 leave 281 height for app when ime window height:2142, header height:116 and isFullscreenMode:false, so the max keyboard body height is:1745
07-27 05:15:05.736  1370  1370 I WindowMetricsNotification: WindowMetricsNotification.notifyWithWindow():113 
07-27 05:15:05.736  1370  1370 I WindowMetricsNotification: WindowMetricsNotification.notify():106 WindowMetricsNotification{bounds=Rect(0, 132 - 1080, 2400), insets=Rect(0, 0 - 0, 126), densityDpi=420, smallestScreenWidthDp=411, displayWidth=1080, displayHeight=2400, xdpi=420.0, ydpi=420.0}; DisplayMetrics{density=2.625, width=1080, height=2400, scaledDensity=2.625, xdpi=420.0, ydpi=420.0}
07-27 05:15:05.739  1370  1370 I GoogleInputMethodService: GoogleInputMethodService$1.onKeyboardViewShown():494 onKeyboardViewShown: keyboardType=prime, keyboardViewType=HEADER keyboardView=com.google.android.libraries.inputmethod.widgets.SoftKeyboardView{1b9cf4b V.E...... ........ 0,0-1080,116}
07-27 05:15:05.739  1370  1370 I GoogleInputMethodService: GoogleInputMethodService$1.onKeyboardViewShown():494 onKeyboardViewShown: keyboardType=prime, keyboardViewType=BODY keyboardView=com.google.android.libraries.inputmethod.widgets.SoftKeyboardView{281a59c V.E...... ........ 0,0-1080,641}
07-27 05:15:05.739  1370  1370 I NewLanguagePromptExtension: NewLanguagePromptExtension$1.onKeyboardViewShown():94 Not show new language banner: not prime keyboard, or the extension not activated.
07-27 05:15:05.739  1370  1370 I WindowMetricsNotification: WindowMetricsNotification.notifyWithWindow():113 
07-27 05:15:05.739  1370  1370 I WindowMetricsNotification: WindowMetricsNotification.notify():106 WindowMetricsNotification{bounds=Rect(0, 132 - 1080, 2400), insets=Rect(0, 0 - 0, 126), densityDpi=420, smallestScreenWidthDp=411, displayWidth=1080, displayHeight=2400, xdpi=420.0, ydpi=420.0}; DisplayMetrics{density=2.625, width=1080, height=2400, scaledDensity=2.625, xdpi=420.0, ydpi=420.0}
07-27 05:15:05.739  1370  1370 I WindowMetricsNotification: WindowMetricsNotification.notifyWithWindow():113 
07-27 05:15:05.739  1370  1370 I WindowMetricsNotification: WindowMetricsNotification.notify():106 WindowMetricsNotification{bounds=Rect(0, 132 - 1080, 2400), insets=Rect(0, 0 - 0, 126), densityDpi=420, smallestScreenWidthDp=411, displayWidth=1080, displayHeight=2400, xdpi=420.0, ydpi=420.0}; DisplayMetrics{density=2.625, width=1080, height=2400, scaledDensity=2.625, xdpi=420.0, ydpi=420.0}
07-27 05:15:05.739  1370  1370 I WindowMetricsNotification: WindowMetricsNotification.notifyWithWindow():113 
07-27 05:15:05.739  1370  1370 I WindowMetricsNotification: WindowMetricsNotification.notify():106 WindowMetricsNotification{bounds=Rect(0, 132 - 1080, 2400), insets=Rect(0, 0 - 0, 126), densityDpi=420, smallestScreenWidthDp=411, displayWidth=1080, displayHeight=2400, xdpi=420.0, ydpi=420.0}; DisplayMetrics{density=2.625, width=1080, height=2400, scaledDensity=2.625, xdpi=420.0, ydpi=420.0}
07-27 05:15:05.741  1370  1787 D EGL_emulation: app_time_stats: avg=492.40ms min=41.99ms max=942.80ms count=2
07-27 05:15:05.819  1370  1370 I StylusModule: StylusModule.onUpdateToolType():770 Update tool type = 0
07-27 05:15:05.854  1370  1370 I StylusModule: StylusModule.onUpdateToolType():770 Update tool type = 0
07-27 05:15:05.919  1370  1370 I StylusModule: StylusModule.onUpdateToolType():770 Update tool type = 0
07-27 05:15:05.925   576   938 W PresentationStatsEventLogger: Bad view state for: -1
07-27 05:15:05.940  3315  3346 D EGL_emulation: app_time_stats: avg=84.03ms min=43.48ms max=279.64ms count=12
07-27 05:15:06.011  1370  1370 I StylusModule: StylusModule.onUpdateToolType():770 Update tool type = 0
07-27 05:15:06.014   576   938 W PresentationStatsEventLogger: Bad view state for: -1
07-27 05:15:06.104  1370  1370 I StylusModule: StylusModule.onUpdateToolType():770 Update tool type = 0
07-27 05:15:06.140   576   938 W PresentationStatsEventLogger: Bad view state for: -1
07-27 05:15:06.170  1370  1370 I StylusModule: StylusModule.onUpdateToolType():770 Update tool type = 0
07-27 05:15:06.204   576   938 W PresentationStatsEventLogger: Bad view state for: -1
07-27 05:15:06.221  1370  1370 I StylusModule: StylusModule.onUpdateToolType():770 Update tool type = 0
07-27 05:15:06.227   576   593 W PresentationStatsEventLogger: Bad view state for: -1
07-27 05:15:06.271  1370  1370 I StylusModule: StylusModule.onUpdateToolType():770 Update tool type = 0
07-27 05:15:06.283   576   938 W PresentationStatsEventLogger: Bad view state for: -1
07-27 05:15:06.316  1370  1370 I StylusModule: StylusModule.onUpdateToolType():770 Update tool type = 0
07-27 05:15:06.319   576   938 W PresentationStatsEventLogger: Bad view state for: -1
07-27 05:15:06.368  1370  1370 I StylusModule: StylusModule.onUpdateToolType():770 Update tool type = 0
07-27 05:15:06.377   576   938 W PresentationStatsEventLogger: Bad view state for: -1
07-27 05:15:06.940  3315  3346 D EGL_emulation: app_time_stats: avg=70.94ms min=10.18ms max=451.87ms count=12
07-27 05:15:07.053  3936  3936 D AndroidRuntime: >>>>>> START com.android.internal.os.RuntimeInit uid 2000 <<<<<<
07-27 05:15:07.057  3936  3936 I AndroidRuntime: Using default boot image
07-27 05:15:07.057  3936  3936 I AndroidRuntime: Leaving lock profiling enabled
07-27 05:15:07.058  3936  3936 I app_process: Core platform API reporting enabled, enforcing=false
07-27 05:15:07.059  3936  3936 I app_process: Using CollectorTypeCMC GC.
07-27 05:15:07.117  3936  3936 D nativeloader: InitDefaultPublicLibraries for_preload=1: libandroid.so:libaaudio.so:libamidi.so:libbinder_ndk.so:libc.so:libcamera2ndk.so:libdl.so:libEGL.so:libGLESv1_CM.so:libGLESv2.so:libGLESv3.so:libicu.so:libicui18n.so:libicuuc.so:libjnigraphics.so:liblog.so:libmediandk.so:libm.so:libnativehelper.so:libnativewindow.so:libOpenMAXAL.so:libOpenSLES.so:libRS.so:libstdc++.so:libsync.so:libvulkan.so:libwebviewchromium_plat_support.so:libz.so
07-27 05:15:07.126  3936  3936 D nativeloader: Load libicu_jni.so using APEX ns com_android_art for caller /apex/com.android.art/javalib/core-oj.jar: ok
07-27 05:15:07.126  3936  3936 D app_process: u_setTimeZoneFilesDirectory("/apex/com.android.tzdata/etc/tz/versioned/8/icu") succeeded. 
07-27 05:15:07.126  3936  3936 D app_process: I18n APEX ICU file found: /apex/com.android.i18n/etc/icu/icudt75l.dat
07-27 05:15:07.127  3936  3936 D nativeloader: Load libjavacore.so using APEX ns com_android_art for caller /apex/com.android.art/javalib/core-oj.jar: ok
07-27 05:15:07.127  3936  3936 D nativeloader: Load libopenjdk.so using APEX ns com_android_art for caller /apex/com.android.art/javalib/core-oj.jar: ok
07-27 05:15:07.130  3936  3936 W app_process: ClassLoaderContext shared library size mismatch. Expected=2, found=0 (PCL[]{PCL[/system/framework/android.test.base.jar*724373495]#PCL[/system/framework/android.test.mock.jar*1452759902]} | PCL[])
07-27 05:15:07.130  3936  3936 W app_process: ClassLoaderContext classpath size mismatch. expected=0, found=1 (PCL[]{PCL[/system/framework/android.test.runner.jar*2496447986]#PCL[/system/framework/android.test.base.jar*724373495]} | PCL[/system/framework/android.test.runner.jar*2496447986])
07-27 05:15:07.145  3936  3936 D nativeloader: Load libframework-connectivity-tiramisu-jni.so using APEX ns com_android_tethering for caller /apex/com.android.tethering/javalib/framework-connectivity-t.jar: ok
07-27 05:15:07.145  3936  3936 D AndroidRuntime: Calling main entry com.android.commands.uiautomator.Launcher
07-27 05:15:07.147  3936  3936 D UiAutomationConnection: Created on user UserHandle{0}
07-27 05:15:07.147  3936  3936 I UiAutomation: Initialized for user 0 on display 0
07-27 05:15:07.147  3936  3936 W UiAutomation: Created with deprecatead constructor, assumes DEFAULT_DISPLAY
07-27 05:15:07.149   576  2023 D AccessibilityManagerService: changeCurrentUserForTestAutomationIfNeededLocked(0): ignoring because device doesn't support visible background users
07-27 05:15:07.149   576  2023 I UiAutomationManager: Registering UiTestAutomationService (id=com.android.server.accessibility/UiAutomation, flags=0x0) when called by user 0
07-27 05:15:07.150   576  2023 W MagnificationConnectionManager: requestConnection duplicated request: connect=false, mConnectionState=DISCONNECTED
07-27 05:15:07.151   576   576 W IPCThreadState: Sending oneway calls to frozen process.
07-27 05:15:07.152   576   576 W IPCThreadState: Sending oneway calls to frozen process.
07-27 05:15:07.152   576   576 W IPCThreadState: Sending oneway calls to frozen process.
07-27 05:15:07.152  3936  3948 V UiAutomation: Init UiAutomation@322ec12[id=12, displayId=0, flags=0]
07-27 05:15:07.152   576   576 W IPCThreadState: Sending oneway calls to frozen process.
07-27 05:15:07.152   576   576 W IPCThreadState: Sending oneway calls to frozen process.
07-27 05:15:07.152   576   576 W IPCThreadState: Sending oneway calls to frozen process.
07-27 05:15:07.152   576   576 W IPCThreadState: Sending oneway calls to frozen process.
07-27 05:15:07.152   576   576 W IPCThreadState: Sending oneway calls to frozen process.
07-27 05:15:07.152   576   576 W IPCThreadState: Sending oneway calls to frozen process.
07-27 05:15:07.152   576   576 W IPCThreadState: Sending oneway calls to frozen process.
07-27 05:15:07.153   576   576 W IPCThreadState: Sending oneway calls to frozen process.
07-27 05:15:07.153   576   576 W IPCThreadState: Sending oneway calls to frozen process.
07-27 05:15:07.153   576   576 W IPCThreadState: Sending oneway calls to frozen process.
07-27 05:15:07.153   576   576 W IPCThreadState: Sending oneway calls to frozen process.
07-27 05:15:07.153   576   576 W IPCThreadState: Sending oneway calls to frozen process.
07-27 05:15:07.153   576   576 W IPCThreadState: Sending oneway calls to frozen process.
07-27 05:15:07.153   576   576 W IPCThreadState: Sending oneway calls to frozen process.
07-27 05:15:07.153   576   576 W IPCThreadState: Sending oneway calls to frozen process.
07-27 05:15:07.153   576   576 W IPCThreadState: Sending oneway calls to frozen process.
07-27 05:15:07.153   576   576 W IPCThreadState: Sending oneway calls to frozen process.
07-27 05:15:07.153   576   576 W IPCThreadState: Sending oneway calls to frozen process.
07-27 05:15:07.153   576   576 D BatterySaverPolicy: accessibility changed to true, updating policy.
07-27 05:15:07.154   576  2023 W MagnificationConnectionManager: requestConnection duplicated request: connect=false, mConnectionState=DISCONNECTED
07-27 05:15:07.154   576   576 W IPCThreadState: Sending oneway calls to frozen process.
07-27 05:15:07.165   576   576 W IPCThreadState: Sending oneway calls to frozen process.
07-27 05:15:07.165   576   576 W IPCThreadState: Sending oneway calls to frozen process.
07-27 05:15:07.165   576   576 W IPCThreadState: Sending oneway calls to frozen process.
07-27 05:15:07.165   576   576 W IPCThreadState: Sending oneway calls to frozen process.
07-27 05:15:07.165   576   576 W IPCThreadState: Sending oneway calls to frozen process.
07-27 05:15:07.165   576   576 W IPCThreadState: Sending oneway calls to frozen process.
07-27 05:15:07.165   576   576 W IPCThreadState: Sending oneway calls to frozen process.
07-27 05:15:07.165   576   576 W IPCThreadState: Sending oneway calls to frozen process.
07-27 05:15:07.165   576   576 W IPCThreadState: Sending oneway calls to frozen process.
07-27 05:15:07.165   576   576 W IPCThreadState: Sending oneway calls to frozen process.
07-27 05:15:07.165   576   576 W IPCThreadState: Sending oneway calls to frozen process.
07-27 05:15:07.165   576   576 W IPCThreadState: Sending oneway calls to frozen process.
07-27 05:15:07.165   576   576 W IPCThreadState: Sending oneway calls to frozen process.
07-27 05:15:07.165  1436  1452 I AiAiEcho: Settings changed for uri: content://settings/secure/accessibility_enabled
07-27 05:15:07.166  1436  1452 I AiAiEcho: Settings changed for uri: content://settings/secure/accessibility_enabled
07-27 05:15:07.213  1436  1698 I AiAiEcho: Predicting[0]:  [CONTEXT sampling_count=5 ]
07-27 05:15:07.213  1436  1698 I AiAiEcho: EchoTargets: 
07-27 05:15:07.213  1436  1698 I AiAiEcho: Filtered by AiAi flag check: 
07-27 05:15:07.213  1436  1698 I AiAiEcho: [CONTEXT ratelimit_period="10 SECONDS" ]
07-27 05:15:07.213  1436  1698 I AiAiEcho: Ranked targets strategy: SORT, count: 0, ranking metadata:  [CONTEXT ratelimit_period="10 SECONDS" ]
07-27 05:15:07.213  1436  1698 I AiAiEcho: #remoteViewsTwiddler: feature disabled.
07-27 05:15:07.214  1436  1698 I AiAiEcho: Predicting[0]:  [CONTEXT sampling_count=5 ]
07-27 05:15:07.214  1436  1698 I AiAiEcho: EchoTargets: 
07-27 05:15:07.214  1436  1698 I AiAiEcho: Filtered by AiAi flag check: 
07-27 05:15:07.214  1436  1698 I AiAiEcho: [CONTEXT ratelimit_period="10 SECONDS" ]
07-27 05:15:07.214  1436  1698 I AiAiEcho: Ranked targets strategy: SORT, count: 0, ranking metadata:  [CONTEXT ratelimit_period="10 SECONDS" ]
07-27 05:15:07.214  1436  1698 I AiAiEcho: #remoteViewsTwiddler: feature disabled.
07-27 05:15:07.214  1436  1698 I AiAiEcho: Predicting[0]:  [CONTEXT sampling_count=5 ]
07-27 05:15:07.214  1436  1698 I AiAiEcho: EchoTargets: 
07-27 05:15:07.214  1436  1698 I AiAiEcho: Filtered by AiAi flag check: 
07-27 05:15:07.214  1436  1698 I AiAiEcho: [CONTEXT ratelimit_period="10 SECONDS" ]
07-27 05:15:07.214  1436  1698 I AiAiEcho: Ranked targets strategy: SORT, count: 0, ranking metadata:  [CONTEXT ratelimit_period="10 SECONDS" ]
07-27 05:15:07.214  1436  1698 I AiAiEcho: #remoteViewsTwiddler: feature disabled.
07-27 05:15:07.214  1436  1698 I AiAiEcho: Predicting[0]:  [CONTEXT sampling_count=5 ]
07-27 05:15:07.214  1436  1698 I AiAiEcho: EchoTargets: 
07-27 05:15:07.214  1436  1698 I AiAiEcho: Filtered by AiAi flag check: 
07-27 05:15:07.214  1436  1698 I AiAiEcho: [CONTEXT ratelimit_period="10 SECONDS" ]
07-27 05:15:07.214  1436  1698 I AiAiEcho: Ranked targets strategy: SORT, count: 0, ranking metadata:  [CONTEXT ratelimit_period="10 SECONDS" ]
07-27 05:15:07.214  1436  1698 I AiAiEcho: #remoteViewsTwiddler: feature disabled.
07-27 05:15:07.214  1436  1698 I AiAiEcho: Predicting[0]:  [CONTEXT sampling_count=5 ]
07-27 05:15:07.214  1436  1698 I AiAiEcho: EchoTargets: 
07-27 05:15:07.214  1436  1698 I AiAiEcho: Filtered by AiAi flag check: 
07-27 05:15:07.214  1436  1698 I AiAiEcho: [CONTEXT ratelimit_period="10 SECONDS" ]
07-27 05:15:07.214  1436  1698 I AiAiEcho: Ranked targets strategy: SORT, count: 0, ranking metadata:  [CONTEXT ratelimit_period="10 SECONDS" ]
07-27 05:15:07.214  1436  1698 I AiAiEcho: #remoteViewsTwiddler: feature disabled.
07-27 05:15:07.214  1436  1698 I AiAiEcho: Predicting[0]:  [CONTEXT sampling_count=5 ]
07-27 05:15:07.214  1436  1698 I AiAiEcho: EchoTargets: 
07-27 05:15:07.214  1436  1698 I AiAiEcho: Filtered by AiAi flag check: 
07-27 05:15:07.214  1436  1698 I AiAiEcho: [CONTEXT ratelimit_period="10 SECONDS" ]
07-27 05:15:07.214  1436  1698 I AiAiEcho: Ranked targets strategy: SORT, count: 0, ranking metadata:  [CONTEXT ratelimit_period="10 SECONDS" ]
07-27 05:15:07.214  1436  1698 I AiAiEcho: #remoteViewsTwiddler: feature disabled.
07-27 05:15:07.215  1436  1698 I AiAiEcho: #postPredictionTargets: Sending updates to UISurface media_data_manager with targets# 0 (types=[])
07-27 05:15:07.215   820   820 D SsMediaDataProvider: Forwarding Smartspace updates []
07-27 05:15:07.216  1436  1698 I AiAiEcho: #postPredictionTargets: Sending updates to UISurface lockscreen with targets# 0 (types=[])
07-27 05:15:07.216  1436  1698 I AiAiEcho: #postPredictionTargets: Sending updates to UISurface home with targets# 0 (types=[])
07-27 05:15:07.216  1436  1698 I AiAiEcho: #postPredictionTargets: Sending updates to UISurface media_data_manager with targets# 0 (types=[])
07-27 05:15:07.216  1436  1698 I AiAiEcho: #postPredictionTargets: Sending updates to UISurface lockscreen with targets# 0 (types=[])
07-27 05:15:07.216  1436  1698 I AiAiEcho: #postPredictionTargets: Sending updates to UISurface home with targets# 0 (types=[])
07-27 05:15:07.216   820   820 W PageIndicator: Total number of pages invalid: 0. Assuming 1 page.
07-27 05:15:07.216   820   820 D SsMediaDataProvider: Forwarding Smartspace updates []
07-27 05:15:07.217  1306  1306 D SsBaseTemplateCard: No text view can be set up
07-27 05:15:07.217  1306  1306 D SsBaseTemplateCard: Passed-in item info is null
07-27 05:15:07.217  1306  1306 D SsBaseTemplateCard: Passed-in item info is null
07-27 05:15:07.217  1306  1306 D SsBaseTemplateCard: Passed-in item info is null
07-27 05:15:07.217  1306  1306 I SsBaseTemplateCard: Secondary card pane is null
07-27 05:15:07.217  1306  1306 D SsBaseTemplateCard: No text view can be set up
07-27 05:15:07.217  1306  1306 D SsBaseTemplateCard: Passed-in item info is null
07-27 05:15:07.217  1306  1306 D SsBaseTemplateCard: Passed-in item info is null
07-27 05:15:07.217  1306  1306 D SsBaseTemplateCard: Passed-in item info is null
07-27 05:15:07.217  1306  1306 I SsBaseTemplateCard: Secondary card pane is null
07-27 05:15:07.217   820   820 W PageIndicator: Total number of pages invalid: 0. Assuming 1 page.
07-27 05:15:07.294   384  3508 D android.hardware.audio@7.1-impl.ranchu: threadLoop: entering standby, frames: 955264
07-27 05:15:07.942  3315  3346 D EGL_emulation: app_time_stats: avg=501.09ms min=500.26ms max=501.91ms count=2
07-27 05:15:08.161  3936  3936 I AccessibilityNodeInfoDumper: Skipping invisible child: android.view.accessibility.AccessibilityNodeInfo@11fa9d; boundsInParent: Rect(0, 0 - 1080, 0); boundsInScreen: Rect(0, 0 - 1080, 0); boundsInWindow: Rect(0, 0 - 1080, 0); packageName: com.mediology.sinsinapp; className: android.widget.LinearLayout; text: null; error: null; maxTextLength: -1; stateDescription: null; contentDescription: null; tooltipText: null; containerTitle: null; viewIdResName: null; uniqueId: null; checkable: false; checked: false; focusable: false; focused: false; selected: false; clickable: false; longClickable: false; contextClickable: false; enabled: true; password: false; scrollable: false; granularScrollingSupported: false; importantForAccessibility: false; visible: false; actions: [AccessibilityAction: ACTION_SELECT - null, AccessibilityAction: ACTION_CLEAR_SELECTION - null, AccessibilityAction: ACTION_ACCESSIBILITY_FOCUS - null, AccessibilityAction: ACTION_SHOW_ON_SCREEN - null]; isTextSelectable: false
07-27 05:15:08.161  3936  3936 I AccessibilityNodeInfoDumper: Skipping invisible child: android.view.accessibility.AccessibilityNodeInfo@11f6dc; boundsInParent: Rect(0, 0 - 1080, 0); boundsInScreen: Rect(0, 0 - 1080, 0); boundsInWindow: Rect(0, 0 - 1080, 0); packageName: com.mediology.sinsinapp; className: android.view.ViewGroup; text: null; error: null; maxTextLength: -1; stateDescription: null; contentDescription: null; tooltipText: null; containerTitle: null; viewIdResName: null; uniqueId: null; checkable: false; checked: false; focusable: false; focused: false; selected: false; clickable: false; longClickable: false; contextClickable: false; enabled: true; password: false; scrollable: false; granularScrollingSupported: false; importantForAccessibility: false; visible: false; actions: [AccessibilityAction: ACTION_SELECT - null, AccessibilityAction: ACTION_CLEAR_SELECTION - null, AccessibilityAction: ACTION_ACCESSIBILITY_FOCUS - null, AccessibilityAction: ACTION_SHOW_ON_SCREEN - null]; isTextSelectable: false
07-27 05:15:08.161  3936  3936 I AccessibilityNodeInfoDumper: Skipping invisible child: android.view.accessibility.AccessibilityNodeInfo@130524; boundsInParent: Rect(0, 0 - 1080, 0); boundsInScreen: Rect(0, 0 - 1080, 0); boundsInWindow: Rect(0, 0 - 1080, 0); packageName: com.mediology.sinsinapp; className: android.widget.LinearLayout; text: null; error: null; maxTextLength: -1; stateDescription: null; contentDescription: null; tooltipText: null; containerTitle: null; viewIdResName: null; uniqueId: null; checkable: false; checked: false; focusable: false; focused: false; selected: false; clickable: false; longClickable: false; contextClickable: false; enabled: true; password: false; scrollable: false; granularScrollingSupported: false; importantForAccessibility: false; visible: false; actions: [AccessibilityAction: ACTION_SELECT - null, AccessibilityAction: ACTION_CLEAR_SELECTION - null, AccessibilityAction: ACTION_ACCESSIBILITY_FOCUS - null, AccessibilityAction: ACTION_SHOW_ON_SCREEN - null]; isTextSelectable: false
07-27 05:15:08.161  3936  3936 I AccessibilityNodeInfoDumper: Skipping invisible child: android.view.accessibility.AccessibilityNodeInfo@130163; boundsInParent: Rect(0, 0 - 1080, 0); boundsInScreen: Rect(0, 0 - 1080, 0); boundsInWindow: Rect(0, 0 - 1080, 0); packageName: com.mediology.sinsinapp; className: android.view.ViewGroup; text: null; error: null; maxTextLength: -1; stateDescription: null; contentDescription: null; tooltipText: null; containerTitle: null; viewIdResName: null; uniqueId: null; checkable: false; checked: false; focusable: false; focused: false; selected: false; clickable: false; longClickable: false; contextClickable: false; enabled: true; password: false; scrollable: false; granularScrollingSupported: false; importantForAccessibility: false; visible: false; actions: [AccessibilityAction: ACTION_SELECT - null, AccessibilityAction: ACTION_CLEAR_SELECTION - null, AccessibilityAction: ACTION_ACCESSIBILITY_FOCUS - null, AccessibilityAction: ACTION_SHOW_ON_SCREEN - null]; isTextSelectable: false
07-27 05:15:08.169  3936  3936 I AccessibilityNodeInfoDumper: Skipping invisible child: android.view.accessibility.AccessibilityNodeInfo@a5313; boundsInParent: Rect(0, 0 - 1080, 121); boundsInScreen: Rect(0, 0 - 1080, -121); boundsInWindow: Rect(0, 0 - 1080, -121); packageName: com.mediology.sinsinapp; className: android.view.ViewGroup; text: null; error: null; maxTextLength: -1; stateDescription: null; contentDescription: null; tooltipText: null; containerTitle: null; viewIdResName: toastAnimatedContainer; uniqueId: null; checkable: false; checked: false; focusable: false; focused: false; selected: false; clickable: false; longClickable: false; contextClickable: false; enabled: true; password: false; scrollable: false; granularScrollingSupported: false; importantForAccessibility: true; visible: false; actions: [AccessibilityAction: ACTION_SELECT - null, AccessibilityAction: ACTION_CLEAR_SELECTION - null, AccessibilityAction: ACTION_ACCESSIBILITY_FOCUS - null, AccessibilityAction: ACTION_SHOW_ON_SCREEN - null]; isTextSelectable: false
07-27 05:15:08.169  3936  3936 I AccessibilityNodeInfoDumper: Skipping invisible child: android.view.accessibility.AccessibilityNodeInfo@a3c8d; boundsInParent: Rect(0, 0 - 1080, 0); boundsInScreen: Rect(0, 2400 - 1080, 2400); boundsInWindow: Rect(0, 2400 - 1080, 2400); packageName: com.mediology.sinsinapp; className: android.view.ViewGroup; text: null; error: null; maxTextLength: -1; stateDescription: null; contentDescription: null; tooltipText: null; containerTitle: null; viewIdResName: null; uniqueId: null; checkable: false; checked: false; focusable: false; focused: false; selected: false; clickable: false; longClickable: false; contextClickable: false; enabled: true; password: false; scrollable: false; granularScrollingSupported: false; importantForAccessibility: false; visible: false; actions: [AccessibilityAction: ACTION_SELECT - null, AccessibilityAction: ACTION_CLEAR_SELECTION - null, AccessibilityAction: ACTION_ACCESSIBILITY_FOCUS - null, AccessibilityAction: ACTION_SHOW_ON_SCREEN - null]; isTextSelectable: false
07-27 05:15:08.170  3936  3936 W AccessibilityNodeInfoDumper: Fetch time: 12ms
07-27 05:15:08.171  1436  1476 I AiAiEcho: Settings changed for uri: content://settings/secure/accessibility_enabled
07-27 05:15:08.171   576  1730 W MagnificationConnectionManager: requestConnection duplicated request: connect=false, mConnectionState=DISCONNECTED
07-27 05:15:08.171   576  1730 D AccessibilityManagerService: restoreCurrentUserForTestAutomationIfNeededLocked(): ignoring because device doesn't support visible background users
07-27 05:15:08.171   576   576 W IPCThreadState: Sending oneway calls to frozen process.
07-27 05:15:08.171   576   576 W IPCThreadState: Sending oneway calls to frozen process.
07-27 05:15:08.171   576   576 W IPCThreadState: Sending oneway calls to frozen process.
07-27 05:15:08.172  1436  1698 I AiAiEcho: Predicting[0]:  [CONTEXT sampling_count=5 ]
07-27 05:15:08.172  1436  1698 I AiAiEcho: EchoTargets: 
07-27 05:15:08.172  1436  1698 I AiAiEcho: Filtered by AiAi flag check: 
07-27 05:15:08.172  1436  1698 I AiAiEcho: [CONTEXT ratelimit_period="10 SECONDS" ]
07-27 05:15:08.172   576   576 W IPCThreadState: Sending oneway calls to frozen process.
07-27 05:15:08.172   576   576 W IPCThreadState: Sending oneway calls to frozen process.
07-27 05:15:08.172  1436  1698 I AiAiEcho: Ranked targets strategy: SORT, count: 0, ranking metadata:  [CONTEXT ratelimit_period="10 SECONDS" ]
07-27 05:15:08.173   576   576 W IPCThreadState: Sending oneway calls to frozen process.
07-27 05:15:08.173   576   576 W IPCThreadState: Sending oneway calls to frozen process.
07-27 05:15:08.173   576   576 W IPCThreadState: Sending oneway calls to frozen process.
07-27 05:15:08.173  1436  1698 I AiAiEcho: #remoteViewsTwiddler: feature disabled.
07-27 05:15:08.174   576   576 W IPCThreadState: Sending oneway calls to frozen process.
07-27 05:15:08.174   576   576 W IPCThreadState: Sending oneway calls to frozen process.
07-27 05:15:08.174  1436  1698 I AiAiEcho: Predicting[0]:  [CONTEXT sampling_count=5 ]
07-27 05:15:08.174  1436  1698 I AiAiEcho: EchoTargets: 
07-27 05:15:08.174  1436  1698 I AiAiEcho: Filtered by AiAi flag check: 
07-27 05:15:08.174  1436  1698 I AiAiEcho: [CONTEXT ratelimit_period="10 SECONDS" ]
07-27 05:15:08.174  1436  1698 I AiAiEcho: Ranked targets strategy: SORT, count: 0, ranking metadata:  [CONTEXT ratelimit_period="10 SECONDS" ]
07-27 05:15:08.174  1436  1698 I AiAiEcho: #remoteViewsTwiddler: feature disabled.
07-27 05:15:08.174  1436  1698 I AiAiEcho: Predicting[0]:  [CONTEXT sampling_count=5 ]
07-27 05:15:08.174  1436  1698 I AiAiEcho: EchoTargets: 
07-27 05:15:08.174  1436  1698 I AiAiEcho: Filtered by AiAi flag check: 
07-27 05:15:08.174  1436  1698 I AiAiEcho: [CONTEXT ratelimit_period="10 SECONDS" ]
07-27 05:15:08.174  1436  1698 I AiAiEcho: Ranked targets strategy: SORT, count: 0, ranking metadata:  [CONTEXT ratelimit_period="10 SECONDS" ]
07-27 05:15:08.174  1436  1698 I AiAiEcho: #remoteViewsTwiddler: feature disabled.
07-27 05:15:08.174  1436  1698 I AiAiEcho: #postPredictionTargets: Sending updates to UISurface media_data_manager with targets# 0 (types=[])
07-27 05:15:08.174  1436  1698 I AiAiEcho: #postPredictionTargets: Sending updates to UISurface lockscreen with targets# 0 (types=[])
07-27 05:15:08.174  1436  1698 I AiAiEcho: #postPredictionTargets: Sending updates to UISurface home with targets# 0 (types=[])
07-27 05:15:08.175  3936  3936 D AndroidRuntime: Shutting down VM
07-27 05:15:08.176  1306  1306 D SsBaseTemplateCard: No text view can be set up
07-27 05:15:08.176  1306  1306 D SsBaseTemplateCard: Passed-in item info is null
07-27 05:15:08.176  1306  1306 D SsBaseTemplateCard: Passed-in item info is null
07-27 05:15:08.176  1306  1306 D SsBaseTemplateCard: Passed-in item info is null
07-27 05:15:08.176  1306  1306 I SsBaseTemplateCard: Secondary card pane is null
07-27 05:15:08.177   820   820 W PageIndicator: Total number of pages invalid: 0. Assuming 1 page.
07-27 05:15:08.177   576   576 W IPCThreadState: Sending oneway calls to frozen process.
07-27 05:15:08.177   576   576 W IPCThreadState: Sending oneway calls to frozen process.
07-27 05:15:08.177   576   576 W IPCThreadState: Sending oneway calls to frozen process.
07-27 05:15:08.178   576   576 W IPCThreadState: Sending oneway calls to frozen process.
07-27 05:15:08.178   576   576 W IPCThreadState: Sending oneway calls to frozen process.
07-27 05:15:08.178   576   576 W IPCThreadState: Sending oneway calls to frozen process.
07-27 05:15:08.178   576   576 W IPCThreadState: Sending oneway calls to frozen process.
07-27 05:15:08.178   576   576 W IPCThreadState: Sending oneway calls to frozen process.
07-27 05:15:08.178   576   576 W IPCThreadState: Sending oneway calls to frozen process.
07-27 05:15:08.178   576   576 W IPCThreadState: Sending oneway calls to frozen process.
07-27 05:15:08.178   576   576 W IPCThreadState: Sending oneway calls to frozen process.
07-27 05:15:08.178   576   576 D BatterySaverPolicy: accessibility changed to false, updating policy.
07-27 05:15:08.178   820   820 D SsMediaDataProvider: Forwarding Smartspace updates []
07-27 05:15:08.962  3315  3346 D EGL_emulation: app_time_stats: avg=509.68ms min=502.14ms max=517.21ms count=2
07-27 05:15:09.075   422   509 D audioserver: logFgsApiBegin: FGS Logger Transaction failed, -129
07-27 05:15:09.075   576  2013 W AS.PlaybackActivityMon: No piid assigned for invalid/internal port id 15
07-27 05:15:09.077   422   539 D AudioFlinger: mixer(0xb400007e7f7558e0) throttle end: throttle time(43)
07-27 05:15:09.092  3315  3315 I ImeTracker: com.mediology.sinsinapp:ffce4de6: onRequestHide at ORIGIN_CLIENT reason HIDE_SOFT_INPUT fromUser false
07-27 05:15:09.093  1370  1370 I GoogleInputMethodService: GoogleInputMethodService.onFinishInputView():2393 
07-27 05:15:09.096  3315  3315 D InsetsController: hide(ime(), fromIme=true)
07-27 05:15:09.098  1370  1370 W TooltipLifecycleManager: TooltipLifecycleManager.dismissTooltips():152 Tooltip with id spell_check_add_to_dictionary not found in tooltipManager.
07-27 05:15:09.100  1370  1370 I AndroidIME: AbstractIme.onDeactivate():202 PasswordIme.onDeactivate()
07-27 05:15:09.102  1370  1370 I WindowMetricsNotification: WindowMetricsNotification.notifyWithWindow():113 
07-27 05:15:09.102  1370  1370 I WindowMetricsNotification: WindowMetricsNotification.notify():106 WindowMetricsNotification{bounds=Rect(0, 132 - 1080, 2400), insets=Rect(0, 0 - 0, 126), densityDpi=420, smallestScreenWidthDp=411, displayWidth=1080, displayHeight=2400, xdpi=420.0, ydpi=420.0}; DisplayMetrics{density=2.625, width=1080, height=2400, scaledDensity=2.625, xdpi=420.0, ydpi=420.0}
07-27 05:15:09.109   820   893 D WindowManagerShell: onKeepClearAreasChanged: restricted={}, unrestricted={}
07-27 05:15:09.126   422   539 D AudioFlinger: mixer(0xb400007e7f7558e0) throttle end: throttle time(33)
07-27 05:15:09.130  3315  3315 I ThemedReactContext: KeyboardController::keyboardWillHide
07-27 05:15:09.130  3315  3315 I com.reactnativekeyboardcontroller.listeners.KeyboardAnimationCallback: HEIGHT:: 0.0 TAG:: 1918
07-27 05:15:09.139  3315  3315 I com.reactnativekeyboardcontroller.listeners.KeyboardAnimationCallback: DiffY: 883.0 336.3809509277344 1.0 false 1918
07-27 05:15:09.162  3315  3315 I ImeTracker: com.mediology.sinsinapp:9fa40e20: onRequestHide at ORIGIN_CLIENT reason HIDE_SOFT_INPUT_ON_ANIMATION_STATE_CHANGED fromUser false
07-27 05:15:09.163   576   695 I ImeTracker: com.mediology.sinsinapp:9fa40e20: onCancelled at PHASE_SERVER_SHOULD_HIDE
07-27 05:15:09.163  3315  3315 I ImeTracker: com.mediology.sinsinapp:ffce4de6: onHidden
07-27 05:15:09.164  3315  3315 I com.reactnativekeyboardcontroller.listeners.KeyboardAnimationCallback: DiffY: 0.0 0.0 0.0 false 1918
07-27 05:15:09.166  3315  3315 I ThemedReactContext: KeyboardController::keyboardDidHide
07-27 05:15:09.167  3315  3315 I ThemedReactContext: onUserDrivenAnimationEnded
07-27 05:15:09.190  1370  1787 D EGL_emulation: app_time_stats: avg=1724.47ms min=184.73ms max=3264.22ms count=2
07-27 05:15:09.207   380   457 I netd    : tetherGetStats() -> {[]} <16.87ms>
07-27 05:15:09.240   422   539 D audioserver: logFgsApiEnd: FGS Logger Transaction failed, -129
07-27 05:15:09.528   576  2029 W PresentationStatsEventLogger: Bad view state for: -1
07-27 05:15:09.557   576   593 W PresentationStatsEventLogger: Bad view state for: -1
07-27 05:15:09.558   576   593 W PresentationStatsEventLogger: Bad view state for: -1
07-27 05:15:09.562   576   593 W PresentationStatsEventLogger: Bad view state for: -1
07-27 05:15:09.576   576   593 W PresentationStatsEventLogger: Bad view state for: -1
07-27 05:15:09.725  3315  3315 W [RNScreens]: backTitleFontFamily prop is not available on Android
07-27 05:15:09.726  3315  3315 W [RNScreens]: disableBackButtonMenu prop is not available on Android
07-27 05:15:09.726  3315  3315 W [RNScreens]: topInsetEnabled prop is not available on Android
07-27 05:15:09.726  3315  3315 W [RNScreens]: backTitleVisible prop is not available on Android
07-27 05:15:09.726  3315  3315 W [RNScreens]: largeTitleHideShadow prop is not available on Android
07-27 05:15:09.726  3315  3315 W [RNScreens]: largeTitleFontWeight prop is not available on Android
07-27 05:15:09.726  3315  3315 W [RNScreens]: userInterfaceStyle prop is not available on Android
07-27 05:15:09.726  3315  3315 W [RNScreens]: largeTitleFontFamily prop is not available on Android
07-27 05:15:09.966  3315  3346 D EGL_emulation: app_time_stats: avg=137.49ms min=18.54ms max=513.33ms count=7
07-27 05:15:10.422  3315  3315 I ImeTracker: com.mediology.sinsinapp:35b29347: onRequestHide at ORIGIN_CLIENT reason HIDE_SOFT_INPUT_CLOSE_CURRENT_SESSION fromUser false
07-27 05:15:10.422   576   695 I ImeTracker: com.mediology.sinsinapp:35b29347: onCancelled at PHASE_SERVER_SHOULD_HIDE
07-27 05:15:10.744   576   576 D OomAdjuster: Not killing cached processes
07-27 05:15:10.981  3315  3346 D EGL_emulation: app_time_stats: avg=46.06ms min=3.64ms max=110.07ms count=19
07-27 05:15:11.199  1044  3130 I NearbyMediums: No BLE Fast/GATT advertisements found in the latest cycle.
07-27 05:15:11.595  3315  3725 W com.reactnativekeyboardcontroller.modules.statusbar.StatusBarManagerCompatModuleImpl: StatusBarModule: Ignored status bar change, current activity is edge-to-edge.
07-27 05:15:11.639  3315  3315 I ThemedReactContext: KeyboardController::layoutDidSynchronize
07-27 05:15:11.798   576   593 D CoreBackPreview: Window{7bf8f07 u0 PopupWindow:3cea2e}: Setting back callback OnBackInvokedCallbackInfo{mCallback=android.window.IOnBackInvokedCallback$Stub$Proxy@de5f65d, mPriority=0, mIsAnimationCallback=false}
07-27 05:15:11.827  3315  3960 D TrafficStats: tagSocket(201) with statsTag=0xffffffff, statsUid=-1
07-27 05:15:11.831  3315  3961 D TrafficStats: tagSocket(203) with statsTag=0xffffffff, statsUid=-1
07-27 05:15:11.832  3315  3959 D TrafficStats: tagSocket(198) with statsTag=0xffffffff, statsUid=-1
07-27 05:15:11.836  3315  3315 W WindowOnBackDispatcher: sendCancelIfRunning: isInProgress=false callback=android.view.ViewRootImpl$$ExternalSyntheticLambda11@3b17b3a
07-27 05:15:11.849  3315  3962 D TrafficStats: tagSocket(205) with statsTag=0xffffffff, statsUid=-1
07-27 05:15:11.858  3315  3963 D TrafficStats: tagSocket(199) with statsTag=0xffffffff, statsUid=-1
07-27 05:15:11.859   576  2013 D CoreBackPreview: Window{7bf8f07 u0 PopupWindow:3cea2e}: Setting back callback null
07-27 05:15:11.861  3315  3964 D TrafficStats: tagSocket(202) with statsTag=0xffffffff, statsUid=-1
07-27 05:15:11.861   576   938 W InputManager-JNI: Input channel object '7bf8f07 PopupWindow:3cea2e (client)' was disposed without first being removed with the input manager!
07-27 05:15:12.011  3315  3346 D EGL_emulation: app_time_stats: avg=41.20ms min=2.08ms max=153.92ms count=19
07-27 05:15:12.129   384  3508 D android.hardware.audio@7.1-impl.ranchu: threadLoop: entering standby, frames: 1101056
07-27 05:15:12.691  3315  3724 I ReactNativeJS: '[api]', 'GET', '/food-camera/statistics/diary-existence', undefined, 'Network Error'
07-27 05:15:12.694  3315  3724 I ReactNativeJS: '[api]', 'GET', '/food-camera/date-analysis/2026-07-27', undefined, 'Network Error'
07-27 05:15:12.708  3315  3724 E ReactNativeJS: '[useDateAnalysis] error:', { [ApiError: Network Error]
07-27 05:15:12.708  3315  3724 E ReactNativeJS:   code: 'ERR_NETWORK',
07-27 05:15:12.708  3315  3724 E ReactNativeJS:   statusCode: undefined,
07-27 05:15:12.708  3315  3724 E ReactNativeJS:   isNetworkError: true,
07-27 05:15:12.708  3315  3724 E ReactNativeJS:   fieldErrors: undefined,
07-27 05:15:12.708  3315  3724 E ReactNativeJS:   result: undefined,
07-27 05:15:12.708  3315  3724 E ReactNativeJS:   name: 'ApiError' }
07-27 05:15:12.732  3315  3724 I ReactNativeJS: '[api]', 'GET', '/notices/active-popup', undefined, 'Network Error'
07-27 05:15:12.732  3315  3724 I ReactNativeJS: '[announcement] active popup check failed', { [ApiError: Network Error]
07-27 05:15:12.732  3315  3724 I ReactNativeJS:   code: 'ERR_NETWORK',
07-27 05:15:12.732  3315  3724 I ReactNativeJS:   statusCode: undefined,
07-27 05:15:12.732  3315  3724 I ReactNativeJS:   isNetworkError: true,
07-27 05:15:12.732  3315  3724 I ReactNativeJS:   fieldErrors: undefined,
07-27 05:15:12.732  3315  3724 I ReactNativeJS:   result: undefined,
07-27 05:15:12.732  3315  3724 I ReactNativeJS:   name: 'ApiError' }
07-27 05:15:12.733  3315  3724 I ReactNativeJS: '[api]', 'GET', '/food-camera/statistics/diary-existence', undefined, 'Network Error'
07-27 05:15:12.733  3315  3724 I ReactNativeJS: '[api]', 'GET', '/user/notification-settings', undefined, 'Network Error'
07-27 05:15:12.743  3315  3724 I ReactNativeJS: '[api]', 'GET', '/food-camera/statistics/diary-existence', undefined, 'Network Error'
07-27 05:15:12.850  3315  3962 D TrafficStats: tagSocket(166) with statsTag=0xffffffff, statsUid=-1
07-27 05:15:12.967  3315  3965 D TrafficStats: tagSocket(138) with statsTag=0xffffffff, statsUid=-1
07-27 05:15:13.028  3315  3346 D EGL_emulation: app_time_stats: avg=35.46ms min=2.53ms max=93.80ms count=23
07-27 05:15:14.036  3315  3346 D EGL_emulation: app_time_stats: avg=29.39ms min=3.46ms max=56.62ms count=27
07-27 05:15:14.078   576   576 I ResourceTimer: GetResourceValue count=2614 pvalues=2000,15000,25000,160000
07-27 05:15:14.078   576   576 I ResourceTimer: RetrieveAttributes count=3757 pvalues=1000,1000,3000,28000
07-27 05:15:14.200  3974  3974 W BpBinder: Linking to death on android.gui.ISurfaceComposer but there are no threads (yet?) listening to incoming transactions. See ProcessState::startThreadPool and ProcessState::setThreadPoolMaxThreadCount. Generally you should setup the binder threadpool before other initialization steps.
07-27 05:15:14.200  3974  3974 W ProcessState: Extra binder thread started, but 0 threads requested. Do not use *startThreadPool when zero threads are requested.
07-27 05:15:14.285   157   157 I servicemanager: Caller(pid=3974,uid=2000,sid=u:r:shell:s0) Could not find android.hardware.graphics.allocator.IAllocator/default in the VINTF manifest. No alternative instances declared in VINTF.
07-27 05:15:14.289   158   158 I hwservicemanager: getTransport: Cannot find entry android.hardware.graphics.mapper@4.0::IMapper/default in either framework or device VINTF manifest.
07-27 05:15:14.289  3974  3975 I Gralloc4: mapper 4.x is not supported
07-27 05:15:14.307   576  2013 D CoreBackPreview: Window{34c59cc u0 PopupWindow:bbbf72}: Setting back callback OnBackInvokedCallbackInfo{mCallback=android.window.IOnBackInvokedCallback$Stub$Proxy@749a32a, mPriority=0, mIsAnimationCallback=false}
07-27 05:15:14.356  3315  3315 W WindowOnBackDispatcher: sendCancelIfRunning: isInProgress=false callback=android.view.ViewRootImpl$$ExternalSyntheticLambda11@7043b79
07-27 05:15:14.356   576  2013 D CoreBackPreview: Window{34c59cc u0 PopupWindow:bbbf72}: Setting back callback null
07-27 05:15:14.407   576  2013 W InputManager-JNI: Input channel object '34c59cc PopupWindow:bbbf72 (client)' was disposed without first being removed with the input manager!
07-27 05:15:15.068  3315  3346 D EGL_emulation: app_time_stats: avg=36.37ms min=2.41ms max=105.57ms count=23
07-27 05:15:15.643   188  3910 I keystore2: system/security/keystore2/watchdog/src/lib.rs:319 - Watchdog thread idle -> terminating. Have a great day.
07-27 05:15:15.820  3977  3977 D AndroidRuntime: >>>>>> START com.android.internal.os.RuntimeInit uid 2000 <<<<<<
07-27 05:15:15.829  3977  3977 I AndroidRuntime: Using default boot image
07-27 05:15:15.829  3977  3977 I AndroidRuntime: Leaving lock profiling enabled
07-27 05:15:15.831  3977  3977 I app_process: Core platform API reporting enabled, enforcing=false
07-27 05:15:15.835  3977  3977 I app_process: Using CollectorTypeCMC GC.
07-27 05:15:15.866   576  2013 W InputManager-JNI: Input channel object '936c7f6 PopupWindow:c6f143b (client)' was disposed without first being removed with the input manager!
07-27 05:15:15.989  3977  3977 D nativeloader: InitDefaultPublicLibraries for_preload=1: libandroid.so:libaaudio.so:libamidi.so:libbinder_ndk.so:libc.so:libcamera2ndk.so:libdl.so:libEGL.so:libGLESv1_CM.so:libGLESv2.so:libGLESv3.so:libicu.so:libicui18n.so:libicuuc.so:libjnigraphics.so:liblog.so:libmediandk.so:libm.so:libnativehelper.so:libnativewindow.so:libOpenMAXAL.so:libOpenSLES.so:libRS.so:libstdc++.so:libsync.so:libvulkan.so:libwebviewchromium_plat_support.so:libz.so
07-27 05:15:16.010  3977  3977 D nativeloader: Load libicu_jni.so using APEX ns com_android_art for caller /apex/com.android.art/javalib/core-oj.jar: ok
07-27 05:15:16.010  3977  3977 D app_process: u_setTimeZoneFilesDirectory("/apex/com.android.tzdata/etc/tz/versioned/8/icu") succeeded. 
07-27 05:15:16.010  3977  3977 D app_process: I18n APEX ICU file found: /apex/com.android.i18n/etc/icu/icudt75l.dat
07-27 05:15:16.029  3977  3977 D nativeloader: Load libjavacore.so using APEX ns com_android_art for caller /apex/com.android.art/javalib/core-oj.jar: ok
07-27 05:15:16.033  3977  3977 D nativeloader: Load libopenjdk.so using APEX ns com_android_art for caller /apex/com.android.art/javalib/core-oj.jar: ok
07-27 05:15:16.042  3977  3977 W app_process: ClassLoaderContext shared library size mismatch. Expected=2, found=0 (PCL[]{PCL[/system/framework/android.test.base.jar*724373495]#PCL[/system/framework/android.test.mock.jar*1452759902]} | PCL[])
07-27 05:15:16.046  3977  3977 W app_process: ClassLoaderContext classpath size mismatch. expected=0, found=1 (PCL[]{PCL[/system/framework/android.test.runner.jar*2496447986]#PCL[/system/framework/android.test.base.jar*724373495]} | PCL[/system/framework/android.test.runner.jar*2496447986])
07-27 05:15:16.092  3315  3346 D EGL_emulation: app_time_stats: avg=31.70ms min=2.77ms max=77.18ms count=28
07-27 05:15:16.105  3977  3977 D nativeloader: Load libframework-connectivity-tiramisu-jni.so using APEX ns com_android_tethering for caller /apex/com.android.tethering/javalib/framework-connectivity-t.jar: ok
07-27 05:15:16.106  3977  3977 D AndroidRuntime: Calling main entry com.android.commands.uiautomator.Launcher
07-27 05:15:16.119  3977  3977 D UiAutomationConnection: Created on user UserHandle{0}
07-27 05:15:16.119  3977  3977 I UiAutomation: Initialized for user 0 on display 0
07-27 05:15:16.119  3977  3977 W UiAutomation: Created with deprecatead constructor, assumes DEFAULT_DISPLAY
07-27 05:15:16.121   576   593 D AccessibilityManagerService: changeCurrentUserForTestAutomationIfNeededLocked(0): ignoring because device doesn't support visible background users
07-27 05:15:16.127   576   593 I UiAutomationManager: Registering UiTestAutomationService (id=com.android.server.accessibility/UiAutomation, flags=0x0) when called by user 0
07-27 05:15:16.129   576   593 W MagnificationConnectionManager: requestConnection duplicated request: connect=false, mConnectionState=DISCONNECTED
07-27 05:15:16.139  1436  1476 I AiAiEcho: Settings changed for uri: content://settings/secure/accessibility_enabled
07-27 05:15:16.140  1436  1698 I AiAiEcho: Predicting[0]:  [CONTEXT sampling_count=5 ]
07-27 05:15:16.140  1436  1698 I AiAiEcho: EchoTargets: 
07-27 05:15:16.140  1436  1698 I AiAiEcho: Filtered by AiAi flag check: 
07-27 05:15:16.140  1436  1698 I AiAiEcho: [CONTEXT ratelimit_period="10 SECONDS" ]
07-27 05:15:16.140  1436  1698 I AiAiEcho: Ranked targets strategy: SORT, count: 0, ranking metadata:  [CONTEXT ratelimit_period="10 SECONDS" ]
07-27 05:15:16.140  1436  1698 I AiAiEcho: #remoteViewsTwiddler: feature disabled.
07-27 05:15:16.140  1436  1698 I AiAiEcho: Predicting[0]:  [CONTEXT sampling_count=5 ]
07-27 05:15:16.140  1436  1698 I AiAiEcho: EchoTargets: 
07-27 05:15:16.140  1436  1698 I AiAiEcho: Filtered by AiAi flag check: 
07-27 05:15:16.140  1436  1698 I AiAiEcho: [CONTEXT ratelimit_period="10 SECONDS" ]
07-27 05:15:16.140  1436  1698 I AiAiEcho: Ranked targets strategy: SORT, count: 0, ranking metadata:  [CONTEXT ratelimit_period="10 SECONDS" ]
07-27 05:15:16.140  1436  1698 I AiAiEcho: #remoteViewsTwiddler: feature disabled.
07-27 05:15:16.140  1436  1698 I AiAiEcho: Predicting[0]:  [CONTEXT sampling_count=5 ]
07-27 05:15:16.140  1436  1698 I AiAiEcho: EchoTargets: 
07-27 05:15:16.140  1436  1698 I AiAiEcho: Filtered by AiAi flag check: 
07-27 05:15:16.140  1436  1698 I AiAiEcho: [CONTEXT ratelimit_period="10 SECONDS" ]
07-27 05:15:16.140  1436  1698 I AiAiEcho: Ranked targets strategy: SORT, count: 0, ranking metadata:  [CONTEXT ratelimit_period="10 SECONDS" ]
07-27 05:15:16.140  1436  1698 I AiAiEcho: #remoteViewsTwiddler: feature disabled.
07-27 05:15:16.141  1436  1698 I AiAiEcho: #postPredictionTargets: Sending updates to UISurface media_data_manager with targets# 0 (types=[])
07-27 05:15:16.141  1436  1698 I AiAiEcho: #postPredictionTargets: Sending updates to UISurface lockscreen with targets# 0 (types=[])
07-27 05:15:16.142  1436  1698 I AiAiEcho: #postPredictionTargets: Sending updates to UISurface home with targets# 0 (types=[])
07-27 05:15:16.147   820   820 W PageIndicator: Total number of pages invalid: 0. Assuming 1 page.
07-27 05:15:16.147   820   820 D SsMediaDataProvider: Forwarding Smartspace updates []
07-27 05:15:16.147  1306  1306 D SsBaseTemplateCard: No text view can be set up
07-27 05:15:16.147  1306  1306 D SsBaseTemplateCard: Passed-in item info is null
07-27 05:15:16.147  1306  1306 D SsBaseTemplateCard: Passed-in item info is null
07-27 05:15:16.147  1306  1306 D SsBaseTemplateCard: Passed-in item info is null
07-27 05:15:16.147  1306  1306 I SsBaseTemplateCard: Secondary card pane is null
07-27 05:15:16.148   576   576 W IPCThreadState: Sending oneway calls to frozen process.
07-27 05:15:16.148   576   576 W IPCThreadState: Sending oneway calls to frozen process.
07-27 05:15:16.148   576   576 W IPCThreadState: Sending oneway calls to frozen process.
07-27 05:15:16.148   576   576 W IPCThreadState: Sending oneway calls to frozen process.
07-27 05:15:16.148   576   576 W IPCThreadState: Sending oneway calls to frozen process.
07-27 05:15:16.148   576   576 W IPCThreadState: Sending oneway calls to frozen process.
07-27 05:15:16.148   576   576 W IPCThreadState: Sending oneway calls to frozen process.
07-27 05:15:16.148   576   576 W IPCThreadState: Sending oneway calls to frozen process.
07-27 05:15:16.148   576   576 W IPCThreadState: Sending oneway calls to frozen process.
07-27 05:15:16.148   576   576 W IPCThreadState: Sending oneway calls to frozen process.
07-27 05:15:16.148   576   576 W IPCThreadState: Sending oneway calls to frozen process.
07-27 05:15:16.148   576   576 W IPCThreadState: Sending oneway calls to frozen process.
07-27 05:15:16.148   576   576 W IPCThreadState: Sending oneway calls to frozen process.
07-27 05:15:16.148   576   576 W IPCThreadState: Sending oneway calls to frozen process.
07-27 05:15:16.148   576   576 W IPCThreadState: Sending oneway calls to frozen process.
07-27 05:15:16.148   576   576 W IPCThreadState: Sending oneway calls to frozen process.
07-27 05:15:16.148   576   576 W IPCThreadState: Sending oneway calls to frozen process.
07-27 05:15:16.148   576   576 W IPCThreadState: Sending oneway calls to frozen process.
07-27 05:15:16.148   576   576 W IPCThreadState: Sending oneway calls to frozen process.
07-27 05:15:16.148   576   576 W IPCThreadState: Sending oneway calls to frozen process.
07-27 05:15:16.148   576   576 W IPCThreadState: Sending oneway calls to frozen process.
07-27 05:15:16.148   576   576 D BatterySaverPolicy: accessibility changed to true, updating policy.
07-27 05:15:16.149  3977  3990 V UiAutomation: Init UiAutomation@585a45a[id=13, displayId=0, flags=0]
07-27 05:15:16.150   576  2013 W MagnificationConnectionManager: requestConnection duplicated request: connect=false, mConnectionState=DISCONNECTED
07-27 05:15:16.151   576   576 W IPCThreadState: Sending oneway calls to frozen process.
07-27 05:15:16.152  1436  2427 I AiAiEcho: Settings changed for uri: content://settings/secure/accessibility_enabled
07-27 05:15:16.153   576   576 W IPCThreadState: Sending oneway calls to frozen process.
07-27 05:15:16.153   576   576 W IPCThreadState: Sending oneway calls to frozen process.
07-27 05:15:16.153   576   576 W IPCThreadState: Sending oneway calls to frozen process.
07-27 05:15:16.154   576   576 W IPCThreadState: Sending oneway calls to frozen process.
07-27 05:15:16.154  1436  1698 I AiAiEcho: Predicting[0]:  [CONTEXT sampling_count=5 ]
07-27 05:15:16.154   576   576 W IPCThreadState: Sending oneway calls to frozen process.
07-27 05:15:16.154   576   576 W IPCThreadState: Sending oneway calls to frozen process.
07-27 05:15:16.154   576   576 W IPCThreadState: Sending oneway calls to frozen process.
07-27 05:15:16.154   576   576 W IPCThreadState: Sending oneway calls to frozen process.
07-27 05:15:16.154   576   576 W IPCThreadState: Sending oneway calls to frozen process.
07-27 05:15:16.155  1436  1698 I AiAiEcho: EchoTargets: 
07-27 05:15:16.155  1436  1698 I AiAiEcho: Filtered by AiAi flag check: 
07-27 05:15:16.155  1436  1698 I AiAiEcho: [CONTEXT ratelimit_period="10 SECONDS" ]
07-27 05:15:16.156   576   576 W IPCThreadState: Sending oneway calls to frozen process.
07-27 05:15:16.159   576   576 W IPCThreadState: Sending oneway calls to frozen process.
07-27 05:15:16.159   576   576 W IPCThreadState: Sending oneway calls to frozen process.
07-27 05:15:16.159   576   576 W IPCThreadState: Sending oneway calls to frozen process.
07-27 05:15:16.159  1436  1698 I AiAiEcho: Ranked targets strategy: SORT, count: 0, ranking metadata:  [CONTEXT ratelimit_period="10 SECONDS" ]
07-27 05:15:16.160  1436  1698 I AiAiEcho: #remoteViewsTwiddler: feature disabled.
07-27 05:15:16.160  1436  1698 I AiAiEcho: Predicting[0]:  [CONTEXT sampling_count=5 ]
07-27 05:15:16.160  1436  1698 I AiAiEcho: EchoTargets: 
07-27 05:15:16.160  1436  1698 I AiAiEcho: Filtered by AiAi flag check: 
07-27 05:15:16.160  1436  1698 I AiAiEcho: [CONTEXT ratelimit_period="10 SECONDS" ]
07-27 05:15:16.160  1436  1698 I AiAiEcho: Ranked targets strategy: SORT, count: 0, ranking metadata:  [CONTEXT ratelimit_period="10 SECONDS" ]
07-27 05:15:16.160  1436  1698 I AiAiEcho: #remoteViewsTwiddler: feature disabled.
07-27 05:15:16.160  1436  1698 I AiAiEcho: Predicting[0]:  [CONTEXT sampling_count=5 ]
07-27 05:15:16.160  1436  1698 I AiAiEcho: EchoTargets: 
07-27 05:15:16.160  1436  1698 I AiAiEcho: Filtered by AiAi flag check: 
07-27 05:15:16.160  1436  1698 I AiAiEcho: [CONTEXT ratelimit_period="10 SECONDS" ]
07-27 05:15:16.160  1436  1698 I AiAiEcho: Ranked targets strategy: SORT, count: 0, ranking metadata:  [CONTEXT ratelimit_period="10 SECONDS" ]
07-27 05:15:16.160  1436  1698 I AiAiEcho: #remoteViewsTwiddler: feature disabled.
07-27 05:15:16.160  1436  1698 I AiAiEcho: #postPredictionTargets: Sending updates to UISurface media_data_manager with targets# 0 (types=[])
07-27 05:15:16.161  1436  1698 I AiAiEcho: #postPredictionTargets: Sending updates to UISurface lockscreen with targets# 0 (types=[])
07-27 05:15:16.161  1436  1698 I AiAiEcho: #postPredictionTargets: Sending updates to UISurface home with targets# 0 (types=[])
07-27 05:15:16.161  1306  1306 D SsBaseTemplateCard: No text view can be set up
07-27 05:15:16.161  1306  1306 D SsBaseTemplateCard: Passed-in item info is null
07-27 05:15:16.161  1306  1306 D SsBaseTemplateCard: Passed-in item info is null
07-27 05:15:16.161  1306  1306 D SsBaseTemplateCard: Passed-in item info is null
07-27 05:15:16.161  1306  1306 I SsBaseTemplateCard: Secondary card pane is null
07-27 05:15:16.163   820   820 W PageIndicator: Total number of pages invalid: 0. Assuming 1 page.
07-27 05:15:16.164   820   820 D SsMediaDataProvider: Forwarding Smartspace updates []
07-27 05:15:17.118  3315  3346 D EGL_emulation: app_time_stats: avg=26.64ms min=2.49ms max=74.01ms count=28
07-27 05:15:18.141  3315  3346 D EGL_emulation: app_time_stats: avg=33.34ms min=21.40ms max=46.36ms count=29
07-27 05:15:18.532   576   599 I DropBoxManagerService: add tag=system_server_strictmode isTagEnabled=true flags=0x2
07-27 05:15:18.542   576   599 I DropBoxManagerService: add tag=system_server_strictmode isTagEnabled=true flags=0x2
07-27 05:15:18.542   576   599 I DropBoxManagerService: add tag=system_server_strictmode isTagEnabled=true flags=0x2
07-27 05:15:18.542   576   599 I DropBoxManagerService: add tag=system_server_strictmode isTagEnabled=true flags=0x2
07-27 05:15:18.542   576   599 I DropBoxManagerService: add tag=system_server_strictmode isTagEnabled=true flags=0x2
07-27 05:15:18.542   576   599 I DropBoxManagerService: add tag=system_server_strictmode isTagEnabled=true flags=0x2
07-27 05:15:18.542   576   599 I DropBoxManagerService: add tag=system_server_strictmode isTagEnabled=true flags=0x2
07-27 05:15:18.542   576   599 I DropBoxManagerService: add tag=system_server_strictmode isTagEnabled=true flags=0x2
07-27 05:15:18.542   576   599 I DropBoxManagerService: add tag=system_server_strictmode isTagEnabled=true flags=0x2
07-27 05:15:18.542   576   599 I DropBoxManagerService: add tag=system_server_strictmode isTagEnabled=true flags=0x2
07-27 05:15:19.148  3315  3346 D EGL_emulation: app_time_stats: avg=37.94ms min=13.50ms max=187.49ms count=21
07-27 05:15:19.219  1370  1593 I ProtoXDBBufferWrapper: ProtoXDBBufferWrapper.flushToStorage():158 Flushed 7 data item(s) to storage.
07-27 05:15:19.489  3315  3315 E FrameTracker: force finish cuj, time out: J<IME_INSETS_HIDE_ANIMATION::1@1@com.mediology.sinsinapp>
07-27 05:15:19.733   576  2013 D OomAdjuster: Not killing cached processes
07-27 05:15:19.916   443   443 W adbd    : timeout expired while flushing socket, closing
07-27 05:15:20.018   443   443 W adbd    : timeout expired while flushing socket, closing
07-27 05:15:20.167  3315  3346 D EGL_emulation: app_time_stats: avg=33.05ms min=16.41ms max=44.73ms count=27
07-27 05:15:20.492  1044  1044 D BoundBrokerSvc: onUnbind: Intent { act=com.google.android.gms.auth.aang.events.services.START dat=chimera-action:/... cmp=com.google.android.gms/.chimera.PersistentApiService }
07-27 05:15:20.492  1571  1571 D BoundBrokerSvc: onUnbind: Intent { act=com.google.android.gms.wallet.service.BIND pkg=com.google.android.gms }
07-27 05:15:20.513  1571  1571 D BoundBrokerSvc: onUnbind: Intent { act=com.google.android.gms.chromesync.service.zeroparty.START dat=chimera-action:/... cmp=com.google.android.gms/.chimera.GmsApiService }
07-27 05:15:20.587  1571  1571 D BoundBrokerSvc: onUnbind: Intent { act=com.google.android.gms.auth.key.retrieval.service.START dat=chimera-action:/... cmp=com.google.android.gms/.chimera.GmsApiService }
07-27 05:15:20.740  1571  1571 D BoundBrokerSvc: onUnbind: Intent { act=com.google.android.mdd.service.START dat=chimera-action:/... cmp=com.google.android.gms/.chimera.GmsBoundBrokerService }
07-27 05:15:20.815  1571  1571 D BoundBrokerSvc: onUnbind: Intent { act=com.google.firebase.dynamiclinks.service.START pkg=com.google.android.gms }
07-27 05:15:21.182  3315  3346 D EGL_emulation: app_time_stats: avg=34.45ms min=18.03ms max=46.65ms count=26
07-27 05:15:21.200  1044  3895 I NearbyMediums: No BLE Fast/GATT advertisements found in the latest cycle.
07-27 05:15:22.264  3315  3346 D EGL_emulation: app_time_stats: avg=29.49ms min=4.57ms max=50.15ms count=27
07-27 05:15:22.419   576   597 I GnssLocationProvider: WakeLock acquired by handleDownloadPsdsData()
07-27 05:15:22.421   576  3993 E GnssPsdsDownloader: No Long-Term PSDS servers were specified in the GnssConfiguration
07-27 05:15:23.268  3315  3346 D EGL_emulation: app_time_stats: avg=34.79ms min=13.15ms max=108.21ms count=25
07-27 05:15:24.244  1370  1593 I VoiceInputManagerWrapper: VoiceInputManagerWrapper.shutdownVoiceInternal():140 shutdownVoiceInternal()
07-27 05:15:24.281  3315  3346 D EGL_emulation: app_time_stats: avg=34.88ms min=16.70ms max=81.77ms count=22
07-27 05:15:24.756   576   723 E WifiScoringParams: Invalid frequency(-1), using 5G as default rssi array
07-27 05:15:25.331  3315  3346 D EGL_emulation: app_time_stats: avg=40.03ms min=7.22ms max=118.29ms count=19
07-27 05:15:26.197   576   938 W MagnificationConnectionManager: requestConnection duplicated request: connect=false, mConnectionState=DISCONNECTED
07-27 05:15:26.197   576   938 D AccessibilityManagerService: restoreCurrentUserForTestAutomationIfNeededLocked(): ignoring because device doesn't support visible background users
07-27 05:15:26.198   576   576 W IPCThreadState: Sending oneway calls to frozen process.
07-27 05:15:26.198   576   576 W IPCThreadState: Sending oneway calls to frozen process.
07-27 05:15:26.198   576   576 W IPCThreadState: Sending oneway calls to frozen process.
07-27 05:15:26.198   576   576 W IPCThreadState: Sending oneway calls to frozen process.
07-27 05:15:26.199   576   576 W IPCThreadState: Sending oneway calls to frozen process.
07-27 05:15:26.199   576   576 W IPCThreadState: Sending oneway calls to frozen process.
07-27 05:15:26.199   576   576 W IPCThreadState: Sending oneway calls to frozen process.
07-27 05:15:26.199   576   576 W IPCThreadState: Sending oneway calls to frozen process.
07-27 05:15:26.199   576   576 W IPCThreadState: Sending oneway calls to frozen process.
07-27 05:15:26.199   576   576 W IPCThreadState: Sending oneway calls to frozen process.
07-27 05:15:26.201   576   576 W IPCThreadState: Sending oneway calls to frozen process.
07-27 05:15:26.201   576   576 W IPCThreadState: Sending oneway calls to frozen process.
07-27 05:15:26.201   576   576 W IPCThreadState: Sending oneway calls to frozen process.
07-27 05:15:26.201   576   576 W IPCThreadState: Sending oneway calls to frozen process.
07-27 05:15:26.201   576   576 W IPCThreadState: Sending oneway calls to frozen process.
07-27 05:15:26.201   576   576 W IPCThreadState: Sending oneway calls to frozen process.
07-27 05:15:26.201   576   576 W IPCThreadState: Sending oneway calls to frozen process.
07-27 05:15:26.201   576   576 W IPCThreadState: Sending oneway calls to frozen process.
07-27 05:15:26.201   576   576 W IPCThreadState: Sending oneway calls to frozen process.
07-27 05:15:26.201   576   576 W IPCThreadState: Sending oneway calls to frozen process.
07-27 05:15:26.201   576   576 W IPCThreadState: Sending oneway calls to frozen process.
07-27 05:15:26.201   576   576 D BatterySaverPolicy: accessibility changed to false, updating policy.
07-27 05:15:26.203  1436  1452 I AiAiEcho: Settings changed for uri: content://settings/secure/accessibility_enabled
07-27 05:15:26.204  3977  3977 D AndroidRuntime: Shutting down VM
07-27 05:15:26.205  1436  1698 I AiAiEcho: Predicting[0]:  [CONTEXT sampling_count=5 ]
07-27 05:15:26.206  1436  1698 I AiAiEcho: EchoTargets: 
07-27 05:15:26.206  1436  1698 I AiAiEcho: Filtered by AiAi flag check: 
07-27 05:15:26.206  1436  1698 I AiAiEcho: [CONTEXT ratelimit_period="10 SECONDS" ]
07-27 05:15:26.206  1436  1698 I AiAiEcho: Ranked targets strategy: SORT, count: 0, ranking metadata:  [CONTEXT ratelimit_period="10 SECONDS" ]
07-27 05:15:26.206  1436  1698 I AiAiEcho: #remoteViewsTwiddler: feature disabled.
07-27 05:15:26.213  1436  1698 I AiAiEcho: Predicting[0]:  [CONTEXT sampling_count=5 ]
07-27 05:15:26.213  1436  1698 I AiAiEcho: EchoTargets: 
07-27 05:15:26.213  1436  1698 I AiAiEcho: Filtered by AiAi flag check: 
07-27 05:15:26.213  1436  1698 I AiAiEcho: [CONTEXT ratelimit_period="10 SECONDS" ]
07-27 05:15:26.214  1436  1698 I AiAiEcho: Ranked targets strategy: SORT, count: 0, ranking metadata:  [CONTEXT ratelimit_period="10 SECONDS" ]
07-27 05:15:26.214  1436  1698 I AiAiEcho: #remoteViewsTwiddler: feature disabled.
07-27 05:15:26.214  1436  1698 I AiAiEcho: Predicting[0]:  [CONTEXT sampling_count=5 ]
07-27 05:15:26.214  1436  1698 I AiAiEcho: EchoTargets: 
07-27 05:15:26.214  1436  1698 I AiAiEcho: Filtered by AiAi flag check: 
07-27 05:15:26.214  1436  1698 I AiAiEcho: [CONTEXT ratelimit_period="10 SECONDS" ]
07-27 05:15:26.214  1436  1698 I AiAiEcho: Ranked targets strategy: SORT, count: 0, ranking metadata:  [CONTEXT ratelimit_period="10 SECONDS" ]
07-27 05:15:26.214  1436  1698 I AiAiEcho: #remoteViewsTwiddler: feature disabled.
07-27 05:15:26.214  1436  1698 I AiAiEcho: #postPredictionTargets: Sending updates to UISurface media_data_manager with targets# 0 (types=[])
07-27 05:15:26.214  1436  1698 I AiAiEcho: #postPredictionTargets: Sending updates to UISurface lockscreen with targets# 0 (types=[])
07-27 05:15:26.215  1436  1698 I AiAiEcho: #postPredictionTargets: Sending updates to UISurface home with targets# 0 (types=[])
07-27 05:15:26.226  1306  1306 D SsBaseTemplateCard: No text view can be set up
07-27 05:15:26.226  1306  1306 D SsBaseTemplateCard: Passed-in item info is null
07-27 05:15:26.226  1306  1306 D SsBaseTemplateCard: Passed-in item info is null
07-27 05:15:26.226  1306  1306 D SsBaseTemplateCard: Passed-in item info is null
07-27 05:15:26.226  1306  1306 I SsBaseTemplateCard: Secondary card pane is null
07-27 05:15:26.236   820   820 W PageIndicator: Total number of pages invalid: 0. Assuming 1 page.
07-27 05:15:26.237   820   820 D SsMediaDataProvider: Forwarding Smartspace updates []
07-27 05:15:26.335  3315  3346 D EGL_emulation: app_time_stats: avg=27.43ms min=14.93ms max=49.62ms count=26
07-27 05:15:27.191   169   169 I logd    : logdr: UID=2000 GID=2000 PID=3997 n tail=3000 logMask=99 pid=0 start=0ns deadline=0ns
07-27 05:15:27.337  3315  3346 D EGL_emulation: app_time_stats: avg=28.24ms min=12.90ms max=50.59ms count=24
07-27 05:15:28.355  3315  3346 D EGL_emulation: app_time_stats: avg=36.13ms min=18.13ms max=49.73ms count=25
07-27 05:15:28.662   576   938 D WifiNl80211Manager: Scan result ready event
07-27 05:15:28.670   576   938 D WifiNative: Scan result ready event
07-27 05:15:28.796   576   723 I HalDevMgr: bestIfaceCreationProposal is null, requestIface=STA, existingIface=[name=wlan0 type=STA]
07-27 05:15:29.385  3315  3346 D EGL_emulation: app_time_stats: avg=31.00ms min=14.69ms max=53.90ms count=25
07-27 05:15:29.811  1450  1759 I BistoHotwordHelper: (REDACTED) getHotwordActive::active query: %s, watch: %s, devices connected: %s
07-27 05:15:30.425  3315  3346 D EGL_emulation: app_time_stats: avg=36.60ms min=13.43ms max=69.26ms count=25
07-27 05:15:31.116   380  4002 I resolv  : GetAddrInfoHandler::run: {100 786532 100 983140 10144 0}
07-27 05:15:31.121   380  4003 I resolv  : res_nmkquery: (QUERY, IN, AAAA)
07-27 05:15:31.121   380  4004 I resolv  : res_nmkquery: (QUERY, IN, A)
07-27 05:15:31.121   380  4003 I resolv  : resolv_cache_lookup: FOUND IN CACHE entry=0xb4000075fd2862d0
07-27 05:15:31.121   380  4003 I resolv  : doQuery: rcode=0, ancount=8, return value=274
07-27 05:15:31.123   380  4004 I resolv  : resolv_cache_lookup: FOUND IN CACHE entry=0xb40000744d287370
07-27 05:15:31.123   380  4004 I resolv  : doQuery: rcode=0, ancount=8, return value=178
07-27 05:15:31.201  1044  3130 I NearbyMediums: No BLE Fast/GATT advertisements found in the latest cycle.
07-27 05:15:31.463  3315  3346 D EGL_emulation: app_time_stats: avg=30.38ms min=2.55ms max=57.38ms count=25
07-27 05:15:31.849   380  4006 I resolv  : GetAddrInfoHandler::run: {100 786532 100 983140 10144 0}
07-27 05:15:31.850   380  4008 I resolv  : res_nmkquery: (QUERY, IN, A)
07-27 05:15:31.851   380  4008 I resolv  : resolv_cache_lookup: FOUND IN CACHE entry=0xb40000744d285950
07-27 05:15:31.851   380  4008 I resolv  : doQuery: rcode=0, ancount=8, return value=173
07-27 05:15:31.854   380  4007 I resolv  : res_nmkquery: (QUERY, IN, AAAA)
07-27 05:15:31.854   380  4007 I resolv  : resolv_cache_lookup: FOUND IN CACHE entry=0xb4000075fd284a50
07-27 05:15:31.854   380  4007 I resolv  : doQuery: rcode=0, ancount=8, return value=269
07-27 05:15:32.012   820  1047 D EGL_emulation: app_time_stats: avg=31999.33ms min=31999.33ms max=31999.33ms count=1
07-27 05:15:32.492  3315  3346 D EGL_emulation: app_time_stats: avg=33.25ms min=2.09ms max=69.29ms count=26
07-27 05:15:33.278   380  4009 I resolv  : GetAddrInfoHandler::run: {100 786532 100 983140 10144 0}
07-27 05:15:33.278   380  4010 I resolv  : res_nmkquery: (QUERY, IN, AAAA)
07-27 05:15:33.279   380  4010 I resolv  : resolv_cache_lookup: FOUND IN CACHE entry=0xb4000075fd284190
07-27 05:15:33.279   380  4010 I resolv  : doQuery: rcode=0, ancount=8, return value=273
07-27 05:15:33.279   380  4011 I resolv  : res_nmkquery: (QUERY, IN, A)
07-27 05:15:33.297   380  4011 I resolv  : res_nsend: used send_dg 177 terrno: 0
07-27 05:15:33.297   380  4011 I resolv  : doQuery: rcode=0, ancount=8, return value=177
07-27 05:15:33.520  3315  3346 D EGL_emulation: app_time_stats: avg=32.94ms min=14.81ms max=51.43ms count=26
07-27 05:15:34.544  3315  3346 D EGL_emulation: app_time_stats: avg=31.55ms min=11.51ms max=50.90ms count=24
07-27 05:15:35.547  3315  3346 D EGL_emulation: app_time_stats: avg=31.84ms min=11.58ms max=51.32ms count=24
07-27 05:15:35.631   576   679 D OomAdjuster: Not killing cached processes
07-27 05:15:35.727  1044  2099 I NetworkScheduler.Stats: Task com.google.android.gms/com.google.android.gms.tapandpay.gcmtask.TapAndPayGcmTaskService started execution. cause:4 exec_start_elapsed_seconds: 328 [CONTEXT service_id=218 ]
07-27 05:15:35.744  1571  4015 I ChimeraConfigurator: Starting update, reason: 4 urgentFeatures: vision.ocr:-1
07-27 05:15:35.754  1044  2237 W TapAndPay: NfcAdapter is null while obtaining CardEmulation instance. [CONTEXT service_id=79 ]
07-27 05:15:35.754  1044  2237 W TapAndPay: java.lang.NullPointerException: NfcAdapter is null
07-27 05:15:35.754  1044  2237 W TapAndPay: 	at android.nfc.cardemulation.CardEmulation.getInstance(CardEmulation.java:170)
07-27 05:15:35.754  1044  2237 W TapAndPay: 	at dhwn.<init>(:com.google.android.gms@242335038@24.23.35 (190400-646585959):15)
07-27 05:15:35.754  1044  2237 W TapAndPay: 	at com.google.android.gms.tapandpay.hce.task.TapAndPayAidRegistrationTaskOperation.a(:com.google.android.gms@242335038@24.23.35 (190400-646585959):50)
07-27 05:15:35.754  1044  2237 W TapAndPay: 	at com.google.android.gms.tapandpay.gcmtask.TapAndPayGcmTaskChimeraService.a(:com.google.android.gms@242335038@24.23.35 (190400-646585959):32)
07-27 05:15:35.754  1044  2237 W TapAndPay: 	at bpjj.call(:com.google.android.gms@242335038@24.23.35 (190400-646585959):32)
07-27 05:15:35.754  1044  2237 W TapAndPay: 	at java.util.concurrent.FutureTask.run(FutureTask.java:264)
07-27 05:15:35.754  1044  2237 W TapAndPay: 	at angs.c(:com.google.android.gms@242335038@24.23.35 (190400-646585959):50)
07-27 05:15:35.754  1044  2237 W TapAndPay: 	at angs.run(:com.google.android.gms@242335038@24.23.35 (190400-646585959):76)
07-27 05:15:35.754  1044  2237 W TapAndPay: 	at java.util.concurrent.ThreadPoolExecutor.runWorker(ThreadPoolExecutor.java:1145)
07-27 05:15:35.754  1044  2237 W TapAndPay: 	at java.util.concurrent.ThreadPoolExecutor$Worker.run(ThreadPoolExecutor.java:644)
07-27 05:15:35.754  1044  2237 W TapAndPay: 	at anmg.run(:com.google.android.gms@242335038@24.23.35 (190400-646585959):8)
07-27 05:15:35.754  1044  2237 W TapAndPay: 	at java.lang.Thread.run(Thread.java:1012)
07-27 05:15:35.821  1044  2237 I NetworkScheduler.Stats: Task com.google.android.gms/com.google.android.gms.tapandpay.gcmtask.TapAndPayGcmTaskService finished executing. cause:4 result: 3 elapsed_millis: 102 uptime_millis: 102 exec_start_elapsed_seconds: 328 [CONTEXT service_id=218 ]
07-27 05:15:35.859  1571  4015 I ChimeraConfigurator: Detected pending changes for urgent request: [vision.ocr]. Pending module sets: container:2423359190400+mlkit.ocr.common+vision.ocr,tflite_dynamite:2605805025100400+tflite_dynamite
07-27 05:15:35.881  1571  4015 I GmsDebugLogger: [73] 1801
07-27 05:15:35.882  1571  4015 W ZappDownloader: No successful Zapp module downloads for requested modules [VisionOcr.optional:242335100000:permitMetered, TfliteDynamiteDynamite.integ:260580502100400:permitMetered, MlkitOcrCommon.optional:242335100400:permitMetered].
07-27 05:15:35.882  1571  4015 I GmsDebugLogger: [30] [VisionOcr.optional:242335100000],[TfliteDynamiteDynamite.integ:260580502100400],[MlkitOcrCommon.optional:242335100400]
07-27 05:15:35.884  1571  4015 W ChimeraConfigService: Retry attempt was throttled. [CONTEXT service_id=264 ]
07-27 05:15:35.884  1571  4015 I GmsDebugLogger: [83] 1 [vision.ocr]
07-27 05:15:35.890  1571  4014 W Vision  : Request for optional module download of ocr failed. Request again.
07-27 05:15:35.891  1571  4014 W Vision  : Would have logged:
07-27 05:15:35.891  1571  4014 W Vision  : # fbxl@37884fe7
07-27 05:15:35.891  1571  4014 I Vision  : Schedule retrying download ocr at 329023 with backoff 160 seconds
07-27 05:15:35.940  1044  2099 I NetworkScheduler.Stats: Task com.google.android.gms/com.google.android.gms.tapandpay.gcmtask.TapAndPayGcmTaskService started execution. cause:5 exec_start_elapsed_seconds: 329 [CONTEXT service_id=218 ]
07-27 05:15:35.961  1044  2237 I TapAndPay: deviceSupportsHce has detected emulator [CONTEXT service_id=79 ]
07-27 05:15:35.985  1044  3991 I NetworkScheduler.Stats: Task com.google.android.gms/com.google.android.gms.tapandpay.gcmtask.TapAndPayGcmTaskService finished executing. cause:5 result: 1 elapsed_millis: 64 uptime_millis: 64 exec_start_elapsed_seconds: 329 [CONTEXT service_id=218 ]
07-27 05:15:36.562  3315  3346 D EGL_emulation: app_time_stats: avg=30.76ms min=4.04ms max=44.57ms count=26
07-27 05:15:37.128   576   675 I RescueParty: Starting to observe: [com.google.android.providers.media.module, android], updated namespace: storage_native_boot
07-27 05:15:37.168   898  1107 W BtGatt.ScanManager: Moving filtered scan client to downgraded scan (scannerId 1)
07-27 05:15:37.168   576   607 I PackageWatchdog: Syncing state, reason: observing new packages
07-27 05:15:37.168   576   607 D PackageWatchdog: rescue-party-observer added the following packages to monitor [com.google.android.providers.media.module, android]
07-27 05:15:37.168   576   607 I PackageWatchdog: Syncing state, reason: updated observers
07-27 05:15:37.168   576   607 I PackageWatchdog: Saving observer state to file
07-27 05:15:37.177   576   834 E SettingsToPropertiesMapper: key=persist.device_config.storage_native_boot.transcode_compat_manifest value=com.yelp.android,0,com.yy.biu,0,com.groupme.android,0,air.tv.douyu.android,0,com.baidu.mbaby,0,com.vlocker.locker,0,com.znxh.hyhuo,0,com.yixia.xiaokaxiu,0 exceeds system property max length.
07-27 05:15:37.180   576   834 E SettingsToPropertiesMapper: key=persist.device_config.aconfig_flags.storage_native_boot.transcode_compat_manifest value=com.yelp.android,0,com.yy.biu,0,com.groupme.android,0,air.tv.douyu.android,0,com.baidu.mbaby,0,com.vlocker.locker,0,com.znxh.hyhuo,0,com.yixia.xiaokaxiu,0 exceeds system property max length.
07-27 05:15:37.199   576   576 I PackageWatchdog: Syncing health check requests for packages: {}
07-27 05:15:37.200   576   576 I ExplicitHealthCheckController: Service not ready to get health check supported packages. Binding...
07-27 05:15:37.203   576   576 I ExplicitHealthCheckController: Explicit health check service is bound
07-27 05:15:37.229   898  1107 I bt_shim_scanner: system/main/shim/le_scanning_manager.cc:179 Scan: in shim layer stopped
07-27 05:15:37.236   576   576 I ExplicitHealthCheckController: Explicit health check service is connected ComponentInfo{com.google.android.ext.services/android.ext.services.watchdog.ExplicitHealthCheckServiceImpl}
07-27 05:15:37.236  1423  1557 D PickerSyncLockManager: Trying to acquire lock com.android.providers.media.photopicker.sync.CloseableReentrantLock@38e7211[Unlocked]. Lock Name = CLOUD_PROVIDER_LOCK. Threads that may be waiting to acquire this lock = []
07-27 05:15:37.238   576   576 I ExplicitHealthCheckController: Service initialized, syncing requests
07-27 05:15:37.238   576   576 I PackageWatchdog: Syncing health check requests for packages: {}
07-27 05:15:37.242   576   576 D ExplicitHealthCheckController: Getting health check supported packages
07-27 05:15:37.243  1423  1634 D PickerSyncLockManager: Trying to acquire lock com.android.providers.media.photopicker.sync.CloseableReentrantLock@38e7211[Locked by thread com.android.providers.media.internal.modules.utils.BackgroundThread]. Lock Name = CLOUD_PROVIDER_LOCK. Threads that may be waiting to acquire this lock = []
07-27 05:15:37.244   898  1107 I bt_shim_scanner: system/main/shim/le_scanning_manager.cc:361 SetScanParameters: in shim layer
07-27 05:15:37.244   898  1107 I bt_shim_scanner: system/main/shim/le_scanning_manager.cc:179 Scan: in shim layer started
07-27 05:15:37.244   898  1082 I bluetooth: system/gd/hci/le_address_manager.cc:244 unregister_client: Client unregistered
07-27 05:15:37.246   576  1730 I ExplicitHealthCheckController: Explicit health check supported packages [PackageConfig{com.google.android.networkstack, 86400000}]
07-27 05:15:37.246   576  1730 D PackageWatchdog: Received supported packages [PackageConfig{com.google.android.networkstack, 86400000}]
07-27 05:15:37.246   576  1730 D ExplicitHealthCheckController: Getting health check requested packages
07-27 05:15:37.262  1423  1557 D CloseableReentrantLock: Successfully acquired lock com.android.providers.media.photopicker.sync.CloseableReentrantLock@38e7211[Locked by thread com.android.providers.media.internal.modules.utils.BackgroundThread]. Lock Name = CLOUD_PROVIDER_LOCK. Threads that may be waiting to acquire this lock = [Thread[fg,5,main]]
07-27 05:15:37.262   576  1730 I ExplicitHealthCheckController: Explicit health check requested packages []
07-27 05:15:37.262   576  1730 I ExplicitHealthCheckController: No more health check requests, unbinding...
07-27 05:15:37.263   576  1730 I ExplicitHealthCheckController: Explicit health check service is unbound
07-27 05:15:37.319   898  1082 I bluetooth: system/gd/hci/le_scanning_manager.cc:636 stop_scan: Scanning already stopped, return!
07-27 05:15:37.319  1423  1557 D CloudProviderUtils: Available CloudMediaProvider-s: [CloudProviderInfo{authority='com.google.android.apps.photos.cloudpicker', pkg='com.google.android.apps.photos', uid=10168}]
07-27 05:15:37.319  1423  1557 I PickerSyncController: Only 1 cloud provider found, hence com.google.android.apps.photos.cloudpicker is the default
07-27 05:15:37.319  1423  1557 D PickerSyncLockManager: Trying to acquire lock com.android.providers.media.photopicker.sync.CloseableReentrantLock@38e7211[Locked by thread com.android.providers.media.internal.modules.utils.BackgroundThread]. Lock Name = CLOUD_PROVIDER_LOCK. Threads that may be waiting to acquire this lock = [Thread[fg,5,main]]
07-27 05:15:37.319  1423  1557 D CloseableReentrantLock: Successfully acquired lock com.android.providers.media.photopicker.sync.CloseableReentrantLock@38e7211[Locked by thread com.android.providers.media.internal.modules.utils.BackgroundThread]. Lock Name = CLOUD_PROVIDER_LOCK. Threads that may be waiting to acquire this lock = [Thread[fg,5,main]]
07-27 05:15:37.319  1423  1557 D CloseableReentrantLock: Successfully released lock com.android.providers.media.photopicker.sync.CloseableReentrantLock@38e7211[Locked by thread com.android.providers.media.internal.modules.utils.BackgroundThread]. Lock Name = CLOUD_PROVIDER_LOCK. Threads that may be waiting to acquire this lock = [Thread[fg,5,main]]
07-27 05:15:37.319  1423  1557 D PickerSyncController: Initialized cloud provider to: com.google.android.apps.photos.cloudpicker
07-27 05:15:37.319  1423  1634 D CloseableReentrantLock: Successfully acquired lock com.android.providers.media.photopicker.sync.CloseableReentrantLock@38e7211[Locked by thread fg]. Lock Name = CLOUD_PROVIDER_LOCK. Threads that may be waiting to acquire this lock = []
07-27 05:15:37.319  1423  1634 D CloseableReentrantLock: Successfully released lock com.android.providers.media.photopicker.sync.CloseableReentrantLock@38e7211[Unlocked]. Lock Name = CLOUD_PROVIDER_LOCK. Threads that may be waiting to acquire this lock = []
07-27 05:15:37.319  1423  1557 D CloseableReentrantLock: Successfully released lock com.android.providers.media.photopicker.sync.CloseableReentrantLock@38e7211[Unlocked]. Lock Name = CLOUD_PROVIDER_LOCK. Threads that may be waiting to acquire this lock = []
07-27 05:15:37.320   898  1082 I bluetooth: system/gd/hci/le_address_manager.cc:229 register_client: Client registered
07-27 05:15:37.349  1044  4013 I PlatformConfigurator: updateFromConfigurations using legacy put method [CONTEXT service_id=204 ]
07-27 05:15:37.357  1423  1557 I SyncWorkManager: Scheduling periodic proactive syncs
07-27 05:15:37.426  1044  1051 I .gms.persistent: Background concurrent mark compact GC freed 11MB AllocSpace bytes, 53(2704KB) LOS objects, 50% free, 16MB/32MB, paused 246us,1.028ms total 304.266ms
07-27 05:15:37.436  1044  1053 W System  : A resource failed to call close. 
07-27 05:15:37.516  1423  1557 I SyncWorkManager: Scheduling periodic picker album data resets
07-27 05:15:37.519  1423  1557 I MediaProvider: Changed PhotoPickerActivity component state to STATE_ENABLED ( 1 )
07-27 05:15:37.522  1423  1557 I MediaProvider: Changed PhotoPickerGetContentActivity component state to STATE_ENABLED ( 1 )
07-27 05:15:37.524  1423  1557 I MediaProvider: Changed PhotoPickerUserSelectActivity component state to STATE_ENABLED ( 1 )
07-27 05:15:37.526  1423  1557 I MediaApplication: PhotoPickerSettingsActivity is now enabled
07-27 05:15:37.526  1423  1557 I TranscodeHelper: Empty transcode compat stale
07-27 05:15:37.545  1423  1557 I TranscodeHelper: Parsed 0 packages from resource
07-27 05:15:37.545  1423  1557 I TranscodeHelper: Parsed 8 packages from device config
07-27 05:15:37.587  3315  3346 D EGL_emulation: app_time_stats: avg=27.67ms min=3.15ms max=43.74ms count=27
07-27 05:15:37.656   576   675 I RescueParty: Starting to observe: [android], updated namespace: clipboard
07-27 05:15:37.657   576   607 I PackageWatchdog: Syncing state, reason: observing new packages
07-27 05:15:37.657   576   607 D PackageWatchdog: rescue-party-observer added the following packages to monitor [android]
07-27 05:15:37.657   576   607 I PackageWatchdog: Syncing state, reason: updated observers
07-27 05:15:37.657   576   607 I PackageWatchdog: Not pruning observers, elapsed time: 0ms
07-27 05:15:37.657   576   607 I PackageWatchdog: Saving observer state to file
07-27 05:15:37.658   576   576 I PackageWatchdog: Syncing health check requests for packages: {}
07-27 05:15:37.659   576   576 I ExplicitHealthCheckController: Service not ready to get health check supported packages. Binding...
07-27 05:15:37.668   576   576 I ExplicitHealthCheckController: Explicit health check service is bound
07-27 05:15:37.678   576   576 I ExplicitHealthCheckController: Explicit health check service is connected ComponentInfo{com.google.android.ext.services/android.ext.services.watchdog.ExplicitHealthCheckServiceImpl}
07-27 05:15:37.680   576   576 I ExplicitHealthCheckController: Service initialized, syncing requests
07-27 05:15:37.680   576   576 I PackageWatchdog: Syncing health check requests for packages: {}
07-27 05:15:37.680   576   576 D ExplicitHealthCheckController: Getting health check supported packages
07-27 05:15:37.685   576  1307 I ExplicitHealthCheckController: Explicit health check supported packages [PackageConfig{com.google.android.networkstack, 86400000}]
07-27 05:15:37.685   576  1307 D PackageWatchdog: Received supported packages [PackageConfig{com.google.android.networkstack, 86400000}]
07-27 05:15:37.686   576  1307 D ExplicitHealthCheckController: Getting health check requested packages
07-27 05:15:37.691   576  1307 I ExplicitHealthCheckController: Explicit health check requested packages []
07-27 05:15:37.691   576  1307 I ExplicitHealthCheckController: No more health check requests, unbinding...
07-27 05:15:37.692   576  1307 I ExplicitHealthCheckController: Explicit health check service is unbound
07-27 05:15:37.734   576   675 I RescueParty: Starting to observe: [android], updated namespace: nearby
07-27 05:15:37.776   576   607 I PackageWatchdog: Syncing state, reason: observing new packages
07-27 05:15:37.776   576   607 D PackageWatchdog: rescue-party-observer added the following packages to monitor [android]
07-27 05:15:37.776   576   607 I PackageWatchdog: Syncing state, reason: updated observers
07-27 05:15:37.776   576   607 I PackageWatchdog: Not pruning observers, elapsed time: 0ms
07-27 05:15:37.776   576   607 I PackageWatchdog: Saving observer state to file
07-27 05:15:37.794   576   576 I PackageWatchdog: Syncing health check requests for packages: {}
07-27 05:15:37.794   576   576 I ExplicitHealthCheckController: Service not ready to get health check supported packages. Binding...
07-27 05:15:37.804   576   576 I ExplicitHealthCheckController: Explicit health check service is bound
07-27 05:15:37.807   576   576 I ExplicitHealthCheckController: Explicit health check service is connected ComponentInfo{com.google.android.ext.services/android.ext.services.watchdog.ExplicitHealthCheckServiceImpl}
07-27 05:15:37.807   576   576 I ExplicitHealthCheckController: Service initialized, syncing requests
07-27 05:15:37.807   576   576 I PackageWatchdog: Syncing health check requests for packages: {}
07-27 05:15:37.807   576   576 D ExplicitHealthCheckController: Getting health check supported packages
07-27 05:15:37.808   576  1307 I ExplicitHealthCheckController: Explicit health check supported packages [PackageConfig{com.google.android.networkstack, 86400000}]
07-27 05:15:37.808   576  1307 D PackageWatchdog: Received supported packages [PackageConfig{com.google.android.networkstack, 86400000}]
07-27 05:15:37.808   576  1307 D ExplicitHealthCheckController: Getting health check requested packages
07-27 05:15:37.809   576  1307 I ExplicitHealthCheckController: Explicit health check requested packages []
07-27 05:15:37.809   576  1307 I ExplicitHealthCheckController: No more health check requests, unbinding...
07-27 05:15:37.810   576  1307 I ExplicitHealthCheckController: Explicit health check service is unbound
07-27 05:15:37.882   576   675 I RescueParty: Starting to observe: [com.google.android.networkstack], updated namespace: connectivity
07-27 05:15:37.891   576   607 I PackageWatchdog: Syncing state, reason: observing new packages
07-27 05:15:37.892   576   607 D PackageWatchdog: rescue-party-observer added the following packages to monitor [com.google.android.networkstack]
07-27 05:15:37.892   576   607 I PackageWatchdog: Syncing state, reason: updated observers
07-27 05:15:37.892   576   607 I PackageWatchdog: Not pruning observers, elapsed time: 0ms
07-27 05:15:37.892   576   607 I PackageWatchdog: Saving observer state to file
07-27 05:15:37.912   576   675 I RescueParty: Starting to observe: [android, com.google.android.permissioncontroller], updated namespace: permissions
07-27 05:15:37.922   576   607 I PackageWatchdog: Syncing state, reason: observing new packages
07-27 05:15:37.923   576   607 D PackageWatchdog: rescue-party-observer added the following packages to monitor [android, com.google.android.permissioncontroller]
07-27 05:15:37.923   576   607 I PackageWatchdog: Syncing state, reason: updated observers
07-27 05:15:37.923   576   607 I PackageWatchdog: Not pruning observers, elapsed time: 0ms
07-27 05:15:37.923   576   607 I PackageWatchdog: Saving observer state to file
07-27 05:15:37.943   576   576 I PackageWatchdog: Syncing health check requests for packages: {}
07-27 05:15:37.943   576   576 I ExplicitHealthCheckController: Service not ready to get health check supported packages. Binding...
07-27 05:15:37.944   576   576 I ExplicitHealthCheckController: Explicit health check service is bound
07-27 05:15:37.944   576   576 I PackageWatchdog: Syncing health check requests for packages: {}
07-27 05:15:37.944   576   576 I ExplicitHealthCheckController: Service not ready to get health check supported packages. Binding...
07-27 05:15:37.944   576   576 I ExplicitHealthCheckController: Not binding to service, service already connecting
07-27 05:15:37.952   576   576 I ExplicitHealthCheckController: Explicit health check service is connected ComponentInfo{com.google.android.ext.services/android.ext.services.watchdog.ExplicitHealthCheckServiceImpl}
07-27 05:15:37.952   576   576 I ExplicitHealthCheckController: Service initialized, syncing requests
07-27 05:15:37.952   576   576 I PackageWatchdog: Syncing health check requests for packages: {}
07-27 05:15:37.952   576   576 D ExplicitHealthCheckController: Getting health check supported packages
07-27 05:15:37.953   576  1307 I ExplicitHealthCheckController: Explicit health check supported packages [PackageConfig{com.google.android.networkstack, 86400000}]
07-27 05:15:37.953   576  1307 D PackageWatchdog: Received supported packages [PackageConfig{com.google.android.networkstack, 86400000}]
07-27 05:15:37.953   576  1307 D ExplicitHealthCheckController: Getting health check requested packages
07-27 05:15:37.953   576  1307 I ExplicitHealthCheckController: Explicit health check requested packages []
07-27 05:15:37.954   576  1307 I ExplicitHealthCheckController: No more health check requests, unbinding...
07-27 05:15:37.954   576  1307 I ExplicitHealthCheckController: Explicit health check service is unbound
07-27 05:15:38.196   576   675 I RescueParty: Starting to observe: [android], updated namespace: ota
07-27 05:15:38.197   576   607 I PackageWatchdog: Syncing state, reason: observing new packages
07-27 05:15:38.197   576   607 D PackageWatchdog: rescue-party-observer added the following packages to monitor [android]
07-27 05:15:38.197   576   607 I PackageWatchdog: Syncing state, reason: updated observers
07-27 05:15:38.197   576   607 I PackageWatchdog: Not pruning observers, elapsed time: 0ms
07-27 05:15:38.197   576   607 I PackageWatchdog: Saving observer state to file
07-27 05:15:38.212   576   576 I PackageWatchdog: Syncing health check requests for packages: {}
07-27 05:15:38.213   576   576 I ExplicitHealthCheckController: Service not ready to get health check supported packages. Binding...
07-27 05:15:38.214   576   576 I ExplicitHealthCheckController: Explicit health check service is bound
07-27 05:15:38.221   576   675 I RescueParty: Starting to observe: [android, com.android.settings, com.android.systemui], updated namespace: wifi
07-27 05:15:38.223   576   576 I ExplicitHealthCheckController: Explicit health check service is connected ComponentInfo{com.google.android.ext.services/android.ext.services.watchdog.ExplicitHealthCheckServiceImpl}
07-27 05:15:38.227   576   576 I ExplicitHealthCheckController: Service initialized, syncing requests
07-27 05:15:38.227   576   576 I PackageWatchdog: Syncing health check requests for packages: {}
07-27 05:15:38.227   576   576 D ExplicitHealthCheckController: Getting health check supported packages
07-27 05:15:38.227   576   607 I PackageWatchdog: Syncing state, reason: observing new packages
07-27 05:15:38.227   576   607 D PackageWatchdog: rescue-party-observer added the following packages to monitor [android, com.android.settings, com.android.systemui]
07-27 05:15:38.227   576   607 I PackageWatchdog: Syncing state, reason: updated observers
07-27 05:15:38.227   576   607 I PackageWatchdog: Not pruning observers, elapsed time: 0ms
07-27 05:15:38.227   576   607 I PackageWatchdog: Saving observer state to file
07-27 05:15:38.228   576   576 I PackageWatchdog: Syncing health check requests for packages: {}
07-27 05:15:38.228   576   576 D ExplicitHealthCheckController: Getting health check supported packages
07-27 05:15:38.233   576   938 I ExplicitHealthCheckController: Explicit health check supported packages [PackageConfig{com.google.android.networkstack, 86400000}]
07-27 05:15:38.251   576  1730 I ExplicitHealthCheckController: Explicit health check supported packages [PackageConfig{com.google.android.networkstack, 86400000}]
07-27 05:15:38.275   576   938 D PackageWatchdog: Received supported packages [PackageConfig{com.google.android.networkstack, 86400000}]
07-27 05:15:38.276   576  1730 D PackageWatchdog: Received supported packages [PackageConfig{com.google.android.networkstack, 86400000}]
07-27 05:15:38.276   576  1730 D ExplicitHealthCheckController: Getting health check requested packages
07-27 05:15:38.276   576   938 D ExplicitHealthCheckController: Getting health check requested packages
07-27 05:15:38.276   576   576 I PackageWatchdog: Syncing health check requests for packages: {}
07-27 05:15:38.276   576   576 D ExplicitHealthCheckController: Getting health check supported packages
07-27 05:15:38.279   576   938 I ExplicitHealthCheckController: Explicit health check requested packages []
07-27 05:15:38.279   576   938 I ExplicitHealthCheckController: No more health check requests, unbinding...
07-27 05:15:38.283   576   938 I ExplicitHealthCheckController: Explicit health check service is unbound
07-27 05:15:38.283   576   938 I ExplicitHealthCheckController: Explicit health check requested packages []
07-27 05:15:38.283   576   938 I ExplicitHealthCheckController: No more health check requests, unbinding...
07-27 05:15:38.283   576   938 I ExplicitHealthCheckController: Explicit health check service is unbound
07-27 05:15:38.283   576   938 I ExplicitHealthCheckController: Explicit health check supported packages [PackageConfig{com.google.android.networkstack, 86400000}]
07-27 05:15:38.283   576   938 D PackageWatchdog: Received supported packages [PackageConfig{com.google.android.networkstack, 86400000}]
07-27 05:15:38.283   576   938 I ExplicitHealthCheckController: Service not ready to get health check requested packages. Binding...
07-27 05:15:38.293   576   938 I ExplicitHealthCheckController: Explicit health check service is bound
07-27 05:15:38.293   576   576 I ExplicitHealthCheckController: Explicit health check service is connected ComponentInfo{com.google.android.ext.services/android.ext.services.watchdog.ExplicitHealthCheckServiceImpl}
07-27 05:15:38.294   576   576 I ExplicitHealthCheckController: Service initialized, syncing requests
07-27 05:15:38.294   576   576 I PackageWatchdog: Syncing health check requests for packages: {}
07-27 05:15:38.294   576   576 D ExplicitHealthCheckController: Getting health check supported packages
07-27 05:15:38.294   576  2029 I ExplicitHealthCheckController: Explicit health check supported packages [PackageConfig{com.google.android.networkstack, 86400000}]
07-27 05:15:38.295   576  2029 D PackageWatchdog: Received supported packages [PackageConfig{com.google.android.networkstack, 86400000}]
07-27 05:15:38.295   576  2029 D ExplicitHealthCheckController: Getting health check requested packages
07-27 05:15:38.300   576  1307 I ExplicitHealthCheckController: Explicit health check requested packages []
07-27 05:15:38.300   576  1307 I ExplicitHealthCheckController: No more health check requests, unbinding...
07-27 05:15:38.301   576  1307 I ExplicitHealthCheckController: Explicit health check service is unbound
07-27 05:15:38.460   576   675 I RescueParty: Starting to observe: [android], updated namespace: appsearch
07-27 05:15:38.460   576   607 I PackageWatchdog: Syncing state, reason: observing new packages
07-27 05:15:38.460   576   607 D PackageWatchdog: rescue-party-observer added the following packages to monitor [android]
07-27 05:15:38.460   576   607 I PackageWatchdog: Syncing state, reason: updated observers
07-27 05:15:38.460   576   607 I PackageWatchdog: Saving observer state to file
07-27 05:15:38.487   576   576 I PackageWatchdog: Syncing health check requests for packages: {}
07-27 05:15:38.487   576   576 I ExplicitHealthCheckController: Service not ready to get health check supported packages. Binding...
07-27 05:15:38.502   576   576 I ExplicitHealthCheckController: Explicit health check service is bound
07-27 05:15:38.504   576   576 I ExplicitHealthCheckController: Explicit health check service is connected ComponentInfo{com.google.android.ext.services/android.ext.services.watchdog.ExplicitHealthCheckServiceImpl}
07-27 05:15:38.505   576   576 I ExplicitHealthCheckController: Service initialized, syncing requests
07-27 05:15:38.505   576   576 I PackageWatchdog: Syncing health check requests for packages: {}
07-27 05:15:38.520   576   576 D ExplicitHealthCheckController: Getting health check supported packages
07-27 05:15:38.525   576  2013 I ExplicitHealthCheckController: Explicit health check supported packages [PackageConfig{com.google.android.networkstack, 86400000}]
07-27 05:15:38.525   576  2013 D PackageWatchdog: Received supported packages [PackageConfig{com.google.android.networkstack, 86400000}]
07-27 05:15:38.525   576  2013 D ExplicitHealthCheckController: Getting health check requested packages
07-27 05:15:38.526   576  2013 I ExplicitHealthCheckController: Explicit health check requested packages []
07-27 05:15:38.528   576  2013 I ExplicitHealthCheckController: No more health check requests, unbinding...
07-27 05:15:38.541   576  2013 I ExplicitHealthCheckController: Explicit health check service is unbound
07-27 05:15:38.602  3315  3346 D EGL_emulation: app_time_stats: avg=41.14ms min=7.43ms max=76.81ms count=21
07-27 05:15:38.678   576   673 W IPCThreadState: Sending oneway calls to frozen process.
07-27 05:15:38.704   576   675 I RescueParty: Starting to observe: [com.google.android.apps.nexuslauncher, com.android.settings, com.android.systemui], updated namespace: interaction_jank_monitor
07-27 05:15:38.704   576   675 I RescueParty: Starting to observe: [android], updated namespace: wearable_sensing
07-27 05:15:38.704   576   607 I PackageWatchdog: Syncing state, reason: observing new packages
07-27 05:15:38.705   576   607 D PackageWatchdog: rescue-party-observer added the following packages to monitor [com.google.android.apps.nexuslauncher, com.android.settings, com.android.systemui]
07-27 05:15:38.705   576   607 I PackageWatchdog: Syncing state, reason: updated observers
07-27 05:15:38.705   576   607 I PackageWatchdog: Not pruning observers, elapsed time: 0ms
07-27 05:15:38.705   576   607 I PackageWatchdog: Syncing state, reason: observing new packages
07-27 05:15:38.705   576   607 I PackageWatchdog: Not pruning observers, elapsed time: 0ms
07-27 05:15:38.705   576   607 D PackageWatchdog: rescue-party-observer added the following packages to monitor [android]
07-27 05:15:38.705   576   607 I PackageWatchdog: Syncing state, reason: updated observers
07-27 05:15:38.705   576   607 I PackageWatchdog: Not pruning observers, elapsed time: 0ms
07-27 05:15:38.705   576   607 I PackageWatchdog: Saving observer state to file
07-27 05:15:38.724   576   675 I RescueParty: Starting to observe: [android], updated namespace: runtime_native
07-27 05:15:38.725   576   607 I PackageWatchdog: Syncing state, reason: observing new packages
07-27 05:15:38.725   576   607 D PackageWatchdog: rescue-party-observer added the following packages to monitor [android]
07-27 05:15:38.725   576   607 I PackageWatchdog: Syncing state, reason: updated observers
07-27 05:15:38.725   576   607 I PackageWatchdog: Not pruning observers, elapsed time: 0ms
07-27 05:15:38.725   576   607 I PackageWatchdog: Saving observer state to file
07-27 05:15:38.783   576   576 I PackageWatchdog: Syncing health check requests for packages: {}
07-27 05:15:38.783   576   576 I ExplicitHealthCheckController: Service not ready to get health check supported packages. Binding...
07-27 05:15:38.785   576   576 I ExplicitHealthCheckController: Explicit health check service is bound
07-27 05:15:38.785   576   576 I PackageWatchdog: Syncing health check requests for packages: {}
07-27 05:15:38.785   576   576 I ExplicitHealthCheckController: Service not ready to get health check supported packages. Binding...
07-27 05:15:38.785   576   576 I ExplicitHealthCheckController: Not binding to service, service already connecting
07-27 05:15:38.786   576   576 I ExplicitHealthCheckController: Explicit health check service is connected ComponentInfo{com.google.android.ext.services/android.ext.services.watchdog.ExplicitHealthCheckServiceImpl}
07-27 05:15:38.787   576   576 I ExplicitHealthCheckController: Service initialized, syncing requests
07-27 05:15:38.787   576   576 I PackageWatchdog: Syncing health check requests for packages: {}
07-27 05:15:38.787   576   576 D ExplicitHealthCheckController: Getting health check supported packages
07-27 05:15:38.787   576  2029 I ExplicitHealthCheckController: Explicit health check supported packages [PackageConfig{com.google.android.networkstack, 86400000}]
07-27 05:15:38.787   576  2029 D PackageWatchdog: Received supported packages [PackageConfig{com.google.android.networkstack, 86400000}]
07-27 05:15:38.787   576  2029 D ExplicitHealthCheckController: Getting health check requested packages
07-27 05:15:38.787   576  2029 I ExplicitHealthCheckController: Explicit health check requested packages []
07-27 05:15:38.787   576  2029 I ExplicitHealthCheckController: No more health check requests, unbinding...
07-27 05:15:38.793   576  2029 I ExplicitHealthCheckController: Explicit health check service is unbound
07-27 05:15:39.157   576   675 I RescueParty: Starting to observe: [android], updated namespace: adservices
07-27 05:15:39.158   576   607 I PackageWatchdog: Syncing state, reason: observing new packages
07-27 05:15:39.158   576   607 D PackageWatchdog: rescue-party-observer added the following packages to monitor [android]
07-27 05:15:39.158   576   607 I PackageWatchdog: Syncing state, reason: updated observers
07-27 05:15:39.158   576   607 I PackageWatchdog: Not pruning observers, elapsed time: 0ms
07-27 05:15:39.158   576   607 I PackageWatchdog: Saving observer state to file
07-27 05:15:39.165   576   576 I PackageWatchdog: Syncing health check requests for packages: {}
07-27 05:15:39.165   576   576 I ExplicitHealthCheckController: Service not ready to get health check supported packages. Binding...
07-27 05:15:39.180   576   576 I ExplicitHealthCheckController: Explicit health check service is bound
07-27 05:15:39.185   576   576 D SdkSandboxManager: Property sdksandbox_next_activity_allowlist is empty.
07-27 05:15:39.185   576   576 D SdkSandboxManager: Property sdksandbox_next_contentprovider_allowlist is empty.
07-27 05:15:39.185   576   576 D SdkSandboxManager: Property sdksandbox_activity_allowlist_per_targetSdkVersion is empty.
07-27 05:15:39.185   576   576 D SdkSandboxManager: Property contentprovider_allowlist_per_targetSdkVersion is empty.
07-27 05:15:39.185   576   576 D SdkSandboxManager: Property services_allowlist_per_targetSdkVersion is empty.
07-27 05:15:39.203   576   576 D SelinuxAuditLogs: SelinuxAuditLogsService scheduled successfully.
07-27 05:15:39.203   576   576 I ExplicitHealthCheckController: Explicit health check service is connected ComponentInfo{com.google.android.ext.services/android.ext.services.watchdog.ExplicitHealthCheckServiceImpl}
07-27 05:15:39.203   576   576 I ExplicitHealthCheckController: Service initialized, syncing requests
07-27 05:15:39.203   576   576 I PackageWatchdog: Syncing health check requests for packages: {}
07-27 05:15:39.203   576   576 D ExplicitHealthCheckController: Getting health check supported packages
07-27 05:15:39.204   576  1307 I ExplicitHealthCheckController: Explicit health check supported packages [PackageConfig{com.google.android.networkstack, 86400000}]
07-27 05:15:39.205   576  1307 D PackageWatchdog: Received supported packages [PackageConfig{com.google.android.networkstack, 86400000}]
07-27 05:15:39.205   576  1307 D ExplicitHealthCheckController: Getting health check requested packages
07-27 05:15:39.206   576  1307 I ExplicitHealthCheckController: Explicit health check requested packages []
07-27 05:15:39.206   576  1307 I ExplicitHealthCheckController: No more health check requests, unbinding...
07-27 05:15:39.206   576  1307 I ExplicitHealthCheckController: Explicit health check service is unbound
07-27 05:15:39.463     1     1 I init    : processing action (persist.device_config.lmkd_native.thrashing_limit_critical=*) from (/system/etc/init/lmkd.rc:47)
07-27 05:15:39.472     1     1 I init    : processing action (lmkd.reinit=1) from (/system/etc/init/lmkd.rc:10)
07-27 05:15:39.474     1     1 I init    : starting service 'exec 24 (/system/bin/lmkd --reinit)'...
07-27 05:15:39.502     1     1 I init    : ... started service 'exec 24 (/system/bin/lmkd --reinit)' has pid 4029
07-27 05:15:39.529   155   155 I lowmemorykiller: lmkd data connection established
07-27 05:15:39.569   155   155 I lowmemorykiller: Using psi monitors for memory pressure detection
07-27 05:15:39.570   155   155 I lowmemorykiller: Properties reinitilized
07-27 05:15:39.570  4029  4029 I lowmemorykiller: lmkd updated properties successfully
07-27 05:15:39.570   155   155 I lowmemorykiller: lmkd data connection dropped
07-27 05:15:39.570   155   155 I lowmemorykiller: closing lmkd data connection
07-27 05:15:39.575     1     1 I init    : Service 'exec 24 (/system/bin/lmkd --reinit)' (pid 4029) exited with status 0 oneshot service took 0.092000 seconds in background
07-27 05:15:39.577     1     1 I init    : Sending signal 9 to service 'exec 24 (/system/bin/lmkd --reinit)' (pid 4029) process group...
07-27 05:15:39.577     1     1 I libprocessgroup: Removed cgroup /sys/fs/cgroup/uid_0/pid_4029
07-27 05:15:39.607   576   675 I RescueParty: Starting to observe: [android], updated namespace: display_manager
07-27 05:15:39.608   576   607 I PackageWatchdog: Syncing state, reason: observing new packages
07-27 05:15:39.608   576   607 D PackageWatchdog: rescue-party-observer added the following packages to monitor [android]
07-27 05:15:39.608   576   607 I PackageWatchdog: Syncing state, reason: updated observers
07-27 05:15:39.608   576   607 I PackageWatchdog: Not pruning observers, elapsed time: 0ms
07-27 05:15:39.608   576   607 I PackageWatchdog: Saving observer state to file
07-27 05:15:39.612  3315  3346 D EGL_emulation: app_time_stats: avg=33.07ms min=9.58ms max=48.45ms count=24
07-27 05:15:39.617   576   626 W BrightnessThrottler: DeviceConfig ThermalBrightnessThrottlingData is null
07-27 05:15:39.628   576   576 I PackageWatchdog: Syncing health check requests for packages: {}
07-27 05:15:39.628   576   576 I ExplicitHealthCheckController: Service not ready to get health check supported packages. Binding...
07-27 05:15:39.639   576   576 I ExplicitHealthCheckController: Explicit health check service is bound
07-27 05:15:39.640   576   576 I ExplicitHealthCheckController: Explicit health check service is connected ComponentInfo{com.google.android.ext.services/android.ext.services.watchdog.ExplicitHealthCheckServiceImpl}
07-27 05:15:39.640   576   576 I ExplicitHealthCheckController: Service initialized, syncing requests
07-27 05:15:39.640   576   576 I PackageWatchdog: Syncing health check requests for packages: {}
07-27 05:15:39.640   576   576 D ExplicitHealthCheckController: Getting health check supported packages
07-27 05:15:39.644   576  2029 I ExplicitHealthCheckController: Explicit health check supported packages [PackageConfig{com.google.android.networkstack, 86400000}]
07-27 05:15:39.644   576  2029 D PackageWatchdog: Received supported packages [PackageConfig{com.google.android.networkstack, 86400000}]
07-27 05:15:39.644   576  2029 D ExplicitHealthCheckController: Getting health check requested packages
07-27 05:15:39.645   576  2029 I ExplicitHealthCheckController: Explicit health check requested packages []
07-27 05:15:39.645   576  2029 I ExplicitHealthCheckController: No more health check requests, unbinding...
07-27 05:15:39.646   576  2029 I ExplicitHealthCheckController: Explicit health check service is unbound
07-27 05:15:39.657   576   675 I RescueParty: Starting to observe: [com.android.settings], updated namespace: activity_manager
07-27 05:15:39.657   576   607 I PackageWatchdog: Syncing state, reason: observing new packages
07-27 05:15:39.657   576   607 D PackageWatchdog: rescue-party-observer added the following packages to monitor [com.android.settings]
07-27 05:15:39.657   576   607 I PackageWatchdog: Syncing state, reason: updated observers
07-27 05:15:39.657   576   607 I PackageWatchdog: Saving observer state to file
07-27 05:15:39.665   576   576 I PackageWatchdog: Syncing health check requests for packages: {}
07-27 05:15:39.666   576   576 I ExplicitHealthCheckController: Service not ready to get health check supported packages. Binding...
07-27 05:15:39.668   576   576 I ExplicitHealthCheckController: Explicit health check service is bound
07-27 05:15:39.668   576   576 I PackageWatchdog: Syncing health check requests for packages: {}
07-27 05:15:39.668   576   576 I ExplicitHealthCheckController: Service not ready to get health check supported packages. Binding...
07-27 05:15:39.668   576   576 I ExplicitHealthCheckController: Not binding to service, service already connecting
07-27 05:15:39.677   576   576 I ExplicitHealthCheckController: Explicit health check service is connected ComponentInfo{com.google.android.ext.services/android.ext.services.watchdog.ExplicitHealthCheckServiceImpl}
07-27 05:15:39.677   576   576 I ExplicitHealthCheckController: Service initialized, syncing requests
07-27 05:15:39.677   576   576 I PackageWatchdog: Syncing health check requests for packages: {}
07-27 05:15:39.677   576   576 D ExplicitHealthCheckController: Getting health check supported packages
07-27 05:15:39.677   576  2029 I ExplicitHealthCheckController: Explicit health check supported packages [PackageConfig{com.google.android.networkstack, 86400000}]
07-27 05:15:39.678   576  2029 D PackageWatchdog: Received supported packages [PackageConfig{com.google.android.networkstack, 86400000}]
07-27 05:15:39.678   576  2029 D ExplicitHealthCheckController: Getting health check requested packages
07-27 05:15:39.678   576  2029 I ExplicitHealthCheckController: Explicit health check requested packages []
07-27 05:15:39.678   576  2029 I ExplicitHealthCheckController: No more health check requests, unbinding...
07-27 05:15:39.678   576  2029 I ExplicitHealthCheckController: Explicit health check service is unbound
07-27 05:15:39.719   576   576 I AutofillManagerService: Ignoring change on package_deny_list_for_unimportant_view
07-27 05:15:39.720   576   576 W FillRequestEventLogger: Shouldn't be logging AutofillFillRequestReported again for same event
07-27 05:15:39.720   576   576 W FillResponseEventLogger: Shouldn't be logging AutofillFillRequestReported again for same event
07-27 05:15:39.726   576   576 D AutofillSession: clearPendingIntentLocked
07-27 05:15:39.727   576   598 D AutofillUI: destroySaveUiUiThread(): already destroyed
07-27 05:15:39.727   576   598 D AutofillUI: destroySaveUiUiThread(): already destroyed
07-27 05:15:39.738  1044  1050 W .gms.persistent: Missing inline cache for void aktq.g()
07-27 05:15:39.843   576   675 I RescueParty: Starting to observe: [com.google.android.federatedcompute, com.google.android.ondevicepersonalization.services], updated namespace: on_device_personalization
07-27 05:15:39.843   576   607 I PackageWatchdog: Syncing state, reason: observing new packages
07-27 05:15:39.843   576   607 D PackageWatchdog: rescue-party-observer added the following packages to monitor [com.google.android.federatedcompute, com.google.android.ondevicepersonalization.services]
07-27 05:15:39.843   576   607 I PackageWatchdog: Syncing state, reason: updated observers
07-27 05:15:39.843   576   607 I PackageWatchdog: Not pruning observers, elapsed time: 0ms
07-27 05:15:39.843   576   607 I PackageWatchdog: Saving observer state to file
07-27 05:15:39.847  1044  1051 I .gms.persistent: Background concurrent mark compact GC freed 4420KB AllocSpace bytes, 244(12MB) LOS objects, 50% free, 16MB/33MB, paused 1.126ms,9.250ms total 123.778ms
07-27 05:15:39.941   576   576 D AutofillManagerServiceImpl: Set component for user 0 as ComponentInfo{com.google.android.gms/com.google.android.gms.autofill.service.AutofillService} and info as ServiceInfo{abe25b6 com.google.android.gms.autofill.service.AutofillService}
07-27 05:15:39.954   576   576 I AutofillManagerService: Ignoring change on trigger_fill_request_on_filtered_important_views
07-27 05:15:39.954   576   576 I AutofillManagerService: Ignoring change on package_and_activity_allowlist_for_triggering_fill_request
07-27 05:15:39.954   576   576 I AutofillManagerService: Ignoring change on multiline_filter_enabled
07-27 05:15:39.954   576   576 I AutofillManagerService: Ignoring change on augmented_autofill_mode
07-27 05:15:39.954   576   576 I AutofillManagerService: Ignoring change on autofill_dialog_hints
07-27 05:15:39.954   576   576 I AutofillManagerService: Ignoring change on include_all_views_in_assist_structure
07-27 05:15:39.954   576   576 I AutofillManagerService: Ignoring change on should_enable_autofill_on_all_view_types
07-27 05:15:39.954   576   576 I AutofillManagerService: Ignoring change on autofill_save_dialog_landscape_body_height_max_percent
07-27 05:15:39.954   576   576 I AutofillManagerService: Ignoring change on non_autofillable_ime_action_ids
07-27 05:15:39.954   576   576 I AutofillManagerService: Ignoring change on autofill_save_dialog_portrait_body_height_max_percent
07-27 05:15:39.954   576   576 I AutofillManagerService: Ignoring change on include_all_autofill_type_not_none_views_in_assist_structure
07-27 05:15:39.954   576   576 I AutofillManagerService: Ignoring change on trigger_fill_request_on_unimportant_view
07-27 05:15:39.954   576   576 I AutofillManagerService: Ignoring change on autofill_dialog_enabled
07-27 05:15:39.954   576   576 W Looper  : Slow dispatch took 235ms main h=android.app.ActivityThread$H c=android.provider.DeviceConfig$$ExternalSyntheticLambda0@337b2b7 m=0
07-27 05:15:39.954   576   576 W Looper  : Slow delivery took 228ms main h=com.android.server.alarm.AlarmManagerService$AlarmHandler c=null m=7
07-27 05:15:39.954   576   576 I PackageWatchdog: Syncing health check requests for packages: {}
07-27 05:15:39.954   576   576 I ExplicitHealthCheckController: Service not ready to get health check supported packages. Binding...
07-27 05:15:39.959   576   576 I ExplicitHealthCheckController: Explicit health check service is bound
07-27 05:15:39.960   576   576 W ServiceConnector.Impl: mayInterruptIfRunning not supported - ignoring
07-27 05:15:39.961   576   576 W Looper  : Drained
07-27 05:15:39.965   979   979 V InlineSuggestionRenderService: handleDestroySuggestionViews called for 0:49251334
07-27 05:15:39.995   576   576 I ExplicitHealthCheckController: Explicit health check service is connected ComponentInfo{com.google.android.ext.services/android.ext.services.watchdog.ExplicitHealthCheckServiceImpl}
07-27 05:15:39.996   576   576 I ExplicitHealthCheckController: Service initialized, syncing requests
07-27 05:15:39.996   576   576 I PackageWatchdog: Syncing health check requests for packages: {}
07-27 05:15:39.996   576   576 D ExplicitHealthCheckController: Getting health check supported packages
07-27 05:15:40.000   576  2013 I ExplicitHealthCheckController: Explicit health check supported packages [PackageConfig{com.google.android.networkstack, 86400000}]
07-27 05:15:40.000   576  2013 D PackageWatchdog: Received supported packages [PackageConfig{com.google.android.networkstack, 86400000}]
07-27 05:15:40.000   576  2013 D ExplicitHealthCheckController: Getting health check requested packages
07-27 05:15:40.001  1436  1436 I AiAiAutofill: Created AiAiAugmentedAutofillService.
07-27 05:15:40.001   576  2013 I ExplicitHealthCheckController: Explicit health check requested packages []
07-27 05:15:40.001   576  2013 I ExplicitHealthCheckController: No more health check requests, unbinding...
07-27 05:15:40.004   576  2013 I ExplicitHealthCheckController: Explicit health check service is unbound
07-27 05:15:40.021  1436  1436 D AugmentedAutofillService: onUnbind(): no proxy to destroy
07-27 05:15:40.022  1436  1436 D AugmentedAutofillService: handleOnConnected(): debug=true, verbose=false
07-27 05:15:40.038  1436  2070 I AiAiAutofill: Disconnected AiAiAugmentedAutofillService.
07-27 05:15:40.078  1436  2070 I AiAiAutofill: Connected AiAiAugmentedAutofillService.
07-27 05:15:40.171   576   675 I RescueParty: Starting to observe: [com.google.android.as, com.google.android.as.oss], updated namespace: device_personalization_services
07-27 05:15:40.175   576   607 I PackageWatchdog: Syncing state, reason: observing new packages
07-27 05:15:40.176   576   607 D PackageWatchdog: rescue-party-observer added the following packages to monitor [com.google.android.as, com.google.android.as.oss]
07-27 05:15:40.176   576   607 I PackageWatchdog: Syncing state, reason: updated observers
07-27 05:15:40.178   576   607 I PackageWatchdog: Saving observer state to file
07-27 05:15:40.178   576   576 I PackageWatchdog: Syncing health check requests for packages: {}
07-27 05:15:40.178   576   576 I ExplicitHealthCheckController: Service not ready to get health check supported packages. Binding...
07-27 05:15:40.206   576   675 I RescueParty: Starting to observe: [android], updated namespace: app_compat
07-27 05:15:40.207   576   607 I PackageWatchdog: Syncing state, reason: observing new packages
07-27 05:15:40.212   576   607 D PackageWatchdog: rescue-party-observer added the following packages to monitor [android]
07-27 05:15:40.212   576   607 I PackageWatchdog: Syncing state, reason: updated observers
07-27 05:15:40.212   576   607 I PackageWatchdog: Not pruning observers, elapsed time: 0ms
07-27 05:15:40.212   576   607 I PackageWatchdog: Saving observer state to file
07-27 05:15:40.230   576   576 I ExplicitHealthCheckController: Explicit health check service is bound
07-27 05:15:40.249   576   576 I PackageWatchdog: Syncing health check requests for packages: {}
07-27 05:15:40.249   576   576 I ExplicitHealthCheckController: Service not ready to get health check supported packages. Binding...
07-27 05:15:40.250   576   576 I ExplicitHealthCheckController: Not binding to service, service already connecting
07-27 05:15:40.250   576   576 I ExplicitHealthCheckController: Explicit health check service is connected ComponentInfo{com.google.android.ext.services/android.ext.services.watchdog.ExplicitHealthCheckServiceImpl}
07-27 05:15:40.250   576   576 I ExplicitHealthCheckController: Service initialized, syncing requests
07-27 05:15:40.251   576   576 I PackageWatchdog: Syncing health check requests for packages: {}
07-27 05:15:40.251   576   576 D ExplicitHealthCheckController: Getting health check supported packages
07-27 05:15:40.252   576  1307 I ExplicitHealthCheckController: Explicit health check supported packages [PackageConfig{com.google.android.networkstack, 86400000}]
07-27 05:15:40.252   576  1307 D PackageWatchdog: Received supported packages [PackageConfig{com.google.android.networkstack, 86400000}]
07-27 05:15:40.252   576  1307 D ExplicitHealthCheckController: Getting health check requested packages
07-27 05:15:40.274   576  2013 I ExplicitHealthCheckController: Explicit health check requested packages []
07-27 05:15:40.274   576  2013 I ExplicitHealthCheckController: No more health check requests, unbinding...
07-27 05:15:40.274   576  2013 I ExplicitHealthCheckController: Explicit health check service is unbound
07-27 05:15:40.296   381   381 W Zygote  : forkRepeatedly terminated due to non-simple command
07-27 05:15:40.296   381   381 D Zygote  : mbuffer starts with 1 , nice name is , mEnd = 35, mNext = 35, mLinesLeft = 0, mFd = 5
07-27 05:15:40.398   576   675 I RescueParty: Starting to observe: [com.google.android.providers.media.module], updated namespace: mediaprovider
07-27 05:15:40.401   576   607 I PackageWatchdog: Syncing state, reason: observing new packages
07-27 05:15:40.401   576   607 D PackageWatchdog: rescue-party-observer added the following packages to monitor [com.google.android.providers.media.module]
07-27 05:15:40.401   576   607 I PackageWatchdog: Syncing state, reason: updated observers
07-27 05:15:40.401   576   607 I PackageWatchdog: Not pruning observers, elapsed time: 0ms
07-27 05:15:40.401   576   607 I PackageWatchdog: Saving observer state to file
07-27 05:15:40.407   576   576 I PackageWatchdog: Syncing health check requests for packages: {}
07-27 05:15:40.407   576   576 I ExplicitHealthCheckController: Service not ready to get health check supported packages. Binding...
07-27 05:15:40.408   576   576 I ExplicitHealthCheckController: Explicit health check service is bound
07-27 05:15:40.412   576   675 I RescueParty: Starting to observe: [android], updated namespace: credential_manager
07-27 05:15:40.413   576   576 I ExplicitHealthCheckController: Explicit health check service is connected ComponentInfo{com.google.android.ext.services/android.ext.services.watchdog.ExplicitHealthCheckServiceImpl}
07-27 05:15:40.413   576   576 I ExplicitHealthCheckController: Service initialized, syncing requests
07-27 05:15:40.418   576   576 I PackageWatchdog: Syncing health check requests for packages: {}
07-27 05:15:40.418   576   576 D ExplicitHealthCheckController: Getting health check supported packages
07-27 05:15:40.419   576   938 I ExplicitHealthCheckController: Explicit health check supported packages [PackageConfig{com.google.android.networkstack, 86400000}]
07-27 05:15:40.419   576   938 D PackageWatchdog: Received supported packages [PackageConfig{com.google.android.networkstack, 86400000}]
07-27 05:15:40.419   576   938 D ExplicitHealthCheckController: Getting health check requested packages
07-27 05:15:40.419   576   938 I ExplicitHealthCheckController: Explicit health check requested packages []
07-27 05:15:40.419   576   938 I ExplicitHealthCheckController: No more health check requests, unbinding...
07-27 05:15:40.419   576   938 I ExplicitHealthCheckController: Explicit health check service is unbound
07-27 05:15:40.420  1423  1557 D PickerSyncLockManager: Trying to acquire lock com.android.providers.media.photopicker.sync.CloseableReentrantLock@38e7211[Unlocked]. Lock Name = CLOUD_PROVIDER_LOCK. Threads that may be waiting to acquire this lock = []
07-27 05:15:40.420  1423  1557 D CloseableReentrantLock: Successfully acquired lock com.android.providers.media.photopicker.sync.CloseableReentrantLock@38e7211[Locked by thread com.android.providers.media.internal.modules.utils.BackgroundThread]. Lock Name = CLOUD_PROVIDER_LOCK. Threads that may be waiting to acquire this lock = []
07-27 05:15:40.444  1423  1634 D PickerSyncLockManager: Trying to acquire lock com.android.providers.media.photopicker.sync.CloseableReentrantLock@38e7211[Locked by thread com.android.providers.media.internal.modules.utils.BackgroundThread]. Lock Name = CLOUD_PROVIDER_LOCK. Threads that may be waiting to acquire this lock = []
07-27 05:15:40.445  1423  1557 D CloudProviderUtils: Available CloudMediaProvider-s: [CloudProviderInfo{authority='com.google.android.apps.photos.cloudpicker', pkg='com.google.android.apps.photos', uid=10168}]
07-27 05:15:40.445  1423  1557 I PickerSyncController: Only 1 cloud provider found, hence com.google.android.apps.photos.cloudpicker is the default
07-27 05:15:40.448  1423  1557 D PickerSyncLockManager: Trying to acquire lock com.android.providers.media.photopicker.sync.CloseableReentrantLock@38e7211[Locked by thread com.android.providers.media.internal.modules.utils.BackgroundThread]. Lock Name = CLOUD_PROVIDER_LOCK. Threads that may be waiting to acquire this lock = [Thread[fg,5,main]]
07-27 05:15:40.448  1423  1557 D CloseableReentrantLock: Successfully acquired lock com.android.providers.media.photopicker.sync.CloseableReentrantLock@38e7211[Locked by thread com.android.providers.media.internal.modules.utils.BackgroundThread]. Lock Name = CLOUD_PROVIDER_LOCK. Threads that may be waiting to acquire this lock = [Thread[fg,5,main]]
07-27 05:15:40.448  1423  1557 D CloseableReentrantLock: Successfully released lock com.android.providers.media.photopicker.sync.CloseableReentrantLock@38e7211[Locked by thread com.android.providers.media.internal.modules.utils.BackgroundThread]. Lock Name = CLOUD_PROVIDER_LOCK. Threads that may be waiting to acquire this lock = [Thread[fg,5,main]]
07-27 05:15:40.448  1423  1557 D PickerSyncController: Initialized cloud provider to: com.google.android.apps.photos.cloudpicker
07-27 05:15:40.448  1423  1557 D CloseableReentrantLock: Successfully released lock com.android.providers.media.photopicker.sync.CloseableReentrantLock@38e7211[Unlocked]. Lock Name = CLOUD_PROVIDER_LOCK. Threads that may be waiting to acquire this lock = [Thread[fg,5,main]]
07-27 05:15:40.448  1423  1634 D CloseableReentrantLock: Successfully acquired lock com.android.providers.media.photopicker.sync.CloseableReentrantLock@38e7211[Locked by thread fg]. Lock Name = CLOUD_PROVIDER_LOCK. Threads that may be waiting to acquire this lock = []
07-27 05:15:40.448  1423  1634 D CloseableReentrantLock: Successfully released lock com.android.providers.media.photopicker.sync.CloseableReentrantLock@38e7211[Unlocked]. Lock Name = CLOUD_PROVIDER_LOCK. Threads that may be waiting to acquire this lock = []
07-27 05:15:40.449  1423  1557 I MediaApplication: PhotoPickerSettingsActivity is now enabled
07-27 05:15:40.449  1423  1557 I SyncWorkManager: Scheduling periodic proactive syncs
07-27 05:15:40.459   576   607 I PackageWatchdog: Syncing state, reason: observing new packages
07-27 05:15:40.459   576   607 D PackageWatchdog: rescue-party-observer added the following packages to monitor [android]
07-27 05:15:40.459   576   607 I PackageWatchdog: Syncing state, reason: updated observers
07-27 05:15:40.459   576   607 I PackageWatchdog: Not pruning observers, elapsed time: 0ms
07-27 05:15:40.459   576   607 I PackageWatchdog: Saving observer state to file
07-27 05:15:40.491  1423  1557 I SyncWorkManager: Scheduling periodic picker album data resets
07-27 05:15:40.493  1423  1557 I TranscodeHelper: Empty transcode compat stale
07-27 05:15:40.494  1423  1557 I TranscodeHelper: Parsed 0 packages from resource
07-27 05:15:40.494  1423  1557 I TranscodeHelper: Parsed 8 packages from device config
07-27 05:15:40.494  1423  1557 I MediaProvider: Changed PhotoPickerActivity component state to STATE_ENABLED ( 1 )
07-27 05:15:40.499  1423  1557 I MediaProvider: Changed PhotoPickerGetContentActivity component state to STATE_ENABLED ( 1 )
07-27 05:15:40.501   576   675 I RescueParty: Starting to observe: [android, com.android.phone], updated namespace: telephony
07-27 05:15:40.512   576   607 I PackageWatchdog: Syncing state, reason: observing new packages
07-27 05:15:40.513   576   607 D PackageWatchdog: rescue-party-observer added the following packages to monitor [android, com.android.phone]
07-27 05:15:40.513   576   607 I PackageWatchdog: Syncing state, reason: updated observers
07-27 05:15:40.513   576   607 I PackageWatchdog: Not pruning observers, elapsed time: 0ms
07-27 05:15:40.513   576   607 I PackageWatchdog: Saving observer state to file
07-27 05:15:40.520   576   576 I PackageWatchdog: Syncing health check requests for packages: {}
07-27 05:15:40.520   576   576 I ExplicitHealthCheckController: Service not ready to get health check supported packages. Binding...
07-27 05:15:40.520   576   576 I ExplicitHealthCheckController: Explicit health check service is bound
07-27 05:15:40.520  1423  1557 I MediaProvider: Changed PhotoPickerUserSelectActivity component state to STATE_ENABLED ( 1 )
07-27 05:15:40.520   576   576 I PackageWatchdog: Syncing health check requests for packages: {}
07-27 05:15:40.520   576   576 I ExplicitHealthCheckController: Service not ready to get health check supported packages. Binding...
07-27 05:15:40.520   576   576 I ExplicitHealthCheckController: Not binding to service, service already connecting
07-27 05:15:40.526   576   576 I ExplicitHealthCheckController: Explicit health check service is connected ComponentInfo{com.google.android.ext.services/android.ext.services.watchdog.ExplicitHealthCheckServiceImpl}
07-27 05:15:40.526   576   576 I ExplicitHealthCheckController: Service initialized, syncing requests
07-27 05:15:40.526   576   576 I PackageWatchdog: Syncing health check requests for packages: {}
07-27 05:15:40.526   576   576 D ExplicitHealthCheckController: Getting health check supported packages
07-27 05:15:40.527   576  1307 I ExplicitHealthCheckController: Explicit health check supported packages [PackageConfig{com.google.android.networkstack, 86400000}]
07-27 05:15:40.527   576  1307 D PackageWatchdog: Received supported packages [PackageConfig{com.google.android.networkstack, 86400000}]
07-27 05:15:40.527   576  1307 D ExplicitHealthCheckController: Getting health check requested packages
07-27 05:15:40.527   576  1307 I ExplicitHealthCheckController: Explicit health check requested packages []
07-27 05:15:40.527   576  1307 I ExplicitHealthCheckController: No more health check requests, unbinding...
07-27 05:15:40.528   576  1307 I ExplicitHealthCheckController: Explicit health check service is unbound
07-27 05:15:40.603   576   675 I RescueParty: Starting to observe: [android, com.google.android.healthconnect.controller], updated namespace: health_fitness
07-27 05:15:40.605   576   607 I PackageWatchdog: Syncing state, reason: observing new packages
07-27 05:15:40.605   576   607 D PackageWatchdog: rescue-party-observer added the following packages to monitor [android, com.google.android.healthconnect.controller]
07-27 05:15:40.606   576   607 I PackageWatchdog: Syncing state, reason: updated observers
07-27 05:15:40.606   576   607 I PackageWatchdog: Not pruning observers, elapsed time: 0ms
07-27 05:15:40.606   576   607 I PackageWatchdog: Saving observer state to file
07-27 05:15:40.622   576   576 I PackageWatchdog: Syncing health check requests for packages: {}
07-27 05:15:40.622   576   576 I ExplicitHealthCheckController: Service not ready to get health check supported packages. Binding...
07-27 05:15:40.623   576   576 I ExplicitHealthCheckController: Explicit health check service is bound
07-27 05:15:40.629   576   675 I RescueParty: Starting to observe: [android], updated namespace: app_standby
07-27 05:15:40.633   576   607 I PackageWatchdog: Syncing state, reason: observing new packages
07-27 05:15:40.633   576   607 D PackageWatchdog: rescue-party-observer added the following packages to monitor [android]
07-27 05:15:40.633   576   607 I PackageWatchdog: Syncing state, reason: updated observers
07-27 05:15:40.633   576   607 I PackageWatchdog: Not pruning observers, elapsed time: 0ms
07-27 05:15:40.633   576   607 I PackageWatchdog: Saving observer state to file
07-27 05:15:40.644  3315  3346 D EGL_emulation: app_time_stats: avg=36.74ms min=4.93ms max=51.58ms count=26
07-27 05:15:40.651   576  1307 D OomAdjuster: Not killing cached processes
07-27 05:15:40.652   576   576 I PackageWatchdog: Syncing health check requests for packages: {}
07-27 05:15:40.652   576   576 I ExplicitHealthCheckController: Service not ready to get health check supported packages. Binding...
07-27 05:15:40.652   576   576 I ExplicitHealthCheckController: Not binding to service, service already connecting
07-27 05:15:40.652   576   576 I ExplicitHealthCheckController: Explicit health check service is connected ComponentInfo{com.google.android.ext.services/android.ext.services.watchdog.ExplicitHealthCheckServiceImpl}
07-27 05:15:40.652   576   576 I ExplicitHealthCheckController: Service initialized, syncing requests
07-27 05:15:40.652   576   576 I PackageWatchdog: Syncing health check requests for packages: {}
07-27 05:15:40.652   576   576 D ExplicitHealthCheckController: Getting health check supported packages
07-27 05:15:40.660   576  1307 I ExplicitHealthCheckController: Explicit health check supported packages [PackageConfig{com.google.android.networkstack, 86400000}]
07-27 05:15:40.660   576  1307 D PackageWatchdog: Received supported packages [PackageConfig{com.google.android.networkstack, 86400000}]
07-27 05:15:40.660   576  1307 D ExplicitHealthCheckController: Getting health check requested packages
07-27 05:15:40.661   576  1307 I ExplicitHealthCheckController: Explicit health check requested packages []
07-27 05:15:40.661   576  1307 I ExplicitHealthCheckController: No more health check requests, unbinding...
07-27 05:15:40.669   576  1307 I ExplicitHealthCheckController: Explicit health check service is unbound
07-27 05:15:40.674   576   675 I RescueParty: Starting to observe: [com.google.android.apps.nexuslauncher, com.android.settings], updated namespace: launcher
07-27 05:15:40.674   576   607 I PackageWatchdog: Syncing state, reason: observing new packages
07-27 05:15:40.674   576   607 D PackageWatchdog: rescue-party-observer added the following packages to monitor [com.google.android.apps.nexuslauncher, com.android.settings]
07-27 05:15:40.674   576   607 I PackageWatchdog: Syncing state, reason: updated observers
07-27 05:15:40.674   576   607 I PackageWatchdog: Not pruning observers, elapsed time: 0ms
07-27 05:15:40.674   576   607 I PackageWatchdog: Saving observer state to file
07-27 05:15:40.680   576   664 D CompatChangeReporter: Compat change id reported: 262645982; UID 10143; state: ENABLED
07-27 05:15:40.680   576   576 I PackageWatchdog: Syncing health check requests for packages: {}
07-27 05:15:40.680   576   576 I ExplicitHealthCheckController: Service not ready to get health check supported packages. Binding...
07-27 05:15:40.681   576   664 D CompatChangeReporter: Compat change id reported: 262645982; UID 10142; state: ENABLED
07-27 05:15:40.681   576   664 D CompatChangeReporter: Compat change id reported: 262645982; UID 10198; state: ENABLED
07-27 05:15:40.681   576   576 I ExplicitHealthCheckController: Explicit health check service is bound
07-27 05:15:40.681   576   664 D CompatChangeReporter: Compat change id reported: 262645982; UID 10150; state: ENABLED
07-27 05:15:40.681   576   664 D CompatChangeReporter: Compat change id reported: 262645982; UID 10131; state: ENABLED
07-27 05:15:40.682   576   664 D CompatChangeReporter: Compat change id reported: 218533173; UID 10123; state: ENABLED
07-27 05:15:40.682   576   664 D CompatChangeReporter: Compat change id reported: 262645982; UID 10135; state: ENABLED
07-27 05:15:40.684   576   576 I ExplicitHealthCheckController: Explicit health check service is connected ComponentInfo{com.google.android.ext.services/android.ext.services.watchdog.ExplicitHealthCheckServiceImpl}
07-27 05:15:40.686   576   576 I ExplicitHealthCheckController: Service initialized, syncing requests
07-27 05:15:40.686   576   576 I PackageWatchdog: Syncing health check requests for packages: {}
07-27 05:15:40.686   576   576 D ExplicitHealthCheckController: Getting health check supported packages
07-27 05:15:40.687   576  2013 I ExplicitHealthCheckController: Explicit health check supported packages [PackageConfig{com.google.android.networkstack, 86400000}]
07-27 05:15:40.687   576  2013 D PackageWatchdog: Received supported packages [PackageConfig{com.google.android.networkstack, 86400000}]
07-27 05:15:40.687   576  2013 D ExplicitHealthCheckController: Getting health check requested packages
07-27 05:15:40.688   576  2013 I ExplicitHealthCheckController: Explicit health check requested packages []
07-27 05:15:40.689   576  2013 I ExplicitHealthCheckController: No more health check requests, unbinding...
07-27 05:15:40.707   576  2013 I ExplicitHealthCheckController: Explicit health check service is unbound
07-27 05:15:40.727  1306  1306 I ActivityThread: Schedule relaunch activity: com.google.android.apps.nexuslauncher.NexusLauncherActivity
07-27 05:15:40.744   576   675 I RescueParty: Starting to observe: [android], updated namespace: configuration
07-27 05:15:40.746   576   607 I PackageWatchdog: Syncing state, reason: observing new packages
07-27 05:15:40.747   576   607 D PackageWatchdog: rescue-party-observer added the following packages to monitor [android]
07-27 05:15:40.747   576   607 I PackageWatchdog: Syncing state, reason: updated observers
07-27 05:15:40.747   576   607 I PackageWatchdog: Not pruning observers, elapsed time: 0ms
07-27 05:15:40.747   576   576 I PackageWatchdog: Syncing health check requests for packages: {}
07-27 05:15:40.747   576   576 I ExplicitHealthCheckController: Service not ready to get health check supported packages. Binding...
07-27 05:15:40.748   576   607 I PackageWatchdog: Saving observer state to file
07-27 05:15:40.756  1306  1306 D CannedAnimCoordinator: Wrong controller access from h2.i@57edd4d, actual provider null
07-27 05:15:40.756   576   576 I ExplicitHealthCheckController: Explicit health check service is bound
07-27 05:15:40.756   576   576 I ExplicitHealthCheckController: Explicit health check service is connected ComponentInfo{com.google.android.ext.services/android.ext.services.watchdog.ExplicitHealthCheckServiceImpl}
07-27 05:15:40.756   576   576 I ExplicitHealthCheckController: Service initialized, syncing requests
07-27 05:15:40.766   576   576 I PackageWatchdog: Syncing health check requests for packages: {}
07-27 05:15:40.767   576   576 D ExplicitHealthCheckController: Getting health check supported packages
07-27 05:15:40.767   576  1307 I ExplicitHealthCheckController: Explicit health check supported packages [PackageConfig{com.google.android.networkstack, 86400000}]
07-27 05:15:40.767   576  1307 D PackageWatchdog: Received supported packages [PackageConfig{com.google.android.networkstack, 86400000}]
07-27 05:15:40.767   576  1307 D ExplicitHealthCheckController: Getting health check requested packages
07-27 05:15:40.767   576  1307 I ExplicitHealthCheckController: Explicit health check requested packages []
07-27 05:15:40.767   576  1307 I ExplicitHealthCheckController: No more health check requests, unbinding...
07-27 05:15:40.768   576  1307 I ExplicitHealthCheckController: Explicit health check service is unbound
07-27 05:15:40.778   576   675 I RescueParty: Starting to observe: [android], updated namespace: companion
07-27 05:15:40.778   576   607 I PackageWatchdog: Syncing state, reason: observing new packages
07-27 05:15:40.778   576   607 D PackageWatchdog: rescue-party-observer added the following packages to monitor [android]
07-27 05:15:40.778   576   607 I PackageWatchdog: Syncing state, reason: updated observers
07-27 05:15:40.778   576   607 I PackageWatchdog: Not pruning observers, elapsed time: 0ms
07-27 05:15:40.779   576   607 I PackageWatchdog: Saving observer state to file
07-27 05:15:40.787   576   576 I PackageWatchdog: Syncing health check requests for packages: {}
07-27 05:15:40.787   576   576 I ExplicitHealthCheckController: Service not ready to get health check supported packages. Binding...
07-27 05:15:40.789   576   576 I ExplicitHealthCheckController: Explicit health check service is bound
07-27 05:15:40.791   576   576 I ExplicitHealthCheckController: Explicit health check service is connected ComponentInfo{com.google.android.ext.services/android.ext.services.watchdog.ExplicitHealthCheckServiceImpl}
07-27 05:15:40.793   576   576 I ExplicitHealthCheckController: Service initialized, syncing requests
07-27 05:15:40.793   576   576 I PackageWatchdog: Syncing health check requests for packages: {}
07-27 05:15:40.793   576   576 D ExplicitHealthCheckController: Getting health check supported packages
07-27 05:15:40.793   576  1307 I ExplicitHealthCheckController: Explicit health check supported packages [PackageConfig{com.google.android.networkstack, 86400000}]
07-27 05:15:40.793   576  1307 D PackageWatchdog: Received supported packages [PackageConfig{com.google.android.networkstack, 86400000}]
07-27 05:15:40.793   576  1307 D ExplicitHealthCheckController: Getting health check requested packages
07-27 05:15:40.796   576  1307 I ExplicitHealthCheckController: Explicit health check requested packages []
07-27 05:15:40.796   576  1307 I ExplicitHealthCheckController: No more health check requests, unbinding...
07-27 05:15:40.797   576  1307 I ExplicitHealthCheckController: Explicit health check service is unbound
07-27 05:15:40.798   576   834 E SettingsToPropertiesMapper: key=persist.device_config.configuration.AdbWritableFlags__adb_writable_flags_list value=adservices/disable_sdk_sandbox,adservices/enforce_broadcast_receiver_restrictions,adservices/fledge_ad_selection_enforce_foreground_status_custom_audience,adservices/fledge_custom_audience_max_count,adservices/fledge_custom_audience_max_num_ads,adservices/fledge_custom_audience_max_owner_count,adservices/fledge_custom_audience_per_app_max_count,adservices/fledge_js_isolate_enforce_max_heap_size,adservices/fledge_js_isolate_max_heap_size_bytes,adservices/sdk_request_permits_per_second,adservices/sdksandbox_customized_sdk_context_enabled,configuration/namespace_to_package_mapping,constrain_display_apis/always_constrain_display_apis,constrain_display_apis/never_constrain_display_apis,constrain_display_apis/never_constrain_display_apis_all_packages,device_policy_manager/disable_resources_updatability,flipendo/default_savings_mode_launch,flipendo/essential_apps,flipendo/flipendo_enabled_launch,flipendo/grayscale_enabled_launch,flipendo/lever_ble_scanning_enabled_launch,flipendo/lever_hotspot_enabled_launch,flipendo/lever_work_profile_enabled_launch,flipendo/resuspend_delay_minutes,namespace/key,namespace1/key1,namespace1/key2,namespace2/key1,namespace2/key2,package_manager_service/incfs_default_timeouts,package_manager_service/known_digesters_list,privacy/location_access_check_periodic_interval_millis,rollback/enable_rollback_timeout,rollback/watchdog_explicit_health_check_enabled,rollback/watchdog_request_timeout_millis,rollback/watchdog_trigger_failure_count,rollback/watchdog_trigger_failure_duration_millis,rollback_boot/rollback_lifetime_in_millis,systemui/nas_generate_actions,systemui/nas_generate_replies,systemui/nas_max_messages_to_extract,systemui/nas_max_suggestions,testspace/another,testspace/flagname,textclassifier/config_updater_model_enabled,textclassifier/key,textclassifier/key2,textclassifier/manifest_url_annotator_en,textclassifier/manifest_url_annotator_ru,textclassifier/model_download_backoff_delay_in_millis,textclassifier/model_download_manager_enabled,textclassifier/multi_language_support_enabled,textclassifier/testing_locale_list_override,textclassifier/textclassifier_service_package_override,window_manager/enable_default_rescind_bal_privileges_from_pending_intent_sender,wrong/nas_generate_replies, exceeds system property max length.
07-27 05:15:40.798   576   834 E SettingsToPropertiesMapper: key=persist.device_config.aconfig_flags.configuration.AdbWritableFlags__adb_writable_flags_list value=adservices/disable_sdk_sandbox,adservices/enforce_broadcast_receiver_restrictions,adservices/fledge_ad_selection_enforce_foreground_status_custom_audience,adservices/fledge_custom_audience_max_count,adservices/fledge_custom_audience_max_num_ads,adservices/fledge_custom_audience_max_owner_count,adservices/fledge_custom_audience_per_app_max_count,adservices/fledge_js_isolate_enforce_max_heap_size,adservices/fledge_js_isolate_max_heap_size_bytes,adservices/sdk_request_permits_per_second,adservices/sdksandbox_customized_sdk_context_enabled,configuration/namespace_to_package_mapping,constrain_display_apis/always_constrain_display_apis,constrain_display_apis/never_constrain_display_apis,constrain_display_apis/never_constrain_display_apis_all_packages,device_policy_manager/disable_resources_updatability,flipendo/default_savings_mode_launch,flipendo/essential_apps,flipendo/flipendo_enabled_launch,flipendo/grayscale_enabled_launch,flipendo/lever_ble_scanning_enabled_launch,flipendo/lever_hotspot_enabled_launch,flipendo/lever_work_profile_enabled_launch,flipendo/resuspend_delay_minutes,namespace/key,namespace1/key1,namespace1/key2,namespace2/key1,namespace2/key2,package_manager_service/incfs_default_timeouts,package_manager_service/known_digesters_list,privacy/location_access_check_periodic_interval_millis,rollback/enable_rollback_timeout,rollback/watchdog_explicit_health_check_enabled,rollback/watchdog_request_timeout_millis,rollback/watchdog_trigger_failure_count,rollback/watchdog_trigger_failure_duration_millis,rollback_boot/rollback_lifetime_in_millis,systemui/nas_generate_actions,systemui/nas_generate_replies,systemui/nas_max_messages_to_extract,systemui/nas_max_suggestions,testspace/another,testspace/flagname,textclassifier/config_updater_model_enabled,textclassifier/key,textclassifier/key2,textclassifier/manifest_url_annotator_en,textclassifier/manifest_url_annotator_ru,textclassifier/model_download_backoff_delay_in_millis,textclassifier/model_download_manager_enabled,textclassifier/multi_language_support_enabled,textclassifier/testing_locale_list_override,textclassifier/textclassifier_service_package_override,window_manager/enable_default_rescind_bal_privileges_from_pending_intent_sender,wrong/nas_generate_replies, exceeds system property max length.
07-27 05:15:40.804   576   675 I RescueParty: Starting to observe: [android], updated namespace: package_manager_service
07-27 05:15:40.806  1306  1306 D b/254119092: unregistering activity lifecycle callbacks from onActivityDestroyed.
07-27 05:15:40.806  1306  1306 D b/254119092: clearActivity
07-27 05:15:40.806  1306  1306 D b/254119092: mActivity and mContext agree taskbarIsPresent=false
07-27 05:15:40.808   576   607 I PackageWatchdog: Syncing state, reason: observing new packages
07-27 05:15:40.808   576   607 D PackageWatchdog: rescue-party-observer added the following packages to monitor [android]
07-27 05:15:40.808   576   607 I PackageWatchdog: Syncing state, reason: updated observers
07-27 05:15:40.808   576   607 I PackageWatchdog: Not pruning observers, elapsed time: 0ms
07-27 05:15:40.808   576   607 I PackageWatchdog: Saving observer state to file
07-27 05:15:40.814   576   576 I PackageWatchdog: Syncing health check requests for packages: {}
07-27 05:15:40.814   576   576 I ExplicitHealthCheckController: Service not ready to get health check supported packages. Binding...
07-27 05:15:40.817   576   576 I ExplicitHealthCheckController: Explicit health check service is bound
07-27 05:15:40.818   576   576 I ExplicitHealthCheckController: Explicit health check service is connected ComponentInfo{com.google.android.ext.services/android.ext.services.watchdog.ExplicitHealthCheckServiceImpl}
07-27 05:15:40.818   576  1307 I AppWidgetServiceImpl: setAppWidgetHidden() 0
07-27 05:15:40.819   576   576 I ExplicitHealthCheckController: Service initialized, syncing requests
07-27 05:15:40.819   576   576 I PackageWatchdog: Syncing health check requests for packages: {}
07-27 05:15:40.820   576   576 D ExplicitHealthCheckController: Getting health check supported packages
07-27 05:15:40.822   576  1307 I ExplicitHealthCheckController: Explicit health check supported packages [PackageConfig{com.google.android.networkstack, 86400000}]
07-27 05:15:40.822   576  1307 D PackageWatchdog: Received supported packages [PackageConfig{com.google.android.networkstack, 86400000}]
07-27 05:15:40.822   576  1307 D ExplicitHealthCheckController: Getting health check requested packages
07-27 05:15:40.826   576  2013 I ExplicitHealthCheckController: Explicit health check requested packages []
07-27 05:15:40.826   576  2013 I ExplicitHealthCheckController: No more health check requests, unbinding...
07-27 05:15:40.826   576  2013 I ExplicitHealthCheckController: Explicit health check service is unbound
07-27 05:15:40.828   576   675 I RescueParty: Starting to observe: [android, com.google.android.permissioncontroller, com.google.android.gms, com.android.settings, com.android.systemui], updated namespace: privacy
07-27 05:15:40.828   576   607 I PackageWatchdog: Syncing state, reason: observing new packages
07-27 05:15:40.836   576  2013 D ActivityTaskManager: Remove task fragment: deleteTaskFragment
07-27 05:15:40.855  1306  1306 W WindowOnBackDispatcher: sendCancelIfRunning: isInProgress=false callback=com.android.launcher3.uioverrides.QuickstepLauncher$2@b5b2eeb
07-27 05:15:40.856   576  2013 D CoreBackPreview: Window{3c469ec u0 com.google.android.apps.nexuslauncher/com.google.android.apps.nexuslauncher.NexusLauncherActivity}: Setting back callback null
07-27 05:15:40.865   576   576 I PackageWatchdog: Syncing health check requests for packages: {}
07-27 05:15:40.865   576   576 I ExplicitHealthCheckController: Service not ready to get health check supported packages. Binding...
07-27 05:15:40.865   576   576 I ExplicitHealthCheckController: Explicit health check service is bound
07-27 05:15:40.866   576   607 D PackageWatchdog: rescue-party-observer added the following packages to monitor [android, com.google.android.permissioncontroller, com.google.android.gms, com.android.settings, com.android.systemui]
07-27 05:15:40.866   576   607 I PackageWatchdog: Syncing state, reason: updated observers
07-27 05:15:40.869   820   893 V WindowManagerShell: Transition requested (#16): android.os.BinderProxy@90031d8 TransitionRequestInfo { type = CLOSE, triggerTask = null, pipTask = null, remoteTransition = RemoteTransition { remoteTransition = android.window.IRemoteTransition$Stub$Proxy@9553931, appThread = null, debugName = null }, displayChange = null, flags = 0, debugId = 16 }
07-27 05:15:40.870   576   607 I PackageWatchdog: Saving observer state to file
07-27 05:15:40.870   576   576 I PackageWatchdog: Syncing health check requests for packages: {}
07-27 05:15:40.870   576   576 I ExplicitHealthCheckController: Service not ready to get health check supported packages. Binding...
07-27 05:15:40.870   576   576 I ExplicitHealthCheckController: Not binding to service, service already connecting
07-27 05:15:40.874   576   576 I ExplicitHealthCheckController: Explicit health check service is connected ComponentInfo{com.google.android.ext.services/android.ext.services.watchdog.ExplicitHealthCheckServiceImpl}
07-27 05:15:40.874   576   576 I ExplicitHealthCheckController: Service initialized, syncing requests
07-27 05:15:40.874   576  1307 D SearchUiPerUserService: Removing callback for session Id=com.google.android.apps.nexuslauncher:bb9d5f5f-872e-449d-b59c-67a7186d17d5,0 and callback=android.os.BinderProxy@42163ad
07-27 05:15:40.878   820   893 V WindowManagerShell: RemoteTransition directly requested for (#16) android.os.BinderProxy@90031d8: RemoteTransition { remoteTransition = android.window.IRemoteTransition$Stub$Proxy@9553931, appThread = null, debugName = null }
07-27 05:15:40.879   576   576 I PackageWatchdog: Syncing health check requests for packages: {}
07-27 05:15:40.879   576   576 D ExplicitHealthCheckController: Getting health check supported packages
07-27 05:15:40.879   576   938 D SearchUiPerUserService: Removing all callbacks for session Id=com.google.android.apps.nexuslauncher:bb9d5f5f-872e-449d-b59c-67a7186d17d5,0 and 0 callbacks.
07-27 05:15:40.880   576   938 I ExplicitHealthCheckController: Explicit health check supported packages [PackageConfig{com.google.android.networkstack, 86400000}]
07-27 05:15:40.881   576   938 D PackageWatchdog: Received supported packages [PackageConfig{com.google.android.networkstack, 86400000}]
07-27 05:15:40.881   576   938 D ExplicitHealthCheckController: Getting health check requested packages
07-27 05:15:40.881   576   938 I ExplicitHealthCheckController: Explicit health check requested packages []
07-27 05:15:40.881   576   938 I ExplicitHealthCheckController: No more health check requests, unbinding...
07-27 05:15:40.881   431   431 I BpBinder: onLastStrongRef automatically unlinking death recipients: 
07-27 05:15:40.881   576   938 I ExplicitHealthCheckController: Explicit health check service is unbound
07-27 05:15:40.906  1306  1306 D RecentsView: reset - mEnableDrawingLiveTile: false, mRecentsAnimationController: null
07-27 05:15:40.913   576   677 I SafetyCenterService: Safety Center is already enabled, ignoring change
07-27 05:15:40.920   576  1307 W InputManager-JNI: Input channel object '3c469ec com.google.android.apps.nexuslauncher/com.google.android.apps.nexuslauncher.NexusLauncherActivity (client)' was disposed without first being removed with the input manager!
07-27 05:15:40.954   576   675 I RescueParty: Starting to observe: [android, com.google.android.as, com.google.android.apps.nexuslauncher, com.android.systemui], updated namespace: systemui
07-27 05:15:40.992   576   607 I PackageWatchdog: Syncing state, reason: observing new packages
07-27 05:15:40.992   576   607 D PackageWatchdog: rescue-party-observer added the following packages to monitor [android, com.google.android.as, com.google.android.apps.nexuslauncher, com.android.systemui]
07-27 05:15:40.995   576   607 I PackageWatchdog: Syncing state, reason: updated observers
07-27 05:15:41.023   576   675 I RescueParty: Starting to observe: [android], updated namespace: media
07-27 05:15:41.023   576   607 I PackageWatchdog: Saving observer state to file
07-27 05:15:41.024   576   576 I PackageWatchdog: Syncing health check requests for packages: {}
07-27 05:15:41.027   576   576 I ExplicitHealthCheckController: Service not ready to get health check supported packages. Binding...
07-27 05:15:41.031   576   576 I ExplicitHealthCheckController: Explicit health check service is bound
07-27 05:15:41.033   576   607 I PackageWatchdog: Syncing state, reason: observing new packages
07-27 05:15:41.033   576   607 D PackageWatchdog: rescue-party-observer added the following packages to monitor [android]
07-27 05:15:41.033   576   607 I PackageWatchdog: Syncing state, reason: updated observers
07-27 05:15:41.033   576   607 I PackageWatchdog: Not pruning observers, elapsed time: 0ms
07-27 05:15:41.033   576   607 I PackageWatchdog: Saving observer state to file
07-27 05:15:41.044  1044  4013 I PlatformConfigurator: updateFromConfigurations using legacy put method [CONTEXT service_id=204 ]
07-27 05:15:41.058   576   576 I PackageWatchdog: Syncing health check requests for packages: {}
07-27 05:15:41.058   576   576 I ExplicitHealthCheckController: Service not ready to get health check supported packages. Binding...
07-27 05:15:41.058   576   576 I ExplicitHealthCheckController: Not binding to service, service already connecting
07-27 05:15:41.061   576   576 I ExplicitHealthCheckController: Explicit health check service is connected ComponentInfo{com.google.android.ext.services/android.ext.services.watchdog.ExplicitHealthCheckServiceImpl}
07-27 05:15:41.062   576   576 I ExplicitHealthCheckController: Service initialized, syncing requests
07-27 05:15:41.062   576   576 I PackageWatchdog: Syncing health check requests for packages: {}
07-27 05:15:41.062   576   576 D ExplicitHealthCheckController: Getting health check supported packages
07-27 05:15:41.065   576  2013 I ExplicitHealthCheckController: Explicit health check supported packages [PackageConfig{com.google.android.networkstack, 86400000}]
07-27 05:15:41.065   576  2013 D PackageWatchdog: Received supported packages [PackageConfig{com.google.android.networkstack, 86400000}]
07-27 05:15:41.066   576  2013 D ExplicitHealthCheckController: Getting health check requested packages
07-27 05:15:41.068   820   820 D NavigationModeController: getCurrentUserContext: contextUser=0 currentUser=0
07-27 05:15:41.077   576  2013 I ExplicitHealthCheckController: Explicit health check requested packages []
07-27 05:15:41.078   576  2013 I ExplicitHealthCheckController: No more health check requests, unbinding...
07-27 05:15:41.089   576  2013 I ExplicitHealthCheckController: Explicit health check service is unbound
07-27 05:15:41.188   576   675 I RescueParty: Starting to observe: [android], updated namespace: alarm_manager
07-27 05:15:41.189   576   607 I PackageWatchdog: Syncing state, reason: observing new packages
07-27 05:15:41.189   576   607 D PackageWatchdog: rescue-party-observer added the following packages to monitor [android]
07-27 05:15:41.189   576   607 I PackageWatchdog: Syncing state, reason: updated observers
07-27 05:15:41.189   576   607 I PackageWatchdog: Not pruning observers, elapsed time: 0ms
07-27 05:15:41.189   576   607 I PackageWatchdog: Saving observer state to file
07-27 05:15:41.208  1044  3130 I NearbyMediums: No BLE Fast/GATT advertisements found in the latest cycle.
07-27 05:15:41.217  1571  1571 D BoundBrokerSvc: onBind: Intent { act=com.google.android.gms.notifications.registration.service.NotificationsRegistrationTaskBoundService.ACTION_TASK_READY dat=chimera-action:/... cmp=com.google.android.gms/.chimera.GmsInternalBoundBrokerService }
07-27 05:15:41.217  1571  1571 D BoundBrokerSvc: Loading bound service for intent: Intent { act=com.google.android.gms.notifications.registration.service.NotificationsRegistrationTaskBoundService.ACTION_TASK_READY dat=chimera-action:/... cmp=com.google.android.gms/.chimera.GmsInternalBoundBrokerService }
07-27 05:15:41.227   576   576 I PackageWatchdog: Syncing health check requests for packages: {}
07-27 05:15:41.227   576   576 I ExplicitHealthCheckController: Service not ready to get health check supported packages. Binding...
07-27 05:15:41.234   576   576 I ExplicitHealthCheckController: Explicit health check service is bound
07-27 05:15:41.236  1571  1571 I GmsCoreXrpcWrapper: Returning a channel provider with trafficStatsTag=67175169 trafficStatsUid=-1
07-27 05:15:41.237   576   576 I ExplicitHealthCheckController: Explicit health check service is connected ComponentInfo{com.google.android.ext.services/android.ext.services.watchdog.ExplicitHealthCheckServiceImpl}
07-27 05:15:41.237   576   576 I ExplicitHealthCheckController: Service initialized, syncing requests
07-27 05:15:41.237   576   576 I PackageWatchdog: Syncing health check requests for packages: {}
07-27 05:15:41.237   576   576 D ExplicitHealthCheckController: Getting health check supported packages
07-27 05:15:41.237   576  1307 I ExplicitHealthCheckController: Explicit health check supported packages [PackageConfig{com.google.android.networkstack, 86400000}]
07-27 05:15:41.237   576  1307 D PackageWatchdog: Received supported packages [PackageConfig{com.google.android.networkstack, 86400000}]
07-27 05:15:41.237   576  1307 D ExplicitHealthCheckController: Getting health check requested packages
07-27 05:15:41.237   576  1307 I ExplicitHealthCheckController: Explicit health check requested packages []
07-27 05:15:41.237   576  1307 I ExplicitHealthCheckController: No more health check requests, unbinding...
07-27 05:15:41.238   576  1307 I ExplicitHealthCheckController: Explicit health check service is unbound
07-27 05:15:41.253  1044  4031 I NetworkScheduler.Stats: Task com.google.android.gms/com.google.android.gms.notifications.registration.service.NotificationsRegistrationTaskBoundService started execution. cause:4 exec_start_elapsed_seconds: 334 [CONTEXT service_id=218 ]
07-27 05:15:41.265   576   675 I RescueParty: Starting to observe: [android, com.android.settings], updated namespace: app_hibernation
07-27 05:15:41.265   576   607 I PackageWatchdog: Syncing state, reason: observing new packages
07-27 05:15:41.265   576   607 D PackageWatchdog: rescue-party-observer added the following packages to monitor [android, com.android.settings]
07-27 05:15:41.265   576   576 D AppHibernationService: App hibernation changed to enabled=true
07-27 05:15:41.265   576   607 I PackageWatchdog: Syncing state, reason: updated observers
07-27 05:15:41.265   576   607 I PackageWatchdog: Not pruning observers, elapsed time: 0ms
07-27 05:15:41.265   576   607 I PackageWatchdog: Saving observer state to file
07-27 05:15:41.311  1306  1306 D AutofillManager: Fill dialog is enabled:false, hints=[password, passwordAuto, creditCardNumber, creditCardSecurityCode, creditCardExpirationDate]
07-27 05:15:41.315  1306  1306 D DeviceSearchAlg: search timeout = %d200
07-27 05:15:41.324   576   576 I PackageWatchdog: Syncing health check requests for packages: {}
07-27 05:15:41.324   576   576 I ExplicitHealthCheckController: Service not ready to get health check supported packages. Binding...
07-27 05:15:41.325   576   576 I ExplicitHealthCheckController: Explicit health check service is bound
07-27 05:15:41.326   576   576 I PackageWatchdog: Syncing health check requests for packages: {}
07-27 05:15:41.326   576   576 I ExplicitHealthCheckController: Service not ready to get health check supported packages. Binding...
07-27 05:15:41.326   576   576 I ExplicitHealthCheckController: Not binding to service, service already connecting
07-27 05:15:41.327   576   576 I ExplicitHealthCheckController: Explicit health check service is connected ComponentInfo{com.google.android.ext.services/android.ext.services.watchdog.ExplicitHealthCheckServiceImpl}
07-27 05:15:41.327   576   576 I ExplicitHealthCheckController: Service initialized, syncing requests
07-27 05:15:41.327   576   576 I PackageWatchdog: Syncing health check requests for packages: {}
07-27 05:15:41.327   576   576 D ExplicitHealthCheckController: Getting health check supported packages
07-27 05:15:41.328  1306  1306 W PageIndicator: Total number of pages invalid: 0. Assuming 1 page.
07-27 05:15:41.328  1306  1306 W BcSmartspaceView: Current card is not present in the Adapter; cannot log.
07-27 05:15:41.328   576  2013 I ExplicitHealthCheckController: Explicit health check supported packages [PackageConfig{com.google.android.networkstack, 86400000}]
07-27 05:15:41.328   576  2013 D PackageWatchdog: Received supported packages [PackageConfig{com.google.android.networkstack, 86400000}]
07-27 05:15:41.328   576  2013 D ExplicitHealthCheckController: Getting health check requested packages
07-27 05:15:41.332   576  2013 I ExplicitHealthCheckController: Explicit health check requested packages []
07-27 05:15:41.332   576  2013 I ExplicitHealthCheckController: No more health check requests, unbinding...
07-27 05:15:41.332   576  2013 I ExplicitHealthCheckController: Explicit health check service is unbound
07-27 05:15:41.360  1306  1306 I OverviewComponentObserver: updateOverviewTargets: mIsHomeDisabled=false, isDefaultHomeNull=false, mIsDefaultHome=true
07-27 05:15:41.361  1306  1306 D OverviewActionsView: updateActionButtonsVisibility() called: showSingleTaskActions = [true], showGroupActions = [false]
07-27 05:15:41.380  1571  2105 W ChimeraUtils: Module com.google.android.gms.notifications_registration missing resource null(0)
07-27 05:15:41.381  1571  2105 W ChimeraUtils: Module com.google.android.gms.notifications_registration missing resource null(0)
07-27 05:15:41.382  1571  2105 W ChimeraUtils: Module com.google.android.gms.notifications_registration missing resource null(0)
07-27 05:15:41.396   576  2013 I AppWidgetServiceImpl: startListening() 0
07-27 05:15:41.402  1306  1306 D ModelCallbacks: startBinding: hotseat layout was vertical: false and is setting to false
07-27 05:15:41.403  1306  1306 D Launcher.Workspace: addInScreenFromBind: hotseat inflation with x = 0 and y = 0
07-27 05:15:41.403  1306  1306 D Launcher.Workspace: addInScreenFromBind: hotseat inflation with x = 1 and y = 0
07-27 05:15:41.403  1306  1306 D Launcher.Workspace: addInScreenFromBind: hotseat inflation with x = 2 and y = 0
07-27 05:15:41.406  1306  1306 D Launcher.Workspace: addInScreenFromBind: hotseat inflation with x = 3 and y = 0
07-27 05:15:41.434   576   675 I RescueParty: Starting to observe: [android, com.android.settings, com.android.systemui], updated namespace: window_manager
07-27 05:15:41.435   576   607 I PackageWatchdog: Syncing state, reason: observing new packages
07-27 05:15:41.435   576   576 I PackageWatchdog: Syncing health check requests for packages: {}
07-27 05:15:41.435   576   576 I ExplicitHealthCheckController: Service not ready to get health check supported packages. Binding...
07-27 05:15:41.437   576   576 I ExplicitHealthCheckController: Explicit health check service is bound
07-27 05:15:41.439   576   607 D PackageWatchdog: rescue-party-observer added the following packages to monitor [android, com.android.settings, com.android.systemui]
07-27 05:15:41.439   576   607 I PackageWatchdog: Syncing state, reason: updated observers
07-27 05:15:41.439   576   607 I PackageWatchdog: Saving observer state to file
07-27 05:15:41.439   576   576 I PackageWatchdog: Syncing health check requests for packages: {}
07-27 05:15:41.439   576   576 I ExplicitHealthCheckController: Service not ready to get health check supported packages. Binding...
07-27 05:15:41.439   576   576 I ExplicitHealthCheckController: Not binding to service, service already connecting
07-27 05:15:41.444   576  2013 I AppWidgetServiceImpl: getInstalledProvidersForProfiles() 0
07-27 05:15:41.457   576  2013 I AppWidgetServiceImpl: notifyProviderInheritance() 0
07-27 05:15:41.467   576  1730 D SearchUiPerUserService: Creating SearchSessionInfo for session Id=com.google.android.apps.nexuslauncher:1d154de2-de24-4119-b299-c969a0945d17,0
07-27 05:15:41.468   576  1730 D SearchUiPerUserService: Storing callback for session Id=com.google.android.apps.nexuslauncher:1d154de2-de24-4119-b299-c969a0945d17,0 and callback=android.os.BinderProxy@b5979c
07-27 05:15:41.475   576   576 I ExplicitHealthCheckController: Explicit health check service is connected ComponentInfo{com.google.android.ext.services/android.ext.services.watchdog.ExplicitHealthCheckServiceImpl}
07-27 05:15:41.475   576   576 I ExplicitHealthCheckController: Service initialized, syncing requests
07-27 05:15:41.475   576   576 I PackageWatchdog: Syncing health check requests for packages: {}
07-27 05:15:41.475   576   576 D ExplicitHealthCheckController: Getting health check supported packages
07-27 05:15:41.476   576  2013 I ExplicitHealthCheckController: Explicit health check supported packages [PackageConfig{com.google.android.networkstack, 86400000}]
07-27 05:15:41.476   576  2013 D PackageWatchdog: Received supported packages [PackageConfig{com.google.android.networkstack, 86400000}]
07-27 05:15:41.476   576  2013 D ExplicitHealthCheckController: Getting health check requested packages
07-27 05:15:41.477   576  1307 I ExplicitHealthCheckController: Explicit health check requested packages []
07-27 05:15:41.477   576  1307 I ExplicitHealthCheckController: No more health check requests, unbinding...
07-27 05:15:41.478   576  1307 I ExplicitHealthCheckController: Explicit health check service is unbound
07-27 05:15:41.478  1436  1436 I AiAiEcho: SearchContextManagerImpl::setSearchContext resultTypes=[141151] extras=[Bundle[{launcher.maxInlineIcons=3, dynamic_ranking_m3_enabled=true, qs_tiles_asi_enabled=true, allowlist_enabled=false, one_search_enabled=true, system_clock=true, version_code=12, gms_play_query_lower_bound=2, gms_play_query_upper_bound=20, recent_search_block_enabled=true, gms_play_feature_supported=true, launcher.gridSize=4, showhiddentargets_enabled=false, ose_info=1}]] sessionId=[com.google.android.apps.nexuslauncher:1d154de2-de24-4119-b299-c969a0945d17,0]
07-27 05:15:41.485  1306  1331 D SearchTargetUtil: query= size=1
07-27 05:15:41.485  1306  1331 D SearchTargetUtil: layoutType=icon_row resultType=4096 packageName= extras=Bundle{aiai_settings_enabled=true,icon_container_enabled=true,zero_state_query_ready=true,zero_state_all_apps_web_suggest_count=3,rank=1.0,toast_settings_toggle_values=16777476,key_ipc_start=334617,hide_subtitle=true,enable_launch_animations=true,zero_state_qsb_web_suggest_count=10,}ParentID: null targetID: SESSION_INFO:0::zero_state_flags
07-27 05:15:41.527   576   588 I system_server: Background concurrent mark compact GC freed 22MB AllocSpace bytes, 36(836KB) LOS objects, 45% free, 28MB/52MB, paused 3.864ms,1.106ms total 261.896ms
07-27 05:15:41.557  1306  1306 D OverviewActionsView: updateActionButtonsVisibility() called: showSingleTaskActions = [true], showGroupActions = [false]
07-27 05:15:41.570  1571  1571 D BoundBrokerSvc: onBind: Intent { act=com.google.android.gms.auth.service.START pkg=com.google.android.gms }
07-27 05:15:41.570  1571  1571 D BoundBrokerSvc: Loading bound service for intent: Intent { act=com.google.android.gms.auth.service.START pkg=com.google.android.gms }
07-27 05:15:41.571  1306  1331 D InputMonitorCompat: Input monitor (minus-one-disp0) created
07-27 05:15:41.629   576   938 V WindowManager: Queueing transition: TransitionRecord{ecd845d id=-1 type=CHANGE flags=0x0}
07-27 05:15:41.635  1044  2342 W GLSUser : [DeviceKeyStore] Cannot load key: Device key file not found.
07-27 05:15:41.641   576   589 I BpBinder: onLastStrongRef automatically unlinking death recipients: 
07-27 05:15:41.644  1306  1306 W SplitSelectStateCtor: Missing session instanceIds
07-27 05:15:41.644  1306  1306 D StatsLog: LAUNCHER_SPLIT_SELECTION_EXIT_INTERRUPTED
07-27 05:15:41.647  1306  1331 D InputMonitorCompat: Input event receiver for monitor (minus-one-disp0) created
07-27 05:15:41.654   820   893 D WindowManagerShell: setLauncherKeepClearAreaHeight: visible=true, height=527
07-27 05:15:41.667  1306  1306 D StateManager: goToState - fromState: Normal, toState: Normal, partial trace:
07-27 05:15:41.667  1306  1306 D StateManager: 	at com.android.launcher3.statemanager.StateManager.moveToRestState(go/retraceme 31f9979659277bb965985aff1272c33e3c3c9e755b77166d20a2465454178f2c:4)
07-27 05:15:41.667  1306  1306 D StateManager: 	at com.android.launcher3.statemanager.StateManager.moveToRestState(go/retraceme 31f9979659277bb965985aff1272c33e3c3c9e755b77166d20a2465454178f2c:1)
07-27 05:15:41.667  1306  1306 D StateManager: 	at com.android.launcher3.statemanager.StatefulActivity.onStop(go/retraceme 31f9979659277bb965985aff1272c33e3c3c9e755b77166d20a2465454178f2c:34)
07-27 05:15:41.668   576   938 I AppWidgetServiceImpl: setAppWidgetHidden() 0
07-27 05:15:41.668  1306  1306 D StatsLog: LAUNCHER_GOOGLE_SEARCH_RESTORE_LIST_SIZE_AFTER_ACTIVITY_RESTART
07-27 05:15:41.668  1306  1306 I Choreographer: Skipped 52 frames!  The application may be doing too much work on its main thread.
07-27 05:15:41.674   576   938 D CoreBackPreview: Window{f5a491e u0 com.google.android.apps.nexuslauncher/com.google.android.apps.nexuslauncher.NexusLauncherActivity}: Setting back callback OnBackInvokedCallbackInfo{mCallback=android.window.IOnBackInvokedCallback$Stub$Proxy@331e215, mPriority=-1, mIsAnimationCallback=false}
07-27 05:15:41.677   576   938 D CoreBackPreview: Window{f5a491e u0 com.google.android.apps.nexuslauncher/com.google.android.apps.nexuslauncher.NexusLauncherActivity}: Setting back callback OnBackInvokedCallbackInfo{mCallback=android.window.IOnBackInvokedCallback$Stub$Proxy@5dd92a, mPriority=0, mIsAnimationCallback=true}
07-27 05:15:41.678   576   590 W system_server: ApkAssets: Deleting an ApkAssets object '<empty> and /product/priv-app/PrebuiltGmsCore/PrebuiltGmsCore.apk' with 1 weak references
07-27 05:15:41.700  3315  3346 D EGL_emulation: app_time_stats: avg=24.75ms min=2.60ms max=78.83ms count=24
07-27 05:15:41.717   576   675 I RescueParty: Starting to observe: [com.google.android.bluetooth], updated namespace: bluetooth
07-27 05:15:41.721   576   607 I PackageWatchdog: Syncing state, reason: observing new packages
07-27 05:15:41.769   576   675 I RescueParty: Starting to observe: [android, com.android.systemui], updated namespace: latency_tracker
07-27 05:15:41.770   576   607 D PackageWatchdog: rescue-party-observer added the following packages to monitor [com.google.android.bluetooth]
07-27 05:15:41.770   576   607 I PackageWatchdog: Syncing state, reason: updated observers
07-27 05:15:41.770   576   576 I PackageWatchdog: Syncing health check requests for packages: {}
07-27 05:15:41.770   576   576 I ExplicitHealthCheckController: Service not ready to get health check supported packages. Binding...
07-27 05:15:41.770   576   607 I PackageWatchdog: Saving observer state to file
07-27 05:15:41.773   576   675 I RescueParty: Starting to observe: [android], updated namespace: battery_saver
07-27 05:15:41.775   576   576 I ExplicitHealthCheckController: Explicit health check service is bound
07-27 05:15:41.821   576   675 I RescueParty: Starting to observe: [android], updated namespace: constrain_display_apis
07-27 05:15:41.823   576   607 I PackageWatchdog: Syncing state, reason: observing new packages
07-27 05:15:41.823   576   607 D PackageWatchdog: rescue-party-observer added the following packages to monitor [android, com.android.systemui]
07-27 05:15:41.823   576   607 I PackageWatchdog: Syncing state, reason: updated observers
07-27 05:15:41.823   576   607 I PackageWatchdog: Not pruning observers, elapsed time: 0ms
07-27 05:15:41.823   576   607 I PackageWatchdog: Syncing state, reason: observing new packages
07-27 05:15:41.823   576   607 I PackageWatchdog: Not pruning observers, elapsed time: 0ms
07-27 05:15:41.823   576   607 D PackageWatchdog: rescue-party-observer added the following packages to monitor [android]
07-27 05:15:41.823   576   607 I PackageWatchdog: Syncing state, reason: updated observers
07-27 05:15:41.823   576   607 I PackageWatchdog: Not pruning observers, elapsed time: 0ms
07-27 05:15:41.823   576   607 I PackageWatchdog: Syncing state, reason: observing new packages
07-27 05:15:41.823   576   607 I PackageWatchdog: Not pruning observers, elapsed time: 0ms
07-27 05:15:41.823   576   607 D PackageWatchdog: rescue-party-observer added the following packages to monitor [android]
07-27 05:15:41.823   576   607 I PackageWatchdog: Syncing state, reason: updated observers
07-27 05:15:41.823   576   607 I PackageWatchdog: Not pruning observers, elapsed time: 0ms
07-27 05:15:41.823   576   576 I PackageWatchdog: Syncing health check requests for packages: {}
07-27 05:15:41.823   576   607 I PackageWatchdog: Saving observer state to file
07-27 05:15:41.823   576   576 I ExplicitHealthCheckController: Service not ready to get health check supported packages. Binding...
07-27 05:15:41.823   576   576 I ExplicitHealthCheckController: Not binding to service, service already connecting
07-27 05:15:41.823   576   576 I ExplicitHealthCheckController: Explicit health check service is connected ComponentInfo{com.google.android.ext.services/android.ext.services.watchdog.ExplicitHealthCheckServiceImpl}
07-27 05:15:41.824   576   576 I ExplicitHealthCheckController: Service initialized, syncing requests
07-27 05:15:41.831   576   576 E DeviceConfig: Parsing int failed for location_mode
07-27 05:15:41.833   576   576 I PackageWatchdog: Syncing health check requests for packages: {}
07-27 05:15:41.833   576   576 D ExplicitHealthCheckController: Getting health check supported packages
07-27 05:15:41.835   576  1307 I ExplicitHealthCheckController: Explicit health check supported packages [PackageConfig{com.google.android.networkstack, 86400000}]
07-27 05:15:41.835   576  1307 D PackageWatchdog: Received supported packages [PackageConfig{com.google.android.networkstack, 86400000}]
07-27 05:15:41.835   576  1307 D ExplicitHealthCheckController: Getting health check requested packages
07-27 05:15:41.836   576  1307 I ExplicitHealthCheckController: Explicit health check requested packages []
07-27 05:15:41.836   576  1307 I ExplicitHealthCheckController: No more health check requests, unbinding...
07-27 05:15:41.836   576  1307 I ExplicitHealthCheckController: Explicit health check service is unbound
07-27 05:15:41.842   576   675 I RescueParty: Starting to observe: [android], updated namespace: backup_and_restore
07-27 05:15:41.843   576   607 I PackageWatchdog: Syncing state, reason: observing new packages
07-27 05:15:41.843   576   607 D PackageWatchdog: rescue-party-observer added the following packages to monitor [android]
07-27 05:15:41.843   576   607 I PackageWatchdog: Syncing state, reason: updated observers
07-27 05:15:41.843   576   607 I PackageWatchdog: Not pruning observers, elapsed time: 0ms
07-27 05:15:41.843   576   607 I PackageWatchdog: Saving observer state to file
07-27 05:15:41.856   576   576 I PackageWatchdog: Syncing health check requests for packages: {}
07-27 05:15:41.857   576   576 I ExplicitHealthCheckController: Service not ready to get health check supported packages. Binding...
07-27 05:15:41.858   576   576 I ExplicitHealthCheckController: Explicit health check service is bound
07-27 05:15:41.893   576   576 I ExplicitHealthCheckController: Explicit health check service is connected ComponentInfo{com.google.android.ext.services/android.ext.services.watchdog.ExplicitHealthCheckServiceImpl}
07-27 05:15:41.893   576   576 I ExplicitHealthCheckController: Service initialized, syncing requests
07-27 05:15:41.893   576   576 I PackageWatchdog: Syncing health check requests for packages: {}
07-27 05:15:41.894   576   576 D ExplicitHealthCheckController: Getting health check supported packages
07-27 05:15:41.895   576   938 I ExplicitHealthCheckController: Explicit health check supported packages [PackageConfig{com.google.android.networkstack, 86400000}]
07-27 05:15:41.895   576   938 D PackageWatchdog: Received supported packages [PackageConfig{com.google.android.networkstack, 86400000}]
07-27 05:15:41.896   576   938 D ExplicitHealthCheckController: Getting health check requested packages
07-27 05:15:41.896   576   938 I ExplicitHealthCheckController: Explicit health check requested packages []
07-27 05:15:41.901   576   938 I ExplicitHealthCheckController: No more health check requests, unbinding...
07-27 05:15:41.902   576   938 I ExplicitHealthCheckController: Explicit health check service is unbound
07-27 05:15:41.949  1044  1051 I .gms.persistent: Background concurrent mark compact GC freed 4940KB AllocSpace bytes, 282(14MB) LOS objects, 50% free, 16MB/33MB, paused 503us,7.916ms total 335.573ms
07-27 05:15:41.978   576   675 I RescueParty: Starting to observe: [android, com.google.android.networkstack], updated namespace: tethering
07-27 05:15:41.982   576   607 I PackageWatchdog: Syncing state, reason: observing new packages
07-27 05:15:41.982   576   607 D PackageWatchdog: rescue-party-observer added the following packages to monitor [android, com.google.android.networkstack]
07-27 05:15:41.982   576   607 I PackageWatchdog: Syncing state, reason: updated observers
07-27 05:15:41.982   576   607 I PackageWatchdog: Not pruning observers, elapsed time: 0ms
07-27 05:15:41.982   576   607 I PackageWatchdog: Saving observer state to file
07-27 05:15:41.986   576   576 I PackageWatchdog: Syncing health check requests for packages: {}
07-27 05:15:41.986   576   576 I ExplicitHealthCheckController: Service not ready to get health check supported packages. Binding...
07-27 05:15:41.994  2740  2796 W libc    : Access denied finding property "persist.adb.tls_server.enable"
07-27 05:15:41.994  2740  2796 W libc    : Access denied finding property "service.adb.tls.port"
07-27 05:15:42.002   576   938 D FileUtils: Rounded bytes from 2070597632 to 4000000000
07-27 05:15:41.992  2740  2740 W binder:2740_4: type=1400 audit(0.0:41): avc:  denied  { read } for  name="u:object_r:system_adbd_prop:s0" dev="tmpfs" ino=309 scontext=u:r:gmscore_app:s0:c512,c768 tcontext=u:object_r:system_adbd_prop:s0 tclass=file permissive=0 app=com.google.android.gms
07-27 05:15:41.992  2740  2740 W binder:2740_4: type=1400 audit(0.0:42): avc:  denied  { read } for  name="u:object_r:adbd_prop:s0" dev="tmpfs" ino=54 scontext=u:r:gmscore_app:s0:c512,c768 tcontext=u:object_r:adbd_prop:s0 tclass=file permissive=0 app=com.google.android.gms
07-27 05:15:42.021   576   576 I ExplicitHealthCheckController: Explicit health check service is bound
07-27 05:15:42.033   380  4057 I resolv  : GetAddrInfoHandler::run: {100 786532 100 983140 10144 0}
07-27 05:15:42.040   576   576 I ExplicitHealthCheckController: Explicit health check service is connected ComponentInfo{com.google.android.ext.services/android.ext.services.watchdog.ExplicitHealthCheckServiceImpl}
07-27 05:15:42.040   576   576 I ExplicitHealthCheckController: Service initialized, syncing requests
07-27 05:15:42.040   576   576 I PackageWatchdog: Syncing health check requests for packages: {}
07-27 05:15:42.040   576   576 D ExplicitHealthCheckController: Getting health check supported packages
07-27 05:15:42.041   576  1307 I ExplicitHealthCheckController: Explicit health check supported packages [PackageConfig{com.google.android.networkstack, 86400000}]
07-27 05:15:42.041   576  1307 D PackageWatchdog: Received supported packages [PackageConfig{com.google.android.networkstack, 86400000}]
07-27 05:15:42.041   576  1307 D ExplicitHealthCheckController: Getting health check requested packages
07-27 05:15:42.042   576  1307 I ExplicitHealthCheckController: Explicit health check requested packages []
07-27 05:15:42.042   576  1307 I ExplicitHealthCheckController: No more health check requests, unbinding...
07-27 05:15:42.043  2740  2796 D TrafficStats: tagSocket(96) with statsTag=0x1809, statsUid=-1
07-27 05:15:42.044   576  1307 I ExplicitHealthCheckController: Explicit health check service is unbound
07-27 05:15:42.102  1044  2342 W GmsUrlRequestImpl: Content-Type header is overwritten.
07-27 05:15:42.136   380  4058 I resolv  : GetAddrInfoHandler::run: {100 786532 100 983140 10144 0}
07-27 05:15:42.137   380  4060 I resolv  : res_nmkquery: (QUERY, IN, A)
07-27 05:15:42.137   380  4060 I resolv  : resolv_cache_lookup: FOUND IN CACHE entry=0xb40000744d284fb0
07-27 05:15:42.137   380  4060 I resolv  : doQuery: rcode=0, ancount=8, return value=168
07-27 05:15:42.138   380  4059 I resolv  : res_nmkquery: (QUERY, IN, AAAA)
07-27 05:15:42.224   380  4059 I resolv  : res_nsend: used send_dg 264 terrno: 0
07-27 05:15:42.224   380  4059 I resolv  : doQuery: rcode=0, ancount=8, return value=264
07-27 05:15:42.226  1044  3034 D TrafficStats: tagSocket(155) with statsTag=0x401, statsUid=10144
07-27 05:15:42.262  1306  1306 D OverviewActionsView: updateActionButtonsVisibility() called: showSingleTaskActions = [true], showGroupActions = [false]
07-27 05:15:42.272  1306  1306 D InputMonitorCompat: Input event receiver for monitor (minus-one-disp0) disposed
07-27 05:15:42.280  1306  1306 D InputMonitorCompat: Input monitor (minus-one-disp0) disposed
07-27 05:15:42.283  1306  1306 D TISBindHelper: TIS service connected
07-27 05:15:42.284  1306  1306 D b/254119092: Set mActivity=com.google.android.apps.nexuslauncher.NexusLauncherActivity@c269bd2
07-27 05:15:42.284  1306  1306 D b/254119092: mActivity and mContext agree taskbarIsPresent=false
07-27 05:15:42.285   576  1307 W InputManager-JNI: Input channel object '[Gesture Monitor] minus-one (client)' was disposed without first being removed with the input manager!
07-27 05:15:42.285  1306  1306 D b/254119092: registering activity lifecycle callbacks from setActivity().
07-27 05:15:42.293  1306  1306 I Choreographer: Skipped 37 frames!  The application may be doing too much work on its main thread.
07-27 05:15:42.297   576  1307 I ActivityTaskManager: Activity reported stop, but no longer stopping: ActivityRecord{2a47c15 u0 com.google.android.apps.nexuslauncher/.NexusLauncherActivity t74} STOPPED
07-27 05:15:42.325   820  1384 V WindowManagerShell: onTransitionReady(transaction=2473901163684)
07-27 05:15:42.329   820   893 V WindowManagerShell: onTransitionReady (#16) android.os.BinderProxy@90031d8: {id=16 t=CLOSE f=0x0 trk=0 r=[] c=[]}
07-27 05:15:42.332   820   893 V WindowManagerShell: No transition roots in (#16) android.os.BinderProxy@90031d8@0 so abort
07-27 05:15:42.336   576   597 V WindowManager: Sent Transition (#16) createdAt=07-27 05:15:40.829 via request=TransitionRequestInfo { type = CLOSE, triggerTask = null, pipTask = null, remoteTransition = RemoteTransition { remoteTransition = android.window.IRemoteTransition$Stub$Proxy@3d99afb, appThread = null, debugName = null }, displayChange = null, flags = 0, debugId = 16 }
07-27 05:15:42.337   576   597 V WindowManager:     startWCT=WindowContainerTransaction { changes = {} hops = [] errorCallbackToken=null taskFragmentOrganizer=null }
07-27 05:15:42.337   576   597 V WindowManager:     info={id=16 t=CLOSE f=0x0 trk=0 r=[] c=[]}
07-27 05:15:42.339   820   893 V WindowManagerShell: Transition animation finished (aborted=true), notifying core (#16) android.os.BinderProxy@90031d8@0
07-27 05:15:42.369   576  1730 V WindowManager: Queueing transition: TransitionRecord{82da571 id=-1 type=CLOSE flags=0x0}
07-27 05:15:42.376   576  2013 W UserManagerService: Requested status bar icon for non-badged user 0
07-27 05:15:42.396   576   597 V WindowManager: Finish Transition (#16): created at 07-27 05:15:40.829 collect-started=0.07ms request-sent=19.082ms started=49.436ms ready=1486.154ms sent=1495.168ms finished=1565.806ms
07-27 05:15:42.399   820   893 V WindowManagerShell: Track 0 became idle
07-27 05:15:42.399   820   893 V WindowManagerShell: All active transition animations finished
07-27 05:15:42.399   820   893 W Looper  : Slow dispatch took 70ms wmshell.main h=android.os.Handler c=com.android.wm.shell.transition.Transitions$TransitionPlayerImpl$$ExternalSyntheticLambda0@a9f586 m=0
07-27 05:15:42.399   820   893 V WindowManagerShell: Transition requested (#17): android.os.BinderProxy@cd08e47 TransitionRequestInfo { type = CHANGE, triggerTask = null, pipTask = null, remoteTransition = RemoteTransition { remoteTransition = android.window.IRemoteTransition$Stub$Proxy@2106674, appThread = null, debugName = null }, displayChange = null, flags = 0, debugId = 17 }
07-27 05:15:42.399   820   893 V WindowManagerShell: RemoteTransition directly requested for (#17) android.os.BinderProxy@cd08e47: RemoteTransition { remoteTransition = android.window.IRemoteTransition$Stub$Proxy@2106674, appThread = null, debugName = null }
07-27 05:15:42.405   820   893 W Looper  : Slow delivery took 64ms wmshell.main h=android.os.Handler c=com.android.wm.shell.transition.Transitions$TransitionPlayerImpl$$ExternalSyntheticLambda1@1eb279d m=0
07-27 05:15:42.410   820   848 V WindowManagerShell: onTransitionReady(transaction=2473901163697)
07-27 05:15:42.411   820   893 V WindowManagerShell: onTransitionReady (#17) android.os.BinderProxy@cd08e47: {id=17 t=CHANGE f=0x0 trk=1 r=[] c=[]}
07-27 05:15:42.411   820   893 V WindowManagerShell: No transition roots in (#17) android.os.BinderProxy@cd08e47@1 so abort
07-27 05:15:42.412   820   893 V WindowManagerShell: Transition animation finished (aborted=true), notifying core (#17) android.os.BinderProxy@cd08e47@1
07-27 05:15:42.413   576   597 V WindowManager: Sent Transition (#17) createdAt=07-27 05:15:41.629 via request=TransitionRequestInfo { type = CHANGE, triggerTask = null, pipTask = null, remoteTransition = RemoteTransition { remoteTransition = android.window.IRemoteTransition$Stub$Proxy@a3e0f56, appThread = null, debugName = null }, displayChange = null, flags = 0, debugId = 17 }
07-27 05:15:42.413   576   597 V WindowManager:     startWCT=WindowContainerTransaction { changes = {} hops = [] errorCallbackToken=null taskFragmentOrganizer=null }
07-27 05:15:42.413   576   597 V WindowManager:     info={id=17 t=CHANGE f=0x0 trk=1 r=[] c=[]}
07-27 05:15:42.415   576   597 V WindowManager: Finish Transition (#17): created at 07-27 05:15:41.629 collect-started=696.527ms request-sent=706.474ms started=775.542ms ready=775.483ms sent=781.445ms finished=785.99ms
07-27 05:15:42.415   576   593 W UserManagerService: Requested status bar icon for non-badged user 0
07-27 05:15:42.419   820   893 V WindowManagerShell: Track 1 became idle
07-27 05:15:42.419   820   893 V WindowManagerShell: All active transition animations finished
07-27 05:15:42.419   820   893 W Looper  : Drained
07-27 05:15:42.419   820   893 V WindowManagerShell: Transition requested (#18): android.os.BinderProxy@79fe412 TransitionRequestInfo { type = CLOSE, triggerTask = null, pipTask = null, remoteTransition = RemoteTransition { remoteTransition = android.window.IRemoteTransition$Stub$Proxy@e7dc7e3, appThread = null, debugName = null }, displayChange = null, flags = 0, debugId = 18 }
07-27 05:15:42.419   820   893 V WindowManagerShell: RemoteTransition directly requested for (#18) android.os.BinderProxy@79fe412: RemoteTransition { remoteTransition = android.window.IRemoteTransition$Stub$Proxy@e7dc7e3, appThread = null, debugName = null }
07-27 05:15:42.421  1044  2342 W GLSUser : [AppCertManager] Exception while requesting key: 
07-27 05:15:42.421  1044  2342 W GLSUser : java.util.concurrent.ExecutionException: bpcw: Parse Proto Exception with response code 400
07-27 05:15:42.421  1044  2342 W GLSUser : 	at etvr.s(:com.google.android.gms@242335038@24.23.35 (190400-646585959):21)
07-27 05:15:42.421  1044  2342 W GLSUser : 	at etvr.get(:com.google.android.gms@242335038@24.23.35 (190400-646585959):10)
07-27 05:15:42.421  1044  2342 W GLSUser : 	at yfw.b(:com.google.android.gms@242335038@24.23.35 (190400-646585959):477)
07-27 05:15:42.421  1044  2342 W GLSUser : 	at yfu.a(:com.google.android.gms@242335038@24.23.35 (190400-646585959):70)
07-27 05:15:42.421  1044  2342 W GLSUser : 	at yfu.hf(:com.google.android.gms@242335038@24.23.35 (190400-646585959):16)
07-27 05:15:42.421  1044  2342 W GLSUser : 	at oxh.onTransact(:com.google.android.gms@242335038@24.23.35 (190400-646585959):96)
07-27 05:15:42.421  1044  2342 W GLSUser : 	at android.os.Binder.transact(Binder.java:1345)
07-27 05:15:42.421  1044  2342 W GLSUser : 	at bjld.onTransact(:com.google.android.gms@242335038@24.23.35 (190400-646585959):18)
07-27 05:15:42.421  1044  2342 W GLSUser : 	at android.os.Binder.transact(Binder.java:1345)
07-27 05:15:42.421  1044  2342 W GLSUser : 	at bbqp.onTransact(:com.google.android.gms@242335038@24.23.35 (190400-646585959):147)
07-27 05:15:42.421  1044  2342 W GLSUser : 	at android.os.Binder.execTransactInternal(Binder.java:1500)
07-27 05:15:42.421  1044  2342 W GLSUser : 	at android.os.Binder.execTransact(Binder.java:1444)
07-27 05:15:42.421  1044  2342 W GLSUser : Caused by: bpcw: Parse Proto Exception with response code 400
07-27 05:15:42.421  1044  2342 W GLSUser : 	at bpdw.b(:com.google.android.gms@242335038@24.23.35 (190400-646585959):80)
07-27 05:15:42.421  1044  2342 W GLSUser : 	at bpgb.e(:com.google.android.gms@242335038@24.23.35 (190400-646585959):17)
07-27 05:15:42.421  1044  2342 W GLSUser : 	at bpgp.onSucceeded(:com.google.android.gms@242335038@24.23.35 (190400-646585959):7)
07-27 05:15:42.421  1044  2342 W GLSUser : 	at m.mw.onSucceeded(:com.google.android.gms.dynamite_cronetdynamite@242335038@24.23.35 (190400-0):3)
07-27 05:15:42.421  1044  2342 W GLSUser : 	at m.lt.run(:com.google.android.gms.dynamite_cronetdynamite@242335038@24.23.35 (190400-0):25)
07-27 05:15:42.421  1044  2342 W GLSUser : 	at angs.c(:com.google.android.gms@242335038@24.23.35 (190400-646585959):50)
07-27 05:15:42.421  1044  2342 W GLSUser : 	at angs.run(:com.google.android.gms@242335038@24.23.35 (190400-646585959):97)
07-27 05:15:42.421  1044  2342 W GLSUser : 	at java.util.concurrent.ThreadPoolExecutor.runWorker(ThreadPoolExecutor.java:1145)
07-27 05:15:42.421  1044  2342 W GLSUser : 	at java.util.concurrent.ThreadPoolExecutor$Worker.run(ThreadPoolExecutor.java:644)
07-27 05:15:42.421  1044  2342 W GLSUser : 	at anmg.run(:com.google.android.gms@242335038@24.23.35 (190400-646585959):8)
07-27 05:15:42.421  1044  2342 W GLSUser : 	at java.lang.Thread.run(Thread.java:1012)
07-27 05:15:42.421  1044  2342 W GLSUser : Caused by: fkhe: Protocol message contained an invalid tag (zero).
07-27 05:15:42.421  1044  2342 W GLSUser : 	at fkea.k(:com.google.android.gms@242335038@24.23.35 (190400-646585959):39)
07-27 05:15:42.421  1044  2342 W GLSUser : 	at fkid.c(:com.google.android.gms@242335038@24.23.35 (190400-646585959):309)
07-27 05:15:42.421  1044  2342 W GLSUser : 	at fkid.i(:com.google.android.gms@242335038@24.23.35 (190400-646585959):8)
07-27 05:15:42.421  1044  2342 W GLSUser : 	at fkgi.fe(:com.google.android.gms@242335038@24.23.35 (190400-646585959):25)
07-27 05:15:42.421  1044  2342 W GLSUser : 	at fkgc.g(:com.google.android.gms@242335038@24.23.35 (190400-646585959):3)
07-27 05:15:42.421  1044  2342 W GLSUser : 	at fkdw.e(:com.google.android.gms@242335038@24.23.35 (190400-646585959):1)
07-27 05:15:42.421  1044  2342 W GLSUser : 	at fkdw.d(:com.google.android.gms@242335038@24.23.35 (190400-646585959):3)
07-27 05:15:42.421  1044  2342 W GLSUser : 	at fkdw.p(:com.google.android.gms@242335038@24.23.35 (190400-646585959):1)
07-27 05:15:42.421  1044  2342 W GLSUser : 	at bpdw.g(:com.google.android.gms@242335038@24.23.35 (190400-646585959):68)
07-27 05:15:42.421  1044  2342 W GLSUser : 	at bpdw.b(:com.google.android.gms@242335038@24.23.35 (190400-646585959):11)
07-27 05:15:42.421  1044  2342 W GLSUser : 	... 10 more
07-27 05:15:42.421   820   848 V WindowManagerShell: onTransitionReady(transaction=2473901163704)
07-27 05:15:42.421   576   597 V WindowManager: Sent Transition (#18) createdAt=07-27 05:15:42.369 via request=TransitionRequestInfo { type = CLOSE, triggerTask = null, pipTask = null, remoteTransition = RemoteTransition { remoteTransition = android.window.IRemoteTransition$Stub$Proxy@79cebd7, appThread = null, debugName = null }, displayChange = null, flags = 0, debugId = 18 }
07-27 05:15:42.421   576   597 V WindowManager:     startWCT=WindowContainerTransaction { changes = {} hops = [] errorCallbackToken=null taskFragmentOrganizer=null }
07-27 05:15:42.421   576   597 V WindowManager:     info={id=18 t=CLOSE f=0x0 trk=2 r=[] c=[]}
07-27 05:15:42.424  1044  2342 W GLSUser : [DeviceKeyStore] Cannot load key: Device key file not found.
07-27 05:15:42.426   431   431 I BpBinder: onLastStrongRef automatically unlinking death recipients: 
07-27 05:15:42.428   820   893 V WindowManagerShell: onTransitionReady (#18) android.os.BinderProxy@79fe412: {id=18 t=CLOSE f=0x0 trk=2 r=[] c=[]}
07-27 05:15:42.428   820   893 V WindowManagerShell: No transition roots in (#18) android.os.BinderProxy@79fe412@2 so abort
07-27 05:15:42.429   820   893 V WindowManagerShell: Transition animation finished (aborted=true), notifying core (#18) android.os.BinderProxy@79fe412@2
07-27 05:15:42.441   820   893 V WindowManagerShell: Track 2 became idle
07-27 05:15:42.441   820   893 V WindowManagerShell: All active transition animations finished
07-27 05:15:42.441   576  1730 W UserManagerService: Requested status bar icon for non-badged user 0
07-27 05:15:42.481   576   597 V WindowManager: Finish Transition (#18): created at 07-27 05:15:42.369 collect-started=41.379ms request-sent=45.122ms started=51.123ms ready=51.106ms sent=51.774ms finished=64.244ms
07-27 05:15:42.500   380  4061 I resolv  : GetAddrInfoHandler::run: {100 786532 100 983140 10144 0}
07-27 05:15:42.502   380  4062 I resolv  : res_nmkquery: (QUERY, IN, AAAA)
07-27 05:15:42.502   380  4063 I resolv  : res_nmkquery: (QUERY, IN, A)
07-27 05:15:42.502   380  4063 I resolv  : resolv_cache_lookup: FOUND IN CACHE entry=0xb40000744d2874d0
07-27 05:15:42.502   380  4063 I resolv  : doQuery: rcode=0, ancount=8, return value=177
07-27 05:15:42.510   380  4062 I resolv  : res_nsend: used send_dg 273 terrno: 0
07-27 05:15:42.510   380  4062 I resolv  : doQuery: rcode=0, ancount=8, return value=273
07-27 05:15:42.515  1571  3173 D TrafficStats: tagSocket(142) with statsTag=0x2c010301, statsUid=-1
07-27 05:15:42.727  3315  3346 D EGL_emulation: app_time_stats: avg=27.15ms min=4.55ms max=63.57ms count=26
07-27 05:15:43.043  1571  3173 I cr_CronetUrlRequestContext: destroyNativeStreamLocked org.chromium.net.impl.CronetBidirectionalStream@4ca2531
07-27 05:15:43.050  1571  2084 I NotificationsModuleTask: Registering accounts to Chime Failed & Rescheduled for later. [CONTEXT service_id=358 ]
07-27 05:15:43.057  1044  3991 I NetworkScheduler.Stats: Task com.google.android.gms/com.google.android.gms.notifications.registration.service.NotificationsRegistrationTaskBoundService finished executing. cause:4 result: 3 elapsed_millis: 1868 uptime_millis: 1868 exec_start_elapsed_seconds: 334 [CONTEXT service_id=218 ]
07-27 05:15:43.058  1571  1571 D BoundBrokerSvc: onUnbind: Intent { act=com.google.android.gms.notifications.registration.service.NotificationsRegistrationTaskBoundService.ACTION_TASK_READY dat=chimera-action:/... cmp=com.google.android.gms/.chimera.GmsInternalBoundBrokerService }
07-27 05:15:43.374   576  1730 I ActivityManager: Force stopping com.mediology.sinsinapp appid=10208 user=0: from pid 4066
07-27 05:15:43.380   431   553 W IPCThreadState: Sending oneway calls to frozen process.
07-27 05:15:43.382   576   598 D DisplayManagerService: Drop pending events for gone uid 10208
07-27 05:15:43.384   576  1730 D CompatChangeReporter: Compat change id reported: 151861875; UID 10208; state: ENABLED
07-27 05:15:43.384   576  1730 I ActivityManager: Killing 3315:com.mediology.sinsinapp/u0a208 (adj 0): stop com.mediology.sinsinapp due to from pid 4066
07-27 05:15:43.387   576   730 D InetDiagMessage: Destroyed 0 sockets, proto=IPPROTO_TCP, family=AF_INET, states=14
07-27 05:15:43.387   576   730 D InetDiagMessage: Destroyed 1 sockets, proto=IPPROTO_TCP, family=AF_INET6, states=14
07-27 05:15:43.387   576   730 D InetDiagMessage: Destroyed live tcp sockets for uids={10208} in 1ms
07-27 05:15:43.387  1571  1571 D BoundBrokerSvc: onUnbind: Intent { act=com.google.android.gms.auth.api.signin.service.START pkg=com.google.android.gms }
07-27 05:15:43.388   576   730 D InetDiagMessage: Destroyed 0 sockets, proto=IPPROTO_TCP, family=AF_INET, states=14
07-27 05:15:43.388   576   730 D InetDiagMessage: Destroyed 0 sockets, proto=IPPROTO_TCP, family=AF_INET6, states=14
07-27 05:15:43.388   576   730 D InetDiagMessage: Destroyed live tcp sockets for uids={20208} in 1ms
07-27 05:15:43.390   576  1730 W ActivityTaskManager: Force removing ActivityRecord{8004383 u0 com.mediology.sinsinapp/.MainActivity t76 f}}: app died, no saved state
07-27 05:15:43.391   820   893 V WindowManagerShell: Transition requested (#19): android.os.BinderProxy@b0775e0 TransitionRequestInfo { type = CLOSE, triggerTask = TaskInfo{userId=0 taskId=76 displayId=0 isRunning=false baseIntent=Intent { act=android.intent.action.MAIN cat=[android.intent.category.LAUNCHER] flg=0x10200000 cmp=com.mediology.sinsinapp/.MainActivity } baseActivity=null topActivity=null origActivity=null realActivity=ComponentInfo{com.mediology.sinsinapp/com.mediology.sinsinapp.MainActivity} numActivities=0 lastActiveTime=152514 supportsMultiWindow=true resizeMode=1 isResizeable=true minWidth=-1 minHeight=-1 defaultMinSize=220 token=WCT{android.window.IWindowContainerToken$Stub$Proxy@357a099} topActivityType=1 pictureInPictureParams=null shouldDockBigOverlays=false launchIntoPipHostTaskId=-1 lastParentTaskIdBeforePip=-1 displayCutoutSafeInsets=null topActivityInfo=null launchCookies=[] positionInParent=Point(0, 0) parentTaskId=-1 isFocused=true isVisible=true isVisibleRequested=true isSleeping=false locusId=null displayAreaFeatureId=1 isTopActivityTransparent=false appCompatTaskInfo=AppCompatTaskInfo { topActivityInSizeCompat=false topActivityEligibleForLetterboxEducation= falseisLetterboxEducationEnabled= false isLetterboxDoubleTapEnabled= false topActivityEligibleForUserAspectRatioButton= false topActivityBoundsLetterboxed= false isFromLetterboxDoubleTap= false topActivityLetterboxVerticalPosition= -1 topActivityLetterboxHorizontalPosition= -1 topActivityLetterboxWidth=-1 topActivityLetterboxHeight=-1 isUserFullscreenOverrideEnabled=false isSystemFullscreenOverrideEnabled=false cameraCompatTaskInfo=CameraCompatTaskInfo { cameraCompatControlState=hidden freeformCameraCompatMode=inactive}}}, pipTask = null, remoteTransition = null, displayChange = null, flags = 0, debugId = 19 }
07-27 05:15:43.529   576   598 W Looper  : Slow dispatch took 149ms android.ui h=com.android.server.am.ActivityManagerService$UiHandler c=com.android.server.am.UidObserverController$$ExternalSyntheticLambda0@58a7308 m=0
07-27 05:15:43.538   380   457 I netd    : tetherGetStats() -> {[]} <2.32ms>
07-27 05:15:43.540   576  1307 I AppWidgetServiceImpl: startListening() 0
07-27 05:15:43.550   576   593 W system_server: Long monitor contention with owner binder:576_11 (1730) at void com.android.server.am.OomAdjuster.updateOomAdjLocked(int)(OomAdjuster.java:578) waiters=0 in boolean com.android.server.am.ActivityManagerService.isUidActive(int, java.lang.String) for 163ms
07-27 05:15:43.551   820   893 W Looper  : Slow dispatch took 160ms wmshell.main h=android.os.Handler c=com.android.wm.shell.transition.Transitions$TransitionPlayerImpl$$ExternalSyntheticLambda1@e942f5e m=0
07-27 05:15:43.551   820   893 W Looper  : Slow delivery took 122ms wmshell.main h=android.os.Handler c=com.android.wm.shell.pip.PinnedStackListenerForwarder$PinnedTaskListenerImpl$$ExternalSyntheticLambda1@c3aff3f m=0
07-27 05:15:43.551   820   893 W Looper  : Drained
07-27 05:15:43.554   820   893 D WindowManagerShell: setLauncherKeepClearAreaHeight: visible=false, height=527
07-27 05:15:43.554   820   893 D WindowManagerShell: setLauncherKeepClearAreaHeight: visible=true, height=527
07-27 05:15:43.558   576  2013 W system_server: Long monitor contention with owner binder:576_11 (1730) at void com.android.server.am.ActivityManagerService.forceStopPackage(java.lang.String, int, int, java.lang.String)(ActivityManagerService.java:3966) waiters=1 in void com.android.server.am.ActivityManagerService.serviceDoneExecuting(android.os.IBinder, int, int, int, android.content.Intent) for 150ms
07-27 05:15:43.560  1306  1306 D NexusLauncherModelDelegate: notifySmartspaceEvent: SmartspaceTargetEvent{mSmartspaceTarget=null, mSmartspaceActionId='null', mEventType=6}
07-27 05:15:43.568  1306  1306 I SsCardPagerAdapter: [rmv] Rendering flag - enabled: false 
07-27 05:15:43.568  1306  1306 I SsCardPagerAdapter: Use UI template for the feature: 1
07-27 05:15:43.569   576   757 I AppWidgetServiceImpl: Received broadcast: android.intent.action.PACKAGE_RESTARTED on user 0
07-27 05:15:43.570   576   757 I AppWidgetServiceImpl: Updating package stopped masked state for uid 10208 package com.mediology.sinsinapp isStopped true
07-27 05:15:43.579   576   601 W ActivityTaskManager: Unable to send transaction to client proc com.mediology.sinsinapp: no app thread
07-27 05:15:43.586  1306  1306 D SsBaseTemplateCard: No text view can be set up
07-27 05:15:43.586  1306  1306 D SsBaseTemplateCard: Passed-in item info is null
07-27 05:15:43.586  1306  1306 D SsBaseTemplateCard: Passed-in item info is null
07-27 05:15:43.586  1306  1306 D SsBaseTemplateCard: Passed-in item info is null
07-27 05:15:43.586  1306  1306 I SsBaseTemplateCard: Secondary card pane is null
07-27 05:15:43.595  1306  1306 D BaseDepthController: setSurface:
07-27 05:15:43.595  1306  1306 D BaseDepthController: 	mWaitingOnSurfaceValidity: false
07-27 05:15:43.595  1306  1306 D BaseDepthController: 	mSurface: Surface(name=com.google.android.apps.nexuslauncher/com.google.android.apps.nexuslauncher.NexusLauncherActivity)/@0xaaf9be5
07-27 05:15:43.621   953   953 D CarrierSvcBindHelper: onHandleForceStop: [com.mediology.sinsinapp]
07-27 05:15:43.623   431   431 I BpBinder: onLastStrongRef automatically unlinking death recipients: 
07-27 05:15:43.654   953   953 D CarrierSvcBindHelper: No carrier app for: 0
07-27 05:15:43.668  1436  1698 I AiAiEcho: Predicting[0]:  [CONTEXT sampling_count=5 ]
07-27 05:15:43.668  1436  1698 I AiAiEcho: EchoTargets: 
07-27 05:15:43.668  1436  1698 I AiAiEcho: Filtered by AiAi flag check: 
07-27 05:15:43.668  1436  1698 I AiAiEcho: [CONTEXT ratelimit_period="10 SECONDS" ]
07-27 05:15:43.668  1436  1698 I AiAiEcho: Ranked targets strategy: SORT, count: 0, ranking metadata:  [CONTEXT ratelimit_period="10 SECONDS" ]
07-27 05:15:43.668  1436  1698 I AiAiEcho: #remoteViewsTwiddler: feature disabled.
07-27 05:15:43.669  1436  1698 I AiAiEcho: #postPredictionTargets: Sending updates to UISurface home with targets# 0 (types=[])
07-27 05:15:43.673   576  1461 W AppSearchIcing: icing-search-engine.cc:321: Error: 5, Message: Document (com.google.android.googlequicksearchbox$OneSearchZeroStateGoogleSuggestions/default, zp) not found.
07-27 05:15:43.683  1306  1306 I TopTaskTracker: onTaskMovedToFront: (moved taskInfo to front) taskId=74, baseIntent=Intent { act=android.intent.action.MAIN cat=[android.intent.category.HOME] flg=0x10000100 cmp=com.google.android.apps.nexuslauncher/.NexusLauncherActivity }
07-27 05:15:43.685  1306  1306 D StatsLog: LAUNCHER_ALLAPPS_COUNT
07-27 05:15:43.697  1306  1306 D SsBaseTemplateCard: No text view can be set up
07-27 05:15:43.697  1306  1306 D SsBaseTemplateCard: Passed-in item info is null
07-27 05:15:43.697  1306  1306 D SsBaseTemplateCard: Passed-in item info is null
07-27 05:15:43.697  1306  1306 D SsBaseTemplateCard: Passed-in item info is null
07-27 05:15:43.697  1306  1306 I SsBaseTemplateCard: Secondary card pane is null
07-27 05:15:43.703  1306  1740 D OneSearchSuggestProvider: AppSearch 0-state cache not available, fallback to AGA
07-27 05:15:43.703  1306  1740 D OneSearchSuggestProvider: java.util.concurrent.CompletionException: java.util.NoSuchElementException: No value present
07-27 05:15:43.703  1306  1740 D OneSearchSuggestProvider: 	at java.util.concurrent.CompletableFuture.encodeThrowable(CompletableFuture.java:308)
07-27 05:15:43.703  1306  1740 D OneSearchSuggestProvider: 	at java.util.concurrent.CompletableFuture.completeThrowable(CompletableFuture.java:323)
07-27 05:15:43.703  1306  1740 D OneSearchSuggestProvider: 	at java.util.concurrent.CompletableFuture$UniAccept.tryFire(CompletableFuture.java:684)
07-27 05:15:43.703  1306  1740 D OneSearchSuggestProvider: 	at java.util.concurrent.CompletableFuture.postComplete(CompletableFuture.java:486)
07-27 05:15:43.703  1306  1740 D OneSearchSuggestProvider: 	at java.util.concurrent.CompletableFuture.completeExceptionally(CompletableFuture.java:2138)
07-27 05:15:43.703  1306  1740 D OneSearchSuggestProvider: 	at com.google.android.apps.nexuslauncher.allapps.E0.onResult(go/retraceme 31f9979659277bb965985aff1272c33e3c3c9e755b77166d20a2465454178f2c:67)
07-27 05:15:43.703  1306  1740 D OneSearchSuggestProvider: 	at android.app.appsearch.SearchSessionUtil$1.lambda$onResult$0(go/retraceme 64eee9e9f568ff45978879ad2ff83146f2618ee8a88278736fbdf5fae931976e:144)
07-27 05:15:43.703  1306  1740 D OneSearchSuggestProvider: 	at android.app.appsearch.SearchSessionUtil$1.$r8$lambda$CEk3q8sDAQVhU3rQwVueB8FAj_M(go/retraceme 64eee9e9f568ff45978879ad2ff83146f2618ee8a88278736fbdf5fae931976e:1)
07-27 05:15:43.703  1306  1740 D OneSearchSuggestProvider: 	at android.app.appsearch.SearchSessionUtil$1$$ExternalSyntheticLambda0.run(go/retraceme 64eee9e9f568ff45978879ad2ff83146f2618ee8a88278736fbdf5fae931976e:22)
07-27 05:15:43.703  1306  1740 D OneSearchSuggestProvider: 	at android.os.Handler.handleCallback(Handler.java:959)
07-27 05:15:43.703  1306  1740 D OneSearchSuggestProvider: 	at android.os.Handler.dispatchMessage(Handler.java:100)
07-27 05:15:43.703  1306  1740 D OneSearchSuggestProvider: 	at android.os.Looper.loopOnce(Looper.java:232)
07-27 05:15:43.703  1306  1740 D OneSearchSuggestProvider: 	at android.os.Looper.loop(Looper.java:317)
07-27 05:15:43.703  1306  1740 D OneSearchSuggestProvider: 	at android.os.HandlerThread.run(HandlerThread.java:85)
07-27 05:15:43.703  1306  1740 D OneSearchSuggestProvider: Caused by: java.util.NoSuchElementException: No value present
07-27 05:15:43.703  1306  1740 D OneSearchSuggestProvider: 	at java.util.Optional.get(Optional.java:143)
07-27 05:15:43.703  1306  1740 D OneSearchSuggestProvider: 	at com.google.android.apps.nexuslauncher.allapps.E0.onResult(go/retraceme 31f9979659277bb965985aff1272c33e3c3c9e755b77166d20a2465454178f2c:28)
07-27 05:15:43.703  1306  1740 D OneSearchSuggestProvider: 	... 8 more
07-27 05:15:43.722   576  1730 V ActivityManager: Got obituary of 3315:com.mediology.sinsinapp
07-27 05:15:43.722   576  1307 I ImeTracker: com.mediology.sinsinapp:fe2f0d62: onRequestHide at ORIGIN_SERVER reason HIDE_REMOVE_CLIENT fromUser false
07-27 05:15:43.723   820  1301 V WindowManagerShell: onTransitionReady(transaction=2473901163720)
07-27 05:15:43.715  3995  3995 I binder  : undelivered transaction 175111, process died.
07-27 05:15:43.723   820   893 V WindowManagerShell: onTransitionReady (#19) android.os.BinderProxy@b0775e0: {id=19 t=CLOSE f=0x0 trk=0 r=[0@Point(0, 0)] c=[{WCT{android.window.IWindowContainerToken$Stub$Proxy@b2220f8} m=TO_FRONT f=SHOW_WALLPAPER|MOVE_TO_TOP leash=Surface(name=Task=1)/@0x89e100c sb=Rect(0, 0 - 1080, 2400) eb=Rect(0, 0 - 1080, 2400) d=0 taskParent=-1},{WCT{android.window.IWindowContainerToken$Stub$Proxy@b63c9d1} m=CLOSE f=NONE leash=Surface(name=Task=76)/@0x978ad55 sb=Rect(0, 0 - 1080, 2400) eb=Rect(0, 0 - 1080, 2400) d=0 taskParent=-1},{null m=TO_FRONT f=IS_WALLPAPER leash=Surface(name=WallpaperWindowToken{6f9c0af token=android.os.Binder@158508e})/@0x1efe36a sb=Rect(0, 0 - 1080, 2400) eb=Rect(0, 0 - 1080, 2400) d=0}]}
07-27 05:15:43.724   820   893 V WindowManagerShell: Playing animation for (#19) android.os.BinderProxy@b0775e0@0
07-27 05:15:43.724   820   893 V WindowManagerShell:  try handler com.android.wm.shell.transition.DefaultMixedHandler@a891ec
07-27 05:15:43.724   820   893 V WindowManagerShell:  try handler com.android.wm.shell.keyguard.KeyguardTransitionHandler@cc439b5
07-27 05:15:43.724   820   893 V WindowManagerShell:  try handler com.android.wm.shell.pip.PipTransition@1fe84a
07-27 05:15:43.724   820   893 V WindowManagerShell:  try handler com.android.wm.shell.activityembedding.ActivityEmbeddingController@998a3bb
07-27 05:15:43.724   820   893 V WindowManagerShell:  try handler com.android.wm.shell.recents.RecentsTransitionHandler@582e0d8
07-27 05:15:43.724   820   893 V ShellRecents: RecentsTransitionHandler.startAnimation: no controller found
07-27 05:15:43.724   820   893 V WindowManagerShell:  try handler com.android.wm.shell.splitscreen.StageCoordinator@84bbc31
07-27 05:15:43.724   820   893 V WindowManagerShell:  try handler com.android.wm.shell.transition.RemoteTransitionHandler@a7c3f16
07-27 05:15:43.724   820   893 V WindowManagerShell: Transition doesn't have explicit remote, search filters for match for {id=19 t=CLOSE f=0x0 trk=0 r=[0@Point(0, 0)] c=[{WCT{android.window.IWindowContainerToken$Stub$Proxy@b2220f8} m=TO_FRONT f=SHOW_WALLPAPER|MOVE_TO_TOP leash=Surface(name=Task=1)/@0x89e100c sb=Rect(0, 0 - 1080, 2400) eb=Rect(0, 0 - 1080, 2400) d=0 taskParent=-1},{WCT{android.window.IWindowContainerToken$Stub$Proxy@b63c9d1} m=CLOSE f=NONE leash=Surface(name=Task=76)/@0x978ad55 sb=Rect(0, 0 - 1080, 2400) eb=Rect(0, 0 - 1080, 2400) d=0 taskParent=-1},{null m=TO_FRONT f=IS_WALLPAPER leash=Surface(name=WallpaperWindowToken{6f9c0af token=android.os.Binder@158508e})/@0x1efe36a sb=Rect(0, 0 - 1080, 2400) eb=Rect(0, 0 - 1080, 2400) d=0}]}
07-27 05:15:43.724   820   893 V WindowManagerShell:  Checking filter Pair{{types=[] flags=0x0] notFlags=0x0 checks=[{atype=undefined independent=true modes=[OPEN,TO_FRONT] flags=IN_TASK_WITH_EMBEDDED_ACTIVITY mustBeTask=false order=ANY topActivity=ComponentInfo{com.google.android.apps.nexuslauncher/com.google.android.apps.nexuslauncher.NexusLauncherActivity} launchCookie=null},{atype=undefined independent=true modes=[CLOSE,TO_BACK] flags=IN_TASK_WITH_EMBEDDED_ACTIVITY mustBeTask=false order=ANY topActivity=null launchCookie=null}]} RemoteTransition { remoteTransition = android.window.IRemoteTransition$Stub$Proxy@9a0cc36, appThread = android.app.IApplicationThread$Stub$Proxy@f739737, debugName = OverlaySwipeBack }}
07-27 05:15:43.724   820   893 V WindowManagerShell:  Checking filter Pair{{types=[] flags=0x0] notFlags=0x0 checks=[{atype=dream independent=true modes=[OPEN,TO_FRONT] flags=NONE mustBeTask=false order=ANY topActivity=null launchCookie=null},{atype=home independent=true modes=[CLOSE,TO_BACK] flags=NONE mustBeTask=false order=ANY topActivity=null launchCookie=null}]} RemoteTransition { remoteTransition = android.window.IRemoteTransition$Stub$Proxy@7d454a4, appThread = android.app.IApplicationThread$Stub$Proxy@20a320d, debugName = LauncherToDream }}
07-27 05:15:43.724   820   893 V WindowManagerShell:  Checking filter Pair{{types=[] flags=0x0] notFlags=0x100 checks=[{atype=home independent=true modes=[OPEN,TO_FRONT] flags=NONE mustBeTask=false order=TOP topActivity=ComponentInfo{com.google.android.apps.nexuslauncher/com.google.android.apps.nexuslauncher.NexusLauncherActivity} launchCookie=null},{atype=standard independent=true modes=[CLOSE,TO_BACK] flags=NONE mustBeTask=false order=ANY topActivity=null launchCookie=null}]} RemoteTransition { remoteTransition = android.window.IRemoteTransition$Stub$Proxy@ca575c2, appThread = android.app.IApplicationThread$Stub$Proxy@2606fd3, debugName = QuickstepLaunchHome }}
07-27 05:15:43.724   820   893 D RemoteTransitionHandler: Found filterPair{{types=[] flags=0x0] notFlags=0x100 checks=[{atype=home independent=true modes=[OPEN,TO_FRONT] flags=NONE mustBeTask=false order=TOP topActivity=ComponentInfo{com.google.android.apps.nexuslauncher/com.google.android.apps.nexuslauncher.NexusLauncherActivity} launchCookie=null},{atype=standard independent=true modes=[CLOSE,TO_BACK] flags=NONE mustBeTask=false order=ANY topActivity=null launchCookie=null}]} RemoteTransition { remoteTransition = android.window.IRemoteTransition$Stub$Proxy@ca575c2, appThread = android.app.IApplicationThread$Stub$Proxy@2606fd3, debugName = QuickstepLaunchHome }}
07-27 05:15:43.724   820   893 V WindowManagerShell:  Delegate animation for (#19) to RemoteTransition { remoteTransition = android.window.IRemoteTransition$Stub$Proxy@ca575c2, appThread = android.app.IApplicationThread$Stub$Proxy@2606fd3, debugName = QuickstepLaunchHome }
07-27 05:15:43.729   576  1307 I ImeTracker: com.mediology.sinsinapp:fe2f0d62: onCancelled at PHASE_SERVER_SHOULD_HIDE
07-27 05:15:43.747   443   443 I adbd    : Remote process closed the socket (on MSG_PEEK)
07-27 05:15:43.777  1306  1306 D StateManager: createAtomicAnimation - fromState: Background, toState: Normal, partial trace:
07-27 05:15:43.777  1306  1306 D StateManager: 	at com.android.quickstep.util.StaggeredWorkspaceAnim.prepareToAnimate(go/retraceme 31f9979659277bb965985aff1272c33e3c3c9e755b77166d20a2465454178f2c:22)
07-27 05:15:43.777  1306  1306 D StateManager: 	at com.android.quickstep.util.StaggeredWorkspaceAnim.<init>(go/retraceme 31f9979659277bb965985aff1272c33e3c3c9e755b77166d20a2465454178f2c:4)
07-27 05:15:43.777  1306  1306 D StateManager: 	at com.android.quickstep.util.StaggeredWorkspaceAnim.<init>(go/retraceme 31f9979659277bb965985aff1272c33e3c3c9e755b77166d20a2465454178f2c:1)
07-27 05:15:43.796  1306  1740 D OneSearchSuggestProvider: Created the binder channel successfully for end point service =com.google.android.apps.search.googleapp.search.suggest.plugins.onesearch.server.OneSearchSuggestService , mChannel=i1{delegate=f{logId=13, target=directaddress:///AndroidComponentAddress%5BIntent%20%7B%20act=grpc.io.action.BIND%20cmp=com.google.android.googlequicksearchbox/com.google.android.apps.search.googleapp.search.suggest.plugins.onesearch.server.OneSearchSuggestService%20%7D%5D}} , mOneSearchConnection=l2.Z@a2b4d7a
07-27 05:15:43.811   576   610 I libprocessgroup: Removed cgroup /sys/fs/cgroup/uid_10208/pid_3315
07-27 05:15:43.813   381   381 I Zygote  : Process 3315 exited due to signal 9 (Killed)
07-27 05:15:43.814  1306  1545 D EGL_emulation: app_time_stats: avg=126521.53ms min=126521.53ms max=126521.53ms count=1
07-27 05:15:43.814   576  2013 D ActivityManager: sync unfroze 1558 com.google.android.googlequicksearchbox:search for 6
07-27 05:15:43.814   576   597 V WindowManager: Sent Transition (#19) createdAt=07-27 05:15:43.390 via request=TransitionRequestInfo { type = CLOSE, triggerTask = TaskInfo{userId=0 taskId=76 displayId=0 isRunning=false baseIntent=Intent { act=android.intent.action.MAIN cat=[android.intent.category.LAUNCHER] flg=0x10200000 cmp=com.mediology.sinsinapp/.MainActivity } baseActivity=null topActivity=null origActivity=null realActivity=ComponentInfo{com.mediology.sinsinapp/com.mediology.sinsinapp.MainActivity} numActivities=0 lastActiveTime=152514 supportsMultiWindow=true resizeMode=1 isResizeable=true minWidth=-1 minHeight=-1 defaultMinSize=220 token=WCT{RemoteToken{91c6596 Task{1b3fdc5 #76 type=standard A=10208:com.mediology.sinsinapp}}} topActivityType=1 pictureInPictureParams=null shouldDockBigOverlays=false launchIntoPipHostTaskId=-1 lastParentTaskIdBeforePip=-1 displayCutoutSafeInsets=null topActivityInfo=null launchCookies=[] positionInParent=Point(0, 0) parentTaskId=-1 isFocused=true isVisible=true isVisibleRequested=true isSleeping=false locusId=null displayAreaFeatureId=1 isTopActivityTransparent=false appCompatTaskInfo=AppCompatTaskInfo { topActivityInSizeCompat=false topActivityEligibleForLetterboxEducation= falseisLetterboxEducationEnabled= false isLetterboxDoubleTapEnabled= false topActivityEligibleForUserAspectRatioButton= false topActivityBoundsLetterboxed= false isFromLetterboxDoubleTap= false topActivityLetterboxVerticalPosition= -1 topActivityLetterboxHorizontalPosition= -1 topActivityLetterboxWidth=-1 topActivityLetterboxHeight=-1 isUserFullscreenOverrideEnabled=false isSystemFullscreenOverrideEnabled=false cameraCompatTaskInfo=CameraCompatTaskInfo { cameraCompatControlState=hidden freeformCameraCompatMode=inactive}}}, pipTask = null, remoteTransition = null, displayChange = null, flags = 0, debugId = 19 }
07-27 05:15:43.814   576   597 V WindowManager:     startWCT=WindowContainerTransaction { changes = {} hops = [] errorCallbackToken=null taskFragmentOrganizer=null }
07-27 05:15:43.814   576   597 V WindowManager:     info={id=19 t=CLOSE f=0x0 trk=0 r=[0@Point(0, 0)] c=[
07-27 05:15:43.814   576   597 V WindowManager:         {WCT{RemoteToken{413c8b5 Task{fec3a03 #1 type=home}}} m=TO_FRONT f=SHOW_WALLPAPER|MOVE_TO_TOP leash=Surface(name=Task=1)/@0xcb398cb sb=Rect(0, 0 - 1080, 2400) eb=Rect(0, 0 - 1080, 2400) d=0 taskParent=-1},
07-27 05:15:43.814   576   597 V WindowManager:         {WCT{RemoteToken{91c6596 Task{1b3fdc5 #76 type=standard A=10208:com.mediology.sinsinapp}}} m=CLOSE f=NONE leash=Surface(name=Task=76)/@0xfac0358 sb=Rect(0, 0 - 1080, 2400) eb=Rect(0, 0 - 1080, 2400) d=0 taskParent=-1},
07-27 05:15:43.814   576   597 V WindowManager:         {null m=TO_FRONT f=IS_WALLPAPER leash=Surface(name=WallpaperWindowToken{6f9c0af token=android.os.Binder@158508e})/@0xc1158b5 sb=Rect(0, 0 - 1080, 2400) eb=Rect(0, 0 - 1080, 2400) d=0}
07-27 05:15:43.814   576   597 V WindowManager:     ]}
07-27 05:15:43.823   576   593 W system_server: Long monitor contention with owner android.anim (601) at void com.android.server.wm.WindowSurfacePlacer$Traverser.run()(WindowSurfacePlacer.java:58) waiters=1 in android.app.ActivityTaskManager$RootTaskInfo com.android.server.wm.ActivityTaskManagerService.getFocusedRootTaskInfo() for 102ms
07-27 05:15:43.824   576  1730 W system_server: Long monitor contention with owner android.anim (601) at void com.android.server.wm.WindowSurfacePlacer$Traverser.run()(WindowSurfacePlacer.java:58) waiters=2 in void com.android.server.wm.Session.binderDied() for 102ms
07-27 05:15:43.844   402   447 I RanchuHwc: logCompositionFallbackIfChanged: layer 3 CompositionType fallback from 2 to 1
07-27 05:15:43.844   402   447 I RanchuHwc: logCompositionFallbackIfChanged: layer 4 CompositionType fallback from 2 to 1
07-27 05:15:43.844   402   447 I RanchuHwc: logCompositionFallbackIfChanged: layer 9 CompositionType fallback from 2 to 1
07-27 05:15:43.844   402   447 I RanchuHwc: logCompositionFallbackIfChanged: layer 10 CompositionType fallback from 2 to 1
07-27 05:15:43.844   402   447 I RanchuHwc: logCompositionFallbackIfChanged: layer 39 CompositionType fallback from 2 to 1
07-27 05:15:43.848   405   405 I android.hardware.power-service.example: Power isModeSupported: 6
07-27 05:15:43.848   576  1730 I WindowManager: WIN DEATH: Window{d9e5c2e u0 com.mediology.sinsinapp/com.mediology.sinsinapp.MainActivity}
07-27 05:15:43.849   576  1730 W InputManager-JNI: Input channel object 'd9e5c2e com.mediology.sinsinapp/com.mediology.sinsinapp.MainActivity (client)' was disposed without first being removed with the input manager!
07-27 05:15:43.850   820   893 V WindowManagerShell:  animated by com.android.wm.shell.transition.RemoteTransitionHandler@a7c3f16
07-27 05:15:43.850   820   893 W Looper  : Slow dispatch took 127ms wmshell.main h=android.os.Handler c=com.android.wm.shell.transition.Transitions$TransitionPlayerImpl$$ExternalSyntheticLambda0@1592c0e m=0
07-27 05:15:43.850   820   893 W Looper  : Slow delivery took 97ms wmshell.main h=android.os.Handler c=com.android.wm.shell.pip.phone.PipController$$ExternalSyntheticLambda4@f38362f m=0
07-27 05:15:43.851   820   893 V WindowManagerShell: Transition animation finished (aborted=false), notifying core (#19) android.os.BinderProxy@b0775e0@0
07-27 05:15:43.852   576   938 E IPCThreadState: Binder transaction failure. id: 175546, BR_*: 29189, error: -22 (Invalid argument)
07-27 05:15:43.852   576   938 W ActivityManager: pid 576 system sent binder code 7 with flags 1 to frozen apps and got error -32
07-27 05:15:43.856   938   938 I binder  : 938:576 cannot find target node
07-27 05:15:43.856   938   938 I binder  : 576:938 transaction async to 0:0 failed 175546/29189/-22, size 64-0 line 3265
07-27 05:15:43.860   576   938 W WindowManager: Exception thrown during dispatchAppVisibility Window{d9e5c2e u0 com.mediology.sinsinapp/com.mediology.sinsinapp.MainActivity EXITING}
07-27 05:15:43.860   576   938 W WindowManager: android.os.DeadObjectException
07-27 05:15:43.860   576   938 W WindowManager: 	at android.os.BinderProxy.transactNative(Native Method)
07-27 05:15:43.860   576   938 W WindowManager: 	at android.os.BinderProxy.transact(BinderProxy.java:586)
07-27 05:15:43.860   576   938 W WindowManager: 	at android.view.IWindow$Stub$Proxy.dispatchAppVisibility(IWindow.java:553)
07-27 05:15:43.860   576   938 W WindowManager: 	at com.android.server.wm.WindowState.sendAppVisibilityToClients(WindowState.java:3253)
07-27 05:15:43.860   576   938 W WindowManager: 	at com.android.server.wm.WindowContainer.sendAppVisibilityToClients(WindowContainer.java:1289)
07-27 05:15:43.860   576   938 W WindowManager: 	at com.android.server.wm.WindowToken.setClientVisible(WindowToken.java:403)
07-27 05:15:43.860   576   938 W WindowManager: 	at com.android.server.wm.ActivityRecord.setClientVisible(ActivityRecord.java:7166)
07-27 05:15:43.860   576   938 W WindowManager: 	at com.android.server.wm.ActivityRecord.postApplyAnimation(ActivityRecord.java:5881)
07-27 05:15:43.860   576   938 W WindowManager: 	at com.android.server.wm.ActivityRecord.commitVisibility(ActivityRecord.java:5823)
07-27 05:15:43.860   576   938 W WindowManager: 	at com.android.server.wm.Transition.finishTransition(Transition.java:1286)
07-27 05:15:43.860   576   938 W WindowManager: 	at com.android.server.wm.TransitionController.finishTransition(TransitionController.java:937)
07-27 05:15:43.860   576   938 W WindowManager: 	at com.android.server.wm.WindowOrganizerController.finishTransition(WindowOrganizerController.java:494)
07-27 05:15:43.860   576   938 W WindowManager: 	at android.window.IWindowOrganizerController$Stub.onTransact(IWindowOrganizerController.java:289)
07-27 05:15:43.860   576   938 W WindowManager: 	at com.android.server.wm.WindowOrganizerController.onTransact(WindowOrganizerController.java:204)
07-27 05:15:43.860   576   938 W WindowManager: 	at android.os.Binder.execTransactInternal(Binder.java:1505)
07-27 05:15:43.860   576   938 W WindowManager: 	at android.os.Binder.execTransact(Binder.java:1444)
07-27 05:15:43.860   576   938 W Process : Unable to open /proc/3315/status
07-27 05:15:43.860   576   597 V WindowManager: Finish Transition (#19): created at 07-27 05:15:43.390 collect-started=0.066ms request-sent=0.173ms started=150.146ms ready=303.736ms sent=330.795ms finished=461.604ms
07-27 05:15:43.874   820   893 V WindowManagerShell: Track 0 became idle
07-27 05:15:43.874   820   893 V WindowManagerShell: All active transition animations finished
07-27 05:15:43.877   820   893 W Looper  : Drained
07-27 05:15:43.936   576   600 W ActivityManager: setHasOverlayUi called on unknown pid: 3315
07-27 05:15:43.936   576   600 W ProcessStats: Tracking association SourceState{d4feebd com.google.android.apps.nexuslauncher/10177 BTop #2232} whose proc state 2 is better than process ProcessState{912fee com.google.android.googlequicksearchbox:search/10143 pkg=com.google.android.googlequicksearchbox} proc state 14 (2 skipped)
07-27 05:15:43.936   576   695 I ImeTracker: com.google.android.apps.nexuslauncher:621265d7: onRequestHide at ORIGIN_SERVER reason HIDE_UNSPECIFIED_WINDOW fromUser false
07-27 05:15:43.936   576   695 I ImeTracker: com.google.android.apps.nexuslauncher:621265d7: onCancelled at PHASE_SERVER_SHOULD_HIDE
07-27 05:15:43.954   576   593 W UserManagerService: Requested status bar icon for non-badged user 0
07-27 05:15:43.961   431   431 E BpTransactionCompletedListener: Failed to transact (-32)
07-27 05:15:43.968  1370  1370 I GoogleInputMethodService: GoogleInputMethodService.onFinishInput():3157 
07-27 05:15:43.970  1370  1370 I GoogleInputMethodService: GoogleInputMethodService.updateDeviceLockedStatus():2248 repeatCheckTimes = 0, locked = false
07-27 05:15:43.970  1370  1370 I GoogleInputMethodService: GoogleInputMethodService.onStartInput():1986 onStartInput(EditorInfo{EditorInfo{packageName=com.google.android.apps.nexuslauncher, inputType=0, inputTypeString=NULL, enableLearning=false, autoCorrection=false, autoComplete=false, imeOptions=0, privateImeOptions=null, actionName=UNSPECIFIED, actionLabel=null, initialSelStart=-1, initialSelEnd=-1, initialCapsMode=0, label=null, fieldId=0, fieldName=null, extras=null, hintText=null, hintLocales=[]}}, false)
07-27 05:15:43.971  1306  1306 I TopTaskTracker: onTaskRemoved: taskId=76
07-27 05:15:43.971  1306  1306 I TopTaskTracker: onTaskRemoved: taskId=76
07-27 05:15:43.980  1370  1370 I GoogleInputMethodService: GoogleInputMethodService.updateDeviceLockedStatus():2248 repeatCheckTimes = 1, locked = false
07-27 05:15:43.984  1370  1370 I AndroidIME: InputBundleManager.loadActiveInputBundleId():450 loadActiveInputBundleId: und-Latn-x-password, password
07-27 05:15:43.985  1370  1370 I HardKeyTracker: HardKeyTracker.registerKeySequence():139 Register key sequence lnk{labelResId=2132019800, callback=gnd@65d94ce, lastModifier=0, keyCodes=[57, 57], actions=[1, 0]}
07-27 05:15:43.986  1370  1370 I HardKeyTracker: HardKeyTracker.registerKeySequence():139 Register key sequence lnk{labelResId=0, callback=gnd@90ba585, lastModifier=0, keyCodes=[58, 58], actions=[1, 0]}
07-27 05:15:43.987   576   938 W PackageConfigPersister: App-specific configuration not found for packageName: com.google.android.apps.nexuslauncher and userId: 0
07-27 05:15:44.071   820  1047 D EGL_emulation: app_time_stats: avg=12058.56ms min=12058.56ms max=12058.56ms count=1
07-27 05:15:44.079   576  1307 W UserManagerService: Requested status bar icon for non-badged user 0
07-27 05:15:44.080   576  1032 W UserManagerService: Requested status bar icon for non-badged user 0
07-27 05:15:44.173  1558  1558 I A       : (REDACTED) Created gRPC endpoint for service %s
07-27 05:15:44.201  1558  1774 I A       : NGA disabled due to not being eligible.
07-27 05:15:44.203  1558  1774 I A       : NGA disabled due to not being eligible.
07-27 05:15:44.204  1558  1774 I A       : NGA disabled due to not being eligible.
07-27 05:15:44.204  1558  1774 I A       : NGA disabled due to not being eligible.
07-27 05:15:44.204  1558  1774 I A       : NGA disabled due to not being eligible.
07-27 05:15:44.204  1558  1774 I A       : NGA disabled due to not being eligible.
07-27 05:15:44.204  1558  1774 I A       : NGA disabled due to not being eligible.
07-27 05:15:44.204  1558  1774 I A       : NGA disabled due to not being eligible.
07-27 05:15:44.204  1558  1774 I A       : NGA disabled due to not being eligible.
07-27 05:15:44.205  1558  1774 I A       : NGA disabled due to not being eligible.
07-27 05:15:44.205  1558  1774 I A       : NGA disabled due to not being eligible.
07-27 05:15:44.206  1558  1774 I A       : NGA disabled due to not being eligible.
07-27 05:15:44.206  1558  1774 I A       : NGA disabled due to not being eligible.
07-27 05:15:44.206  1558  1774 I A       : NGA disabled due to not being eligible.
07-27 05:15:44.206  1558  1774 I A       : NGA disabled due to not being eligible.
07-27 05:15:44.207  1558  1774 I A       : NGA disabled due to not being eligible.
07-27 05:15:44.207  1558  1774 I A       : NGA disabled due to not being eligible.
07-27 05:15:44.207  1558  1774 I A       : NGA disabled due to not being eligible.
07-27 05:15:44.207  1558  1774 I A       : NGA disabled due to not being eligible.
07-27 05:15:44.207  1558  1774 I A       : NGA disabled due to not being eligible.
07-27 05:15:44.245  1558  1561 W earchbox:search: Missing inline cache for java.lang.Object com.google.android.libraries.search.ab.b.e.f.a.b(com.google.android.libraries.search.ab.b.t, com.google.android.libraries.search.ab.b.z, p.c.g)
07-27 05:15:44.263  1306  1306 D SearchTargetUtil: query= size=45
07-27 05:15:44.263  1306  1306 D SearchTargetUtil: layoutType=short_icon_row resultType=131072 packageName=com.google.android.googlequicksearchbox extras=Bundle{suggestion_type=36,suggest_truncate_start=false,is_answer=false,is_entity=false,is_personal=true,suggest_raw_text=쿠팡,input_query=android.app.search.Query@ef36a85,group_id=web336690,response_id=759ae8ae-beb4-42ce-a5ce-52fe1be96d61,support_query_builder=true,} searchAction=쿠팡 searchActionExtras=Bundle{learn_more_url=https://support.google.com/websearch/?p=delete_recent_history&hl=en,suggestion_action_text=Delete,should_start_for_result=true,allow_pinning=true,skip_logging_in_target_handler=true,suggestion_action_rpc=1,}ParentID: null targetID: ac1565fe-f169-4569-ac91-a3a4989e36a6
07-27 05:15:44.263  1306  1306 D SearchTargetUtil: layoutType=short_icon_row resultType=131072 packageName=com.google.android.googlequicksearchbox extras=Bundle{suggestion_type=36,suggest_truncate_start=false,is_answer=false,is_entity=false,is_personal=true,suggest_raw_text=인스타그램,input_query=android.app.search.Query@ef36a85,group_id=web336690,response_id=759ae8ae-beb4-42ce-a5ce-52fe1be96d61,support_query_builder=true,} searchAction=인스타그램 searchActionExtras=Bundle{learn_more_url=https://support.google.com/websearch/?p=delete_recent_history&hl=en,suggestion_action_text=Delete,should_start_for_result=true,allow_pinning=true,skip_logging_in_target_handler=true,suggestion_action_rpc=1,}ParentID: null targetID: 42ce55d6-e3a3-4c4f-92bd-95c4256ae963
07-27 05:15:44.263  1306  1306 D SearchTargetUtil: layoutType=short_icon_row resultType=131072 packageName=com.google.android.googlequicksearchbox extras=Bundle{suggestion_type=36,suggest_truncate_start=false,is_answer=false,is_entity=false,is_personal=true,suggest_raw_text=홈택스,input_query=android.app.search.Query@ef36a85,group_id=web336690,response_id=759ae8ae-beb4-42ce-a5ce-52fe1be96d61,support_query_builder=true,} searchAction=홈택스 searchActionExtras=Bundle{learn_more_url=https://support.google.com/websearch/?p=delete_recent_history&hl=en,suggestion_action_text=Delete,should_start_for_result=true,allow_pinning=true,skip_logging_in_target_handler=true,suggestion_action_rpc=1,}ParentID: null targetID: 8876b001-83d9-4bf0-9ede-53ea59f1f07a
07-27 05:15:44.263  1306  1306 D SearchTargetUtil: layoutType=short_icon_row resultType=131072 packageName=com.google.android.googlequicksearchbox extras=Bundle{suggestion_type=36,suggest_truncate_start=false,is_answer=false,is_entity=false,is_personal=true,suggest_raw_text=ddesign,input_query=android.app.search.Query@ef36a85,group_id=web336690,response_id=759ae8ae-beb4-42ce-a5ce-52fe1be96d61,support_query_builder=true,} searchAction=ddesign searchActionExtras=Bundle{learn_more_url=https://support.google.com/websearch/?p=delete_recent_history&hl=en,suggestion_action_text=Delete,should_start_for_result=true,allow_pinning=true,skip_logging_in_target_handler=true,suggestion_action_rpc=1,}ParentID: null targetID: 24d51cde-2f03-4986-b1c0-77a6aafad7ef
07-27 05:15:44.263  1306  1306 D SearchTargetUtil: layoutType=short_icon_row resultType=131072 packageName=com.google.android.googlequicksearchbox extras=Bundle{suggestion_type=36,suggest_truncate_start=false,is_answer=false,is_entity=false,is_personal=true,suggest_raw_text=dddesign,input_query=android.app.search.Query@ef36a85,group_id=web336690,response_id=759ae8ae-beb4-42ce-a5ce-52fe1be96d61,support_query_builder=true,} searchAction=dddesign searchActionExtras=Bundle{learn_more_url=https://support.google.com/websearch/?p=delete_recent_history&hl=en,suggestion_action_text=Delete,should_start_for_result=true,allow_pinning=true,skip_logging_in_target_handler=true,suggestion_action_rpc=1,}ParentID: null targetID: f71a4e2b-7bba-4d37-b379-3f373bf4545b
07-27 05:15:44.263  1306  1306 D SearchTargetUtil: layoutType=short_icon_row resultType=131072 packageName=com.google.android.googlequicksearchbox extras=Bundle{suggestion_type=36,suggest_truncate_start=false,is_answer=false,is_entity=false,is_personal=true,suggest_raw_text=leetcode,input_query=android.app.search.Query@ef36a85,group_id=web336690,response_id=759ae8ae-beb4-42ce-a5ce-52fe1be96d61,support_query_builder=true,} searchAction=leetcode searchActionExtras=Bundle{learn_more_url=https://support.google.com/websearch/?p=delete_recent_history&hl=en,suggestion_action_text=Delete,should_start_for_result=true,allow_pinning=true,skip_logging_in_target_handler=true,suggestion_action_rpc=1,}ParentID: null targetID: f1e52db7-cf50-416a-b969-458137f0ed01
07-27 05:15:44.263  1306  1306 D SearchTargetUtil: layoutType=short_icon_row resultType=131072 packageName=com.google.android.googlequicksearchbox extras=Bundle{suggestion_type=36,suggest_truncate_start=false,is_answer=false,is_entity=false,is_personal=true,suggest_raw_text=pretext,input_query=android.app.search.Query@ef36a85,group_id=web336690,response_id=759ae8ae-beb4-42ce-a5ce-52fe1be96d61,support_query_builder=true,} searchAction=pretext searchActionExtras=Bundle{learn_more_url=https://support.google.com/websearch/?p=delete_recent_history&hl=en,suggestion_action_text=Delete,should_start_for_result=true,allow_pinning=true,skip_logging_in_target_handler=true,suggestion_action_rpc=1,}ParentID: null targetID: a57b97bd-5aa5-4881-aea7-bed9c83b9e66
07-27 05:15:44.263  1306  1306 D SearchTargetUtil: layoutType=short_icon_row resultType=131072 packageName=com.google.android.googlequicksearchbox extras=Bundle{suggestion_type=36,suggest_truncate_start=false,is_answer=false,is_entity=false,is_personal=true,suggest_raw_text=comfy ui,input_query=android.app.search.Query@ef36a85,group_id=web336690,response_id=759ae8ae-beb4-42ce-a5ce-52fe1be96d61,support_query_builder=true,} searchAction=comfy ui searchActionExtras=Bundle{learn_more_url=https://support.google.com/websearch/?p=delete_recent_history&hl=en,suggestion_action_text=Delete,should_start_for_result=true,allow_pinning=true,skip_logging_in_target_handler=true,suggestion_action_rpc=1,}ParentID: null targetID: 9661183e-db08-4d76-8118-5cd583955059
07-27 05:15:44.263  1306  1306 D SearchTargetUtil: layoutType=short_icon_row resultType=131072 packageName=com.google.android.googlequicksearchbox extras=Bundle{suggestion_type=36,suggest_truncate_start=false,is_answer=false,is_entity=false,is_personal=true,suggest_raw_text=프로그래머스,input_query=android.app.search.Query@ef36a85,group_id=web336690,response_id=759ae8ae-beb4-42ce-a5ce-52fe1be96d61,support_query_builder=true,} searchAction=프로그래머스 searchActionExtras=Bundle{learn_more_url=https://support.google.com/websearch/?p=delete_recent_history&hl=en,suggestion_action_text=Delete,should_start_for_result=true,allow_pinning=true,skip_logging_in_target_handler=true,suggestion_action_rpc=1,}ParentID: null targetID: 45cc5f8a-d348-455c-9bbd-a5ced6a4e348
07-27 05:15:44.263  1306  1306 D SearchTargetUtil: layoutType=short_icon_row resultType=131072 packageName=com.google.android.googlequicksearchbox extras=Bundle{suggestion_type=36,suggest_truncate_start=false,is_answer=false,is_entity=false,is_personal=true,suggest_raw_text=데이비드 보위,input_query=android.app.search.Query@ef36a85,group_id=web336690,response_id=759ae8ae-beb4-42ce-a5ce-52fe1be96d61,support_query_builder=true,} searchAction=데이비드 보위 searchActionExtras=Bundle{learn_more_url=https://support.google.com/websearch/?p=delete_recent_history&hl=en,suggestion_action_text=Delete,should_start_for_result=true,allow_pinning=true,skip_logging_in_target_handler=true,suggestion_action_rpc=1,}ParentID: null targetID: 0b1d0ecb-1075-4955-9f51-c3b288d12dc4
07-27 05:15:44.264  1306  1306 D SearchTargetUtil: layoutType=short_icon_row resultType=131072 packageName=com.google.android.googlequicksearchbox extras=Bundle{suggestion_type=36,suggest_truncate_start=false,is_answer=false,is_entity=false,is_personal=true,suggest_raw_text=figma,input_query=android.app.search.Query@ef36a85,group_id=web336690,response_id=759ae8ae-beb4-42ce-a5ce-52fe1be96d61,support_query_builder=true,} searchAction=figma searchActionExtras=Bundle{learn_more_url=https://support.google.com/websearch/?p=delete_recent_history&hl=en,suggestion_action_text=Delete,should_start_for_result=true,allow_pinning=true,skip_logging_in_target_handler=true,suggestion_action_rpc=1,}ParentID: null targetID: 72dc252a-4ce8-412d-92a8-0d13c2682d84
07-27 05:15:44.264  1306  1306 D SearchTargetUtil: layoutType=short_icon_row resultType=131072 packageName=com.google.android.googlequicksearchbox extras=Bundle{suggestion_type=36,suggest_truncate_start=false,is_answer=false,is_entity=false,is_personal=true,suggest_raw_text=구글 캘린더,input_query=android.app.search.Query@ef36a85,group_id=web336690,response_id=759ae8ae-beb4-42ce-a5ce-52fe1be96d61,support_query_builder=true,} searchAction=구글 캘린더 searchActionExtras=Bundle{learn_more_url=https://support.google.com/websearch/?p=delete_recent_history&hl=en,suggestion_action_text=Delete,should_start_for_result=true,allow_pinning=true,skip_logging_in_target_handler=true,suggestion_action_rpc=1,}ParentID: null targetID: f40fde91-00ab-4abb-86bc-aaff60eec554
07-27 05:15:44.264  1306  1306 D SearchTargetUtil: layoutType=short_icon_row resultType=131072 packageName=com.google.android.googlequicksearchbox extras=Bundle{suggestion_type=36,suggest_truncate_start=false,is_answer=false,is_entity=false,is_personal=true,suggest_raw_text=피그마,input_query=android.app.search.Query@ef36a85,group_id=web336690,response_id=759ae8ae-beb4-42ce-a5ce-52fe1be96d61,support_query_builder=true,} searchAction=피그마 searchActionExtras=Bundle{learn_more_url=https://support.google.com/websearch/?p=delete_recent_history&hl=en,suggestion_action_text=Delete,should_start_for_result=true,allow_pinning=true,skip_logging_in_target_handler=true,suggestion_action_rpc=1,}ParentID: null targetID: c711b5b3-b53c-46c9-b1af-1d20b94662d8
07-27 05:15:44.264  1306  1306 D SearchTargetUtil: layoutType=short_icon_row resultType=131072 packageName=com.google.android.googlequicksearchbox extras=Bundle{suggestion_type=36,suggest_truncate_start=false,is_answer=false,is_entity=false,is_personal=true,suggest_raw_text=claude console,input_query=android.app.search.Query@ef36a85,group_id=web336690,response_id=759ae8ae-beb4-42ce-a5ce-52fe1be96d61,support_query_builder=true,} searchAction=claude console searchActionExtras=Bundle{learn_more_url=https://support.google.com/websearch/?p=delete_recent_history&hl=en,suggestion_action_text=Delete,should_start_for_result=true,allow_pinning=true,skip_logging_in_target_handler=true,suggestion_action_rpc=1,}ParentID: null targetID: 8b0f32ef-0d34-4cc7-a49d-b92fab9bd3e6
07-27 05:15:44.264  1306  1306 D SearchTargetUtil: layoutType=short_icon_row resultType=131072 packageName=com.google.android.googlequicksearchbox extras=Bundle{suggestion_type=36,suggest_truncate_start=false,is_answer=false,is_entity=false,is_personal=true,suggest_raw_text=cloudflare,input_query=android.app.search.Query@ef36a85,group_id=web336690,response_id=759ae8ae-beb4-42ce-a5ce-52fe1be96d61,support_query_builder=true,} searchAction=cloudflare searchActionExtras=Bundle{learn_more_url=https://support.google.com/websearch/?p=delete_recent_history&hl=en,suggestion_action_text=Delete,should_start_for_result=true,allow_pinning=true,skip_logging_in_target_handler=true,suggestion_action_rpc=1,}ParentID: null targetID: d0ca3b46-f51a-4ff9-97b5-c66831256ce2
07-27 05:15:44.264  1306  1306 D SearchTargetUtil: layoutType=short_icon_row resultType=131072 packageName=com.google.android.googlequicksearchbox extras=Bundle{suggestion_type=36,suggest_truncate_start=false,is_answer=false,is_entity=false,is_personal=true,suggest_raw_text=cloud run,input_query=android.app.search.Query@ef36a85,group_id=web336690,response_id=759ae8ae-beb4-42ce-a5ce-52fe1be96d61,support_query_builder=true,} searchAction=cloud run searchActionExtras=Bundle{learn_more_url=https://support.google.com/websearch/?p=delete_recent_history&hl=en,suggestion_action_text=Delete,should_start_for_result=true,allow_pinning=true,skip_logging_in_target_handler=true,suggestion_action_rpc=1,}ParentID: null targetID: 0f19afe5-abd7-4ca8-b9fa-4efd81b45405
07-27 05:15:44.264  1306  1306 D SearchTargetUtil: layoutType=short_icon_row resultType=131072 packageName=com.google.android.googlequicksearchbox extras=Bundle{suggestion_type=36,suggest_truncate_start=false,is_answer=false,is_entity=false,is_personal=true,suggest_raw_text=미리캔버스,input_query=android.app.search.Query@ef36a85,group_id=web336690,response_id=759ae8ae-beb4-42ce-a5ce-52fe1be96d61,support_query_builder=true,} searchAction=미리캔버스 searchActionExtras=Bundle{learn_more_url=https://support.google.com/websearch/?p=delete_recent_history&hl=en,suggestion_action_text=Delete,should_start_for_result=true,allow_pinning=true,skip_logging_in_target_handler=true,suggestion_action_rpc=1,}ParentID: null targetID: 51e0139a-fe1b-4587-9bd1-f1902c8dd84e
07-27 05:15:44.264  1306  1306 D SearchTargetUtil: layoutType=short_icon_row resultType=131072 packageName=com.google.android.googlequicksearchbox extras=Bundle{suggestion_type=36,suggest_truncate_start=false,is_answer=false,is_entity=false,is_personal=true,suggest_raw_text=youtube,input_query=android.app.search.Query@ef36a85,group_id=web336690,response_id=759ae8ae-beb4-42ce-a5ce-52fe1be96d61,support_query_builder=true,} searchAction=youtube searchActionExtras=Bundle{learn_more_url=https://support.google.com/websearch/?p=delete_recent_history&hl=en,suggestion_action_text=Delete,should_start_for_result=true,allow_pinning=true,skip_logging_in_target_handler=true,suggestion_action_rpc=1,}ParentID: null targetID: f16d2381-3cd7-46a2-a0cf-92b76c26b635
07-27 05:15:44.264  1306  1306 D SearchTargetUtil: layoutType=short_icon_row resultType=131072 packageName=com.google.android.googlequicksearchbox extras=Bundle{suggestion_type=36,suggest_truncate_start=false,is_answer=false,is_entity=false,is_personal=true,suggest_raw_text=링크드인,input_query=android.app.search.Query@ef36a85,group_id=web336690,response_id=759ae8ae-beb4-42ce-a5ce-52fe1be96d61,support_query_builder=true,} searchAction=링크드인 searchActionExtras=Bundle{learn_more_url=https://support.google.com/websearch/?p=delete_recent_history&hl=en,suggestion_action_text=Delete,should_start_for_result=true,allow_pinning=true,skip_logging_in_target_handler=true,suggestion_action_rpc=1,}ParentID: null targetID: 42862d94-33d4-465d-b41a-2c2142226896
07-27 05:15:44.264  1306  1306 D SearchTargetUtil: layoutType=short_icon_row resultType=131072 packageName=com.google.android.googlequicksearchbox extras=Bundle{suggestion_type=36,suggest_truncate_start=false,is_answer=false,is_entity=false,is_personal=true,suggest_raw_text=네이버지도,input_query=android.app.search.Query@ef36a85,group_id=web336690,response_id=759ae8ae-beb4-42ce-a5ce-52fe1be96d61,support_query_builder=true,} searchAction=네이버지도 searchActionExtras=Bundle{learn_more_url=https://support.google.com/websearch/?p=delete_recent_history&hl=en,suggestion_action_text=Delete,should_start_for_result=true,allow_pinning=true,skip_logging_in_target_handler=true,suggestion_action_rpc=1,}ParentID: null targetID: 6c123b1a-d940-41a6-a3cc-c8a7aaaa259a
07-27 05:15:44.264  1306  1306 D SearchTargetUtil: layoutType=short_icon_row resultType=131072 packageName=com.google.android.googlequicksearchbox extras=Bundle{suggestion_type=36,suggest_truncate_start=false,is_answer=false,is_entity=false,is_personal=true,suggest_raw_text=mythos,input_query=android.app.search.Query@ef36a85,group_id=web336690,response_id=759ae8ae-beb4-42ce-a5ce-52fe1be96d61,support_query_builder=true,} searchAction=mythos searchActionExtras=Bundle{learn_more_url=https://support.google.com/websearch/?p=delete_recent_history&hl=en,suggestion_action_text=Delete,should_start_for_result=true,allow_pinning=true,skip_logging_in_target_handler=true,suggestion_action_rpc=1,}ParentID: null targetID: 9addde70-6c6a-4ad9-b566-2eacd5fe5fe8
07-27 05:15:44.264  1306  1306 D SearchTargetUtil: layoutType=short_icon_row resultType=131072 packageName=com.google.android.googlequicksearchbox extras=Bundle{suggestion_type=36,suggest_truncate_start=false,is_answer=false,is_entity=false,is_personal=true,suggest_raw_text=사업자 사실 증명 발급,input_query=android.app.search.Query@ef36a85,group_id=web336690,response_id=759ae8ae-beb4-42ce-a5ce-52fe1be96d61,support_query_builder=true,} searchAction=사업자 사실 증명 발급 searchActionExtras=Bundle{learn_more_url=https://support.google.com/websearch/?p=delete_recent_history&hl=en,suggestion_action_text=Delete,should_start_for_result=true,allow_pinning=true,skip_logging_in_target_handler=true,suggestion_action_rpc=1,}ParentID: null targetID: 20633fc7-a652-49b6-9317-39f965e17914
07-27 05:15:44.264  1306  1306 D SearchTargetUtil: layoutType=short_icon_row resultType=131072 packageName=com.google.android.googlequicksearchbox extras=Bundle{suggestion_type=36,suggest_truncate_start=false,is_answer=false,is_entity=false,is_personal=true,suggest_raw_text=맥 caffeinate,input_query=android.app.search.Query@ef36a85,group_id=web336690,response_id=759ae8ae-beb4-42ce-a5ce-52fe1be96d61,support_query_builder=true,} searchAction=맥 caffeinate searchActionExtras=Bundle{learn_more_url=https://support.google.com/websearch/?p=delete_recent_history&hl=en,suggestion_action_text=Delete,should_start_for_result=true,allow_pinning=true,skip_logging_in_target_handler=true,suggestion_action_rpc=1,}ParentID: null targetID: c788e1ea-9f3e-4bfa-a4b7-a05bb4fb1473
07-27 05:15:44.264  1306  1306 D SearchTargetUtil: layoutType=short_icon_row resultType=131072 packageName=com.google.android.googlequicksearchbox extras=Bundle{suggestion_type=36,suggest_truncate_start=false,is_answer=false,is_entity=false,is_personal=true,suggest_raw_text=깃헙,input_query=android.app.search.Query@ef36a85,group_id=web336690,response_id=759ae8ae-beb4-42ce-a5ce-52fe1be96d61,support_query_builder=true,} searchAction=깃헙 searchActionExtras=Bundle{learn_more_url=https://support.google.com/websearch/?p=delete_recent_history&hl=en,suggestion_action_text=Delete,should_start_for_result=true,allow_pinning=true,skip_logging_in_target_handler=true,suggestion_action_rpc=1,}ParentID: null targetID: 28b743d8-39f1-4873-9c84-b27280c9edfc
07-27 05:15:44.264  1306  1306 D SearchTargetUtil: layoutType=short_icon_row resultType=131072 packageName=com.google.android.googlequicksearchbox extras=Bundle{suggestion_type=36,suggest_truncate_start=false,is_answer=false,is_entity=false,is_personal=true,suggest_raw_text=unsplash,input_query=android.app.search.Query@ef36a85,group_id=web336690,response_id=759ae8ae-beb4-42ce-a5ce-52fe1be96d61,support_query_builder=true,} searchAction=unsplash searchActionExtras=Bundle{learn_more_url=https://support.google.com/websearch/?p=delete_recent_history&hl=en,suggestion_action_text=Delete,should_start_for_result=true,allow_pinning=true,skip_logging_in_target_handler=true,suggestion_action_rpc=1,}ParentID: null targetID: 91c073fb-9754-4835-881e-471d21a36963
07-27 05:15:44.264  1306  1306 D SearchTargetUtil: layoutType=short_icon_row resultType=131072 packageName=com.google.android.googlequicksearchbox extras=Bundle{suggestion_type=36,suggest_truncate_start=false,is_answer=false,is_entity=false,is_personal=true,suggest_raw_text=pretendard font,input_query=android.app.search.Query@ef36a85,group_id=web336690,response_id=759ae8ae-beb4-42ce-a5ce-52fe1be96d61,support_query_builder=true,} searchAction=pretendard font searchActionExtras=Bundle{learn_more_url=https://support.google.com/websearch/?p=delete_recent_history&hl=en,suggestion_action_text=Delete,should_start_for_result=true,allow_pinning=true,skip_logging_in_target_handler=true,suggestion_action_rpc=1,}ParentID: null targetID: aa0cf3e3-0a52-40b6-8909-98299054611f
07-27 05:15:44.264  1306  1306 D SearchTargetUtil: layoutType=short_icon_row resultType=131072 packageName=com.google.android.googlequicksearchbox extras=Bundle{suggestion_type=36,suggest_truncate_start=false,is_answer=false,is_entity=false,is_personal=true,suggest_raw_text=한국인 남자 키 168 비율,input_query=android.app.search.Query@ef36a85,group_id=web336690,response_id=759ae8ae-beb4-42ce-a5ce-52fe1be96d61,support_query_builder=true,} searchAction=한국인 남자 키 168 비율 searchActionExtras=Bundle{learn_more_url=https://support.google.com/websearch/?p=delete_recent_history&hl=en,suggestion_action_text=Delete,should_start_for_result=true,allow_pinning=true,skip_logging_in_target_handler=true,suggestion_action_rpc=1,}ParentID: null targetID: 93d5dca1-95ca-4760-9641-95d66a5a6c57
07-27 05:15:44.264  1306  1306 D SearchTargetUtil: layoutType=short_icon_row resultType=131072 packageName=com.google.android.googlequicksearchbox extras=Bundle{suggestion_type=36,suggest_truncate_start=false,is_answer=false,is_entity=false,is_personal=true,suggest_raw_text=종합소득세 환급일,input_query=android.app.search.Query@ef36a85,group_id=web336690,response_id=759ae8ae-beb4-42ce-a5ce-52fe1be96d61,support_query_builder=true,} searchAction=종합소득세 환급일 searchActionExtras=Bundle{learn_more_url=https://support.google.com/websearch/?p=delete_recent_history&hl=en,suggestion_action_text=Delete,should_start_for_result=true,allow_pinning=true,skip_logging_in_target_handler=true,suggestion_action_rpc=1,}ParentID: null targetID: 070aab74-7fcb-4234-aa75-1d51ebba29b8
07-27 05:15:44.264  1306  1306 D SearchTargetUtil: layoutType=short_icon_row resultType=131072 packageName=com.google.android.googlequicksearchbox extras=Bundle{suggestion_type=36,suggest_truncate_start=false,is_answer=false,is_entity=false,is_personal=true,suggest_raw_text=한국인 남자 키 178 비율,input_query=android.app.search.Query@ef36a85,group_id=web336690,response_id=759ae8ae-beb4-42ce-a5ce-52fe1be96d61,support_query_builder=true,} searchAction=한국인 남자 키 178 비율 searchActionExtras=Bundle{learn_more_url=https://support.google.com/websearch/?p=delete_recent_history&hl=en,suggestion_action_text=Delete,should_start_for_result=true,allow_pinning=true,skip_logging_in_target_handler=true,suggestion_action_rpc=1,}ParentID: null targetID: 26b295e1-bb72-4088-87ab-26ca642a8c8c
07-27 05:15:44.264  1306  1306 D SearchTargetUtil: layoutType=short_icon_row resultType=131072 packageName=com.google.android.googlequicksearchbox extras=Bundle{suggestion_type=36,suggest_truncate_start=false,is_answer=false,is_entity=false,is_personal=true,suggest_raw_text=lemonaa,input_query=android.app.search.Query@ef36a85,group_id=web336690,response_id=759ae8ae-beb4-42ce-a5ce-52fe1be96d61,support_query_builder=true,} searchAction=lemonaa searchActionExtras=Bundle{learn_more_url=https://support.google.com/websearch/?p=delete_recent_history&hl=en,suggestion_action_text=Delete,should_start_for_result=true,allow_pinning=true,skip_logging_in_target_handler=true,suggestion_action_rpc=1,}ParentID: null targetID: 6d320af9-75fe-473b-8007-ee499f93839d
07-27 05:15:44.264  1306  1306 D SearchTargetUtil: layoutType=short_icon_row resultType=131072 packageName=com.google.android.googlequicksearchbox extras=Bundle{suggestion_type=33,suggest_truncate_start=false,is_answer=false,is_entity=false,is_personal=false,suggest_raw_text=starflite aviation license revoked,input_query=android.app.search.Query@ef36a85,group_id=web336690,response_id=759ae8ae-beb4-42ce-a5ce-52fe1be96d61,support_query_builder=false,} searchAction=starflite aviation license revoked searchActionExtras=Bundle{learn_more_url=https://support.google.com/websearch/answer/106230?hl=106230,suggestion_action_text=Report this,should_start_for_result=true,allow_pinning=true,skip_logging_in_target_handler=true,suggestion_action_rpc=2,}ParentID: null targetID: ded0581a-4082-47d6-b053-e60aa8e797f1
07-27 05:15:44.264  1306  1306 D SearchTargetUtil: layoutType=short_icon_row resultType=131072 packageName=com.google.android.googlequicksearchbox extras=Bundle{suggestion_type=33,suggest_truncate_start=false,is_answer=false,is_entity=false,is_personal=false,suggest_raw_text=apple iphone 18 pro,input_query=android.app.search.Query@ef36a85,group_id=web336690,response_id=759ae8ae-beb4-42ce-a5ce-52fe1be96d61,support_query_builder=false,} searchAction=apple iphone 18 pro searchActionExtras=Bundle{learn_more_url=https://support.google.com/websearch/answer/106230?hl=106230,suggestion_action_text=Report this,should_start_for_result=true,allow_pinning=true,skip_logging_in_target_handler=true,suggestion_action_rpc=2,}ParentID: null targetID: de93fff8-6d5b-47ed-9f73-adecbe33f73b
07-27 05:15:44.264  1306  1306 D SearchTargetUtil: layoutType=short_icon_row resultType=131072 packageName=com.google.android.googlequicksearchbox extras=Bundle{suggestion_type=33,suggest_truncate_start=false,is_answer=false,is_entity=false,is_personal=false,suggest_raw_text=keanu reeves carl rinsch,input_query=android.app.search.Query@ef36a85,group_id=web336690,response_id=759ae8ae-beb4-42ce-a5ce-52fe1be96d61,support_query_builder=false,} searchAction=keanu reeves carl rinsch searchActionExtras=Bundle{learn_more_url=https://support.google.com/websearch/answer/106230?hl=106230,suggestion_action_text=Report this,should_start_for_result=true,allow_pinning=true,skip_logging_in_target_handler=true,suggestion_action_rpc=2,}ParentID: null targetID: d37637ed-55bc-45c8-b7ca-db15e6e8e10c
07-27 05:15:44.264  1306  1306 D SearchTargetUtil: layoutType=short_icon_row resultType=131072 packageName=com.google.android.googlequicksearchbox extras=Bundle{suggestion_type=33,suggest_truncate_start=false,is_answer=false,is_entity=false,is_personal=false,suggest_raw_text=ebola outbreak,input_query=android.app.search.Query@ef36a85,group_id=web336690,response_id=759ae8ae-beb4-42ce-a5ce-52fe1be96d61,support_query_builder=false,} searchAction=ebola outbreak searchActionExtras=Bundle{learn_more_url=https://support.google.com/websearch/answer/106230?hl=106230,suggestion_action_text=Report this,should_start_for_result=true,allow_pinning=true,skip_logging_in_target_handler=true,suggestion_action_rpc=2,}ParentID: null targetID: 4868a009-af03-4a10-a1ce-972a77c125d3
07-27 05:15:44.264  1306  1306 D SearchTargetUtil: layoutType=short_icon_row resultType=131072 packageName=com.google.android.googlequicksearchbox extras=Bundle{suggestion_type=33,suggest_truncate_start=false,is_answer=false,is_entity=false,is_personal=false,suggest_raw_text=psg vs arsenal champions league final,input_query=android.app.search.Query@ef36a85,group_id=web336690,response_id=759ae8ae-beb4-42ce-a5ce-52fe1be96d61,support_query_builder=false,} searchAction=psg vs arsenal champions league final searchActionExtras=Bundle{learn_more_url=https://support.google.com/websearch/answer/106230?hl=106230,suggestion_action_text=Report this,should_start_for_result=true,allow_pinning=true,skip_logging_in_target_handler=true,suggestion_action_rpc=2,}ParentID: null targetID: ade5fb73-7793-400a-8e1e-751fb787c1c4
07-27 05:15:44.264  1306  1306 D SearchTargetUtil: layoutType=short_icon_row resultType=131072 packageName=com.google.android.googlequicksearchbox extras=Bundle{suggestion_type=33,suggest_truncate_start=false,is_answer=false,is_entity=false,is_personal=false,suggest_raw_text=blue moon full moon,input_query=android.app.search.Query@ef36a85,group_id=web336690,response_id=759ae8ae-beb4-42ce-a5ce-52fe1be96d61,support_query_builder=false,} searchAction=blue moon full moon searchActionExtras=Bundle{learn_more_url=https://support.google.com/websearch/answer/106230?hl=106230,suggestion_action_text=Report this,should_start_for_result=true,allow_pinning=true,skip_logging_in_target_handler=true,suggestion_action_rpc=2,}ParentID: null targetID: 9963f056-75eb-45e5-8eee-6c02109c4965
07-27 05:15:44.264  1306  1306 D SearchTargetUtil: layoutType=short_icon_row resultType=131072 packageName=com.google.android.googlequicksearchbox extras=Bundle{suggestion_type=33,suggest_truncate_start=false,is_answer=false,is_entity=false,is_personal=false,suggest_raw_text=carls jr,input_query=android.app.search.Query@ef36a85,group_id=web336690,response_id=759ae8ae-beb4-42ce-a5ce-52fe1be96d61,support_query_builder=false,} searchAction=carls jr searchActionExtras=Bundle{learn_more_url=https://support.google.com/websearch/answer/106230?hl=106230,suggestion_action_text=Report this,should_start_for_result=true,allow_pinning=true,skip_logging_in_target_handler=true,suggestion_action_rpc=2,}ParentID: null targetID: f14440d3-307e-4e35-a58d-c8bf1224f123
07-27 05:15:44.264  1306  1306 D SearchTargetUtil: layoutType=short_icon_row resultType=131072 packageName=com.google.android.googlequicksearchbox extras=Bundle{suggestion_type=33,suggest_truncate_start=false,is_answer=false,is_entity=false,is_personal=false,suggest_raw_text=google messages chat themes,input_query=android.app.search.Query@ef36a85,group_id=web336690,response_id=759ae8ae-beb4-42ce-a5ce-52fe1be96d61,support_query_builder=false,} searchAction=google messages chat themes searchActionExtras=Bundle{learn_more_url=https://support.google.com/websearch/answer/106230?hl=106230,suggestion_action_text=Report this,should_start_for_result=true,allow_pinning=true,skip_logging_in_target_handler=true,suggestion_action_rpc=2,}ParentID: null targetID: 15091d38-ca36-447b-99b3-4529292bc1ef
07-27 05:15:44.264  1306  1306 D SearchTargetUtil: layoutType=short_icon_row resultType=131072 packageName=com.google.android.googlequicksearchbox extras=Bundle{suggestion_type=33,suggest_truncate_start=false,is_answer=false,is_entity=false,is_personal=false,suggest_raw_text=lincoln memorial reflecting pool,input_query=android.app.search.Query@ef36a85,group_id=web336690,response_id=759ae8ae-beb4-42ce-a5ce-52fe1be96d61,support_query_builder=false,} searchAction=lincoln memorial reflecting pool searchActionExtras=Bundle{learn_more_url=https://support.google.com/websearch/answer/106230?hl=106230,suggestion_action_text=Report this,should_start_for_result=true,allow_pinning=true,skip_logging_in_target_handler=true,suggestion_action_rpc=2,}ParentID: null targetID: 0f11c82a-8609-49f1-84fc-3ac09011de94
07-27 05:15:44.264  1306  1306 D SearchTargetUtil: layoutType=short_icon_row resultType=131072 packageName=com.google.android.googlequicksearchbox extras=Bundle{suggestion_type=33,suggest_truncate_start=false,is_answer=false,is_entity=false,is_personal=false,suggest_raw_text=a different world netflix sequel,input_query=android.app.search.Query@ef36a85,group_id=web336690,response_id=759ae8ae-beb4-42ce-a5ce-52fe1be96d61,support_query_builder=false,} searchAction=a different world netflix sequel searchActionExtras=Bundle{learn_more_url=https://support.google.com/websearch/answer/106230?hl=106230,suggestion_action_text=Report this,should_start_for_result=true,allow_pinning=true,skip_logging_in_target_handler=true,suggestion_action_rpc=2,}ParentID: null targetID: 9e74f7a1-6257-4e68-aaf4-bd1ef39cd0e4
07-27 05:15:44.264  1306  1306 D SearchTargetUtil: layoutType=short_icon_row resultType=131072 packageName=com.google.android.googlequicksearchbox extras=Bundle{suggestion_type=33,suggest_truncate_start=false,is_answer=false,is_entity=false,is_personal=false,suggest_raw_text=daniel ingham tt crash,input_query=android.app.search.Query@ef36a85,group_id=web336690,response_id=759ae8ae-beb4-42ce-a5ce-52fe1be96d61,support_query_builder=false,} searchAction=daniel ingham tt crash searchActionExtras=Bundle{learn_more_url=https://support.google.com/websearch/answer/106230?hl=106230,suggestion_action_text=Report this,should_start_for_result=true,allow_pinning=true,skip_logging_in_target_handler=true,suggestion_action_rpc=2,}ParentID: null targetID: a09a84e6-5ee5-444e-be2a-41738aeade8e
07-27 05:15:44.264  1306  1306 D SearchTargetUtil: layoutType=short_icon_row resultType=131072 packageName=com.google.android.googlequicksearchbox extras=Bundle{suggestion_type=33,suggest_truncate_start=false,is_answer=false,is_entity=false,is_personal=false,suggest_raw_text=copperhead srt hyper muscle car,input_query=android.app.search.Query@ef36a85,group_id=web336690,response_id=759ae8ae-beb4-42ce-a5ce-52fe1be96d61,support_query_builder=false,} searchAction=copperhead srt hyper muscle car searchActionExtras=Bundle{learn_more_url=https://support.google.com/websearch/answer/106230?hl=106230,suggestion_action_text=Report this,should_start_for_result=true,allow_pinning=true,skip_logging_in_target_handler=true,suggestion_action_rpc=2,}ParentID: null targetID: 75a8a3fb-6e28-446a-a0d7-c5e702d463fa
07-27 05:15:44.264  1306  1306 D SearchTargetUtil: layoutType=short_icon_row resultType=131072 packageName=com.google.android.googlequicksearchbox extras=Bundle{suggestion_type=33,suggest_truncate_start=false,is_answer=false,is_entity=false,is_personal=false,suggest_raw_text=jeep grand cherokee airbag recall,input_query=android.app.search.Query@ef36a85,group_id=web336690,response_id=759ae8ae-beb4-42ce-a5ce-52fe1be96d61,support_query_builder=false,} searchAction=jeep grand cherokee airbag recall searchActionExtras=Bundle{learn_more_url=https://support.google.com/websearch/answer/106230?hl=106230,suggestion_action_text=Report this,should_start_for_result=true,allow_pinning=true,skip_logging_in_target_handler=true,suggestion_action_rpc=2,}ParentID: null targetID: b57f06a1-d04c-48d8-954c-33a4bc8ec6e5
07-27 05:15:44.264  1306  1306 D SearchTargetUtil: layoutType=short_icon_row resultType=131072 packageName=com.google.android.googlequicksearchbox extras=Bundle{suggestion_type=33,suggest_truncate_start=false,is_answer=false,is_entity=false,is_personal=false,suggest_raw_text=laos cave rescue,input_query=android.app.search.Query@ef36a85,group_id=web336690,response_id=759ae8ae-beb4-42ce-a5ce-52fe1be96d61,support_query_builder=false,} searchAction=laos cave rescue searchActionExtras=Bundle{learn_more_url=https://support.google.com/websearch/answer/106230?hl=106230,suggestion_action_text=Report this,should_start_for_result=true,allow_pinning=true,skip_logging_in_target_handler=true,suggestion_action_rpc=2,}ParentID: null targetID: 193567ea-20c3-4b56-beed-ceb9f7373a50
07-27 05:15:44.264  1306  1306 D SearchTargetUtil: layoutType=short_icon_row resultType=131072 packageName=com.google.android.googlequicksearchbox extras=Bundle{suggestion_type=33,suggest_truncate_start=false,is_answer=false,is_entity=false,is_personal=false,suggest_raw_text=belmont stakes,input_query=android.app.search.Query@ef36a85,group_id=web336690,response_id=759ae8ae-beb4-42ce-a5ce-52fe1be96d61,support_query_builder=false,} searchAction=belmont stakes searchActionExtras=Bundle{learn_more_url=https://support.google.com/websearch/answer/106230?hl=106230,suggestion_action_text=Report this,should_start_for_result=true,allow_pinning=true,skip_logging_in_target_handler=true,suggestion_action_rpc=2,}ParentID: null targetID: a4c11bb0-d941-47bf-a8db-44f62c5bf835
07-27 05:15:45.785  4076  4076 D AndroidRuntime: >>>>>> START com.android.internal.os.RuntimeInit uid 2000 <<<<<<
07-27 05:15:45.803  4076  4076 I AndroidRuntime: Using default boot image
07-27 05:15:45.803  4076  4076 I AndroidRuntime: Leaving lock profiling enabled
07-27 05:15:45.806  4076  4076 I app_process: Core platform API reporting enabled, enforcing=false
07-27 05:15:45.807  4076  4076 I app_process: Using CollectorTypeCMC GC.
07-27 05:15:45.999  4076  4076 D nativeloader: InitDefaultPublicLibraries for_preload=1: libandroid.so:libaaudio.so:libamidi.so:libbinder_ndk.so:libc.so:libcamera2ndk.so:libdl.so:libEGL.so:libGLESv1_CM.so:libGLESv2.so:libGLESv3.so:libicu.so:libicui18n.so:libicuuc.so:libjnigraphics.so:liblog.so:libmediandk.so:libm.so:libnativehelper.so:libnativewindow.so:libOpenMAXAL.so:libOpenSLES.so:libRS.so:libstdc++.so:libsync.so:libvulkan.so:libwebviewchromium_plat_support.so:libz.so
07-27 05:15:46.024  4076  4076 D nativeloader: Load libicu_jni.so using APEX ns com_android_art for caller /apex/com.android.art/javalib/core-oj.jar: ok
07-27 05:15:46.024  4076  4076 D app_process: u_setTimeZoneFilesDirectory("/apex/com.android.tzdata/etc/tz/versioned/8/icu") succeeded. 
07-27 05:15:46.024  4076  4076 D app_process: I18n APEX ICU file found: /apex/com.android.i18n/etc/icu/icudt75l.dat
07-27 05:15:46.029  4076  4076 D nativeloader: Load libjavacore.so using APEX ns com_android_art for caller /apex/com.android.art/javalib/core-oj.jar: ok
07-27 05:15:46.033  4076  4076 D nativeloader: Load libopenjdk.so using APEX ns com_android_art for caller /apex/com.android.art/javalib/core-oj.jar: ok
07-27 05:15:46.108  4076  4076 D nativeloader: Load libframework-connectivity-tiramisu-jni.so using APEX ns com_android_tethering for caller /apex/com.android.tethering/javalib/framework-connectivity-t.jar: ok
07-27 05:15:46.109  4076  4076 D AndroidRuntime: Calling main entry com.android.commands.monkey.Monkey
07-27 05:15:46.110  4076  4076 W Monkey  : args: [-p, com.mediology.sinsinapp, 1]
07-27 05:15:46.110  4076  4076 W Monkey  :  arg: "-p"
07-27 05:15:46.110  4076  4076 W Monkey  :  arg: "com.mediology.sinsinapp"
07-27 05:15:46.110  4076  4076 W Monkey  :  arg: "1"
07-27 05:15:46.110  4076  4076 W Monkey  : data="com.mediology.sinsinapp"
07-27 05:15:46.149   576  1032 W ActivityManager: registerReceiverWithFeature: no app for null
07-27 05:15:46.169   576  1032 W ActivityTaskManager: callingPackage for (uid=2000, pid=4076) has no WPC
07-27 05:15:46.171   576  1032 W OptProp : Cannot read opt property android.window.PROPERTY_COMPAT_ALLOW_USER_ASPECT_RATIO_OVERRIDE
07-27 05:15:46.172   576  1032 W OptProp : Cannot read opt property android.window.PROPERTY_COMPAT_ALLOW_USER_ASPECT_RATIO_FULLSCREEN_OVERRIDE
07-27 05:15:46.172   576  1032 W OptProp : Cannot read opt property android.window.PROPERTY_COMPAT_ALLOW_ORIENTATION_OVERRIDE
07-27 05:15:46.173   576  1032 V GrammaticalInflectionUtils: AttributionSource: AttributionSource { uid = 10208, packageName = null, attributionTag = null, token = android.os.Binder@1c6eaf0, deviceId = 0, next = null } does not have READ_SYSTEM_GRAMMATICAL_GENDER permission.
07-27 05:15:46.174   576  1032 W OptProp : Cannot read opt property android.window.PROPERTY_COMPAT_ALLOW_RESIZEABLE_ACTIVITY_OVERRIDES
07-27 05:15:46.174   576  1032 W OptProp : Cannot read opt property android.window.PROPERTY_COMPAT_ALLOW_MIN_ASPECT_RATIO_OVERRIDE
07-27 05:15:46.182   576  1032 V SplashScreenExceptionList: SplashScreen checking exception for package com.mediology.sinsinapp (target sdk:35) -> false
07-27 05:15:46.236   820   893 V WindowManagerShell: Transition requested (#20): android.os.BinderProxy@a4095c5 TransitionRequestInfo { type = OPEN, triggerTask = TaskInfo{userId=0 taskId=77 displayId=0 isRunning=true baseIntent=Intent { act=android.intent.action.MAIN cat=[android.intent.category.LAUNCHER] flg=0x10200000 cmp=com.mediology.sinsinapp/.MainActivity } baseActivity=ComponentInfo{com.mediology.sinsinapp/com.mediology.sinsinapp.MainActivity} topActivity=ComponentInfo{com.mediology.sinsinapp/com.mediology.sinsinapp.MainActivity} origActivity=null realActivity=ComponentInfo{com.mediology.sinsinapp/com.mediology.sinsinapp.MainActivity} numActivities=1 lastActiveTime=339320 supportsMultiWindow=true resizeMode=1 isResizeable=true minWidth=-1 minHeight=-1 defaultMinSize=220 token=WCT{android.window.IWindowContainerToken$Stub$Proxy@67ffb1a} topActivityType=1 pictureInPictureParams=null shouldDockBigOverlays=false launchIntoPipHostTaskId=-1 lastParentTaskIdBeforePip=-1 displayCutoutSafeInsets=Rect(0, 132 - 0, 0) topActivityInfo=ActivityInfo{31c064b com.mediology.sinsinapp.MainActivity} launchCookies=[] positionInParent=Point(0, 0) parentTaskId=-1 isFocused=false isVisible=false isVisibleRequested=false isSleeping=false locusId=null displayAreaFeatureId=1 isTopActivityTransparent=false appCompatTaskInfo=AppCompatTaskInfo { topActivityInSizeCompat=false topActivityEligibleForLetterboxEducation= falseisLetterboxEducationEnabled= true isLetterboxDoubleTapEnabled= false topActivityEligibleForUserAspectRatioButton= false topActivityBoundsLetterboxed= false isFromLetterboxDoubleTap= false topActivityLetterboxVerticalPosition= -1 topActivityLetterboxHorizontalPosition= -1 topActivityLetterboxWidth=1080 topActivityLetterboxHeight=2400 isUserFullscreenOverrideEnabled=false isSystemFullscreenOverrideEnabled=false cameraCompatTaskInfo=CameraCompatTaskInfo { cameraCompatControlState=hidden freeformCameraCompatMode=inactive}}}, pipTask = null, remoteTransition = null, displayChange = null, flags = 0, debugId = 20 }
07-27 05:15:46.239   576  1032 I ActivityTaskManager: START u0 {act=android.intent.action.MAIN cat=[android.intent.category.LAUNCHER] flg=0x10200000 cmp=com.mediology.sinsinapp/.MainActivity} with LAUNCH_SINGLE_TASK from uid 2000 (BAL_ALLOW_PERMISSION) result code=0
07-27 05:15:46.240  4076  4076 I Monkey  : Events injected: 1
07-27 05:15:46.244   576   600 V GrammaticalInflectionUtils: AttributionSource: AttributionSource { uid = 10208, packageName = null, attributionTag = null, token = android.os.Binder@1c6eaf0, deviceId = 0, next = null } does not have READ_SYSTEM_GRAMMATICAL_GENDER permission.
07-27 05:15:46.245  1306  1306 W SplitSelectStateCtor: Missing session instanceIds
07-27 05:15:46.245  1306  1306 D StatsLog: LAUNCHER_SPLIT_SELECTION_EXIT_INTERRUPTED
07-27 05:15:46.246   820   893 D WindowManagerShell: setLauncherKeepClearAreaHeight: visible=false, height=527
07-27 05:15:46.247   576  1307 D CompatChangeReporter: Compat change id reported: 309578419; UID 10208; state: ENABLED
07-27 05:15:46.253   576   673 W IPCThreadState: Sending oneway calls to frozen process.
07-27 05:15:46.254  1436  1476 I AiAiEcho: Settings changed for uri: content://settings/secure/device_state_rotation_lock
07-27 05:15:46.257   431   431 I BpBinder: onLastStrongRef automatically unlinking death recipients: 
07-27 05:15:46.258  1436  1698 I AiAiEcho: Predicting[0]:  [CONTEXT sampling_count=5 ]
07-27 05:15:46.258  1436  1698 I AiAiEcho: EchoTargets: 
07-27 05:15:46.258  1436  1698 I AiAiEcho: Filtered by AiAi flag check: 
07-27 05:15:46.258  1436  1698 I AiAiEcho: [CONTEXT ratelimit_period="10 SECONDS" ]
07-27 05:15:46.262  1306  1306 I TopTaskTracker: onTaskMovedToFront: (moved taskInfo to front) taskId=77, baseIntent=Intent { act=android.intent.action.MAIN cat=[android.intent.category.LAUNCHER] flg=0x10200000 cmp=com.mediology.sinsinapp/.MainActivity }
07-27 05:15:46.264  1436  1698 I AiAiEcho: Ranked targets strategy: SORT, count: 0, ranking metadata:  [CONTEXT ratelimit_period="10 SECONDS" ]
07-27 05:15:46.264  1436  1698 I AiAiEcho: #remoteViewsTwiddler: feature disabled.
07-27 05:15:46.265  1436  1698 I AiAiEcho: Predicting[0]:  [CONTEXT sampling_count=5 ]
07-27 05:15:46.265  1436  1698 I AiAiEcho: EchoTargets: 
07-27 05:15:46.265  1436  1698 I AiAiEcho: Filtered by AiAi flag check: 
07-27 05:15:46.265  1436  1698 I AiAiEcho: [CONTEXT ratelimit_period="10 SECONDS" ]
07-27 05:15:46.265  1436  1698 I AiAiEcho: Ranked targets strategy: SORT, count: 0, ranking metadata:  [CONTEXT ratelimit_period="10 SECONDS" ]
07-27 05:15:46.265  1436  1698 I AiAiEcho: #remoteViewsTwiddler: feature disabled.
07-27 05:15:46.266  1436  1698 I AiAiEcho: Predicting[0]:  [CONTEXT sampling_count=5 ]
07-27 05:15:46.266  1436  1698 I AiAiEcho: EchoTargets: 
07-27 05:15:46.266  1436  1698 I AiAiEcho: Filtered by AiAi flag check: 
07-27 05:15:46.266  1436  1698 I AiAiEcho: [CONTEXT ratelimit_period="10 SECONDS" ]
07-27 05:15:46.266  1436  1698 I AiAiEcho: Ranked targets strategy: SORT, count: 0, ranking metadata:  [CONTEXT ratelimit_period="10 SECONDS" ]
07-27 05:15:46.268  1436  1698 I AiAiEcho: #remoteViewsTwiddler: feature disabled.
07-27 05:15:46.268  1436  1698 I AiAiEcho: #postPredictionTargets: Sending updates to UISurface media_data_manager with targets# 0 (types=[])
07-27 05:15:46.269  1436  1698 I AiAiEcho: #postPredictionTargets: Sending updates to UISurface lockscreen with targets# 0 (types=[])
07-27 05:15:46.270  1436  1698 I AiAiEcho: #postPredictionTargets: Sending updates to UISurface home with targets# 0 (types=[])
07-27 05:15:46.270  1306  1306 D SsBaseTemplateCard: No text view can be set up
07-27 05:15:46.271  1306  1306 D SsBaseTemplateCard: Passed-in item info is null
07-27 05:15:46.271  1306  1306 D SsBaseTemplateCard: Passed-in item info is null
07-27 05:15:46.271  1306  1306 D SsBaseTemplateCard: Passed-in item info is null
07-27 05:15:46.271  1306  1306 I SsBaseTemplateCard: Secondary card pane is null
07-27 05:15:46.287   380   457 I netd    : tetherGetStats() -> {[]} <0.46ms>
07-27 05:15:46.296   576   600 D OomAdjuster: Not killing cached processes
07-27 05:15:46.323   473   515 W IPCThreadState: Sending oneway calls to frozen process.
07-27 05:15:46.334   576   757 I AppWidgetServiceImpl: Received broadcast: android.intent.action.PACKAGE_UNSTOPPED on user 0
07-27 05:15:46.336   576   757 I AppWidgetServiceImpl: Updating package stopped masked state for uid 10208 package com.mediology.sinsinapp isStopped false
07-27 05:15:46.337  1306  1545 D EGL_emulation: app_time_stats: avg=316.69ms min=4.21ms max=2265.17ms count=8
07-27 05:15:46.347   381   381 I Zygote  : Entering forkRepeatedly native zygote loop
07-27 05:15:46.350   820   820 D SsMediaDataProvider: Forwarding Smartspace updates []
07-27 05:15:46.350   820   820 W PageIndicator: Total number of pages invalid: 0. Assuming 1 page.
07-27 05:15:46.366  4076  4076 I Monkey  : ## Network stats: elapsed time=170ms (0ms mobile, 0ms wifi, 170ms not connected)
07-27 05:15:46.367  4076  4076 I app_process: System.exit called, status: 0
07-27 05:15:46.367  4076  4076 I AndroidRuntime: VM exiting with result code 0.
07-27 05:15:46.372   820  1013 D SplashScreenView: Build android.window.SplashScreenView{10131b6 V.E...... ......ID 0,0-0,0}
07-27 05:15:46.372   820  1013 D SplashScreenView: Icon: view: android.widget.ImageView{36bceb7 V.ED..... ......I. 0,0-0,0 #1020504 android:id/splashscreen_icon_view} drawable: com.android.wm.shell.startingsurface.SplashscreenIconDrawableFactory$ImmobileIconDrawable@66cf624 size: 420
07-27 05:15:46.372   820  1013 D SplashScreenView: Branding: view: android.view.View{33bf58d G.ED..... ......I. 0,0-0,0 #1020503 android:id/splashscreen_branding_view} drawable: null size w: 0 h: 0
07-27 05:15:46.387   381   381 D Zygote  : Forked child process 4088
07-27 05:15:46.388   576   609 W ActivityManager: Slow operation: 142ms so far, now at startProcess: returned from zygote!
07-27 05:15:46.388   576   609 W ActivityManager: Slow operation: 142ms so far, now at startProcess: done updating battery stats
07-27 05:15:46.388   576   609 W ActivityManager: Slow operation: 142ms so far, now at startProcess: building log message
07-27 05:15:46.388   576   609 I ActivityManager: Start proc 4088:com.mediology.sinsinapp/u0a208 for next-top-activity {com.mediology.sinsinapp/com.mediology.sinsinapp.MainActivity}
07-27 05:15:46.388   576   609 W ActivityManager: Slow operation: 142ms so far, now at startProcess: starting to update pids map
07-27 05:15:46.388   576   609 W ActivityManager: Slow operation: 142ms so far, now at startProcess: done updating pids map
07-27 05:15:46.425  4088  4088 I ology.sinsinapp: Late-enabling -Xcheck:jni
07-27 05:15:46.455   820  1047 D EGL_emulation: app_time_stats: avg=1165.72ms min=5.43ms max=2326.02ms count=2
07-27 05:15:46.457   576  1032 D CoreBackPreview: Window{c02bd8 u0 Splash Screen com.mediology.sinsinapp}: Setting back callback OnBackInvokedCallbackInfo{mCallback=android.window.IOnBackInvokedCallback$Stub$Proxy@2b5a91c, mPriority=0, mIsAnimationCallback=false}
07-27 05:15:46.516  4088  4088 I ology.sinsinapp: Using CollectorTypeCMC GC.
07-27 05:15:46.574  4088  4088 D nativeloader: Load libframework-connectivity-tiramisu-jni.so using APEX ns com_android_tethering for caller /apex/com.android.tethering/javalib/framework-connectivity-t.jar: ok
07-27 05:15:46.600   443   486 I adbd    : jdwp connection from 4088
07-27 05:15:46.605   576   597 V WindowManager: Sent Transition (#20) createdAt=07-27 05:15:46.175 via request=TransitionRequestInfo { type = OPEN, triggerTask = TaskInfo{userId=0 taskId=77 displayId=0 isRunning=true baseIntent=Intent { act=android.intent.action.MAIN cat=[android.intent.category.LAUNCHER] flg=0x10200000 cmp=com.mediology.sinsinapp/.MainActivity } baseActivity=ComponentInfo{com.mediology.sinsinapp/com.mediology.sinsinapp.MainActivity} topActivity=ComponentInfo{com.mediology.sinsinapp/com.mediology.sinsinapp.MainActivity} origActivity=null realActivity=ComponentInfo{com.mediology.sinsinapp/com.mediology.sinsinapp.MainActivity} numActivities=1 lastActiveTime=339320 supportsMultiWindow=true resizeMode=1 isResizeable=true minWidth=-1 minHeight=-1 defaultMinSize=220 token=WCT{RemoteToken{c5148ab Task{8ae4643 #77 type=standard A=10208:com.mediology.sinsinapp}}} topActivityType=1 pictureInPictureParams=null shouldDockBigOverlays=false launchIntoPipHostTaskId=-1 lastParentTaskIdBeforePip=-1 displayCutoutSafeInsets=Rect(0, 132 - 0, 0) topActivityInfo=ActivityInfo{2023b08 com.mediology.sinsinapp.MainActivity} launchCookies=[] positionInParent=Point(0, 0) parentTaskId=-1 isFocused=false isVisible=false isVisibleRequested=false isSleeping=false locusId=null displayAreaFeatureId=1 isTopActivityTransparent=false appCompatTaskInfo=AppCompatTaskInfo { topActivityInSizeCompat=false topActivityEligibleForLetterboxEducation= falseisLetterboxEducationEnabled= true isLetterboxDoubleTapEnabled= false topActivityEligibleForUserAspectRatioButton= false topActivityBoundsLetterboxed= false isFromLetterboxDoubleTap= false topActivityLetterboxVerticalPosition= -1 topActivityLetterboxHorizontalPosition= -1 topActivityLetterboxWidth=1080 topActivityLetterboxHeight=2400 isUserFullscreenOverrideEnabled=false isSystemFullscreenOverrideEnabled=false cameraCompatTaskInfo=CameraCompatTaskInfo { cameraCompatControlState=hidden freeformCameraCompatMode=inactive}}}, pipTask = null, remoteTransition = null, displayChange = null, flags = 0, debugId = 20 }
07-27 05:15:46.605   576   597 V WindowManager:     startWCT=WindowContainerTransaction { changes = {} hops = [] errorCallbackToken=null taskFragmentOrganizer=null }
07-27 05:15:46.605   820   848 V WindowManagerShell: onTransitionReady(transaction=2473901163746)
07-27 05:15:46.609   820   893 V WindowManagerShell: onTransitionReady (#20) android.os.BinderProxy@a4095c5: {id=20 t=OPEN f=0x0 trk=0 r=[0@Point(0, 0)] c=[{WCT{android.window.IWindowContainerToken$Stub$Proxy@e86a5cb} m=OPEN f=NONE leash=Surface(name=Task=77)/@0x4a6e5bc sb=Rect(0, 0 - 1080, 2400) eb=Rect(0, 0 - 1080, 2400) d=0 taskParent=-1},{WCT{android.window.IWindowContainerToken$Stub$Proxy@bdaa1a8} m=TO_BACK f=SHOW_WALLPAPER leash=Surface(name=Task=1)/@0x774945 sb=Rect(0, 0 - 1080, 2400) eb=Rect(0, 0 - 1080, 2400) d=0 taskParent=-1}]}
07-27 05:15:46.610   820   893 V WindowManagerShell: Playing animation for (#20) android.os.BinderProxy@a4095c5@0
07-27 05:15:46.610   820   893 V WindowManagerShell:  try handler com.android.wm.shell.transition.DefaultMixedHandler@a891ec
07-27 05:15:46.610   820   893 V WindowManagerShell:  try handler com.android.wm.shell.keyguard.KeyguardTransitionHandler@cc439b5
07-27 05:15:46.610   820   893 V WindowManagerShell:  try handler com.android.wm.shell.pip.PipTransition@1fe84a
07-27 05:15:46.610   820   893 V WindowManagerShell:  try handler com.android.wm.shell.activityembedding.ActivityEmbeddingController@998a3bb
07-27 05:15:46.610   820   893 V WindowManagerShell:  try handler com.android.wm.shell.recents.RecentsTransitionHandler@582e0d8
07-27 05:15:46.610   820   893 V ShellRecents: RecentsTransitionHandler.startAnimation: no controller found
07-27 05:15:46.610   820   893 V WindowManagerShell:  try handler com.android.wm.shell.splitscreen.StageCoordinator@84bbc31
07-27 05:15:46.610   820   893 V WindowManagerShell:  try handler com.android.wm.shell.transition.RemoteTransitionHandler@a7c3f16
07-27 05:15:46.610   820   893 V WindowManagerShell: Transition doesn't have explicit remote, search filters for match for {id=20 t=OPEN f=0x0 trk=0 r=[0@Point(0, 0)] c=[{WCT{android.window.IWindowContainerToken$Stub$Proxy@e86a5cb} m=OPEN f=NONE leash=Surface(name=Task=77)/@0x4a6e5bc sb=Rect(0, 0 - 1080, 2400) eb=Rect(0, 0 - 1080, 2400) d=0 taskParent=-1},{WCT{android.window.IWindowContainerToken$Stub$Proxy@bdaa1a8} m=TO_BACK f=SHOW_WALLPAPER leash=Surface(name=Task=1)/@0x774945 sb=Rect(0, 0 - 1080, 2400) eb=Rect(0, 0 - 1080, 2400) d=0 taskParent=-1}]}
07-27 05:15:46.610   820   893 V WindowManagerShell:  Checking filter Pair{{types=[] flags=0x0] notFlags=0x0 checks=[{atype=undefined independent=true modes=[OPEN,TO_FRONT] flags=IN_TASK_WITH_EMBEDDED_ACTIVITY mustBeTask=false order=ANY topActivity=ComponentInfo{com.google.android.apps.nexuslauncher/com.google.android.apps.nexuslauncher.NexusLauncherActivity} launchCookie=null},{atype=undefined independent=true modes=[CLOSE,TO_BACK] flags=IN_TASK_WITH_EMBEDDED_ACTIVITY mustBeTask=false order=ANY topActivity=null launchCookie=null}]} RemoteTransition { remoteTransition = android.window.IRemoteTransition$Stub$Proxy@9a0cc36, appThread = android.app.IApplicationThread$Stub$Proxy@f739737, debugName = OverlaySwipeBack }}
07-27 05:15:46.610   820   893 V WindowManagerShell:  Checking filter Pair{{types=[] flags=0x0] notFlags=0x0 checks=[{atype=dream independent=true modes=[OPEN,TO_FRONT] flags=NONE mustBeTask=false order=ANY topActivity=null launchCookie=null},{atype=home independent=true modes=[CLOSE,TO_BACK] flags=NONE mustBeTask=false order=ANY topActivity=null launchCookie=null}]} RemoteTransition { remoteTransition = android.window.IRemoteTransition$Stub$Proxy@7d454a4, appThread = android.app.IApplicationThread$Stub$Proxy@20a320d, debugName = LauncherToDream }}
07-27 05:15:46.610   820   893 V WindowManagerShell:  Checking filter Pair{{types=[] flags=0x0] notFlags=0x100 checks=[{atype=home independent=true modes=[OPEN,TO_FRONT] flags=NONE mustBeTask=false order=TOP topActivity=ComponentInfo{com.google.android.apps.nexuslauncher/com.google.android.apps.nexuslauncher.NexusLauncherActivity} launchCookie=null},{atype=standard independent=true modes=[CLOSE,TO_BACK] flags=NONE mustBeTask=false order=ANY topActivity=null launchCookie=null}]} RemoteTransition { remoteTransition = android.window.IRemoteTransition$Stub$Proxy@ca575c2, appThread = android.app.IApplicationThread$Stub$Proxy@2606fd3, debugName = QuickstepLaunchHome }}
07-27 05:15:46.610   820   893 V WindowManagerShell:  Delegate animation for (#20) to null
07-27 05:15:46.610   820   893 V WindowManagerShell:  try handler com.android.wm.shell.transition.DefaultTransitionHandler@d1cc069
07-27 05:15:46.611   820   893 V WindowManagerShell: start default transition animation, info = {id=20 t=OPEN f=0x0 trk=0 r=[0@Point(0, 0)] c=[{WCT{android.window.IWindowContainerToken$Stub$Proxy@e86a5cb} m=OPEN f=NONE leash=Surface(name=Task=77)/@0x4a6e5bc sb=Rect(0, 0 - 1080, 2400) eb=Rect(0, 0 - 1080, 2400) d=0 taskParent=-1},{WCT{android.window.IWindowContainerToken$Stub$Proxy@bdaa1a8} m=TO_BACK f=SHOW_WALLPAPER leash=Surface(name=Task=1)/@0x774945 sb=Rect(0, 0 - 1080, 2400) eb=Rect(0, 0 - 1080, 2400) d=0 taskParent=-1}]}
07-27 05:15:46.615   820   893 V WindowManagerShell: loadAnimation: anim=android.view.animation.AnimationSet@2177466 animAttr=0x13 type=OPEN isEntrance=false
07-27 05:15:46.616   820   893 V WindowManagerShell: loadAnimation: anim=android.view.animation.AnimationSet@b1670f2 animAttr=0x12 type=OPEN isEntrance=true
07-27 05:15:46.621   820   893 V WindowManagerShell:  animated by com.android.wm.shell.transition.DefaultTransitionHandler@d1cc069
07-27 05:15:46.622   576  1307 W UserManagerService: Requested status bar icon for non-badged user 0
07-27 05:15:46.638   576   597 V WindowManager:     info={id=20 t=OPEN f=0x0 trk=0 r=[0@Point(0, 0)] c=[
07-27 05:15:46.638   576   597 V WindowManager:         {WCT{RemoteToken{c5148ab Task{8ae4643 #77 type=standard A=10208:com.mediology.sinsinapp}}} m=OPEN f=NONE leash=Surface(name=Task=77)/@0x887b925 sb=Rect(0, 0 - 1080, 2400) eb=Rect(0, 0 - 1080, 2400) d=0 taskParent=-1},
07-27 05:15:46.638   576   597 V WindowManager:         {WCT{RemoteToken{413c8b5 Task{fec3a03 #1 type=home}}} m=TO_BACK f=SHOW_WALLPAPER leash=Surface(name=Task=1)/@0xcb398cb sb=Rect(0, 0 - 1080, 2400) eb=Rect(0, 0 - 1080, 2400) d=0 taskParent=-1}
07-27 05:15:46.638   576   597 V WindowManager:     ]}
07-27 05:15:46.658   820   893 V WindowManagerShell: Transition animation finished (aborted=false), notifying core (#20) android.os.BinderProxy@a4095c5@0
07-27 05:15:46.778   820   893 V WindowManagerShell: Track 0 became idle
07-27 05:15:46.778   820   893 V WindowManagerShell: All active transition animations finished
07-27 05:15:46.778   820   893 W Looper  : Slow dispatch took 120ms wmshell.main h=android.os.Handler c=com.android.wm.shell.transition.DefaultTransitionHandler$$ExternalSyntheticLambda0@64f2c4a m=0
07-27 05:15:46.786   576   597 V WindowManager: Finish Transition (#20): created at 07-27 05:15:46.175 collect-started=0.118ms request-sent=13.296ms started=66.271ms ready=425.331ms sent=427.5ms finished=578.88ms
07-27 05:15:46.792  1306  1545 D EGL_emulation: app_time_stats: avg=1489.12ms min=304.79ms max=2673.44ms count=2
07-27 05:15:46.839  1306  1306 D VRI[NexusLauncherActivity]: visibilityChanged oldVisibility=true newVisibility=false
07-27 05:15:46.840   576  1032 W UserManagerService: Requested status bar icon for non-badged user 0
07-27 05:15:46.841   576  1032 W UserManagerService: Requested status bar icon for non-badged user 0
07-27 05:15:46.856  1306  1306 D NexusLauncherModelDelegate: notifySmartspaceEvent: SmartspaceTargetEvent{mSmartspaceTarget=null, mSmartspaceActionId='null', mEventType=7}
07-27 05:15:46.871  4088  4088 D ApplicationLoaders: Returning zygote-cached class loader: /system_ext/framework/androidx.window.extensions.jar
07-27 05:15:46.871  4088  4088 D ApplicationLoaders: Returning zygote-cached class loader: /system_ext/framework/androidx.window.sidecar.jar
07-27 05:15:46.883  4088  4088 W ziparchive: Unable to open '/data/app/~~T93ezTjbxBbsJRS8KOfcCA==/com.mediology.sinsinapp-3n8TehE9cPS1H3Ob-w8QRA==/base.dm': No such file or directory
07-27 05:15:46.884  4088  4088 W ziparchive: Unable to open '/data/app/~~T93ezTjbxBbsJRS8KOfcCA==/com.mediology.sinsinapp-3n8TehE9cPS1H3Ob-w8QRA==/base.dm': No such file or directory
07-27 05:15:47.306  4088  4088 D nativeloader: Configuring clns-7 for other apk /data/app/~~T93ezTjbxBbsJRS8KOfcCA==/com.mediology.sinsinapp-3n8TehE9cPS1H3Ob-w8QRA==/base.apk. target_sdk_version=35, uses_libraries=, library_path=/data/app/~~T93ezTjbxBbsJRS8KOfcCA==/com.mediology.sinsinapp-3n8TehE9cPS1H3Ob-w8QRA==/lib/arm64:/data/app/~~T93ezTjbxBbsJRS8KOfcCA==/com.mediology.sinsinapp-3n8TehE9cPS1H3Ob-w8QRA==/base.apk!/lib/arm64-v8a, permitted_path=/data:/mnt/expand:/data/user/0/com.mediology.sinsinapp
07-27 05:15:47.310  4088  4088 D CompatChangeReporter: Compat change id reported: 202956589; UID 10208; state: ENABLED
07-27 05:15:47.335  4088  4088 V GraphicsEnvironment: Currently set values for:
07-27 05:15:47.336  4088  4088 V GraphicsEnvironment:   angle_gl_driver_selection_pkgs=[]
07-27 05:15:47.336  4088  4088 V GraphicsEnvironment:   angle_gl_driver_selection_values=[]
07-27 05:15:47.337  4088  4088 V GraphicsEnvironment: Global.Settings values are invalid: number of packages: 0, number of values: 0
07-27 05:15:47.338  4088  4088 V GraphicsEnvironment: Neither updatable production driver nor prerelease driver is supported.
07-27 05:15:47.348  4088  4088 W FirebaseApp: Default FirebaseApp failed to initialize because no default options were found. This usually means that com.google.gms:google-services was not applied to your gradle project.
07-27 05:15:47.348  4088  4088 I FirebaseInitProvider: FirebaseApp initialization unsuccessful
07-27 05:15:47.358  4088  4088 D CompatChangeReporter: Compat change id reported: 312399441; UID 10208; state: ENABLED
07-27 05:15:47.373  4088  4088 D CompatChangeReporter: Compat change id reported: 279646685; UID 10208; state: ENABLED
07-27 05:15:47.382  4088  4088 W SoLoader: Initializing SoLoader: 0
07-27 05:15:47.384  4088  4088 W SoLoader: Recording new base apk path: /data/app/~~T93ezTjbxBbsJRS8KOfcCA==/com.mediology.sinsinapp-3n8TehE9cPS1H3Ob-w8QRA==/base.apk
07-27 05:15:47.384  4088  4088 W SoLoader: Previously recorded 0 base apk paths.
07-27 05:15:47.387  4088  4088 I SoLoader: Preparing SO source: DirectorySoSource[root = /vendor/lib64 flags = 2]
07-27 05:15:47.387  4088  4088 I SoLoader: Preparing SO source: DirectorySoSource[root = /system/lib64 flags = 2]
07-27 05:15:47.388  4088  4088 I SoLoader: Preparing SO source: DirectApkSoSource[root = [/data/app/~~T93ezTjbxBbsJRS8KOfcCA==/com.mediology.sinsinapp-3n8TehE9cPS1H3Ob-w8QRA==/base.apk!/lib/arm64-v8a]]
07-27 05:15:47.412  4088  4088 I SoLoader: Preparing SO source: ApplicationSoSource[DirectorySoSource[root = /data/app/~~T93ezTjbxBbsJRS8KOfcCA==/com.mediology.sinsinapp-3n8TehE9cPS1H3Ob-w8QRA==/lib/arm64 flags = 0]]
07-27 05:15:47.412  4088  4088 I SoLoader: init finish: 4 SO sources prepared
07-27 05:15:47.412  4088  4088 W SoLoader: SoLoader initialized: 8
07-27 05:15:47.429  4088  4088 D nativeloader: Load /data/app/~~T93ezTjbxBbsJRS8KOfcCA==/com.mediology.sinsinapp-3n8TehE9cPS1H3Ob-w8QRA==/base.apk!/lib/arm64-v8a/libc++_shared.so using ns clns-7 from class loader (caller=/data/app/~~T93ezTjbxBbsJRS8KOfcCA==/com.mediology.sinsinapp-3n8TehE9cPS1H3Ob-w8QRA==/base.apk!classes7.dex): ok
07-27 05:15:47.438  4088  4088 D nativeloader: Load /data/app/~~T93ezTjbxBbsJRS8KOfcCA==/com.mediology.sinsinapp-3n8TehE9cPS1H3Ob-w8QRA==/base.apk!/lib/arm64-v8a/libjsi.so using ns clns-7 from class loader (caller=/data/app/~~T93ezTjbxBbsJRS8KOfcCA==/com.mediology.sinsinapp-3n8TehE9cPS1H3Ob-w8QRA==/base.apk!classes7.dex): ok
07-27 05:15:47.444  4088  4088 D nativeloader: Load /data/app/~~T93ezTjbxBbsJRS8KOfcCA==/com.mediology.sinsinapp-3n8TehE9cPS1H3Ob-w8QRA==/base.apk!/lib/arm64-v8a/libfbjni.so using ns clns-7 from class loader (caller=/data/app/~~T93ezTjbxBbsJRS8KOfcCA==/com.mediology.sinsinapp-3n8TehE9cPS1H3Ob-w8QRA==/base.apk!classes7.dex): ok
07-27 05:15:47.471  4088  4088 D nativeloader: Load /data/app/~~T93ezTjbxBbsJRS8KOfcCA==/com.mediology.sinsinapp-3n8TehE9cPS1H3Ob-w8QRA==/base.apk!/lib/arm64-v8a/libreactnative.so using ns clns-7 from class loader (caller=/data/app/~~T93ezTjbxBbsJRS8KOfcCA==/com.mediology.sinsinapp-3n8TehE9cPS1H3Ob-w8QRA==/base.apk!classes7.dex): ok
07-27 05:15:47.472  4088  4088 D jni_lib_merge: Entering merged library JNI_OnLoad.
07-27 05:15:47.472  4088  4088 D jni_lib_merge: Preparing 12 pre-merged libs (including stub)
07-27 05:15:47.472  4088  4088 D jni_lib_merge: Preparing to register libfabricjni_so.  onload_func: 0x7b8a1d6a5c
07-27 05:15:47.472  4088  4088 D jni_lib_merge: Preparing to register libreact_devsupportjni_so.  onload_func: 0x7b8a3f3720
07-27 05:15:47.472  4088  4088 D jni_lib_merge: Preparing to register libreact_featureflagsjni_so.  onload_func: 0x7b8a405f88
07-27 05:15:47.472  4088  4088 D jni_lib_merge: Preparing to register libreact_newarchdefaults_so.  onload_func: 0x7b8a4ab320
07-27 05:15:47.472  4088  4088 D jni_lib_merge: Preparing to register libreactnativeblob_so.  onload_func: 0x7b8a6bd4c4
07-27 05:15:47.472  4088  4088 D jni_lib_merge: Preparing to register libreactnativejni_so.  onload_func: 0x7b8a700438
07-27 05:15:47.472  4088  4088 D jni_lib_merge: Preparing to register libreactnativejni_common_so.  onload_func: 0x7b8a710e2c
07-27 05:15:47.472  4088  4088 D jni_lib_merge: Preparing to register librninstance_so.  onload_func: 0x7b8a75ac58
07-27 05:15:47.472  4088  4088 D jni_lib_merge: Preparing to register libturbomodulejsijni_so.  onload_func: 0x7b8a8b7d60
07-27 05:15:47.472  4088  4088 D jni_lib_merge: Preparing to register libuimanagerjni_so.  onload_func: 0x7b8a8d0b00
07-27 05:15:47.472  4088  4088 D jni_lib_merge: Preparing to register libyoga_so.  onload_func: 0x7b8a8e0584
07-27 05:15:47.472  4088  4088 D jni_lib_merge: About to register 11 actual methods.
07-27 05:15:47.490  4088  4088 D nativeloader: Load /data/app/~~T93ezTjbxBbsJRS8KOfcCA==/com.mediology.sinsinapp-3n8TehE9cPS1H3Ob-w8QRA==/base.apk!/lib/arm64-v8a/libreact_codegen_rnscreens.so using ns clns-7 from class loader (caller=/data/app/~~T93ezTjbxBbsJRS8KOfcCA==/com.mediology.sinsinapp-3n8TehE9cPS1H3Ob-w8QRA==/base.apk!classes7.dex): ok
07-27 05:15:47.490  4088  4088 D jni_lib_merge: Entering merged library JNI_OnLoad.
07-27 05:15:47.490  4088  4088 D jni_lib_merge: Preparing 12 pre-merged libs (including stub)
07-27 05:15:47.490  4088  4088 D jni_lib_merge: Preparing to register libfabricjni_so.  onload_func: 0x7b8a1d6a5c
07-27 05:15:47.490  4088  4088 D jni_lib_merge: Preparing to register libreact_devsupportjni_so.  onload_func: 0x7b8a3f3720
07-27 05:15:47.490  4088  4088 D jni_lib_merge: Preparing to register libreact_featureflagsjni_so.  onload_func: 0x7b8a405f88
07-27 05:15:47.490  4088  4088 D jni_lib_merge: Preparing to register libreact_newarchdefaults_so.  onload_func: 0x7b8a4ab320
07-27 05:15:47.490  4088  4088 D jni_lib_merge: Preparing to register libreactnativeblob_so.  onload_func: 0x7b8a6bd4c4
07-27 05:15:47.490  4088  4088 D jni_lib_merge: Preparing to register libreactnativejni_so.  onload_func: 0x7b8a700438
07-27 05:15:47.490  4088  4088 D jni_lib_merge: Preparing to register libreactnativejni_common_so.  onload_func: 0x7b8a710e2c
07-27 05:15:47.490  4088  4088 D jni_lib_merge: Preparing to register librninstance_so.  onload_func: 0x7b8a75ac58
07-27 05:15:47.490  4088  4088 D jni_lib_merge: Preparing to register libturbomodulejsijni_so.  onload_func: 0x7b8a8b7d60
07-27 05:15:47.490  4088  4088 D jni_lib_merge: Preparing to register libuimanagerjni_so.  onload_func: 0x7b8a8d0b00
07-27 05:15:47.490  4088  4088 D jni_lib_merge: Preparing to register libyoga_so.  onload_func: 0x7b8a8e0584
07-27 05:15:47.490  4088  4088 D jni_lib_merge: About to register 11 actual methods.
07-27 05:15:47.498  4088  4088 D nativeloader: Load /data/app/~~T93ezTjbxBbsJRS8KOfcCA==/com.mediology.sinsinapp-3n8TehE9cPS1H3Ob-w8QRA==/base.apk!/lib/arm64-v8a/libreact_codegen_RNCSlider.so using ns clns-7 from class loader (caller=/data/app/~~T93ezTjbxBbsJRS8KOfcCA==/com.mediology.sinsinapp-3n8TehE9cPS1H3Ob-w8QRA==/base.apk!classes7.dex): ok
07-27 05:15:47.506  4088  4088 D nativeloader: Load /data/app/~~T93ezTjbxBbsJRS8KOfcCA==/com.mediology.sinsinapp-3n8TehE9cPS1H3Ob-w8QRA==/base.apk!/lib/arm64-v8a/libreact_codegen_rnsvg.so using ns clns-7 from class loader (caller=/data/app/~~T93ezTjbxBbsJRS8KOfcCA==/com.mediology.sinsinapp-3n8TehE9cPS1H3Ob-w8QRA==/base.apk!classes7.dex): ok
07-27 05:15:47.507  4088  4088 D jni_lib_merge: Entering merged library JNI_OnLoad.
07-27 05:15:47.507  4088  4088 D jni_lib_merge: Preparing 12 pre-merged libs (including stub)
07-27 05:15:47.507  4088  4088 D jni_lib_merge: Preparing to register libfabricjni_so.  onload_func: 0x7b8a1d6a5c
07-27 05:15:47.507  4088  4088 D jni_lib_merge: Preparing to register libreact_devsupportjni_so.  onload_func: 0x7b8a3f3720
07-27 05:15:47.507  4088  4088 D jni_lib_merge: Preparing to register libreact_featureflagsjni_so.  onload_func: 0x7b8a405f88
07-27 05:15:47.507  4088  4088 D jni_lib_merge: Preparing to register libreact_newarchdefaults_so.  onload_func: 0x7b8a4ab320
07-27 05:15:47.507  4088  4088 D jni_lib_merge: Preparing to register libreactnativeblob_so.  onload_func: 0x7b8a6bd4c4
07-27 05:15:47.507  4088  4088 D jni_lib_merge: Preparing to register libreactnativejni_so.  onload_func: 0x7b8a700438
07-27 05:15:47.507  4088  4088 D jni_lib_merge: Preparing to register libreactnativejni_common_so.  onload_func: 0x7b8a710e2c
07-27 05:15:47.507  4088  4088 D jni_lib_merge: Preparing to register librninstance_so.  onload_func: 0x7b8a75ac58
07-27 05:15:47.507  4088  4088 D jni_lib_merge: Preparing to register libturbomodulejsijni_so.  onload_func: 0x7b8a8b7d60
07-27 05:15:47.507  4088  4088 D jni_lib_merge: Preparing to register libuimanagerjni_so.  onload_func: 0x7b8a8d0b00
07-27 05:15:47.507  4088  4088 D jni_lib_merge: Preparing to register libyoga_so.  onload_func: 0x7b8a8e0584
07-27 05:15:47.507  4088  4088 D jni_lib_merge: About to register 11 actual methods.
07-27 05:15:47.512  4088  4088 D nativeloader: Load /data/app/~~T93ezTjbxBbsJRS8KOfcCA==/com.mediology.sinsinapp-3n8TehE9cPS1H3Ob-w8QRA==/base.apk!/lib/arm64-v8a/libreact_codegen_RNKC.so using ns clns-7 from class loader (caller=/data/app/~~T93ezTjbxBbsJRS8KOfcCA==/com.mediology.sinsinapp-3n8TehE9cPS1H3Ob-w8QRA==/base.apk!classes7.dex): ok
07-27 05:15:47.512  4088  4088 D jni_lib_merge: Entering merged library JNI_OnLoad.
07-27 05:15:47.512  4088  4088 D jni_lib_merge: Preparing 12 pre-merged libs (including stub)
07-27 05:15:47.512  4088  4088 D jni_lib_merge: Preparing to register libfabricjni_so.  onload_func: 0x7b8a1d6a5c
07-27 05:15:47.512  4088  4088 D jni_lib_merge: Preparing to register libreact_devsupportjni_so.  onload_func: 0x7b8a3f3720
07-27 05:15:47.512  4088  4088 D jni_lib_merge: Preparing to register libreact_featureflagsjni_so.  onload_func: 0x7b8a405f88
07-27 05:15:47.512  4088  4088 D jni_lib_merge: Preparing to register libreact_newarchdefaults_so.  onload_func: 0x7b8a4ab320
07-27 05:15:47.512  4088  4088 D jni_lib_merge: Preparing to register libreactnativeblob_so.  onload_func: 0x7b8a6bd4c4
07-27 05:15:47.512  4088  4088 D jni_lib_merge: Preparing to register libreactnativejni_so.  onload_func: 0x7b8a700438
07-27 05:15:47.512  4088  4088 D jni_lib_merge: Preparing to register libreactnativejni_common_so.  onload_func: 0x7b8a710e2c
07-27 05:15:47.512  4088  4088 D jni_lib_merge: Preparing to register librninstance_so.  onload_func: 0x7b8a75ac58
07-27 05:15:47.512  4088  4088 D jni_lib_merge: Preparing to register libturbomodulejsijni_so.  onload_func: 0x7b8a8b7d60
07-27 05:15:47.512  4088  4088 D jni_lib_merge: Preparing to register libuimanagerjni_so.  onload_func: 0x7b8a8d0b00
07-27 05:15:47.512  4088  4088 D jni_lib_merge: Preparing to register libyoga_so.  onload_func: 0x7b8a8e0584
07-27 05:15:47.512  4088  4088 D jni_lib_merge: About to register 11 actual methods.
07-27 05:15:47.515  4088  4088 D nativeloader: Load /data/app/~~T93ezTjbxBbsJRS8KOfcCA==/com.mediology.sinsinapp-3n8TehE9cPS1H3Ob-w8QRA==/base.apk!/lib/arm64-v8a/libreact_codegen_safeareacontext.so using ns clns-7 from class loader (caller=/data/app/~~T93ezTjbxBbsJRS8KOfcCA==/com.mediology.sinsinapp-3n8TehE9cPS1H3Ob-w8QRA==/base.apk!classes7.dex): ok
07-27 05:15:47.517  4088  4088 D nativeloader: Load /data/app/~~T93ezTjbxBbsJRS8KOfcCA==/com.mediology.sinsinapp-3n8TehE9cPS1H3Ob-w8QRA==/base.apk!/lib/arm64-v8a/libreact_codegen_TeleportViewSpec.so using ns clns-7 from class loader (caller=/data/app/~~T93ezTjbxBbsJRS8KOfcCA==/com.mediology.sinsinapp-3n8TehE9cPS1H3Ob-w8QRA==/base.apk!classes7.dex): ok
07-27 05:15:47.517  4088  4088 D jni_lib_merge: Entering merged library JNI_OnLoad.
07-27 05:15:47.517  4088  4088 D jni_lib_merge: Preparing 12 pre-merged libs (including stub)
07-27 05:15:47.517  4088  4088 D jni_lib_merge: Preparing to register libfabricjni_so.  onload_func: 0x7b8a1d6a5c
07-27 05:15:47.517  4088  4088 D jni_lib_merge: Preparing to register libreact_devsupportjni_so.  onload_func: 0x7b8a3f3720
07-27 05:15:47.517  4088  4088 D jni_lib_merge: Preparing to register libreact_featureflagsjni_so.  onload_func: 0x7b8a405f88
07-27 05:15:47.517  4088  4088 D jni_lib_merge: Preparing to register libreact_newarchdefaults_so.  onload_func: 0x7b8a4ab320
07-27 05:15:47.517  4088  4088 D jni_lib_merge: Preparing to register libreactnativeblob_so.  onload_func: 0x7b8a6bd4c4
07-27 05:15:47.517  4088  4088 D jni_lib_merge: Preparing to register libreactnativejni_so.  onload_func: 0x7b8a700438
07-27 05:15:47.517  4088  4088 D jni_lib_merge: Preparing to register libreactnativejni_common_so.  onload_func: 0x7b8a710e2c
07-27 05:15:47.517  4088  4088 D jni_lib_merge: Preparing to register librninstance_so.  onload_func: 0x7b8a75ac58
07-27 05:15:47.517  4088  4088 D jni_lib_merge: Preparing to register libturbomodulejsijni_so.  onload_func: 0x7b8a8b7d60
07-27 05:15:47.517  4088  4088 D jni_lib_merge: Preparing to register libuimanagerjni_so.  onload_func: 0x7b8a8d0b00
07-27 05:15:47.517  4088  4088 D jni_lib_merge: Preparing to register libyoga_so.  onload_func: 0x7b8a8e0584
07-27 05:15:47.517  4088  4088 D jni_lib_merge: About to register 11 actual methods.
07-27 05:15:47.528  4088  4088 D nativeloader: Load /data/app/~~T93ezTjbxBbsJRS8KOfcCA==/com.mediology.sinsinapp-3n8TehE9cPS1H3Ob-w8QRA==/base.apk!/lib/arm64-v8a/libappmodules.so using ns clns-7 from class loader (caller=/data/app/~~T93ezTjbxBbsJRS8KOfcCA==/com.mediology.sinsinapp-3n8TehE9cPS1H3Ob-w8QRA==/base.apk!classes7.dex): ok
07-27 05:15:47.610  4088  4088 E DevLauncherController: Failed to hide splash screen
07-27 05:15:47.610  4088  4088 E DevLauncherController: java.lang.ClassNotFoundException: expo.modules.splashscreen.SplashScreenManager
07-27 05:15:47.610  4088  4088 E DevLauncherController: 	at java.lang.Class.classForName(Native Method)
07-27 05:15:47.610  4088  4088 E DevLauncherController: 	at java.lang.Class.forName(Class.java:607)
07-27 05:15:47.610  4088  4088 E DevLauncherController: 	at java.lang.Class.forName(Class.java:512)
07-27 05:15:47.610  4088  4088 E DevLauncherController: 	at expo.modules.devlauncher.DevLauncherController$Companion.initialize$expo_dev_launcher_debug(DevLauncherController.kt:412)
07-27 05:15:47.610  4088  4088 E DevLauncherController: 	at expo.modules.devlauncher.DevLauncherController$Companion.initialize(DevLauncherController.kt:450)
07-27 05:15:47.610  4088  4088 E DevLauncherController: 	at expo.modules.devlauncher.DevLauncherController$Companion.initialize$default(DevLauncherController.kt:443)
07-27 05:15:47.610  4088  4088 E DevLauncherController: 	at expo.modules.devlauncher.DevLauncherPackageDelegate$createApplicationLifecycleListeners$1.onCreate(DevLauncherPackageDelegate.kt:40)
07-27 05:15:47.610  4088  4088 E DevLauncherController: 	at expo.modules.ApplicationLifecycleDispatcher.onApplicationCreate(ApplicationLifecycleDispatcher.kt:20)
07-27 05:15:47.610  4088  4088 E DevLauncherController: 	at com.mediology.sinsinapp.MainApplication.onCreate(MainApplication.kt:38)
07-27 05:15:47.610  4088  4088 E DevLauncherController: 	at android.app.Instrumentation.callApplicationOnCreate(Instrumentation.java:1386)
07-27 05:15:47.610  4088  4088 E DevLauncherController: 	at android.app.ActivityThread.handleBindApplication(ActivityThread.java:7504)
07-27 05:15:47.610  4088  4088 E DevLauncherController: 	at android.app.ActivityThread.-$$Nest$mhandleBindApplication(Unknown Source:0)
07-27 05:15:47.610  4088  4088 E DevLauncherController: 	at android.app.ActivityThread$H.handleMessage(ActivityThread.java:2416)
07-27 05:15:47.610  4088  4088 E DevLauncherController: 	at android.os.Handler.dispatchMessage(Handler.java:107)
07-27 05:15:47.610  4088  4088 E DevLauncherController: 	at android.os.Looper.loopOnce(Looper.java:232)
07-27 05:15:47.610  4088  4088 E DevLauncherController: 	at android.os.Looper.loop(Looper.java:317)
07-27 05:15:47.610  4088  4088 E DevLauncherController: 	at android.app.ActivityThread.main(ActivityThread.java:8705)
07-27 05:15:47.610  4088  4088 E DevLauncherController: 	at java.lang.reflect.Method.invoke(Native Method)
07-27 05:15:47.610  4088  4088 E DevLauncherController: 	at com.android.internal.os.RuntimeInit$MethodAndArgsCaller.run(RuntimeInit.java:580)
07-27 05:15:47.610  4088  4088 E DevLauncherController: 	at com.android.internal.os.ZygoteInit.main(ZygoteInit.java:886)
07-27 05:15:47.610  4088  4088 E DevLauncherController: Caused by: java.lang.ClassNotFoundException: Didn't find class "expo.modules.splashscreen.SplashScreenManager" on path: DexPathList[[zip file "/data/app/~~T93ezTjbxBbsJRS8KOfcCA==/com.mediology.sinsinapp-3n8TehE9cPS1H3Ob-w8QRA==/base.apk"],nativeLibraryDirectories=[/data/app/~~T93ezTjbxBbsJRS8KOfcCA==/com.mediology.sinsinapp-3n8TehE9cPS1H3Ob-w8QRA==/lib/arm64, /data/app/~~T93ezTjbxBbsJRS8KOfcCA==/com.mediology.sinsinapp-3n8TehE9cPS1H3Ob-w8QRA==/base.apk!/lib/arm64-v8a, /system/lib64, /system_ext/lib64]]
07-27 05:15:47.610  4088  4088 E DevLauncherController: 	at dalvik.system.BaseDexClassLoader.findClass(BaseDexClassLoader.java:259)
07-27 05:15:47.610  4088  4088 E DevLauncherController: 	at java.lang.ClassLoader.loadClass(ClassLoader.java:637)
07-27 05:15:47.610  4088  4088 E DevLauncherController: 	at java.lang.ClassLoader.loadClass(ClassLoader.java:573)
07-27 05:15:47.610  4088  4088 E DevLauncherController: 	... 20 more
07-27 05:15:47.632  4088  4108 D TrafficStats: tagSocket(87) with statsTag=0xffffffff, statsUid=-1
07-27 05:15:47.655   576  1032 W OptProp : Cannot read opt property android.window.PROPERTY_COMPAT_ENABLE_FAKE_FOCUS
07-27 05:15:47.655   576  1032 D CompatChangeReporter: Compat change id reported: 324203798; UID 10208; state: ENABLED
07-27 05:15:47.683   576  1032 I BroadcastQueue: BOOT_COMPLETED_BROADCAST_COMPLETION_LATENCY_REPORTED action:android.intent.action.BOOT_COMPLETED dispatchLatency:11 completeLatency:917 dispatchRealLatency:11 completeRealLatency:917 receiversSize:1 userId:0 userType:android.os.usertype.full.SYSTEM
07-27 05:15:47.701  4088  4088 D AppCompatDelegate: Checking for metadata for AppLocalesMetadataHolderService : Service not found
07-27 05:15:47.723  4088  4088 W ology.sinsinapp: Accessing hidden field Ljava/lang/reflect/Field;->accessFlags:I (unsupported, reflection, allowed)
07-27 05:15:47.731  4088  4088 D CompatChangeReporter: Compat change id reported: 309578419; UID 10208; state: ENABLED
07-27 05:15:47.744  4088  4088 W ology.sinsinapp: Accessing hidden method Landroid/view/ViewGroup;->makeOptionalFitsSystemWindows()V (unsupported, reflection, allowed)
07-27 05:15:47.764  4088  4119 D TrafficStats: tagSocket(100) with statsTag=0xffffffff, statsUid=-1
07-27 05:15:47.775  4088  4088 W HWUI    : Unknown dataspace 0
07-27 05:15:47.814   576  1032 D CoreBackPreview: Window{d04b4e u0 com.mediology.sinsinapp/com.mediology.sinsinapp.MainActivity}: Setting back callback OnBackInvokedCallbackInfo{mCallback=android.window.IOnBackInvokedCallback$Stub$Proxy@9f3e57c, mPriority=0, mIsAnimationCallback=false}
07-27 05:15:47.821  4088  4115 I EGL_emulation: Opening libGLESv1_CM_emulation.so
07-27 05:15:47.822  4088  4115 I EGL_emulation: Opening libGLESv2_emulation.so
07-27 05:15:47.851  4088  4115 W HWUI    : Failed to choose config with EGL_SWAP_BEHAVIOR_PRESERVED, retrying without...
07-27 05:15:47.851  4088  4115 W HWUI    : Failed to initialize 101010-2 format, error = EGL_SUCCESS
07-27 05:15:47.910   576  1500 E TaskPersister: File error accessing recents directory (directory doesn't exist?).
07-27 05:15:47.914   158   158 I hwservicemanager: getTransport: Cannot find entry android.hardware.graphics.mapper@4.0::IMapper/default in either framework or device VINTF manifest.
07-27 05:15:47.914  4088  4115 I Gralloc4: mapper 4.x is not supported
07-27 05:15:47.918   157   157 I servicemanager: Caller(pid=4088,uid=10208,sid=u:r:untrusted_app:s0:c208,c256,c512,c768) Could not find android.hardware.graphics.allocator.IAllocator/default in the VINTF manifest. No alternative instances declared in VINTF.
07-27 05:15:47.936   576   597 W ziparchive: Unable to open '/data/app/~~T93ezTjbxBbsJRS8KOfcCA==/com.mediology.sinsinapp-3n8TehE9cPS1H3Ob-w8QRA==/base.dm': No such file or directory
07-27 05:15:47.937   576   597 I ActivityTaskManager: Displayed com.mediology.sinsinapp/.MainActivity for user 0: +1s767ms
07-27 05:15:47.949   473   515 W IPCThreadState: Sending oneway calls to frozen process.
07-27 05:15:47.980   820  1011 W WindowOnBackDispatcher: sendCancelIfRunning: isInProgress=false callback=android.view.ViewRootImpl$$ExternalSyntheticLambda11@6649f53
07-27 05:15:47.982   576   593 W InputManager-JNI: Input channel object 'c02bd8 Splash Screen com.mediology.sinsinapp (client)' was disposed without first being removed with the input manager!
07-27 05:15:47.982   576  1307 W WindowManager: Failed looking up window session=Session{8e4f6eb 820:u0a10179} callers=com.android.server.wm.WindowManagerService.windowForClientLocked:6311 com.android.server.wm.Session.setOnBackInvokedCallbackInfo:1020 android.view.IWindowSession$Stub.onTransact:1199 
07-27 05:15:47.982   576  1307 I WindowManager: setOnBackInvokedCallback(): No window state for package:com.android.systemui
07-27 05:15:47.983   576  2013 W OptProp : Cannot read opt property android.window.PROPERTY_COMPAT_ALLOW_USER_ASPECT_RATIO_OVERRIDE
07-27 05:15:47.983   576  2013 W OptProp : Cannot read opt property android.window.PROPERTY_COMPAT_ALLOW_USER_ASPECT_RATIO_FULLSCREEN_OVERRIDE
07-27 05:15:47.983   576  2013 W OptProp : Cannot read opt property android.window.PROPERTY_COMPAT_ALLOW_ORIENTATION_OVERRIDE
07-27 05:15:47.984   576  2013 V GrammaticalInflectionUtils: AttributionSource: AttributionSource { uid = 10208, packageName = null, attributionTag = null, token = android.os.Binder@1c6eaf0, deviceId = 0, next = null } does not have READ_SYSTEM_GRAMMATICAL_GENDER permission.
07-27 05:15:47.987   576  2013 W OptProp : Cannot read opt property android.window.PROPERTY_COMPAT_ALLOW_RESIZEABLE_ACTIVITY_OVERRIDES
07-27 05:15:47.987   576  2013 W OptProp : Cannot read opt property android.window.PROPERTY_COMPAT_ALLOW_MIN_ASPECT_RATIO_OVERRIDE
07-27 05:15:47.990   380   457 I netd    : tetherGetStats() -> {[]} <1.20ms>
07-27 05:15:48.000   576  2013 V SplashScreenExceptionList: SplashScreen checking exception for package com.mediology.sinsinapp (target sdk:35) -> false
07-27 05:15:48.002   820   893 V WindowManagerShell: Transition requested (#21): android.os.BinderProxy@b86f497 TransitionRequestInfo { type = OPEN, triggerTask = TaskInfo{userId=0 taskId=77 displayId=0 isRunning=true baseIntent=Intent { act=android.intent.action.MAIN cat=[android.intent.category.LAUNCHER] flg=0x10200000 cmp=com.mediology.sinsinapp/.MainActivity } baseActivity=ComponentInfo{com.mediology.sinsinapp/com.mediology.sinsinapp.MainActivity} topActivity=ComponentInfo{com.mediology.sinsinapp/com.mediology.sinsinapp.MainActivity} origActivity=null realActivity=ComponentInfo{com.mediology.sinsinapp/com.mediology.sinsinapp.MainActivity} numActivities=1 lastActiveTime=341127 supportsMultiWindow=true resizeMode=1 isResizeable=true minWidth=-1 minHeight=-1 defaultMinSize=220 token=WCT{android.window.IWindowContainerToken$Stub$Proxy@ac65684} topActivityType=1 pictureInPictureParams=null shouldDockBigOverlays=false launchIntoPipHostTaskId=-1 lastParentTaskIdBeforePip=-1 displayCutoutSafeInsets=Rect(0, 132 - 0, 0) topActivityInfo=ActivityInfo{2e73e6d com.mediology.sinsinapp.MainActivity} launchCookies=[] positionInParent=Point(0, 0) parentTaskId=-1 isFocused=true isVisible=true isVisibleRequested=false isSleeping=false locusId=null displayAreaFeatureId=1 isTopActivityTransparent=false appCompatTaskInfo=AppCompatTaskInfo { topActivityInSizeCompat=false topActivityEligibleForLetterboxEducation= falseisLetterboxEducationEnabled= true isLetterboxDoubleTapEnabled= false topActivityEligibleForUserAspectRatioButton= false topActivityBoundsLetterboxed= false isFromLetterboxDoubleTap= false topActivityLetterboxVerticalPosition= -1 topActivityLetterboxHorizontalPosition= -1 topActivityLetterboxWidth=1080 topActivityLetterboxHeight=2400 isUserFullscreenOverrideEnabled=false isSystemFullscreenOverrideEnabled=false cameraCompatTaskInfo=CameraCompatTaskInfo { cameraCompatControlState=hidden freeformCameraCompatMode=inactive}}}, pipTask = null, remoteTransition = null, displayChange = null, flags = 0, debugId = 21 }
07-27 05:15:48.004  4088  4129 D TrafficStats: tagSocket(115) with statsTag=0xffffffff, statsUid=-1
07-27 05:15:48.006   576  2013 I ActivityTaskManager: START u0 {flg=0x10018000 cmp=com.mediology.sinsinapp/.MainActivity} with LAUNCH_SINGLE_TASK from uid 10208 (BAL_ALLOW_VISIBLE_WINDOW) result code=0
07-27 05:15:48.015  1306  1306 D BaseDepthController: setSurface:
07-27 05:15:48.015  1306  1306 D BaseDepthController: 	mWaitingOnSurfaceValidity: false
07-27 05:15:48.015  1306  1306 D BaseDepthController: 	mSurface: null
07-27 05:15:48.015  1306  1306 D BaseDepthController: mSurface is null and mCurrentBlur is: 0
07-27 05:15:48.032   576  1032 W OptProp : Cannot read opt property android.window.PROPERTY_COMPAT_ENABLE_FAKE_FOCUS
07-27 05:15:48.033   431   431 I BpBinder: onLastStrongRef automatically unlinking death recipients: 
07-27 05:15:48.034  1306  1306 D StateManager: goToState - fromState: Normal, toState: Normal, partial trace:
07-27 05:15:48.034  1306  1306 D StateManager: 	at com.android.launcher3.statemanager.StateManager.moveToRestState(go/retraceme 31f9979659277bb965985aff1272c33e3c3c9e755b77166d20a2465454178f2c:4)
07-27 05:15:48.034  1306  1306 D StateManager: 	at com.android.launcher3.statemanager.StateManager.moveToRestState(go/retraceme 31f9979659277bb965985aff1272c33e3c3c9e755b77166d20a2465454178f2c:1)
07-27 05:15:48.034  1306  1306 D StateManager: 	at com.android.launcher3.statemanager.StatefulActivity.onStop(go/retraceme 31f9979659277bb965985aff1272c33e3c3c9e755b77166d20a2465454178f2c:34)
07-27 05:15:48.034  1306  1306 D StatsLog: LAUNCHER_ONSTOP
07-27 05:15:48.045   576  2013 I AppWidgetServiceImpl: setAppWidgetHidden() 0
07-27 05:15:48.046  1306  1306 D StatsLog: LAUNCHER_GOOGLE_SEARCH_RESTORE_LIST_SIZE_AFTER_ACTIVITY_RESTART
07-27 05:15:48.052   820  1013 D SplashScreenView: Build android.window.SplashScreenView{19456f0 V.E...... ......ID 0,0-0,0}
07-27 05:15:48.052   820  1013 D SplashScreenView: Icon: view: null drawable: null size: 0
07-27 05:15:48.052   820  1013 D SplashScreenView: Branding: view: android.view.View{c465469 G.ED..... ......I. 0,0-0,0 #1020503 android:id/splashscreen_branding_view} drawable: null size w: 0 h: 0
07-27 05:15:48.056  1306  1740 D OneSearchSuggestProvider: Shut down the binder channel
07-27 05:15:48.059  1306  2258 I IPCThreadState: oneway function results for code 2 on binder at 0xb400007cc30dc330 will be dropped but finished with status UNKNOWN_TRANSACTION
07-27 05:15:48.086  4088  4134 D TrafficStats: tagSocket(87) with statsTag=0xffffffff, statsUid=-1
07-27 05:15:48.095   820  1047 D EGL_emulation: app_time_stats: avg=531.07ms min=16.02ms max=1276.42ms count=3
07-27 05:15:48.137  4088  4088 D CompatChangeReporter: Compat change id reported: 291868760; UID 10208; state: ENABLED
07-27 05:15:48.148   576  1032 D CoreBackPreview: Window{389bab0 u0 Splash Screen com.mediology.sinsinapp}: Setting back callback OnBackInvokedCallbackInfo{mCallback=android.window.IOnBackInvokedCallback$Stub$Proxy@50788ae, mPriority=0, mIsAnimationCallback=false}
07-27 05:15:48.148   473   515 W IPCThreadState: Sending oneway calls to frozen process.
07-27 05:15:48.167  4088  4088 W unknown:BridgelessReact: ReactHost{0}.startSurface(surfaceId = 0): Schedule
07-27 05:15:48.167  4088  4088 W unknown:BridgelessReact: ReactHost{0}.attachSurface(surfaceId = 0)
07-27 05:15:48.173   820   848 V WindowManagerShell: onTransitionReady(transaction=2473901163784)
07-27 05:15:48.173   576   597 V WindowManager: Sent Transition (#21) createdAt=07-27 05:15:47.987 via request=TransitionRequestInfo { type = OPEN, triggerTask = TaskInfo{userId=0 taskId=77 displayId=0 isRunning=true baseIntent=Intent { act=android.intent.action.MAIN cat=[android.intent.category.LAUNCHER] flg=0x10200000 cmp=com.mediology.sinsinapp/.MainActivity } baseActivity=ComponentInfo{com.mediology.sinsinapp/com.mediology.sinsinapp.MainActivity} topActivity=ComponentInfo{com.mediology.sinsinapp/com.mediology.sinsinapp.MainActivity} origActivity=null realActivity=ComponentInfo{com.mediology.sinsinapp/com.mediology.sinsinapp.MainActivity} numActivities=1 lastActiveTime=341127 supportsMultiWindow=true resizeMode=1 isResizeable=true minWidth=-1 minHeight=-1 defaultMinSize=220 token=WCT{RemoteToken{c5148ab Task{8ae4643 #77 type=standard A=10208:com.mediology.sinsinapp}}} topActivityType=1 pictureInPictureParams=null shouldDockBigOverlays=false launchIntoPipHostTaskId=-1 lastParentTaskIdBeforePip=-1 displayCutoutSafeInsets=Rect(0, 132 - 0, 0) topActivityInfo=ActivityInfo{c781ba com.mediology.sinsinapp.MainActivity} launchCookies=[] positionInParent=Point(0, 0) parentTaskId=-1 isFocused=true isVisible=true isVisibleRequested=false isSleeping=false locusId=null displayAreaFeatureId=1 isTopActivityTransparent=false appCompatTaskInfo=AppCompatTaskInfo { topActivityInSizeCompat=false topActivityEligibleForLetterboxEducation= falseisLetterboxEducationEnabled= true isLetterboxDoubleTapEnabled= false topActivityEligibleForUserAspectRatioButton= false topActivityBoundsLetterboxed= false isFromLetterboxDoubleTap= false topActivityLetterboxVerticalPosition= -1 topActivityLetterboxHorizontalPosition= -1 topActivityLetterboxWidth=1080 topActivityLetterboxHeight=2400 isUserFullscreenOverrideEnabled=false isSystemFullscreenOverrideEnabled=false cameraCompatTaskInfo=CameraCompatTaskInfo { cameraCompatControlState=hidden freeformCameraCompatMode=inactive}}}, pipTask = null, remoteTransition = null, displayChange = null, flags = 0, debugId = 21 }
07-27 05:15:48.174   576   597 V WindowManager:     startWCT=WindowContainerTransaction { changes = {} hops = [] errorCallbackToken=null taskFragmentOrganizer=null }
07-27 05:15:48.174   576   597 V WindowManager:     info={id=21 t=OPEN f=0x0 trk=0 r=[0@Point(0, 0)] c=[
07-27 05:15:48.174   576   597 V WindowManager:         {null m=OPEN f=FILLS_TASK|IS_BEHIND_STARTING_WINDOW|NO_ANIMATION leash=Surface(name=ActivityRecord{7ceb4d6 u0 com.mediology.sinsinapp/.MainActivity)/@0x647d1dc sb=Rect(0, 0 - 0, 0) eb=Rect(0, 0 - 1080, 2400) d=-1->0 r=-1->0:-1 bc=fffafafa component=com.mediology.sinsinapp/.MainActivity},
07-27 05:15:48.174   576   597 V WindowManager:         {null m=CLOSE f=FILLS_TASK|IS_BEHIND_STARTING_WINDOW leash=Surface(name=ActivityRecord{423dff2 u0 com.mediology.sinsinapp/.MainActivity)/@0x46e664f sb=Rect(0, 0 - 1080, 2400) eb=Rect(0, 0 - 1080, 2400) d=0 bc=fffafafa component=com.mediology.sinsinapp/.MainActivity}
07-27 05:15:48.174   576   597 V WindowManager:     ]}
07-27 05:15:48.174   820   893 V WindowManagerShell: onTransitionReady (#21) android.os.BinderProxy@b86f497: {id=21 t=OPEN f=0x0 trk=0 r=[0@Point(0, 0)] c=[{null m=OPEN f=FILLS_TASK|IS_BEHIND_STARTING_WINDOW|NO_ANIMATION leash=Surface(name=ActivityRecord{7ceb4d6 u0 com.mediology.sinsinapp/.MainActivity)/@0xb5b27a1 sb=Rect(0, 0 - 0, 0) eb=Rect(0, 0 - 1080, 2400) d=-1->0 r=-1->0:-1 bc=fffafafa component=com.mediology.sinsinapp/.MainActivity},{null m=CLOSE f=FILLS_TASK|IS_BEHIND_STARTING_WINDOW leash=Surface(name=ActivityRecord{423dff2 u0 com.mediology.sinsinapp/.MainActivity)/@0x3691dc6 sb=Rect(0, 0 - 1080, 2400) eb=Rect(0, 0 - 1080, 2400) d=0 bc=fffafafa component=com.mediology.sinsinapp/.MainActivity}]}
07-27 05:15:48.175   820   893 V WindowManagerShell: Playing animation for (#21) android.os.BinderProxy@b86f497@0
07-27 05:15:48.175   820   893 V WindowManagerShell:  try handler com.android.wm.shell.transition.DefaultMixedHandler@a891ec
07-27 05:15:48.175   820   893 V WindowManagerShell:  try handler com.android.wm.shell.keyguard.KeyguardTransitionHandler@cc439b5
07-27 05:15:48.175   820   893 V WindowManagerShell:  try handler com.android.wm.shell.pip.PipTransition@1fe84a
07-27 05:15:48.175   820   893 V WindowManagerShell:  try handler com.android.wm.shell.activityembedding.ActivityEmbeddingController@998a3bb
07-27 05:15:48.176   820   893 V WindowManagerShell:  try handler com.android.wm.shell.recents.RecentsTransitionHandler@582e0d8
07-27 05:15:48.176   820   893 V ShellRecents: RecentsTransitionHandler.startAnimation: no controller found
07-27 05:15:48.176   820   893 V WindowManagerShell:  try handler com.android.wm.shell.splitscreen.StageCoordinator@84bbc31
07-27 05:15:48.176   820   893 V WindowManagerShell:  try handler com.android.wm.shell.transition.RemoteTransitionHandler@a7c3f16
07-27 05:15:48.176   820   893 V WindowManagerShell: Transition doesn't have explicit remote, search filters for match for {id=21 t=OPEN f=0x0 trk=0 r=[0@Point(0, 0)] c=[{null m=OPEN f=FILLS_TASK|IS_BEHIND_STARTING_WINDOW|NO_ANIMATION leash=Surface(name=ActivityRecord{7ceb4d6 u0 com.mediology.sinsinapp/.MainActivity)/@0xb5b27a1 sb=Rect(0, 0 - 0, 0) eb=Rect(0, 0 - 1080, 2400) d=-1->0 r=-1->0:-1 bc=fffafafa component=com.mediology.sinsinapp/.MainActivity},{null m=CLOSE f=FILLS_TASK|IS_BEHIND_STARTING_WINDOW leash=Surface(name=ActivityRecord{423dff2 u0 com.mediology.sinsinapp/.MainActivity)/@0x3691dc6 sb=Rect(0, 0 - 1080, 2400) eb=Rect(0, 0 - 1080, 2400) d=0 bc=fffafafa component=com.mediology.sinsinapp/.MainActivity}]}
07-27 05:15:48.176   820   893 V WindowManagerShell:  Checking filter Pair{{types=[] flags=0x0] notFlags=0x0 checks=[{atype=undefined independent=true modes=[OPEN,TO_FRONT] flags=IN_TASK_WITH_EMBEDDED_ACTIVITY mustBeTask=false order=ANY topActivity=ComponentInfo{com.google.android.apps.nexuslauncher/com.google.android.apps.nexuslauncher.NexusLauncherActivity} launchCookie=null},{atype=undefined independent=true modes=[CLOSE,TO_BACK] flags=IN_TASK_WITH_EMBEDDED_ACTIVITY mustBeTask=false order=ANY topActivity=null launchCookie=null}]} RemoteTransition { remoteTransition = android.window.IRemoteTransition$Stub$Proxy@9a0cc36, appThread = android.app.IApplicationThread$Stub$Proxy@f739737, debugName = OverlaySwipeBack }}
07-27 05:15:48.176  4088  4137 W unknown:BridgelessReact: ReactHost{0}.getOrCreateReactInstanceTask()
07-27 05:15:48.176  4088  4137 W unknown:BridgelessReact: ReactHost{0}.getOrCreateReactInstanceTask(): Start
07-27 05:15:48.176  4088  4137 W unknown:BridgelessReact: ReactHost{0}.getJSBundleLoader()
07-27 05:15:48.176  4088  4137 W unknown:BridgelessReact: ReactHost{0}.isMetroRunning()
07-27 05:15:48.177   820   893 V WindowManagerShell:  Checking filter Pair{{types=[] flags=0x0] notFlags=0x0 checks=[{atype=dream independent=true modes=[OPEN,TO_FRONT] flags=NONE mustBeTask=false order=ANY topActivity=null launchCookie=null},{atype=home independent=true modes=[CLOSE,TO_BACK] flags=NONE mustBeTask=false order=ANY topActivity=null launchCookie=null}]} RemoteTransition { remoteTransition = android.window.IRemoteTransition$Stub$Proxy@7d454a4, appThread = android.app.IApplicationThread$Stub$Proxy@20a320d, debugName = LauncherToDream }}
07-27 05:15:48.177   820   893 V WindowManagerShell:  Checking filter Pair{{types=[] flags=0x0] notFlags=0x100 checks=[{atype=home independent=true modes=[OPEN,TO_FRONT] flags=NONE mustBeTask=false order=TOP topActivity=ComponentInfo{com.google.android.apps.nexuslauncher/com.google.android.apps.nexuslauncher.NexusLauncherActivity} launchCookie=null},{atype=standard independent=true modes=[CLOSE,TO_BACK] flags=NONE mustBeTask=false order=ANY topActivity=null launchCookie=null}]} RemoteTransition { remoteTransition = android.window.IRemoteTransition$Stub$Proxy@ca575c2, appThread = android.app.IApplicationThread$Stub$Proxy@2606fd3, debugName = QuickstepLaunchHome }}
07-27 05:15:48.177   820   893 V WindowManagerShell:  Delegate animation for (#21) to null
07-27 05:15:48.177   820   893 V WindowManagerShell:  try handler com.android.wm.shell.transition.DefaultTransitionHandler@d1cc069
07-27 05:15:48.177   820   893 V WindowManagerShell: start default transition animation, info = {id=21 t=OPEN f=0x0 trk=0 r=[0@Point(0, 0)] c=[{null m=OPEN f=FILLS_TASK|IS_BEHIND_STARTING_WINDOW|NO_ANIMATION leash=Surface(name=ActivityRecord{7ceb4d6 u0 com.mediology.sinsinapp/.MainActivity)/@0xb5b27a1 sb=Rect(0, 0 - 0, 0) eb=Rect(0, 0 - 1080, 2400) d=-1->0 r=-1->0:-1 bc=fffafafa component=com.mediology.sinsinapp/.MainActivity},{null m=CLOSE f=FILLS_TASK|IS_BEHIND_STARTING_WINDOW leash=Surface(name=ActivityRecord{423dff2 u0 com.mediology.sinsinapp/.MainActivity)/@0x3691dc6 sb=Rect(0, 0 - 1080, 2400) eb=Rect(0, 0 - 1080, 2400) d=0 bc=fffafafa component=com.mediology.sinsinapp/.MainActivity}]}
07-27 05:15:48.179   820   893 V WindowManagerShell: Transition animation finished (aborted=false), notifying core (#21) android.os.BinderProxy@b86f497@0
07-27 05:15:48.216  4088  4138 D TrafficStats: tagSocket(88) with statsTag=0xffffffff, statsUid=-1
07-27 05:15:48.219   576   597 V WindowManager: Finish Transition (#21): created at 07-27 05:15:47.987 collect-started=0.018ms request-sent=13.822ms started=26.8ms ready=65.674ms sent=185.753ms finished=231.431ms
07-27 05:15:48.221   820   893 V WindowManagerShell: Track 0 became idle
07-27 05:15:48.222   820   893 V WindowManagerShell: All active transition animations finished
07-27 05:15:48.222   820   893 V WindowManagerShell:  animated by com.android.wm.shell.transition.DefaultTransitionHandler@d1cc069
07-27 05:15:48.222   820   893 V WindowManagerShell: Track 0 became idle
07-27 05:15:48.222   820   893 V WindowManagerShell: All active transition animations finished
07-27 05:15:48.222   820   893 W Looper  : Slow dispatch took 48ms wmshell.main h=android.os.Handler c=com.android.wm.shell.transition.Transitions$TransitionPlayerImpl$$ExternalSyntheticLambda0@be19cdd m=0
07-27 05:15:48.224   576   938 W UserManagerService: Requested status bar icon for non-badged user 0
07-27 05:15:48.232   576   593 W UserManagerService: Requested status bar icon for non-badged user 0
07-27 05:15:48.232   576  1032 W UserManagerService: Requested status bar icon for non-badged user 0
07-27 05:15:48.239  4088  4138 W unknown:BridgelessReact: ReactHost{0}.isMetroRunning(): Async result = true
07-27 05:15:48.239  4088  4137 W unknown:BridgelessReact: ReactHost{0}.loadJSBundleFromMetro()
07-27 05:15:48.242  4088  4137 D CompatChangeReporter: Compat change id reported: 270674727; UID 10208; state: ENABLED
07-27 05:15:48.245  4088  4108 D TrafficStats: tagSocket(120) with statsTag=0xffffffff, statsUid=-1
07-27 05:15:48.282  4088  4088 D nativeloader: Load /data/app/~~T93ezTjbxBbsJRS8KOfcCA==/com.mediology.sinsinapp-3n8TehE9cPS1H3Ob-w8QRA==/base.apk!/lib/arm64-v8a/libhermesvm.so using ns clns-7 from class loader (caller=/data/app/~~T93ezTjbxBbsJRS8KOfcCA==/com.mediology.sinsinapp-3n8TehE9cPS1H3Ob-w8QRA==/base.apk!classes7.dex): ok
07-27 05:15:48.287  4088  4088 D nativeloader: Load /data/app/~~T93ezTjbxBbsJRS8KOfcCA==/com.mediology.sinsinapp-3n8TehE9cPS1H3Ob-w8QRA==/base.apk!/lib/arm64-v8a/libhermestooling.so using ns clns-7 from class loader (caller=/data/app/~~T93ezTjbxBbsJRS8KOfcCA==/com.mediology.sinsinapp-3n8TehE9cPS1H3Ob-w8QRA==/base.apk!classes7.dex): ok
07-27 05:15:48.287  4088  4088 D jni_lib_merge: Entering merged library JNI_OnLoad.
07-27 05:15:48.287  4088  4088 D jni_lib_merge: Preparing 4 pre-merged libs (including stub)
07-27 05:15:48.287  4088  4088 D jni_lib_merge: Preparing to register libhermes_executor_so.  onload_func: 0x7adc5aefa4
07-27 05:15:48.287  4088  4088 D jni_lib_merge: Preparing to register libhermesinstancejni_so.  onload_func: 0x7adc5e88b4
07-27 05:15:48.287  4088  4088 D jni_lib_merge: Preparing to register libjsijniprofiler_so.  onload_func: 0x7adc5ea8f8
07-27 05:15:48.287  4088  4088 D jni_lib_merge: About to register 3 actual methods.
07-27 05:15:48.301  4088  4088 W unknown:BridgelessReact: ReactHost{0}.onHostResume(activity)
07-27 05:15:48.307  4088  4139 D TrafficStats: tagSocket(118) with statsTag=0xffffffff, statsUid=-1
07-27 05:15:48.313  4088  4088 D VRI[MainActivity]: visibilityChanged oldVisibility=true newVisibility=false
07-27 05:15:48.321  4088  4088 D CompatChangeReporter: Compat change id reported: 63938206; UID 10208; state: ENABLED
07-27 05:15:48.368   576   938 W WindowManager: Failed looking up window session=null callers=com.android.server.wm.WindowManagerService.addWindow:1575 com.android.server.wm.Session.addToDisplayAsUser:257 android.view.IWindowSession$Stub.onTransact:640 
07-27 05:15:48.368   576   938 W WindowManager: Attempted to add window with token that is not a window: null.  Aborting.
07-27 05:15:48.370  4088  4088 E unknown:ReactNative: Unable to display loading message because react activity isn't active, message: Loading from 127.0.0.1:8088…
07-27 05:15:48.379   576  1307 W WindowManager: Failed looking up window session=null callers=com.android.server.wm.WindowManagerService.addWindow:1575 com.android.server.wm.Session.addToDisplayAsUser:257 android.view.IWindowSession$Stub.onTransact:640 
07-27 05:15:48.380   576  1307 W WindowManager: Attempted to add window with token that is not a window: null.  Aborting.
07-27 05:15:48.381  4088  4088 E unknown:ReactNative: Unable to display loading message because react activity isn't active, message: Reloading...
07-27 05:15:48.386  1044  1057 I FontLog : Received query Noto Color Emoji Compat, URI content://com.google.android.gms.fonts [CONTEXT service_id=132 ]
07-27 05:15:48.386  1044  1057 I FontLog : Query [emojicompat-emoji-font] resolved to {Noto Color Emoji Compat, wdth 100.0, wght 400, ital 0.0, bestEffort false} [CONTEXT service_id=132 ]
07-27 05:15:48.392  1044  1057 I FontLog : Fetch {Noto Color Emoji Compat, wdth 100.0, wght 400, ital 0.0, bestEffort false} end status Status{statusCode=SUCCESS, resolution=null} [CONTEXT service_id=132 ]
07-27 05:15:48.398  1044  1057 I FontLog : Pulling font file for id = 12, cache size = 5 [CONTEXT service_id=132 ]
07-27 05:15:48.414  1044  1057 I FontLog : Pulling font file for id = 12, cache size = 5 [CONTEXT service_id=132 ]
07-27 05:15:48.499  4088  4093 I ology.sinsinapp: Compiler allocated 5250KB to compile void android.view.ViewRootImpl.performTraversals()
07-27 05:15:48.535  4088  4088 W ology.sinsinapp: Accessing hidden method Landroid/os/SystemProperties;->addChangeCallback(Ljava/lang/Runnable;)V (unsupported, reflection, allowed)
07-27 05:15:48.598   576   593 D CoreBackPreview: Window{56e2fc8 u0 com.mediology.sinsinapp/com.mediology.sinsinapp.MainActivity}: Setting back callback OnBackInvokedCallbackInfo{mCallback=android.window.IOnBackInvokedCallback$Stub$Proxy@3992fe0, mPriority=0, mIsAnimationCallback=false}
07-27 05:15:48.891   576   597 I ActivityTaskManager: Displayed com.mediology.sinsinapp/.MainActivity for user 0: +909ms
07-27 05:15:48.907  4088  4088 I Choreographer: Skipped 31 frames!  The application may be doing too much work on its main thread.
07-27 05:15:48.912   473   515 W IPCThreadState: Sending oneway calls to frozen process.
07-27 05:15:48.930   820  1011 W WindowOnBackDispatcher: sendCancelIfRunning: isInProgress=false callback=android.view.ViewRootImpl$$ExternalSyntheticLambda11@1fff21c
07-27 05:15:48.930   576  1307 D CoreBackPreview: Window{389bab0 u0 Splash Screen com.mediology.sinsinapp EXITING}: Setting back callback null
07-27 05:15:48.941   576   593 W InputManager-JNI: Input channel object '389bab0 Splash Screen com.mediology.sinsinapp (client)' was disposed without first being removed with the input manager!
07-27 05:15:48.969  4088  4088 W WindowOnBackDispatcher: sendCancelIfRunning: isInProgress=false callback=android.view.ViewRootImpl$$ExternalSyntheticLambda11@c3b0388
07-27 05:15:48.977   576   593 D CoreBackPreview: Window{d04b4e u0 com.mediology.sinsinapp/com.mediology.sinsinapp.MainActivity}: Setting back callback null
07-27 05:15:48.984   576   593 W InputManager-JNI: Input channel object 'd04b4e com.mediology.sinsinapp/com.mediology.sinsinapp.MainActivity (client)' was disposed without first being removed with the input manager!
07-27 05:15:48.988  4088  4088 W unknown:BridgelessReact: ReactHost{0}.raiseSoftException(onWindowFocusChange(hasFocus = "true")): Tried to access onWindowFocusChange while context is not ready
07-27 05:15:48.999  4088  4088 E unknown:ReactHost: Unhandled SoftException
07-27 05:15:48.999  4088  4088 E unknown:ReactHost: com.facebook.react.bridge.ReactNoCrashSoftException: raiseSoftException(onWindowFocusChange(hasFocus = "true")): Tried to access onWindowFocusChange while context is not ready
07-27 05:15:48.999  4088  4088 E unknown:ReactHost: 	at com.facebook.react.runtime.ReactHostImpl.raiseSoftException(ReactHostImpl.kt:905)
07-27 05:15:48.999  4088  4088 E unknown:ReactHost: 	at com.facebook.react.runtime.ReactHostImpl.raiseSoftException$default(ReactHostImpl.kt:896)
07-27 05:15:48.999  4088  4088 E unknown:ReactHost: 	at com.facebook.react.runtime.ReactHostImpl.onWindowFocusChange(ReactHostImpl.kt:668)
07-27 05:15:48.999  4088  4088 E unknown:ReactHost: 	at com.facebook.react.ReactDelegate.onWindowFocusChanged(ReactDelegate.kt:232)
07-27 05:15:48.999  4088  4088 E unknown:ReactHost: 	at com.facebook.react.ReactActivityDelegate.onWindowFocusChanged(ReactActivityDelegate.java:237)
07-27 05:15:48.999  4088  4088 E unknown:ReactHost: 	at expo.modules.ReactActivityDelegateWrapper$onWindowFocusChanged$1.invokeSuspend(ReactActivityDelegateWrapper.kt:320)
07-27 05:15:48.999  4088  4088 E unknown:ReactHost: 	at expo.modules.ReactActivityDelegateWrapper$onWindowFocusChanged$1.invoke(Unknown Source:8)
07-27 05:15:48.999  4088  4088 E unknown:ReactHost: 	at expo.modules.ReactActivityDelegateWrapper$onWindowFocusChanged$1.invoke(Unknown Source:4)
07-27 05:15:48.999  4088  4088 E unknown:ReactHost: 	at expo.modules.ReactActivityDelegateWrapper$launchLifecycleScopeWithLock$1.invokeSuspend(ReactActivityDelegateWrapper.kt:452)
07-27 05:15:48.999  4088  4088 E unknown:ReactHost: 	at kotlin.coroutines.jvm.internal.BaseContinuationImpl.resumeWith(ContinuationImpl.kt:34)
07-27 05:15:48.999  4088  4088 E unknown:ReactHost: 	at kotlinx.coroutines.internal.DispatchedContinuationKt.resumeCancellableWith(DispatchedContinuation.kt:375)
07-27 05:15:48.999  4088  4088 E unknown:ReactHost: 	at kotlinx.coroutines.intrinsics.CancellableKt.startCoroutineCancellable(Cancellable.kt:26)
07-27 05:15:48.999  4088  4088 E unknown:ReactHost: 	at kotlinx.coroutines.CoroutineStart.invoke(CoroutineStart.kt:358)
07-27 05:15:48.999  4088  4088 E unknown:ReactHost: 	at kotlinx.coroutines.AbstractCoroutine.start(AbstractCoroutine.kt:134)
07-27 05:15:48.999  4088  4088 E unknown:ReactHost: 	at kotlinx.coroutines.BuildersKt__Builders_commonKt.launch(Builders.common.kt:53)
07-27 05:15:48.999  4088  4088 E unknown:ReactHost: 	at kotlinx.coroutines.BuildersKt.launch(Unknown Source:1)
07-27 05:15:48.999  4088  4088 E unknown:ReactHost: 	at kotlinx.coroutines.BuildersKt__Builders_commonKt.launch$default(Builders.common.kt:44)
07-27 05:15:48.999  4088  4088 E unknown:ReactHost: 	at kotlinx.coroutines.BuildersKt.launch$default(Unknown Source:1)
07-27 05:15:48.999  4088  4088 E unknown:ReactHost: 	at expo.modules.ReactActivityDelegateWrapper.launchLifecycleScopeWithLock(ReactActivityDelegateWrapper.kt:450)
07-27 05:15:48.999  4088  4088 E unknown:ReactHost: 	at expo.modules.ReactActivityDelegateWrapper.launchLifecycleScopeWithLock$default(ReactActivityDelegateWrapper.kt:446)
07-27 05:15:48.999  4088  4088 E unknown:ReactHost: 	at expo.modules.ReactActivityDelegateWrapper.onWindowFocusChanged(ReactActivityDelegateWrapper.kt:318)
07-27 05:15:48.999  4088  4088 E unknown:ReactHost: 	at com.facebook.react.ReactActivity.onWindowFocusChanged(ReactActivity.java:158)
07-27 05:15:48.999  4088  4088 E unknown:ReactHost: 	at androidx.appcompat.view.WindowCallbackWrapper.onWindowFocusChanged(WindowCallbackWrapper.java:124)
07-27 05:15:48.999  4088  4088 E unknown:ReactHost: 	at expo.modules.devmenu.detectors.InterceptingWindowCallback.onWindowFocusChanged(Unknown Source:2)
07-27 05:15:48.999  4088  4088 E unknown:ReactHost: 	at com.android.internal.policy.DecorView.onWindowFocusChanged(DecorView.java:1772)
07-27 05:15:48.999  4088  4088 E unknown:ReactHost: 	at android.view.View.dispatchWindowFocusChanged(View.java:16743)
07-27 05:15:48.999  4088  4088 E unknown:ReactHost: 	at android.view.ViewGroup.dispatchWindowFocusChanged(ViewGroup.java:1505)
07-27 05:15:48.999  4088  4088 E unknown:ReactHost: 	at android.view.ViewRootImpl.dispatchFocusEvent(ViewRootImpl.java:4697)
07-27 05:15:48.999  4088  4088 E unknown:ReactHost: 	at android.view.ViewRootImpl.handleWindowFocusChanged(ViewRootImpl.java:4601)
07-27 05:15:48.999  4088  4088 E unknown:ReactHost: 	at android.view.ViewRootImpl.-$$Nest$mhandleWindowFocusChanged(Unknown Source:0)
07-27 05:15:48.999  4088  4088 E unknown:ReactHost: 	at android.view.ViewRootImpl$ViewRootHandler.handleMessageImpl(ViewRootImpl.java:6773)
07-27 05:15:48.999  4088  4088 E unknown:ReactHost: 	at android.view.ViewRootImpl$ViewRootHandler.handleMessage(ViewRootImpl.java:6683)
07-27 05:15:48.999  4088  4088 E unknown:ReactHost: 	at android.os.Handler.dispatchMessage(Handler.java:107)
07-27 05:15:48.999  4088  4088 E unknown:ReactHost: 	at android.os.Looper.loopOnce(Looper.java:232)
07-27 05:15:48.999  4088  4088 E unknown:ReactHost: 	at android.os.Looper.loop(Looper.java:317)
07-27 05:15:48.999  4088  4088 E unknown:ReactHost: 	at android.app.ActivityThread.main(ActivityThread.java:8705)
07-27 05:15:48.999  4088  4088 E unknown:ReactHost: 	at java.lang.reflect.Method.invoke(Native Method)
07-27 05:15:48.999  4088  4088 E unknown:ReactHost: 	at com.android.internal.os.RuntimeInit$MethodAndArgsCaller.run(RuntimeInit.java:580)
07-27 05:15:48.999  4088  4088 E unknown:ReactHost: 	at com.android.internal.os.ZygoteInit.main(ZygoteInit.java:886)
07-27 05:15:49.017   576   695 I ImeTracker: com.mediology.sinsinapp:a688cc2: onRequestHide at ORIGIN_SERVER reason HIDE_UNSPECIFIED_WINDOW fromUser false
07-27 05:15:49.017   576   695 I ImeTracker: com.mediology.sinsinapp:a688cc2: onCancelled at PHASE_SERVER_SHOULD_HIDE
07-27 05:15:49.026  1370  1370 I GoogleInputMethodService: GoogleInputMethodService.onFinishInput():3157 
07-27 05:15:49.030  1370  1370 I GoogleInputMethodService: GoogleInputMethodService.updateDeviceLockedStatus():2248 repeatCheckTimes = 0, locked = false
07-27 05:15:49.030  1370  1370 I GoogleInputMethodService: GoogleInputMethodService.onStartInput():1986 onStartInput(EditorInfo{EditorInfo{packageName=com.mediology.sinsinapp, inputType=0, inputTypeString=NULL, enableLearning=false, autoCorrection=false, autoComplete=false, imeOptions=0, privateImeOptions=null, actionName=UNSPECIFIED, actionLabel=null, initialSelStart=-1, initialSelEnd=-1, initialCapsMode=0, label=null, fieldId=0, fieldName=null, extras=null, hintText=null, hintLocales=[]}}, false)
07-27 05:15:49.031  1370  1370 I GoogleInputMethodService: GoogleInputMethodService.updateDeviceLockedStatus():2248 repeatCheckTimes = 1, locked = false
07-27 05:15:49.031  1370  1370 I AndroidIME: InputBundleManager.loadActiveInputBundleId():450 loadActiveInputBundleId: und-Latn-x-password, password
07-27 05:15:49.044   576   593 W PackageConfigPersister: App-specific configuration not found for packageName: com.mediology.sinsinapp and userId: 0
07-27 05:15:49.056  1370  1370 W NotificationCenter: NotificationCenter$ListenerData.notifyOnExecutor():672 Heavy notify work detected on UI thread: |kga->jjc| takes 25ms
07-27 05:15:49.096   820  1047 D EGL_emulation: app_time_stats: avg=191.09ms min=17.25ms max=621.94ms count=5
07-27 05:15:49.146  4088  4093 I ology.sinsinapp: Compiler allocated 4206KB to compile void android.widget.TextView.<init>(android.content.Context, android.util.AttributeSet, int, int)
07-27 05:15:49.446  4088  4108 W unknown:BridgelessReact: ReactHost{0}.loadJSBundleFromMetro(): Creating BundleLoader
07-27 05:15:49.447  4088  4137 W unknown:BridgelessReact: ReactHost{0}.getOrCreateReactInstanceTask(): Creating BridgelessReactContext
07-27 05:15:49.449  4088  4137 W unknown:BridgelessReact: ReactHost{0}.getOrCreateReactInstanceTask(): Creating ReactInstance
07-27 05:15:49.534  4088  4137 I ExpoModulesCore: ✅ AppContext was initialized
07-27 05:15:49.552   380   457 I netd    : tetherGetStats() -> {[]} <0.38ms>
07-27 05:15:49.555   380   457 I netd    : bandwidthSetGlobalAlert(2097152) <0.17ms>
07-27 05:15:49.567  4088  4137 W unknown:BridgelessReact: ReactHost{0}.getOrCreateReactInstanceTask(): Loading JS Bundle
07-27 05:15:49.568  4088  4137 W unknown:BridgelessReact: ReactHost{0}.getOrCreateReactInstanceTask(): DevSupportManager.onNewReactContextCreated()
07-27 05:15:49.572  4088  4088 W unknown:ReactNative: Packager connection already open, nooping.
07-27 05:15:49.572  4088  4088 W unknown:BridgelessReact: ReactHost{0}.ReactContext.onHostResume()
07-27 05:15:49.572  4088  4137 W unknown:BridgelessReact: ReactHost{0}.startSurface(surfaceId = 0): Execute
07-27 05:15:49.575  4088  4088 W unknown:BridgelessReact: ReactHost{0}.getOrCreateReactInstanceTask(): Executing ReactInstanceEventListeners
07-27 05:15:49.580  4088  4108 D TrafficStats: tagSocket(131) with statsTag=0xffffffff, statsUid=-1
07-27 05:15:50.003  4088  4144 I WebViewFactory: Loading com.google.android.webview version 124.0.6367.219 (code 636771932)
07-27 05:15:50.003  4088  4144 W ResourcesManager: Found a null ResourcesImpl, skipped.
07-27 05:15:50.008  4088  4144 V ResourcesManager: The following library key has been added: ResourcesKey{ mHash=52d11686 mResDir=null mSplitDirs=[] mOverlayDirs=[/product/overlay/EmulationPixel8/EmulationPixel8Overlay.apk,/product/overlay/NavigationBarModeGestural/NavigationBarModeGesturalOverlay.apk] mLibDirs=[/data/app/~~V8jWnHimbv_0cN1Ql8RorQ==/com.google.android.webview-gLDEjhnufxgMNAFZ6rwrXQ==/WebViewGoogle.apk,/data/app/~~j7XrDrOBfyXPaChKgCOlKw==/com.google.android.trichromelibrary_636771932-1ZyTS55ZreAXcKmASSpIgQ==/TrichromeLibrary.apk,/system_ext/framework/androidx.window.extensions.jar] mDisplayId=0 mOverrideConfig=v35 mCompatInfo={420dpi always-compat} mLoaders=[]}
07-27 05:15:50.009  4088  4144 W ziparchive: Unable to open '/data/app/~~j7XrDrOBfyXPaChKgCOlKw==/com.google.android.trichromelibrary_636771932-1ZyTS55ZreAXcKmASSpIgQ==/TrichromeLibrary.dm': No such file or directory
07-27 05:15:50.009  4088  4144 W ziparchive: Unable to open '/data/app/~~j7XrDrOBfyXPaChKgCOlKw==/com.google.android.trichromelibrary_636771932-1ZyTS55ZreAXcKmASSpIgQ==/TrichromeLibrary.dm': No such file or directory
07-27 05:15:50.009  4088  4144 W ology.sinsinapp: Entry not found
07-27 05:15:50.010  4088  4144 D nativeloader: Configuring clns-8 for other apk /data/app/~~j7XrDrOBfyXPaChKgCOlKw==/com.google.android.trichromelibrary_636771932-1ZyTS55ZreAXcKmASSpIgQ==/TrichromeLibrary.apk. target_sdk_version=34, uses_libraries=ALL, library_path=/data/app/~~V8jWnHimbv_0cN1Ql8RorQ==/com.google.android.webview-gLDEjhnufxgMNAFZ6rwrXQ==/lib/arm64:/data/app/~~V8jWnHimbv_0cN1Ql8RorQ==/com.google.android.webview-gLDEjhnufxgMNAFZ6rwrXQ==/WebViewGoogle.apk!/lib/arm64-v8a:/data/app/~~j7XrDrOBfyXPaChKgCOlKw==/com.google.android.trichromelibrary_636771932-1ZyTS55ZreAXcKmASSpIgQ==/TrichromeLibrary.apk!/lib/arm64-v8a, permitted_path=/data:/mnt/expand
07-27 05:15:50.011  4088  4144 D ApplicationLoaders: Returning zygote-cached class loader: /system_ext/framework/androidx.window.extensions.jar
07-27 05:15:50.014  4088  4144 D nativeloader: Configuring clns-9 for other apk /data/app/~~V8jWnHimbv_0cN1Ql8RorQ==/com.google.android.webview-gLDEjhnufxgMNAFZ6rwrXQ==/WebViewGoogle.apk. target_sdk_version=34, uses_libraries=, library_path=/data/app/~~V8jWnHimbv_0cN1Ql8RorQ==/com.google.android.webview-gLDEjhnufxgMNAFZ6rwrXQ==/lib/arm64:/data/app/~~V8jWnHimbv_0cN1Ql8RorQ==/com.google.android.webview-gLDEjhnufxgMNAFZ6rwrXQ==/WebViewGoogle.apk!/lib/arm64-v8a:/data/app/~~j7XrDrOBfyXPaChKgCOlKw==/com.google.android.trichromelibrary_636771932-1ZyTS55ZreAXcKmASSpIgQ==/TrichromeLibrary.apk!/lib/arm64-v8a, permitted_path=/data:/mnt/expand
07-27 05:15:50.015   576   938 I AppsFilter: interaction: PackageSetting{945fe27 com.mediology.sinsinapp/10208} -> PackageSetting{d7bd194 com.android.cts.priv.ctsshim/10201} BLOCKED
07-27 05:15:50.015   576   938 I AppsFilter: interaction: PackageSetting{945fe27 com.mediology.sinsinapp/10208} -> PackageSetting{40b843d com.android.internal.display.cutout.emulation.corner/10015} BLOCKED
07-27 05:15:50.015   576   938 I AppsFilter: interaction: PackageSetting{945fe27 com.mediology.sinsinapp/10208} -> PackageSetting{f601432 com.android.internal.display.cutout.emulation.double/10076} BLOCKED
07-27 05:15:50.015   576   938 I AppsFilter: interaction: PackageSetting{945fe27 com.mediology.sinsinapp/10208} -> PackageSetting{2bc0583 com.google.android.onetimeinitializer/10128} BLOCKED
07-27 05:15:50.015   576   938 I AppsFilter: interaction: PackageSetting{945fe27 com.mediology.sinsinapp/10208} -> PackageSetting{a0e7300 com.google.android.ext.shared/10117} BLOCKED
07-27 05:15:50.015   576   938 I AppsFilter: interaction: PackageSetting{945fe27 com.mediology.sinsinapp/10208} -> PackageSetting{1312739 com.android.virtualmachine.res/10194} BLOCKED
07-27 05:15:50.015   576   938 I AppsFilter: interaction: PackageSetting{945fe27 com.mediology.sinsinapp/10208} -> PackageSetting{af7417e com.android.managedprovisioning.auto_generated_rro_product__/10016} BLOCKED
07-27 05:15:50.015   576   938 I AppsFilter: interaction: PackageSetting{945fe27 com.mediology.sinsinapp/10208} -> PackageSetting{6af76df com.android.carrierconfig.auto_generated_rro_vendor__/10085} BLOCKED
07-27 05:15:50.015   576   938 I AppsFilter: interaction: PackageSetting{945fe27 com.mediology.sinsinapp/10208} -> PackageSetting{e67bf2c com.google.android.server.deviceconfig.resources/10197} BLOCKED
07-27 05:15:50.015   576   938 I AppsFilter: interaction: PackageSetting{945fe27 com.mediology.sinsinapp/10208} -> PackageSetting{673fdf5 com.android.systemui.emulation.pixel_3_xl/10010} BLOCKED
07-27 05:15:50.015   576   938 I AppsFilter: interaction: PackageSetting{945fe27 com.mediology.sinsinapp/10208} -> PackageSetting{741f78a com.android.systemui.emulation.pixel_4_xl/10073} BLOCKED
07-27 05:15:50.015   576   938 I AppsFilter: interaction: PackageSetting{945fe27 com.mediology.sinsinapp/10208} -> PackageSetting{f3ea1fb com.android.systemui.emulation.pixel_fold/10049} BLOCKED
07-27 05:15:50.015   576   938 I AppsFilter: interaction: PackageSetting{945fe27 com.mediology.sinsinapp/10208} -> PackageSetting{627a218 com.android.providers.telephony.auto_generated_characteristics_rro/10066} BLOCKED
07-27 05:15:50.015   576   938 I AppsFilter: interaction: PackageSetting{945fe27 com.mediology.sinsinapp/10208} -> PackageSetting{8d38471 com.android.simappdialog.auto_generated_rro_product__/10017} BLOCKED
07-27 05:15:50.015   576   938 I AppsFilter: interaction: PackageSetting{945fe27 com.mediology.sinsinapp/10208} -> PackageSetting{4d00256 com.android.htmlviewer/10115} BLOCKED
07-27 05:15:50.015   576   938 I AppsFilter: interaction: PackageSetting{945fe27 com.mediology.sinsinapp/10208} -> PackageSetting{1cb62d7 com.google.android.health.connect.backuprestore/10191} BLOCKED
07-27 05:15:50.015   576   938 I AppsFilter: interaction: PackageSetting{945fe27 com.mediology.sinsinapp/10208} -> PackageSetting{500c7c4 com.android.systemui.auto_generated_rro_product__/10050} BLOCKED
07-27 05:15:50.015   576   938 I AppsFilter: interaction: PackageSetting{945fe27 com.mediology.sinsinapp/10208} -> PackageSetting{3caf6ad com.google.android.soundpicker/10163} BLOCKED
07-27 05:15:50.015   576   938 I AppsFilter: interaction: PackageSetting{945fe27 com.mediology.sinsinapp/10208} -> PackageSetting{b61ede2 com.google.android.marvin.talkbackoverlay/10090} BLOCKED
07-27 05:15:50.015   576   938 I AppsFilter: interaction: PackageSetting{945fe27 com.mediology.sinsinapp/10208} -> PackageSetting{df95573 com.google.android.configupdater/10139} BLOCKED
07-27 05:15:50.015   576   938 I AppsFilter: interaction: PackageSetting{945fe27 com.mediology.sinsinapp/10208} -> PackageSetting{5249c30 com.android.internal.emulation.pixel_3a_xl/10047} BLOCKED
07-27 05:15:50.015   576   938 I AppsFilter: interaction: PackageSetting{945fe27 com.mediology.sinsinapp/10208} -> PackageSetting{54d50a9 com.android.internal.emulation.pixel_6_pro/10037} BLOCKED
07-27 05:15:50.015   576   938 I AppsFilter: interaction: PackageSetting{945fe27 com.mediology.sinsinapp/10208} -> PackageSetting{c35062e com.android.internal.emulation.pixel_7_pro/10021} BLOCKED
07-27 05:15:50.015   576   938 I AppsFilter: interaction: PackageSetting{945fe27 com.mediology.sinsinapp/10208} -> PackageSetting{9d5cf com.android.internal.emulation.pixel_8_pro/10038} BLOCKED
07-27 05:15:50.015   576   938 I AppsFilter: interaction: PackageSetting{945fe27 com.mediology.sinsinapp/10208} -> PackageSetting{6f4b5c com.android.internal.emulation.pixel_9_pro/10009} BLOCKED
07-27 05:15:50.015   576   938 I AppsFilter: interaction: PackageSetting{945fe27 com.mediology.sinsinapp/10208} -> PackageSetting{d814e65 com.android.internal.emulation.pixel_3a/10039} BLOCKED
07-27 05:15:50.015   576   938 I AppsFilter: interaction: PackageSetting{945fe27 com.mediology.sinsinapp/10208} -> PackageSetting{d0f573a com.android.internal.emulation.pixel_4a/10024} BLOCKED
07-27 05:15:50.015   576   938 I AppsFilter: interaction: PackageSetting{945fe27 com.mediology.sinsinapp/10208} -> PackageSetting{cf7ffeb com.android.internal.emulation.pixel_6a/10048} BLOCKED
07-27 05:15:50.015   576   938 I AppsFilter: interaction: PackageSetting{945fe27 com.mediology.sinsinapp/10208} -> PackageSetting{53c148 com.android.internal.emulation.pixel_7a/10063} BLOCKED
07-27 05:15:50.015   576   938 I AppsFilter: interaction: PackageSetting{945fe27 com.mediology.sinsinapp/10208} -> PackageSetting{e3d6be1 com.android.internal.emulation.pixel_8a/10007} BLOCKED
07-27 05:15:50.015   576   938 I AppsFilter: interaction: PackageSetting{945fe27 com.mediology.sinsinapp/10208} -> PackageSetting{80bad06 com.google.android.overlay.googlewebview/10035} BLOCKED
07-27 05:15:50.015   576   938 I AppsFilter: interaction: PackageSetting{945fe27 com.mediology.sinsinapp/10208} -> PackageSetting{454afc7 com.google.android.apps.safetyhub/10134} BLOCKED
07-27 05:15:50.015   576   938 I AppsFilter: interaction: PackageSetting{945fe27 com.mediology.sinsinapp/10208} -> PackageSetting{87a9f4 com.google.android.hotspot2.osulogin/10188} BLOCKED
07-27 05:15:50.015   576   938 I AppsFilter: interaction: PackageSetting{945fe27 com.mediology.sinsinapp/10208} -> PackageSetting{643e51d com.android.simappdialog/10120} BLOCKED
07-27 05:15:50.015   576   938 I AppsFilter: interaction: PackageSetting{945fe27 com.mediology.sinsinapp/10208} -> PackageSetting{c259392 com.android.internal.display.cutout.emulation.hole/10032} BLOCKED
07-27 05:15:50.015   576   938 I AppsFilter: interaction: PackageSetting{945fe27 com.mediology.sinsinapp/10208} -> PackageSetting{3e28163 com.android.internal.display.cutout.emulation.tall/10023} BLOCKED
07-27 05:15:50.015   576   938 I AppsFilter: interaction: PackageSetting{945fe27 com.mediology.sinsinapp/10208} -> PackageSetting{6f7160 com.android.internal.systemui.navbar.threebutton/10078} BLOCKED
07-27 05:15:50.015   576   938 I AppsFilter: interaction: PackageSetting{945fe27 com.mediology.sinsinapp/10208} -> PackageSetting{43eb619 com.android.internal.ranchu.commonoverlay/10060} BLOCKED
07-27 05:15:50.015   576   938 I AppsFilter: interaction: PackageSetting{945fe27 com.mediology.sinsinapp/10208} -> PackageSetting{a8556de com.android.systemui.auto_generated_rro_vendor__/10086} BLOCKED
07-27 05:15:50.015   576   938 I AppsFilter: interaction: PackageSetting{945fe27 com.mediology.sinsinapp/10208} -> PackageSetting{8f1d0bf com.google.android.deskclock/10151} BLOCKED
07-27 05:15:50.015   576   938 I AppsFilter: interaction: PackageSetting{945fe27 com.mediology.sinsinapp/10208} -> PackageSetting{f4a438c com.android.internal.systemui.navbar.twobutton/10062} BLOCKED
07-27 05:15:50.015   576   938 I AppsFilter: interaction: PackageSetting{945fe27 com.mediology.sinsinapp/10208} -> PackageSetting{d7b9ad5 com.google.android.as/10132} BLOCKED
07-27 05:15:50.015   576   938 I AppsFilter: interaction: PackageSetting{945fe27 com.mediology.sinsinapp/10208} -> PackageSetting{c8c02ea com.android.systemui.emulation.pixel_3/10004} BLOCKED
07-27 05:15:50.015   576   938 I AppsFilter: interaction: PackageSetting{945fe27 com.mediology.sinsinapp/10208} -> PackageSetting{b7cb9db com.android.systemui.emulation.pixel_4/10070} BLOCKED
07-27 05:15:50.015   576   938 I AppsFilter: interaction: PackageSetting{945fe27 com.mediology.sinsinapp/10208} -> PackageSetting{f1e0c78 com.android.systemui.emulation.pixel_5/10065} BLOCKED
07-27 05:15:50.015   576   938 I AppsFilter: interaction: PackageSetting{945fe27 com.mediology.sinsinapp/10208} -> PackageSetting{4680f51 com.android.systemui.emulation.pixel_6/10008} BLOCKED
07-27 05:15:50.015   576   938 I AppsFilter: interaction: PackageSetting{945fe27 com.mediology.sinsinapp/10208} -> PackageSetting{e9f63b6 com.android.systemui.emulation.pixel_7/10080} BLOCKED
07-27 05:15:50.015   576   938 I AppsFilter: interaction: PackageSetting{945fe27 com.mediology.sinsinapp/10208} -> PackageSetting{f0318b7 com.android.systemui.emulation.pixel_8/10074} BLOCKED
07-27 05:15:50.015   576   938 I AppsFilter: interaction: PackageSetting{945fe27 com.mediology.sinsinapp/10208} -> PackageSetting{a637824 com.android.systemui.emulation.pixel_9/10058} BLOCKED
07-27 05:15:50.015   576   938 I AppsFilter: interaction: PackageSetting{945fe27 com.mediology.sinsinapp/10208} -> PackageSetting{acd4f8d com.android.printspooler/10113} BLOCKED
07-27 05:15:50.015   576   938 I AppsFilter: interaction: PackageSetting{945fe27 com.mediology.sinsinapp/10208} -> PackageSetting{bb60542 com.google.android.connectivity.resources.goldfish.overlay/10088} BLOCKED
07-27 05:15:50.015   576   938 I AppsFilter: interaction: PackageSetting{945fe27 com.mediology.sinsinapp/10208} -> PackageSetting{5268953 com.android.dreams.basic/10127} BLOCKED
07-27 05:15:50.015   576   938 I AppsFilter: interaction: PackageSetting{945fe27 com.mediology.sinsinapp/10208} -> PackageSetting{871f290 com.google.android.networkstack.tethering.emulator/10020} BLOCKED
07-27 05:15:50.015   576   938 I AppsFilter: interaction: PackageSetting{945fe27 com.mediology.sinsinapp/10208} -> PackageSetting{bcc5789 com.android.providers.settings.auto_generated_rro_product__/10053} BLOCKED
07-27 05:15:50.015   576   938 I AppsFilter: interaction: PackageSetting{945fe27 com.mediology.sinsinapp/10208} -> PackageSetting{5a3338e com.google.android.as.oss/10142} BLOCKED
07-27 05:15:50.015   576   938 I AppsFilter: interaction: PackageSetting{945fe27 com.mediology.sinsinapp/10208} -> PackageSetting{e0667af com.android.traceur.auto_generated_rro_product__/10018} BLOCKED
07-27 05:15:50.015   576   938 I AppsFilter: interaction: PackageSetting{945fe27 com.mediology.sinsinapp/10208} -> PackageSetting{caba7bc com.android.internal.emulation.pixel_9_pro_fold/10041} BLOCKED
07-27 05:15:50.015   576   938 I AppsFilter: interaction: PackageSetting{945fe27 com.mediology.sinsinapp/10208} -> PackageSetting{999e345 com.google.android.devicelockcontroller/10203} BLOCKED
07-27 05:15:50.015   576   938 I AppsFilter: interaction: PackageSetting{945fe27 com.mediology.sinsinapp/10208} -> PackageSetting{622fa9a com.google.android.dialer/10133} BLOCKED
07-27 05:15:50.015   576   938 I AppsFilter: interaction: PackageSetting{945fe27 com.mediology.sinsinapp/10208} -> PackageSetting{25bcfcb com.android.internal.emulation.pixel_3/10061} BLOCKED
07-27 05:15:50.015   576   938 I AppsFilter: interaction: PackageSetting{945fe27 com.mediology.sinsinapp/10208} -> PackageSetting{c6983a8 com.android.internal.emulation.pixel_4/10051} BLOCKED
07-27 05:15:50.015   576   938 I AppsFilter: interaction: PackageSetting{945fe27 com.mediology.sinsinapp/10208} -> PackageSetting{afa6ec1 com.android.internal.emulation.pixel_5/10001} BLOCKED
07-27 05:15:50.015   576   938 I AppsFilter: interaction: PackageSetting{945fe27 com.mediology.sinsinapp/10208} -> PackageSetting{4a62666 com.android.internal.emulation.pixel_6/10033} BLOCKED
07-27 05:15:50.015   576   938 I AppsFilter: interaction: PackageSetting{945fe27 com.mediology.sinsinapp/10208} -> PackageSetting{3559da7 com.android.internal.emulation.pixel_7/10075} BLOCKED
07-27 05:15:50.015   576   938 I AppsFilter: interaction: PackageSetting{945fe27 com.mediology.sinsinapp/10208} -> PackageSetting{7a73254 com.android.internal.emulation.pixel_8/10022} BLOCKED
07-27 05:15:50.015   576   938 I AppsFilter: interaction: PackageSetting{945fe27 com.mediology.sinsinapp/10208} -> PackageSetting{47e35fd com.android.internal.emulation.pixel_9/10012} BLOCKED
07-27 05:15:50.015   576   938 I AppsFilter: interaction: PackageSetting{945fe27 com.mediology.sinsinapp/10208} -> PackageSetting{cde42f2 com.google.android.captiveportallogin/10112} BLOCKED
07-27 05:15:50.015   576   938 I AppsFilter: interaction: PackageSetting{945fe27 com.mediology.sinsinapp/10208} -> PackageSetting{c346d43 android.auto_generated_characteristics_rro/10011} BLOCKED
07-27 05:15:50.015   576   938 I AppsFilter: interaction: PackageSetting{945fe27 com.mediology.sinsinapp/10208} -> PackageSetting{6f1fc0 com.google.android.appsearch.apk/10206} BLOCKED
07-27 05:15:50.015   576   938 I AppsFilter: interaction: PackageSetting{945fe27 com.mediology.sinsinapp/10208} -> PackageSetting{97d34f9 com.android.musicfx/10093} BLOCKED
07-27 05:15:50.015   576   938 I AppsFilter: interaction: PackageSetting{945fe27 com.mediology.sinsinapp/10208} -> PackageSetting{2099c3e com.google.android.markup/10155} BLOCKED
07-27 05:15:50.015   576   938 I AppsFilter: interaction: PackageSetting{945fe27 com.mediology.sinsinapp/10208} -> PackageSetting{1a69a9f com.google.android.rkpdapp/10198} BLOCKED
07-27 05:15:50.015   576   938 I AppsFilter: interaction: PackageSetting{945fe27 com.mediology.sinsinapp/10208} -> PackageSetting{d0677ec com.google.android.contacts/10156} BLOCKED
07-27 05:15:50.015   576   938 I AppsFilter: interaction: PackageSetting{945fe27 com.mediology.sinsinapp/10208} -> PackageSetting{d327b5 com.android.server.telecom.auto_generated_rro_product__/10031} BLOCKED
07-27 05:15:50.015   576   938 I AppsFilter: interaction: PackageSetting{945fe27 com.mediology.sinsinapp/10208} -> PackageSetting{aff3e4a com.android.phone.auto_generated_characteristics_rro/10072} BLOCKED
07-27 05:15:50.015   576   938 I AppsFilter: interaction: PackageSetting{945fe27 com.mediology.sinsinapp/10208} -> PackageSetting{ae441bb com.google.android.overlay.googleconfig/10054} BLOCKED
07-27 05:15:50.015   576   938 I AppsFilter: interaction: PackageSetting{945fe27 com.mediology.sinsinapp/10208} -> PackageSetting{d926d8 com.android.bips.auto_generated_rro_product__/10014} BLOCKED
07-27 05:15:50.015   576   938 I AppsFilter: interaction: PackageSetting{945fe27 com.mediology.sinsinapp/10208} -> PackageSetting{95b8a31 com.google.android.apps.customization.pixel/10164} BLOCKED
07-27 05:15:50.015   576   938 I AppsFilter: interaction: PackageSetting{945fe27 com.mediology.sinsinapp/10208} -> PackageSetting{2faf516 com.google.android.tag/10097} BLOCKED
07-27 05:15:50.015   576   938 I AppsFilter: interaction: PackageSetting{945fe27 com.mediology.sinsinapp/10208} -> PackageSetting{8b3e97 com.google.android.overlay.permissioncontroller/10036} BLOCKED
07-27 05:15:50.015   576   938 I AppsFilter: interaction: PackageSetting{945fe27 com.mediology.sinsinapp/10208} -> PackageSetting{825d884 com.google.android.partnersetup/10131} BLOCKED
07-27 05:15:50.015   576   938 I AppsFilter: interaction: PackageSetting{945fe27 com.mediology.sinsinapp/10208} -> PackageSetting{a2d986d com.google.android.apps.wallpaper.nexus/10146} BLOCKED
07-27 05:15:50.015   576   938 I AppsFilter: interaction: PackageSetting{945fe27 com.mediology.sinsinapp/10208} -> PackageSetting{b294ca2 com.google.android.apps.nexuslauncher/10177} BLOCKED
07-27 05:15:50.015   576   938 I AppsFilter: interaction: PackageSetting{945fe27 com.mediology.sinsinapp/10208} -> PackageSetting{d3b2d33 com.android.theme.font.notoserifsource/10013} BLOCKED
07-27 05:15:50.015   576   938 I AppsFilter: interaction: PackageSetting{945fe27 com.mediology.sinsinapp/10208} -> PackageSetting{269f8f0 com.google.android.safetycenter.resources/10204} BLOCKED
07-27 05:15:50.015   576   938 I AppsFilter: interaction: PackageSetting{945fe27 com.mediology.sinsinapp/10208} -> PackageSetting{a984e69 com.android.internal.display.cutout.emulation.waterfall/10044} BLOCKED
07-27 05:15:50.015   576   938 I AppsFilter: interaction: PackageSetting{945fe27 com.mediology.sinsinapp/10208} -> PackageSetting{8f390ee com.android.internal.systemui.navbar.transparent/10003} BLOCKED
07-27 05:15:50.015   576   938 I AppsFilter: interaction: PackageSetting{945fe27 com.mediology.sinsinapp/10208} -> PackageSetting{bf1698f com.google.android.connectivity.resources/10186} BLOCKED
07-27 05:15:50.015   576   938 I AppsFilter: interaction: PackageSetting{945fe27 com.mediology.sinsinapp/10208} -> PackageSetting{78db41c com.android.providers.contacts.auto_generated_rro_product__/10071} BLOCKED
07-27 05:15:50.015   576   938 I AppsFilter: interaction: PackageSetting{945fe27 com.mediology.sinsinapp/10208} -> PackageSetting{dde6825 com.google.android.feedback/10175} BLOCKED
07-27 05:15:50.015   576   938 I AppsFilter: interaction: PackageSetting{945fe27 com.mediology.sinsinapp/10208} -> PackageSetting{d0bcdfa com.google.android.printservice.recommendation/10121} BLOCKED
07-27 05:15:50.015   576   938 I AppsFilter: interaction: PackageSetting{945fe27 com.mediology.sinsinapp/10208} -> PackageSetting{6f6aa8e com.google.android.calendar/10161} BLOCKED
07-27 05:15:50.015   576   938 I AppsFilter: interaction: PackageSetting{945fe27 com.mediology.sinsinapp/10208} -> PackageSetting{250fab com.android.systemui.emulation.pixel_3a_xl/10002} BLOCKED
07-27 05:15:50.015   576   938 I AppsFilter: interaction: PackageSetting{945fe27 com.mediology.sinsinapp/10208} -> PackageSetting{3cff608 com.android.systemui.emulation.pixel_6_pro/10026} BLOCKED
07-27 05:15:50.015   576   938 I AppsFilter: interaction: PackageSetting{945fe27 com.mediology.sinsinapp/10208} -> PackageSetting{eb261a1 com.android.systemui.emulation.pixel_7_pro/10025} BLOCKED
07-27 05:15:50.015   576   938 I AppsFilter: interaction: PackageSetting{945fe27 com.mediology.sinsinapp/10208} -> PackageSetting{f38cfc6 com.android.systemui.emulation.pixel_8_pro/10000} BLOCKED
07-27 05:15:50.015   576   938 I AppsFilter: interaction: PackageSetting{945fe27 com.mediology.sinsinapp/10208} -> PackageSetting{3a2fb87 com.android.systemui.emulation.pixel_9_pro/10057} BLOCKED
07-27 05:15:50.015   576   938 I AppsFilter: interaction: PackageSetting{945fe27 com.mediology.sinsinapp/10208} -> PackageSetting{6726ab4 com.android.carrierconfig.auto_generated_rro_product__/10084} BLOCKED
07-27 05:15:50.015   576   938 I AppsFilter: interaction: PackageSetting{945fe27 com.mediology.sinsinapp/10208} -> PackageSetting{67276dd com.android.devicediagnostics.auto_generated_rro_product__/10027} BLOCKED
07-27 05:15:50.015   576   938 I AppsFilter: interaction: PackageSetting{945fe27 com.mediology.sinsinapp/10208} -> PackageSetting{ae22252 com.android.providers.partnerbookmarks/10124} BLOCKED
07-27 05:15:50.015   576   938 I AppsFilter: interaction: PackageSetting{945fe27 com.mediology.sinsinapp/10208} -> PackageSetting{629c923 com.android.wallpaper.livepicker/10103} BLOCKED
07-27 05:15:50.015   576   938 I AppsFilter: interaction: PackageSetting{945fe27 com.mediology.sinsinapp/10208} -> PackageSetting{f257e20 com.android.providers.telephony.auto_generated_rro_product__/10006} BLOCKED
07-27 05:15:50.015   576   938 I AppsFilter: interaction: PackageSetting{945fe27 com.mediology.sinsinapp/10208} -> PackageSetting{c24a3d9 com.android.phone.auto_generated_rro_vendor__/10087} BLOCKED
07-27 05:15:50.015   576   938 I AppsFilter: interaction: PackageSetting{945fe27 com.mediology.sinsinapp/10208} -> PackageSetting{85c119e com.android.imsserviceentitlement/10141} BLOCKED
07-27 05:15:50.015   576   938 I AppsFilter: interaction: PackageSetting{945fe27 com.mediology.sinsinapp/10208} -> PackageSetting{ac5d47f com.android.internal.emulation.pixel_9_pro_xl/10079} BLOCKED
07-27 05:15:50.015   576   938 I AppsFilter: interaction: PackageSetting{945fe27 com.mediology.sinsinapp/10208} -> PackageSetting{6345c4c com.google.android.healthconnect.controller/10190} BLOCKED
07-27 05:15:50.015   576   938 I AppsFilter: interaction: PackageSetting{945fe27 com.mediology.sinsinapp/10208} -> PackageSetting{732a495 com.android.internal.emulation.pixel_2_xl/10019} BLOCKED
07-27 05:15:50.015   576   938 I AppsFilter: interaction: PackageSetting{945fe27 com.mediology.sinsinapp/10208} -> PackageSetting{ef3a9aa com.android.internal.emulation.pixel_3_xl/10042} BLOCKED
07-27 05:15:50.015   576   938 I AppsFilter: interaction: PackageSetting{945fe27 com.mediology.sinsinapp/10208} -> PackageSetting{eed399b com.android.internal.emulation.pixel_4_xl/10077} BLOCKED
07-27 05:15:50.015   576   938 I AppsFilter: interaction: PackageSetting{945fe27 com.mediology.sinsinapp/10208} -> PackageSetting{b70f138 com.android.internal.emulation.pixel_fold/10067} BLOCKED
07-27 05:15:50.016   576   938 I AppsFilter: interaction: PackageSetting{945fe27 com.mediology.sinsinapp/10208} -> PackageSetting{1e5f511 com.android.bookmarkprovider/10118} BLOCKED
07-27 05:15:50.016   576   938 I AppsFilter: interaction: PackageSetting{945fe27 com.mediology.sinsinapp/10208} -> PackageSetting{bbab676 com.google.android.overlay.pixelconfigcommon/10030} BLOCKED
07-27 05:15:50.016   576   938 I AppsFilter: interaction: PackageSetting{945fe27 com.mediology.sinsinapp/10208} -> PackageSetting{75bd477 com.android.systemui.accessibility.accessibilitymenu.auto_generated_rro_product__/10082} BLOCKED
07-27 05:15:50.016   576   938 I AppsFilter: interaction: PackageSetting{945fe27 com.mediology.sinsinapp/10208} -> PackageSetting{7dfe8e4 com.android.systemui.emulation.pixel_3a/10081} BLOCKED
07-27 05:15:50.016   576   938 I AppsFilter: interaction: PackageSetting{945fe27 com.mediology.sinsinapp/10208} -> PackageSetting{7a3d14d com.android.systemui.emulation.pixel_4a/10040} BLOCKED
07-27 05:15:50.016   576   938 I AppsFilter: interaction: PackageSetting{945fe27 com.mediology.sinsinapp/10208} -> PackageSetting{913c402 com.android.systemui.emulation.pixel_6a/10045} BLOCKED
07-27 05:15:50.016   576   938 I AppsFilter: interaction: PackageSetting{945fe27 com.mediology.sinsinapp/10208} -> PackageSetting{eaf4113 com.android.systemui.emulation.pixel_7a/10034} BLOCKED
07-27 05:15:50.016   576   938 I AppsFilter: interaction: PackageSetting{945fe27 com.mediology.sinsinapp/10208} -> PackageSetting{e24af50 com.android.systemui.emulation.pixel_8a/10046} BLOCKED
07-27 05:15:50.016   576   938 I AppsFilter: interaction: PackageSetting{945fe27 com.mediology.sinsinapp/10208} -> PackageSetting{ae93549 com.google.android.settings.intelligence/10138} BLOCKED
07-27 05:15:50.016   576   938 I AppsFilter: interaction: PackageSetting{945fe27 com.mediology.sinsinapp/10208} -> PackageSetting{b4e87ee com.google.android.projection.gearhead/10136} BLOCKED
07-27 05:15:50.016   576   938 I AppsFilter: interaction: PackageSetting{945fe27 com.mediology.sinsinapp/10208} -> PackageSetting{2fe1e4e com.google.android.uwb.resources/10193} BLOCKED
07-27 05:15:50.016   576   938 I AppsFilter: interaction: PackageSetting{945fe27 com.mediology.sinsinapp/10208} -> PackageSetting{dee948f com.android.cts.ctsshim/10202} BLOCKED
07-27 05:15:50.016   576   938 I AppsFilter: interaction: PackageSetting{945fe27 com.mediology.sinsinapp/10208} -> PackageSetting{1c2db6f com.google.android.wifi.resources/10187} BLOCKED
07-27 05:15:50.016   576   938 I AppsFilter: interaction: PackageSetting{945fe27 com.mediology.sinsinapp/10208} -> PackageSetting{5ad707c com.google.android.wifi.dialog/10189} BLOCKED
07-27 05:15:50.016   576   938 I AppsFilter: interaction: PackageSetting{945fe27 com.mediology.sinsinapp/10208} -> PackageSetting{f06dd05 com.android.wallpaper/10174} BLOCKED
07-27 05:15:50.016   576   938 I AppsFilter: interaction: PackageSetting{945fe27 com.mediology.sinsinapp/10208} -> PackageSetting{421d15a com.google.android.apps.wallpaper/10180} BLOCKED
07-27 05:15:50.016   576   938 I AppsFilter: interaction: PackageSetting{945fe27 com.mediology.sinsinapp/10208} -> PackageSetting{5cbbf8b com.google.android.odad/10129} BLOCKED
07-27 05:15:50.016   576   938 I AppsFilter: interaction: PackageSetting{945fe27 com.mediology.sinsinapp/10208} -> PackageSetting{c9f1868 com.android.settings.auto_generated_rro_product__/10029} BLOCKED
07-27 05:15:50.016   576   938 I AppsFilter: interaction: PackageSetting{945fe27 com.mediology.sinsinapp/10208} -> PackageSetting{19d4481 com.android.systemui.emulation.pixel_9_pro_xl/10064} BLOCKED
07-27 05:15:50.016   576   938 I AppsFilter: interaction: PackageSetting{945fe27 com.mediology.sinsinapp/10208} -> PackageSetting{79ba926 com.android.companiondevicemanager.auto_generated_characteristics_rro/10056} BLOCKED
07-27 05:15:50.016   576   938 I AppsFilter: interaction: PackageSetting{945fe27 com.mediology.sinsinapp/10208} -> PackageSetting{434c967 com.android.internal.systemui.navbar.gestural/10059} BLOCKED
07-27 05:15:50.016   576   938 I AppsFilter: interaction: PackageSetting{945fe27 com.mediology.sinsinapp/10208} -> PackageSetting{c815314 com.google.android.apps.youtube.music/10158} BLOCKED
07-27 05:15:50.016   576   938 I AppsFilter: interaction: PackageSetting{945fe27 com.mediology.sinsinapp/10208} -> PackageSetting{fd8a7bd com.android.bluetoothmidiservice/10110} BLOCKED
07-27 05:15:50.016   576   938 I AppsFilter: interaction: PackageSetting{945fe27 com.mediology.sinsinapp/10208} -> PackageSetting{b8931b2 com.android.storagemanager.auto_generated_rro_product__/10083} BLOCKED
07-27 05:15:50.016   576   938 I AppsFilter: interaction: PackageSetting{945fe27 com.mediology.sinsinapp/10208} -> PackageSetting{83a9503 com.google.android.cellbroadcastreceiver/10200} BLOCKED
07-27 05:15:50.016   576   938 I AppsFilter: interaction: PackageSetting{945fe27 com.mediology.sinsinapp/10208} -> PackageSetting{daa8c80 com.android.phone.auto_generated_rro_product__/10055} BLOCKED
07-27 05:15:50.016   576   938 I AppsFilter: interaction: PackageSetting{945fe27 com.mediology.sinsinapp/10208} -> PackageSetting{36d02b9 com.android.systemui.emulation.pixel_9_pro_fold/10052} BLOCKED
07-27 05:15:50.016   576   938 I AppsFilter: interaction: PackageSetting{945fe27 com.mediology.sinsinapp/10208} -> PackageSetting{54b6fe android.auto_generated_rro_product__/10068} BLOCKED
07-27 05:15:50.016   576   938 I AppsFilter: interaction: PackageSetting{945fe27 com.mediology.sinsinapp/10208} -> PackageSetting{a477e5f com.google.android.inputmethod.latin/10165} BLOCKED
07-27 05:15:50.016   576   938 I AppsFilter: interaction: PackageSetting{945fe27 com.mediology.sinsinapp/10208} -> PackageSetting{56bf0ac android.auto_generated_rro_vendor__/10089} BLOCKED
07-27 05:15:50.016   576   938 I AppsFilter: interaction: PackageSetting{945fe27 com.mediology.sinsinapp/10208} -> PackageSetting{3521175 com.google.android.apps.restore/10135} BLOCKED
07-27 05:15:50.064  4088  4144 I cr_WVCFactoryProvider: Loaded version=124.0.6367.219 minSdkVersion=29 isBundle=false multiprocess=true packageId=2
07-27 05:15:50.064  4088  4143 D nativeloader: Load /data/app/~~T93ezTjbxBbsJRS8KOfcCA==/com.mediology.sinsinapp-3n8TehE9cPS1H3Ob-w8QRA==/base.apk!/lib/arm64-v8a/libworklets.so using ns clns-7 from class loader (caller=/data/app/~~T93ezTjbxBbsJRS8KOfcCA==/com.mediology.sinsinapp-3n8TehE9cPS1H3Ob-w8QRA==/base.apk!classes7.dex): ok
07-27 05:15:50.071  4088  4143 D nativeloader: Load /data/app/~~T93ezTjbxBbsJRS8KOfcCA==/com.mediology.sinsinapp-3n8TehE9cPS1H3Ob-w8QRA==/base.apk!/lib/arm64-v8a/libexpo-modules-core.so using ns clns-7 from class loader (caller=/data/app/~~T93ezTjbxBbsJRS8KOfcCA==/com.mediology.sinsinapp-3n8TehE9cPS1H3Ob-w8QRA==/base.apk!classes7.dex): ok
07-27 05:15:50.074  4088  4143 W BridgelessReactContext: [WARNING] Bridgeless doesn't support CatalystInstance. Accessing an API that's not part of the new architecture is not encouraged usage.
07-27 05:15:50.077  4088  4144 D nativeloader: Load /data/app/~~j7XrDrOBfyXPaChKgCOlKw==/com.google.android.trichromelibrary_636771932-1ZyTS55ZreAXcKmASSpIgQ==/TrichromeLibrary.apk!/lib/arm64-v8a/libmonochrome_64.so using ns clns-9 from class loader (caller=/data/app/~~V8jWnHimbv_0cN1Ql8RorQ==/com.google.android.webview-gLDEjhnufxgMNAFZ6rwrXQ==/WebViewGoogle.apk): ok
07-27 05:15:50.081  4088  4143 I ExpoModulesCore: ✅ JSI interop was installed
07-27 05:15:50.091  4088  4144 D nativeloader: Load /system/lib64/libwebviewchromium_plat_support.so using ns clns-9 from class loader (caller=/data/app/~~V8jWnHimbv_0cN1Ql8RorQ==/com.google.android.webview-gLDEjhnufxgMNAFZ6rwrXQ==/WebViewGoogle.apk): ok
07-27 05:15:50.095  4088  4143 I ExpoModulesCore: ✅ Constants were exported
07-27 05:15:50.125  4088  4152 E chromium: [0727/051550.116922:ERROR:variations_seed_loader.cc(37)] Seed missing signature.
07-27 05:15:50.127  4088  4152 I cr_VariationsUtils: Failed reading seed file "/data/user/0/com.mediology.sinsinapp/app_webview/variations_seed_new"
07-27 05:15:50.129  4088  4152 I chromium: [0727/051550.127854:INFO:variations_seed_loader.cc(66)] Failed to open file for reading.: No such file or directory (2)
07-27 05:15:50.129  4088  4152 I cr_VariationsUtils: Failed reading seed file "/data/user/0/com.mediology.sinsinapp/app_webview/variations_seed"
07-27 05:15:50.146  4088  4144 I cr_LibraryLoader: Successfully loaded native library
07-27 05:15:50.161  4088  4144 I cr_CachingUmaRecorder: Flushed 6 samples from 6 histograms, 0 samples were dropped.
07-27 05:15:50.179  4088  4143 W unknown:ViewManagerPropertyUpdater: Could not find generated setter for class com.reactnativekeyboardcontroller.OverKeyboardViewManager
07-27 05:15:50.183  4088  4143 W unknown:ViewManagerPropertyUpdater: Could not find generated setter for class com.reactnativekeyboardcontroller.views.overlay.OverKeyboardHostShadowNode
07-27 05:15:50.185  4088  4143 W unknown:ViewManagerPropertyUpdater: Could not find generated setter for class com.swmansion.rnscreens.ScreenFooterManager
07-27 05:15:50.185  4088  4143 W unknown:ViewManagerPropertyUpdater: Could not find generated setter for class com.facebook.react.uimanager.LayoutShadowNode
07-27 05:15:50.185  4088  4143 W unknown:ViewManagerPropertyUpdater: Could not find generated setter for class com.swmansion.rnscreens.gamma.tabs.TabScreenViewManager
07-27 05:15:50.187  4088  4143 W unknown:ViewManagerPropertyUpdater: Could not find generated setter for class expo.modules.kotlin.views.GroupViewManagerWrapper
07-27 05:15:50.187  4088  4096 W ology.sinsinapp: ApkAssets: Deleting an ApkAssets object '<empty> and /data/app/~~V8jWnHimbv_0cN1Ql8RorQ==/com.google.android.webview-gLDEjhnufxgMNAFZ6rwrXQ==/WebViewGoogle.apk' with 2 weak references
07-27 05:15:50.189  4088  4143 W unknown:ViewManagerPropertyUpdater: Could not find generated setter for class com.swmansion.rnscreens.ScreenContainerViewManager
07-27 05:15:50.190  4088  4143 W unknown:ViewManagerPropertyUpdater: Could not find generated setter for class com.reactnativecommunity.slider.ReactSliderManager
07-27 05:15:50.194  4088  4143 W unknown:ViewManagerPropertyUpdater: Could not find generated setter for class com.swmansion.rnscreens.gamma.tabs.TabsHostViewManager
07-27 05:15:50.196  4088  4143 W unknown:ViewManagerPropertyUpdater: Could not find generated setter for class com.swmansion.rnscreens.ModalScreenViewManager
07-27 05:15:50.197  4088  4143 W unknown:ViewManagerPropertyUpdater: Could not find generated setter for class com.teleport.portal.PortalViewManager
07-27 05:15:50.198  4088  4143 W unknown:ViewManagerPropertyUpdater: Could not find generated setter for class com.reactnativekeyboardcontroller.KeyboardGestureAreaViewManager
07-27 05:15:50.198  4088  4143 W unknown:ViewManagerPropertyUpdater: Could not find generated setter for class com.th3rdwave.safeareacontext.SafeAreaViewManager
07-27 05:15:50.198  4088  4143 W unknown:ViewManagerPropertyUpdater: Could not find generated setter for class com.th3rdwave.safeareacontext.SafeAreaViewShadowNode
07-27 05:15:50.199  4088  4143 W unknown:ViewManagerPropertyUpdater: Could not find generated setter for class com.swmansion.rnscreens.safearea.SafeAreaViewManager
07-27 05:15:50.200  4088  4143 W unknown:ViewManagerPropertyUpdater: Could not find generated setter for class com.swmansion.rnscreens.safearea.paper.SafeAreaViewShadowNode
07-27 05:15:50.201  4088  4143 W unknown:ViewManagerPropertyUpdater: Could not find generated setter for class com.swmansion.rnscreens.ScreenViewManager
07-27 05:15:50.203  4088  4143 W unknown:ViewManagerPropertyUpdater: Could not find generated setter for class expo.modules.kotlin.views.SimpleViewManagerWrapper
07-27 05:15:50.203  4088  4143 W unknown:ViewManagerPropertyUpdater: Could not find generated setter for class com.reactnativemenu.MenuViewManager
07-27 05:15:50.205  4088  4143 W unknown:ViewManagerPropertyUpdater: Could not find generated setter for class com.swmansion.rnscreens.ScreenStackViewManager
07-27 05:15:50.205  4088  4156 D TrafficStats: tagSocket(146) with statsTag=0xffffffff, statsUid=-1
07-27 05:15:50.205  4088  4143 W unknown:ViewManagerPropertyUpdater: Could not find generated setter for class com.th3rdwave.safeareacontext.SafeAreaProviderManager
07-27 05:15:50.205  4088  4143 W unknown:ViewManagerPropertyUpdater: Could not find generated setter for class com.swmansion.rnscreens.SearchBarManager
07-27 05:15:50.209  4088  4143 W unknown:ViewManagerPropertyUpdater: Could not find generated setter for class com.iosutilities.IosUtilitiesViewManager
07-27 05:15:50.209  4088  4143 W unknown:ViewManagerPropertyUpdater: Could not find generated setter for class com.teleport.host.PortalHostViewManager
07-27 05:15:50.210  4088  4143 W unknown:ViewManagerPropertyUpdater: Could not find generated setter for class com.reactnativecommunity.webview.RNCWebViewManager
07-27 05:15:50.213  4088  4143 W unknown:ViewManagerPropertyUpdater: Could not find generated setter for class com.reactnativekeyboardcontroller.KeyboardControllerViewManager
07-27 05:15:50.213  4088  4143 W unknown:ViewManagerPropertyUpdater: Could not find generated setter for class com.swmansion.rnscreens.ScreenStackHeaderConfigViewManager
07-27 05:15:50.213  4088  4143 W unknown:ViewManagerPropertyUpdater: Could not find generated setter for class com.swmansion.rnscreens.ScreenContentWrapperManager
07-27 05:15:50.214  4088  4143 W unknown:ViewManagerPropertyUpdater: Could not find generated setter for class com.swmansion.rnscreens.gamma.stack.host.StackHostViewManager
07-27 05:15:50.214  4088  4143 W unknown:ViewManagerPropertyUpdater: Could not find generated setter for class com.reactnativegooglesignin.RNGoogleSigninButtonViewManager
07-27 05:15:50.214  4088  4143 W unknown:ViewManagerPropertyUpdater: Could not find generated setter for class com.swmansion.rnscreens.ScreenStackHeaderSubviewManager
07-27 05:15:50.215  4088  4143 W unknown:ViewManagerPropertyUpdater: Could not find generated setter for class com.swmansion.rnscreens.gamma.stack.screen.StackScreenViewManager
07-27 05:15:50.216  4088  4143 W unknown:ViewManagerPropertyUpdater: Could not find generated setter for class com.reactnativekeyboardcontroller.KeyboardBackgroundViewManager
07-27 05:15:50.262   576   607 W IPCThreadState: Sending oneway calls to frozen process.
07-27 05:15:50.267  4088  4143 W unknown:ViewManagerPropertyUpdater: Could not find generated setter for class com.horcrux.svg.RenderableViewManager$DefsViewManager
07-27 05:15:50.267  4088  4143 W unknown:ViewManagerPropertyUpdater: Could not find generated setter for class com.horcrux.svg.VirtualViewManager$RenderableShadowNode
07-27 05:15:50.272  4088  4143 W unknown:ViewManagerPropertyUpdater: Could not find generated setter for class com.facebook.react.views.debuggingoverlay.DebuggingOverlayManager
07-27 05:15:50.277  4088  4143 W unknown:ViewManagerPropertyUpdater: Could not find generated setter for class com.horcrux.svg.RenderableViewManager$FeMergeManager
07-27 05:15:50.283  4088  4143 W unknown:ViewManagerPropertyUpdater: Could not find generated setter for class com.facebook.react.views.safeareaview.ReactSafeAreaViewManager
07-27 05:15:50.286  4088  4143 W unknown:ViewManagerPropertyUpdater: Could not find generated setter for class com.horcrux.svg.RenderableViewManager$LinearGradientManager
07-27 05:15:50.292  4088  4143 W unknown:ViewManagerPropertyUpdater: Could not find generated setter for class com.horcrux.svg.RenderableViewManager$FeGaussianBlurManager
07-27 05:15:50.298  4088  4143 W unknown:ViewManagerPropertyUpdater: Could not find generated setter for class com.facebook.react.views.progressbar.ReactProgressBarViewManager
07-27 05:15:50.298  4088  4143 W unknown:ViewManagerPropertyUpdater: Could not find generated setter for class com.facebook.react.views.progressbar.ProgressBarShadowNode
07-27 05:15:50.304  4088  4143 W unknown:ViewManagerPropertyUpdater: Could not find generated setter for class com.facebook.react.views.scroll.ReactHorizontalScrollViewManager
07-27 05:15:50.313  4088  4143 W unknown:ViewManagerPropertyUpdater: Could not find generated setter for class com.facebook.react.views.text.ReactTextViewManager
07-27 05:15:50.314  4088  4143 W unknown:ViewManagerPropertyUpdater: Could not find generated setter for class com.facebook.react.views.text.ReactTextShadowNode
07-27 05:15:50.321  4088  4143 W unknown:ViewManagerPropertyUpdater: Could not find generated setter for class com.horcrux.svg.RenderableViewManager$FeColorMatrixManager
07-27 05:15:50.326  4088  4143 W unknown:ViewManagerPropertyUpdater: Could not find generated setter for class com.facebook.react.views.scroll.ReactHorizontalScrollContainerViewManager
07-27 05:15:50.332  4088  4143 W unknown:ViewManagerPropertyUpdater: Could not find generated setter for class com.horcrux.svg.RenderableViewManager$ClipPathViewManager
07-27 05:15:50.337  4088  4143 W unknown:ViewManagerPropertyUpdater: Could not find generated setter for class com.horcrux.svg.RenderableViewManager$SymbolManager
07-27 05:15:50.341  4088  4143 W unknown:ViewManagerPropertyUpdater: Could not find generated setter for class com.horcrux.svg.RenderableViewManager$PatternManager
07-27 05:15:50.347  4088  4143 W unknown:ViewManagerPropertyUpdater: Could not find generated setter for class com.horcrux.svg.RenderableViewManager$FeBlendManager
07-27 05:15:50.349  4088  4143 W unknown:ViewManagerPropertyUpdater: Could not find generated setter for class com.facebook.react.views.view.ReactViewManager
07-27 05:15:50.354  4088  4143 W unknown:ViewManagerPropertyUpdater: Could not find generated setter for class com.horcrux.svg.SvgViewManager
07-27 05:15:50.357  4088  4143 W unknown:ViewManagerPropertyUpdater: Could not find generated setter for class com.facebook.react.views.switchview.ReactSwitchManager
07-27 05:15:50.359  4088  4143 W unknown:ViewManagerPropertyUpdater: Could not find generated setter for class com.facebook.react.views.switchview.ReactSwitchShadowNode
07-27 05:15:50.362  4088  4143 W unknown:ViewManagerPropertyUpdater: Could not find generated setter for class com.horcrux.svg.RenderableViewManager$UseViewManager
07-27 05:15:50.364  4088  4143 W unknown:ViewManagerPropertyUpdater: Could not find generated setter for class com.horcrux.svg.RenderableViewManager$CircleViewManager
07-27 05:15:50.367  4088  4143 W unknown:ViewManagerPropertyUpdater: Could not find generated setter for class com.horcrux.svg.RenderableViewManager$TSpanViewManager
07-27 05:15:50.370  4088  4143 W unknown:ViewManagerPropertyUpdater: Could not find generated setter for class com.horcrux.svg.RenderableViewManager$FilterManager
07-27 05:15:50.372  4088  4143 W unknown:ViewManagerPropertyUpdater: Could not find generated setter for class com.horcrux.svg.RenderableViewManager$MarkerManager
07-27 05:15:50.378  4088  4143 W unknown:ViewManagerPropertyUpdater: Could not find generated setter for class com.swmansion.gesturehandler.react.RNGestureHandlerButtonViewManager
07-27 05:15:50.380  4088  4143 W unknown:ViewManagerPropertyUpdater: Could not find generated setter for class com.facebook.react.views.modal.ReactModalHostManager
07-27 05:15:50.382  4088  4143 W unknown:ViewManagerPropertyUpdater: Could not find generated setter for class com.horcrux.svg.RenderableViewManager$ForeignObjectManager
07-27 05:15:50.386  4088  4143 W unknown:ViewManagerPropertyUpdater: Could not find generated setter for class com.horcrux.svg.RenderableViewManager$EllipseViewManager
07-27 05:15:50.389  4088  4143 W unknown:ViewManagerPropertyUpdater: Could not find generated setter for class com.horcrux.svg.RenderableViewManager$LineViewManager
07-27 05:15:50.393  4088  4143 W unknown:ViewManagerPropertyUpdater: Could not find generated setter for class com.facebook.react.views.text.frescosupport.FrescoBasedReactTextInlineImageViewManager
07-27 05:15:50.393  4088  4143 W unknown:ViewManagerPropertyUpdater: Could not find generated setter for class com.facebook.react.views.text.frescosupport.FrescoBasedReactTextInlineImageShadowNode
07-27 05:15:50.396  4088  4143 W unknown:ViewManagerPropertyUpdater: Could not find generated setter for class com.horcrux.svg.RenderableViewManager$FeFloodManager
07-27 05:15:50.398  4088  4143 W unknown:ViewManagerPropertyUpdater: Could not find generated setter for class com.horcrux.svg.RenderableViewManager$GroupViewManager
07-27 05:15:50.402  4088  4143 W unknown:ViewManagerPropertyUpdater: Could not find generated setter for class com.horcrux.svg.RenderableViewManager$TextViewManager
07-27 05:15:50.405  4088  4143 W unknown:ViewManagerPropertyUpdater: Could not find generated setter for class com.horcrux.svg.RenderableViewManager$ImageViewManager
07-27 05:15:50.407  4088  4143 W unknown:ViewManagerPropertyUpdater: Could not find generated setter for class com.horcrux.svg.RenderableViewManager$FeCompositeManager
07-27 05:15:50.410  4088  4143 W unknown:ViewManagerPropertyUpdater: Could not find generated setter for class com.facebook.react.views.image.ReactImageManager
07-27 05:15:50.413  4088  4143 W unknown:ViewManagerPropertyUpdater: Could not find generated setter for class com.horcrux.svg.RenderableViewManager$RadialGradientManager
07-27 05:15:50.415  4088  4143 W unknown:ViewManagerPropertyUpdater: Could not find generated setter for class com.horcrux.svg.RenderableViewManager$MaskManager
07-27 05:15:50.416  4088  4143 W unknown:ViewManagerPropertyUpdater: Could not find generated setter for class com.facebook.react.views.unimplementedview.ReactUnimplementedViewManager
07-27 05:15:50.418  4088  4143 W unknown:ViewManagerPropertyUpdater: Could not find generated setter for class com.horcrux.svg.RenderableViewManager$RectViewManager
07-27 05:15:50.422  4088  4143 W unknown:ViewManagerPropertyUpdater: Could not find generated setter for class com.horcrux.svg.RenderableViewManager$TextPathViewManager
07-27 05:15:50.429  4088  4143 W unknown:ViewManagerPropertyUpdater: Could not find generated setter for class com.facebook.react.views.scroll.ReactScrollViewManager
07-27 05:15:50.433  4088  4143 W unknown:ViewManagerPropertyUpdater: Could not find generated setter for class com.horcrux.svg.RenderableViewManager$FeOffsetManager
07-27 05:15:50.441  4088  4143 W unknown:ViewManagerPropertyUpdater: Could not find generated setter for class com.horcrux.svg.RenderableViewManager$PathViewManager
07-27 05:15:50.447  4088  4143 W unknown:ViewManagerPropertyUpdater: Could not find generated setter for class com.facebook.react.views.drawer.ReactDrawerLayoutManager
07-27 05:15:50.457  4088  4143 W unknown:ViewManagerPropertyUpdater: Could not find generated setter for class com.facebook.react.views.swiperefresh.SwipeRefreshLayoutManager
07-27 05:15:50.467  4088  4143 W unknown:ViewManagerPropertyUpdater: Could not find generated setter for class com.facebook.react.views.textinput.ReactTextInputManager
07-27 05:15:50.468  4088  4143 W unknown:ViewManagerPropertyUpdater: Could not find generated setter for class com.facebook.react.views.textinput.ReactTextInputShadowNode
07-27 05:15:50.473  4088  4143 W unknown:ViewManagerPropertyUpdater: Could not find generated setter for class com.swmansion.gesturehandler.react.RNGestureHandlerRootViewManager
07-27 05:15:50.524  4088  4156 D TrafficStats: tagSocket(146) with statsTag=0xffffffff, statsUid=-1
07-27 05:15:50.614   576   607 W IPCThreadState: Sending oneway calls to frozen process.
07-27 05:15:50.679  4088  4143 D nativeloader: Load /data/app/~~T93ezTjbxBbsJRS8KOfcCA==/com.mediology.sinsinapp-3n8TehE9cPS1H3Ob-w8QRA==/base.apk!/lib/arm64-v8a/librnscreens.so using ns clns-7 from class loader (caller=/data/app/~~T93ezTjbxBbsJRS8KOfcCA==/com.mediology.sinsinapp-3n8TehE9cPS1H3Ob-w8QRA==/base.apk!classes2.dex): ok
07-27 05:15:50.739  4088  4143 I ReactNativeJS: Running "main" with {"rootTag":1,"initialProps":{},"fabric":true}
07-27 05:15:50.822  4088  4157 D TrafficStats: tagSocket(132) with statsTag=0xffffffff, statsUid=-1
07-27 05:15:50.978  4088  4143 D nativeloader: Load /data/app/~~T93ezTjbxBbsJRS8KOfcCA==/com.mediology.sinsinapp-3n8TehE9cPS1H3Ob-w8QRA==/base.apk!/lib/arm64-v8a/libreanimated.so using ns clns-7 from class loader (caller=/data/app/~~T93ezTjbxBbsJRS8KOfcCA==/com.mediology.sinsinapp-3n8TehE9cPS1H3Ob-w8QRA==/base.apk!classes7.dex): ok
07-27 05:15:51.011  4088  4143 W ReactNativeJS: '[Reanimated] Reduced motion setting is enabled on this device. This warning is visible only in the development mode. Some animations will be disabled by default. You can override the behavior for individual animations, see https://docs.swmansion.com/react-native-reanimated/docs/guides/troubleshooting#reduced-motion-setting-is-enabled-on-this-device.', { [Stack] name: 'Stack' }
07-27 05:15:51.226  1044  3895 I NearbyMediums: No BLE Fast/GATT advertisements found in the latest cycle.
07-27 05:15:51.401   576  1307 D OomAdjuster: Not killing cached processes
07-27 05:15:51.403  1571  1571 D BoundBrokerSvc: onBind: Intent { act=com.google.android.gms.auth.api.signin.service.START pkg=com.google.android.gms }
07-27 05:15:51.403  1571  1571 D BoundBrokerSvc: Loading bound service for intent: Intent { act=com.google.android.gms.auth.api.signin.service.START pkg=com.google.android.gms }
07-27 05:15:51.416  1571  2332 W Auth.Api.SignIn: [Service,SignInChimeraService] **************************** WARNING ***************************
07-27 05:15:51.416  1571  2332 W Auth.Api.SignIn: You are using the deprecated legacy Google Sign-In APIs from
07-27 05:15:51.416  1571  2332 W Auth.Api.SignIn: play-services-auth SDK. Please migrate to the Credential Manager
07-27 05:15:51.416  1571  2332 W Auth.Api.SignIn: APIs, see https://goo.gle/gsi-migration.
07-27 05:15:51.416  1571  2332 W Auth.Api.SignIn: ****************************************************************
07-27 05:15:51.441  4088  4143 W ReactNativeJS: 'Require cycle: src/services/index.ts -> src/services/data/index.ts -> src/services/data/bloodMetricsService.ts -> src/services/index.ts\n\nRequire cycles are allowed, but can result in uninitialized values. Consider refactoring to remove the need for a cycle.', { [Stack] name: 'Stack' }
07-27 05:15:51.510   576  1500 E TaskPersister: File error accessing recents directory (directory doesn't exist?).
07-27 05:15:51.538  4088  4143 W ReactNativeJS: 'Warning: Must call import \'@tamagui/native/setup-zeego\' at your app entry point to use native menus', { [Stack] name: 'Stack' }
07-27 05:15:51.541  4088  4143 W ReactNativeJS: 'Warning: Must call import \'@tamagui/native/setup-zeego\' at your app entry point to use native menus', { [Stack] name: 'Stack' }
07-27 05:15:52.758  4088  4088 I ThemedReactContext: KeyboardController::windowDidResize
07-27 05:15:52.761  4088  4088 I ReactNative: [GESTURE HANDLER] Initialize gesture handler for root view com.facebook.react.runtime.ReactSurfaceView{2e0c448 V.E...... .......D 0,0-1080,2400 #1}
07-27 05:15:52.862  4088  4161 D ProfileInstaller: Installing profile for com.mediology.sinsinapp
07-27 05:15:52.879  4088  4162 D TrafficStats: tagSocket(161) with statsTag=0xffffffff, statsUid=-1
07-27 05:15:52.896  4088  4162 D TrafficStats: tagSocket(168) with statsTag=0xffffffff, statsUid=-1
07-27 05:15:52.899  4088  4143 D nativeloader: Load /data/app/~~T93ezTjbxBbsJRS8KOfcCA==/com.mediology.sinsinapp-3n8TehE9cPS1H3Ob-w8QRA==/base.apk!/lib/arm64-v8a/libgesturehandler.so using ns clns-7 from class loader (caller=/data/app/~~T93ezTjbxBbsJRS8KOfcCA==/com.mediology.sinsinapp-3n8TehE9cPS1H3Ob-w8QRA==/base.apk!classes7.dex): ok
07-27 05:15:52.899  4088  4143 D jni_lib_merge: Entering merged library JNI_OnLoad.
07-27 05:15:52.899  4088  4143 D jni_lib_merge: Preparing 12 pre-merged libs (including stub)
07-27 05:15:52.899  4088  4143 D jni_lib_merge: Preparing to register libfabricjni_so.  onload_func: 0x7b8a1d6a5c
07-27 05:15:52.899  4088  4143 D jni_lib_merge: Preparing to register libreact_devsupportjni_so.  onload_func: 0x7b8a3f3720
07-27 05:15:52.899  4088  4143 D jni_lib_merge: Preparing to register libreact_featureflagsjni_so.  onload_func: 0x7b8a405f88
07-27 05:15:52.899  4088  4143 D jni_lib_merge: Preparing to register libreact_newarchdefaults_so.  onload_func: 0x7b8a4ab320
07-27 05:15:52.899  4088  4143 D jni_lib_merge: Preparing to register libreactnativeblob_so.  onload_func: 0x7b8a6bd4c4
07-27 05:15:52.899  4088  4143 D jni_lib_merge: Preparing to register libreactnativejni_so.  onload_func: 0x7b8a700438
07-27 05:15:52.899  4088  4143 D jni_lib_merge: Preparing to register libreactnativejni_common_so.  onload_func: 0x7b8a710e2c
07-27 05:15:52.899  4088  4143 D jni_lib_merge: Preparing to register librninstance_so.  onload_func: 0x7b8a75ac58
07-27 05:15:52.899  4088  4143 D jni_lib_merge: Preparing to register libturbomodulejsijni_so.  onload_func: 0x7b8a8b7d60
07-27 05:15:52.899  4088  4143 D jni_lib_merge: Preparing to register libuimanagerjni_so.  onload_func: 0x7b8a8d0b00
07-27 05:15:52.899  4088  4143 D jni_lib_merge: Preparing to register libyoga_so.  onload_func: 0x7b8a8e0584
07-27 05:15:52.899  4088  4143 D jni_lib_merge: About to register 11 actual methods.
07-27 05:15:53.216  4088  4088 W [RNScreens]: backTitleFontFamily prop is not available on Android
07-27 05:15:53.216  4088  4088 W [RNScreens]: disableBackButtonMenu prop is not available on Android
07-27 05:15:53.216  4088  4088 W [RNScreens]: topInsetEnabled prop is not available on Android
07-27 05:15:53.216  4088  4088 W [RNScreens]: backTitleVisible prop is not available on Android
07-27 05:15:53.216  4088  4088 W [RNScreens]: largeTitleHideShadow prop is not available on Android
07-27 05:15:53.216  4088  4088 W [RNScreens]: largeTitleFontWeight prop is not available on Android
07-27 05:15:53.216  4088  4088 W [RNScreens]: userInterfaceStyle prop is not available on Android
07-27 05:15:53.216  4088  4088 W [RNScreens]: largeTitleFontFamily prop is not available on Android
07-27 05:15:53.501  4088  4143 D CompatChangeReporter: Compat change id reported: 303326708; UID 10208; state: ENABLED
07-27 05:15:53.605  4088  4143 I ReactNativeJS: ┘ [tamagui] Warning: missing token backgroundColor in category color - $gray4 (open for details)
07-27 05:15:53.605  4088  4143 I ReactNativeJS: │ Note: this could just be due to you not setting all the theme tokens Tamagui expects, which is harmless, but
07-27 05:15:53.605  4088  4143 I ReactNativeJS:                     it also often can be because you have a duplicated Tamagui in your bundle, which can cause tricky bugs.
07-27 05:15:53.605  4088  4143 I ReactNativeJS: │ To see if you have duplicated dependencies, in Chrome DevTools hit CMD+P and type TamaguiProvider.
07-27 05:15:53.605  4088  4143 I ReactNativeJS:                     If you see both a .cjs and a .mjs entry, it's duplicated.
07-27 05:15:53.606  4088  4143 I ReactNativeJS: │ You can debug that issue by opening the .mjs and .cjs files and setting a breakpoint at the top of each.
07-27 05:15:53.606  4088  4143 I ReactNativeJS: │ We only log this warning one time as it's sometimes harmless, to disable this log entirely set process.env.TAMAGUI_DISABLE_MISSING_TOKEN_LOG=1.
07-27 05:15:53.606  4088  4143 I ReactNativeJS: ┘ 
07-27 05:15:53.611  4088  4088 W ology.sinsinapp: Accessing hidden field Landroid/widget/ScrollView;->mScroller:Landroid/widget/OverScroller; (unsupported, reflection, allowed)
07-27 05:15:53.629  4088  4088 W ology.sinsinapp: Accessing hidden field Landroid/widget/HorizontalScrollView;->mScroller:Landroid/widget/OverScroller; (unsupported, reflection, allowed)
07-27 05:15:53.681  4088  4088 W [RNScreens]: backTitleFontFamily prop is not available on Android
07-27 05:15:53.681  4088  4088 W [RNScreens]: disableBackButtonMenu prop is not available on Android
07-27 05:15:53.681  4088  4088 W [RNScreens]: topInsetEnabled prop is not available on Android
07-27 05:15:53.681  4088  4088 W [RNScreens]: backTitleVisible prop is not available on Android
07-27 05:15:53.681  4088  4088 W [RNScreens]: largeTitleHideShadow prop is not available on Android
07-27 05:15:53.681  4088  4088 W [RNScreens]: largeTitleFontWeight prop is not available on Android
07-27 05:15:53.681  4088  4088 W [RNScreens]: userInterfaceStyle prop is not available on Android
07-27 05:15:53.681  4088  4088 W [RNScreens]: largeTitleFontFamily prop is not available on Android
07-27 05:15:53.912  4088  4115 D EGL_emulation: app_time_stats: avg=625.12ms min=10.26ms max=3599.01ms count=8
07-27 05:15:53.991  4088  4165 D nativeloader: Load /data/app/~~T93ezTjbxBbsJRS8KOfcCA==/com.mediology.sinsinapp-3n8TehE9cPS1H3Ob-w8QRA==/base.apk!/lib/arm64-v8a/libimagepipeline.so using ns clns-7 from class loader (caller=/data/app/~~T93ezTjbxBbsJRS8KOfcCA==/com.mediology.sinsinapp-3n8TehE9cPS1H3Ob-w8QRA==/base.apk!classes7.dex): ok
07-27 05:15:54.032  4088  4088 D RenderScript HIDL Adaptation: IRenderScriptDevice::getService()
07-27 05:15:54.033   158   158 I hwservicemanager: getTransport: Cannot find entry android.hardware.renderscript@1.0::IDevice/default in either framework or device VINTF manifest.
07-27 05:15:54.033  4088  4088 D RenderScript HIDL Adaptation: IRenderScriptDevice::getService() returned 0x0
07-27 05:15:54.033  4088  4088 D RenderScript HIDL Adaptation: Using Fallback Path.
07-27 05:15:54.102  4088  4088 D ology.sinsinapp: Successfully queried cache dir: /data/user_de/0/com.mediology.sinsinapp/code_cache
07-27 05:15:54.102  4088  4088 D RenderScript: Setting cache dir: /data/user_de/0/com.mediology.sinsinapp/code_cache
07-27 05:15:54.460  4088  4094 I ology.sinsinapp: NativeAlloc concurrent mark compact GC freed 3259KB AllocSpace bytes, 18(4104KB) LOS objects, 50% free, 16MB/32MB, paused 439us,2.030ms total 133.450ms
07-27 05:15:54.468  4088  4096 W System  : A resource failed to call destroy. 
07-27 05:15:54.838   443   443 W adbd    : timeout expired while flushing socket, closing
07-27 05:15:54.919  4088  4115 D EGL_emulation: app_time_stats: avg=53.15ms min=1.66ms max=318.12ms count=16
07-27 05:15:55.251   443   443 W adbd    : timeout expired while flushing socket, closing
07-27 05:15:55.264  4088  4144 W com.reactnativekeyboardcontroller.modules.statusbar.StatusBarManagerCompatModuleImpl: StatusBarModule: Ignored status bar change, current activity is edge-to-edge.
07-27 05:15:55.264  4088  4144 W com.reactnativekeyboardcontroller.modules.statusbar.StatusBarManagerCompatModuleImpl: StatusBarModule: Ignored status bar change, current activity is edge-to-edge.
07-27 05:15:55.270  4088  4088 I ThemedReactContext: KeyboardController::layoutDidSynchronize
07-27 05:15:55.289  4088  4162 D TrafficStats: tagSocket(161) with statsTag=0xffffffff, statsUid=-1
07-27 05:15:55.303  4088  4143 I ReactNativeJS: '[api]', 'GET', '/notices/active-popup', undefined, 'Network Error'
07-27 05:15:55.326  4088  4088 W [RNScreens]: backTitleFontFamily prop is not available on Android
07-27 05:15:55.326  4088  4088 W [RNScreens]: disableBackButtonMenu prop is not available on Android
07-27 05:15:55.326  4088  4088 W [RNScreens]: topInsetEnabled prop is not available on Android
07-27 05:15:55.326  4088  4088 W [RNScreens]: backTitleVisible prop is not available on Android
07-27 05:15:55.326  4088  4088 W [RNScreens]: largeTitleHideShadow prop is not available on Android
07-27 05:15:55.326  4088  4088 W [RNScreens]: largeTitleFontWeight prop is not available on Android
07-27 05:15:55.326  4088  4088 W [RNScreens]: userInterfaceStyle prop is not available on Android
07-27 05:15:55.326  4088  4088 W [RNScreens]: largeTitleFontFamily prop is not available on Android
07-27 05:15:55.333  4088  4088 W [RNScreens]: backTitleFontFamily prop is not available on Android
07-27 05:15:55.333  4088  4088 W [RNScreens]: disableBackButtonMenu prop is not available on Android
07-27 05:15:55.333  4088  4088 W [RNScreens]: topInsetEnabled prop is not available on Android
07-27 05:15:55.333  4088  4088 W [RNScreens]: backTitleVisible prop is not available on Android
07-27 05:15:55.333  4088  4088 W [RNScreens]: largeTitleHideShadow prop is not available on Android
07-27 05:15:55.333  4088  4088 W [RNScreens]: largeTitleFontWeight prop is not available on Android
07-27 05:15:55.333  4088  4088 W [RNScreens]: userInterfaceStyle prop is not available on Android
07-27 05:15:55.333  4088  4088 W [RNScreens]: largeTitleFontFamily prop is not available on Android
07-27 05:15:55.461   820  1047 D EGL_emulation: app_time_stats: avg=6363.84ms min=6363.84ms max=6363.84ms count=1
07-27 05:15:56.018  4088  4115 D EGL_emulation: app_time_stats: avg=50.19ms min=10.73ms max=136.72ms count=19
07-27 05:15:56.341   443   443 W adbd    : timeout expired while flushing socket, closing
07-27 05:15:56.570   576   938 D OomAdjuster: Not killing cached processes
07-27 05:15:56.658  1571  1571 D BoundBrokerSvc: onUnbind: Intent { act=com.google.android.gms.auth.service.START pkg=com.google.android.gms }
07-27 05:15:58.156   576   674 D ActivityManager: freezing 1558 com.google.android.googlequicksearchbox:search
07-27 05:15:58.997  4088  4115 D EGL_emulation: app_time_stats: avg=734.78ms min=29.86ms max=2775.52ms count=4
07-27 05:16:00.037   820  1047 D EGL_emulation: app_time_stats: avg=2287.86ms min=31.66ms max=4544.06ms count=2
07-27 05:16:00.042  1436  1698 I AiAiEcho: Predicting[0]:  [CONTEXT sampling_count=5 ]
07-27 05:16:00.042  1436  1698 I AiAiEcho: EchoTargets: 
07-27 05:16:00.042  1436  1698 I AiAiEcho: Filtered by AiAi flag check: 
07-27 05:16:00.042  1436  1698 I AiAiEcho: [CONTEXT ratelimit_period="10 SECONDS" ]
07-27 05:16:00.042  1436  1698 I AiAiEcho: Ranked targets strategy: SORT, count: 0, ranking metadata:  [CONTEXT ratelimit_period="10 SECONDS" ]
07-27 05:16:00.043  1436  1698 I AiAiEcho: #remoteViewsTwiddler: feature disabled.
07-27 05:16:00.043  1436  1698 I AiAiEcho: Predicting[0]:  [CONTEXT sampling_count=5 ]
07-27 05:16:00.043  1436  1698 I AiAiEcho: EchoTargets: 
07-27 05:16:00.043  1436  1698 I AiAiEcho: Filtered by AiAi flag check: 
07-27 05:16:00.043  1436  1698 I AiAiEcho: [CONTEXT ratelimit_period="10 SECONDS" ]
07-27 05:16:00.043  1436  1698 I AiAiEcho: Ranked targets strategy: SORT, count: 0, ranking metadata:  [CONTEXT ratelimit_period="10 SECONDS" ]
07-27 05:16:00.043  1436  1698 I AiAiEcho: #remoteViewsTwiddler: feature disabled.
07-27 05:16:00.063  1436  1698 I AiAiEcho: #postPredictionTargets: Sending updates to UISurface lockscreen with targets# 0 (types=[])
07-27 05:16:00.064  1436  1698 I AiAiEcho: #postPredictionTargets: Sending updates to UISurface home with targets# 0 (types=[])
07-27 05:16:00.064   820   820 W PageIndicator: Total number of pages invalid: 0. Assuming 1 page.
07-27 05:16:00.067  1306  1306 D SsBaseTemplateCard: No text view can be set up
07-27 05:16:00.068  1306  1306 D SsBaseTemplateCard: Passed-in item info is null
07-27 05:16:00.068  1306  1306 D SsBaseTemplateCard: Passed-in item info is null
07-27 05:16:00.068  1306  1306 D SsBaseTemplateCard: Passed-in item info is null
07-27 05:16:00.068  1306  1306 I SsBaseTemplateCard: Secondary card pane is null
07-27 05:16:01.228  1044  3895 I NearbyMediums: No BLE Fast/GATT advertisements found in the latest cycle.
07-27 05:16:01.546   576   938 W InputManager-JNI: Input channel object 'be39cd2 PopupWindow:bea95e (client)' was disposed without first being removed with the input manager!
07-27 05:16:01.770  4179  4179 W BpBinder: Linking to death on android.gui.ISurfaceComposer but there are no threads (yet?) listening to incoming transactions. See ProcessState::startThreadPool and ProcessState::setThreadPoolMaxThreadCount. Generally you should setup the binder threadpool before other initialization steps.
07-27 05:16:01.771  4179  4179 W ProcessState: Extra binder thread started, but 0 threads requested. Do not use *startThreadPool when zero threads are requested.
07-27 05:16:01.783   158   158 I hwservicemanager: getTransport: Cannot find entry android.hardware.graphics.mapper@4.0::IMapper/default in either framework or device VINTF manifest.
07-27 05:16:01.783  4179  4180 I Gralloc4: mapper 4.x is not supported
07-27 05:16:01.786   157   157 I servicemanager: Caller(pid=4179,uid=2000,sid=u:r:shell:s0) Could not find android.hardware.graphics.allocator.IAllocator/default in the VINTF manifest. No alternative instances declared in VINTF.
07-27 05:16:02.084  4181  4181 D AndroidRuntime: >>>>>> START com.android.internal.os.RuntimeInit uid 2000 <<<<<<
07-27 05:16:02.101  4181  4181 I AndroidRuntime: Using default boot image
07-27 05:16:02.102  4181  4181 I AndroidRuntime: Leaving lock profiling enabled
07-27 05:16:02.111  4181  4181 I app_process: Core platform API reporting enabled, enforcing=false
07-27 05:16:02.112  4181  4181 I app_process: Using CollectorTypeCMC GC.
07-27 05:16:02.137   576   593 D CoreBackPreview: Window{43ab41e u0 PopupWindow:8d9625b}: Setting back callback OnBackInvokedCallbackInfo{mCallback=android.window.IOnBackInvokedCallback$Stub$Proxy@74602cc, mPriority=0, mIsAnimationCallback=false}
07-27 05:16:02.207  4088  4088 W WindowOnBackDispatcher: sendCancelIfRunning: isInProgress=false callback=android.view.ViewRootImpl$$ExternalSyntheticLambda11@3608636
07-27 05:16:02.210   576   593 D CoreBackPreview: Window{43ab41e u0 PopupWindow:8d9625b}: Setting back callback null
07-27 05:16:02.210   576   938 W InputManager-JNI: Input channel object '43ab41e PopupWindow:8d9625b (client)' was disposed without first being removed with the input manager!
07-27 05:16:02.346  4181  4181 D nativeloader: InitDefaultPublicLibraries for_preload=1: libandroid.so:libaaudio.so:libamidi.so:libbinder_ndk.so:libc.so:libcamera2ndk.so:libdl.so:libEGL.so:libGLESv1_CM.so:libGLESv2.so:libGLESv3.so:libicu.so:libicui18n.so:libicuuc.so:libjnigraphics.so:liblog.so:libmediandk.so:libm.so:libnativehelper.so:libnativewindow.so:libOpenMAXAL.so:libOpenSLES.so:libRS.so:libstdc++.so:libsync.so:libvulkan.so:libwebviewchromium_plat_support.so:libz.so
07-27 05:16:02.358  4181  4181 D nativeloader: Load libicu_jni.so using APEX ns com_android_art for caller /apex/com.android.art/javalib/core-oj.jar: ok
07-27 05:16:02.358  4181  4181 D app_process: u_setTimeZoneFilesDirectory("/apex/com.android.tzdata/etc/tz/versioned/8/icu") succeeded. 
07-27 05:16:02.358  4181  4181 D app_process: I18n APEX ICU file found: /apex/com.android.i18n/etc/icu/icudt75l.dat
07-27 05:16:02.364  4181  4181 D nativeloader: Load libjavacore.so using APEX ns com_android_art for caller /apex/com.android.art/javalib/core-oj.jar: ok
07-27 05:16:02.367  4181  4181 D nativeloader: Load libopenjdk.so using APEX ns com_android_art for caller /apex/com.android.art/javalib/core-oj.jar: ok
07-27 05:16:02.378  4181  4181 W app_process: ClassLoaderContext shared library size mismatch. Expected=2, found=0 (PCL[]{PCL[/system/framework/android.test.base.jar*724373495]#PCL[/system/framework/android.test.mock.jar*1452759902]} | PCL[])
07-27 05:16:02.381  4181  4181 W app_process: ClassLoaderContext classpath size mismatch. expected=0, found=1 (PCL[]{PCL[/system/framework/android.test.runner.jar*2496447986]#PCL[/system/framework/android.test.base.jar*724373495]} | PCL[/system/framework/android.test.runner.jar*2496447986])
07-27 05:16:02.416  4181  4181 D nativeloader: Load libframework-connectivity-tiramisu-jni.so using APEX ns com_android_tethering for caller /apex/com.android.tethering/javalib/framework-connectivity-t.jar: ok
07-27 05:16:02.417  4181  4181 D AndroidRuntime: Calling main entry com.android.commands.uiautomator.Launcher
07-27 05:16:02.422  4181  4181 D UiAutomationConnection: Created on user UserHandle{0}
07-27 05:16:02.422  4181  4181 I UiAutomation: Initialized for user 0 on display 0
07-27 05:16:02.422  4181  4181 W UiAutomation: Created with deprecatead constructor, assumes DEFAULT_DISPLAY
07-27 05:16:02.424   576   938 D AccessibilityManagerService: changeCurrentUserForTestAutomationIfNeededLocked(0): ignoring because device doesn't support visible background users
07-27 05:16:02.424   576   938 I UiAutomationManager: Registering UiTestAutomationService (id=com.android.server.accessibility/UiAutomation, flags=0x0) when called by user 0
07-27 05:16:02.427   576   938 W MagnificationConnectionManager: requestConnection duplicated request: connect=false, mConnectionState=DISCONNECTED
07-27 05:16:02.429  1436  2427 I AiAiEcho: Settings changed for uri: content://settings/secure/accessibility_enabled
07-27 05:16:02.431  1436  1698 I AiAiEcho: Predicting[0]:  [CONTEXT sampling_count=5 ]
07-27 05:16:02.431  1436  1698 I AiAiEcho: EchoTargets: 
07-27 05:16:02.431  1436  1698 I AiAiEcho: Filtered by AiAi flag check: 
07-27 05:16:02.431  1436  1698 I AiAiEcho: [CONTEXT ratelimit_period="10 SECONDS" ]
07-27 05:16:02.431  1436  1698 I AiAiEcho: Ranked targets strategy: SORT, count: 0, ranking metadata:  [CONTEXT ratelimit_period="10 SECONDS" ]
07-27 05:16:02.431  1436  1698 I AiAiEcho: #remoteViewsTwiddler: feature disabled.
07-27 05:16:02.431   576   576 W IPCThreadState: Sending oneway calls to frozen process.
07-27 05:16:02.431   576   576 W IPCThreadState: Sending oneway calls to frozen process.
07-27 05:16:02.431  1436  1698 I AiAiEcho: Predicting[0]:  [CONTEXT sampling_count=5 ]
07-27 05:16:02.431  1436  1698 I AiAiEcho: EchoTargets: 
07-27 05:16:02.431  1436  1698 I AiAiEcho: Filtered by AiAi flag check: 
07-27 05:16:02.431  1436  1698 I AiAiEcho: [CONTEXT ratelimit_period="10 SECONDS" ]
07-27 05:16:02.432  1436  1698 I AiAiEcho: Ranked targets strategy: SORT, count: 0, ranking metadata:  [CONTEXT ratelimit_period="10 SECONDS" ]
07-27 05:16:02.432  1436  1698 I AiAiEcho: #remoteViewsTwiddler: feature disabled.
07-27 05:16:02.432  1436  1698 I AiAiEcho: Predicting[0]:  [CONTEXT sampling_count=5 ]
07-27 05:16:02.432  4181  4195 V UiAutomation: Init UiAutomation@f899f01[id=14, displayId=0, flags=0]
07-27 05:16:02.432  1436  1698 I AiAiEcho: EchoTargets: 
07-27 05:16:02.432  1436  1698 I AiAiEcho: Filtered by AiAi flag check: 
07-27 05:16:02.432  1436  1698 I AiAiEcho: [CONTEXT ratelimit_period="10 SECONDS" ]
07-27 05:16:02.432  1436  1698 I AiAiEcho: Ranked targets strategy: SORT, count: 0, ranking metadata:  [CONTEXT ratelimit_period="10 SECONDS" ]
07-27 05:16:02.432  1436  1698 I AiAiEcho: #remoteViewsTwiddler: feature disabled.
07-27 05:16:02.432  1436  1698 I AiAiEcho: #postPredictionTargets: Sending updates to UISurface media_data_manager with targets# 0 (types=[])
07-27 05:16:02.432  1436  1698 I AiAiEcho: #postPredictionTargets: Sending updates to UISurface lockscreen with targets# 0 (types=[])
07-27 05:16:02.432   576   576 W IPCThreadState: Sending oneway calls to frozen process.
07-27 05:16:02.432  1436  1698 I AiAiEcho: #postPredictionTargets: Sending updates to UISurface home with targets# 0 (types=[])
07-27 05:16:02.433   820   820 W PageIndicator: Total number of pages invalid: 0. Assuming 1 page.
07-27 05:16:02.433   820   820 D SsMediaDataProvider: Forwarding Smartspace updates []
07-27 05:16:02.433   576   576 W IPCThreadState: Sending oneway calls to frozen process.
07-27 05:16:02.433   576   576 W IPCThreadState: Sending oneway calls to frozen process.
07-27 05:16:02.433   576   576 W IPCThreadState: Sending oneway calls to frozen process.
07-27 05:16:02.433   576   576 W IPCThreadState: Sending oneway calls to frozen process.
07-27 05:16:02.434   576   576 W IPCThreadState: Sending oneway calls to frozen process.
07-27 05:16:02.434   576   576 W IPCThreadState: Sending oneway calls to frozen process.
07-27 05:16:02.434   576   576 W IPCThreadState: Sending oneway calls to frozen process.
07-27 05:16:02.434  1306  1306 D SsBaseTemplateCard: No text view can be set up
07-27 05:16:02.434   576   576 W IPCThreadState: Sending oneway calls to frozen process.
07-27 05:16:02.434   576   576 W IPCThreadState: Sending oneway calls to frozen process.
07-27 05:16:02.434   576   576 W IPCThreadState: Sending oneway calls to frozen process.
07-27 05:16:02.434   576   576 W IPCThreadState: Sending oneway calls to frozen process.
07-27 05:16:02.434   576   576 W IPCThreadState: Sending oneway calls to frozen process.
07-27 05:16:02.434   576   576 W IPCThreadState: Sending oneway calls to frozen process.
07-27 05:16:02.434   576   576 W IPCThreadState: Sending oneway calls to frozen process.
07-27 05:16:02.434   576   576 W IPCThreadState: Sending oneway calls to frozen process.
07-27 05:16:02.434   576   576 W IPCThreadState: Sending oneway calls to frozen process.
07-27 05:16:02.434   576   576 W IPCThreadState: Sending oneway calls to frozen process.
07-27 05:16:02.434   576   576 W IPCThreadState: Sending oneway calls to frozen process.
07-27 05:16:02.434   576   576 D BatterySaverPolicy: accessibility changed to true, updating policy.
07-27 05:16:02.435  1306  1306 D SsBaseTemplateCard: Passed-in item info is null
07-27 05:16:02.435  1306  1306 D SsBaseTemplateCard: Passed-in item info is null
07-27 05:16:02.435  1306  1306 D SsBaseTemplateCard: Passed-in item info is null
07-27 05:16:02.435  1306  1306 I SsBaseTemplateCard: Secondary card pane is null
07-27 05:16:02.437   576   938 W MagnificationConnectionManager: requestConnection duplicated request: connect=false, mConnectionState=DISCONNECTED
07-27 05:16:02.442   576   576 W IPCThreadState: Sending oneway calls to frozen process.
07-27 05:16:02.442  1436  2427 I AiAiEcho: Settings changed for uri: content://settings/secure/accessibility_enabled
07-27 05:16:02.443   576   576 W IPCThreadState: Sending oneway calls to frozen process.
07-27 05:16:02.443   576   576 W IPCThreadState: Sending oneway calls to frozen process.
07-27 05:16:02.443   576   576 W IPCThreadState: Sending oneway calls to frozen process.
07-27 05:16:02.443   576   576 W IPCThreadState: Sending oneway calls to frozen process.
07-27 05:16:02.443   576   576 W IPCThreadState: Sending oneway calls to frozen process.
07-27 05:16:02.456   576   576 W IPCThreadState: Sending oneway calls to frozen process.
07-27 05:16:02.456   576   576 W IPCThreadState: Sending oneway calls to frozen process.
07-27 05:16:02.456   576   576 W IPCThreadState: Sending oneway calls to frozen process.
07-27 05:16:02.456   576   576 W IPCThreadState: Sending oneway calls to frozen process.
07-27 05:16:02.456   576   576 W IPCThreadState: Sending oneway calls to frozen process.
07-27 05:16:02.456   576   576 W IPCThreadState: Sending oneway calls to frozen process.
07-27 05:16:02.456   576   576 W IPCThreadState: Sending oneway calls to frozen process.
07-27 05:16:02.456   576   576 W IPCThreadState: Sending oneway calls to frozen process.
07-27 05:16:02.483  1436  1698 I AiAiEcho: Predicting[0]:  [CONTEXT sampling_count=5 ]
07-27 05:16:02.484  1436  1698 I AiAiEcho: EchoTargets: 
07-27 05:16:02.484  1436  1698 I AiAiEcho: Filtered by AiAi flag check: 
07-27 05:16:02.484  1436  1698 I AiAiEcho: [CONTEXT ratelimit_period="10 SECONDS" ]
07-27 05:16:02.486  1436  1698 I AiAiEcho: Ranked targets strategy: SORT, count: 0, ranking metadata:  [CONTEXT ratelimit_period="10 SECONDS" ]
07-27 05:16:02.487  1436  1698 I AiAiEcho: #remoteViewsTwiddler: feature disabled.
07-27 05:16:02.487  1436  1698 I AiAiEcho: Predicting[0]:  [CONTEXT sampling_count=5 ]
07-27 05:16:02.487  1436  1698 I AiAiEcho: EchoTargets: 
07-27 05:16:02.487  1436  1698 I AiAiEcho: Filtered by AiAi flag check: 
07-27 05:16:02.487  1436  1698 I AiAiEcho: [CONTEXT ratelimit_period="10 SECONDS" ]
07-27 05:16:02.488  1436  1698 I AiAiEcho: Ranked targets strategy: SORT, count: 0, ranking metadata:  [CONTEXT ratelimit_period="10 SECONDS" ]
07-27 05:16:02.488  1436  1698 I AiAiEcho: #remoteViewsTwiddler: feature disabled.
07-27 05:16:02.488  1436  1698 I AiAiEcho: Predicting[0]:  [CONTEXT sampling_count=5 ]
07-27 05:16:02.488  1436  1698 I AiAiEcho: EchoTargets: 
07-27 05:16:02.488  1436  1698 I AiAiEcho: Filtered by AiAi flag check: 
07-27 05:16:02.488  1436  1698 I AiAiEcho: [CONTEXT ratelimit_period="10 SECONDS" ]
07-27 05:16:02.488  1436  1698 I AiAiEcho: Ranked targets strategy: SORT, count: 0, ranking metadata:  [CONTEXT ratelimit_period="10 SECONDS" ]
07-27 05:16:02.488  1436  1698 I AiAiEcho: #remoteViewsTwiddler: feature disabled.
07-27 05:16:02.489  1436  1698 I AiAiEcho: #postPredictionTargets: Sending updates to UISurface media_data_manager with targets# 0 (types=[])
07-27 05:16:02.489   820   820 D SsMediaDataProvider: Forwarding Smartspace updates []
07-27 05:16:02.489  1436  1698 I AiAiEcho: #postPredictionTargets: Sending updates to UISurface lockscreen with targets# 0 (types=[])
07-27 05:16:02.489  1436  1698 I AiAiEcho: #postPredictionTargets: Sending updates to UISurface home with targets# 0 (types=[])
07-27 05:16:02.489   820   820 W PageIndicator: Total number of pages invalid: 0. Assuming 1 page.
07-27 05:16:02.495  1306  1306 D SsBaseTemplateCard: No text view can be set up
07-27 05:16:02.495  1306  1306 D SsBaseTemplateCard: Passed-in item info is null
07-27 05:16:02.495  1306  1306 D SsBaseTemplateCard: Passed-in item info is null
07-27 05:16:02.495  1306  1306 D SsBaseTemplateCard: Passed-in item info is null
07-27 05:16:02.495  1306  1306 I SsBaseTemplateCard: Secondary card pane is null
07-27 05:16:03.494  4088  4115 D EGL_emulation: app_time_stats: avg=2248.30ms min=49.54ms max=4447.06ms count=2
07-27 05:16:03.530  4181  4181 I AccessibilityNodeInfoDumper: Skipping invisible child: android.view.accessibility.AccessibilityNodeInfo@8892a; boundsInParent: Rect(0, 0 - 1080, 0); boundsInScreen: Rect(0, 0 - 1080, 0); boundsInWindow: Rect(0, 0 - 1080, 0); packageName: com.mediology.sinsinapp; className: android.widget.LinearLayout; text: null; error: null; maxTextLength: -1; stateDescription: null; contentDescription: null; tooltipText: null; containerTitle: null; viewIdResName: null; uniqueId: null; checkable: false; checked: false; focusable: false; focused: false; selected: false; clickable: false; longClickable: false; contextClickable: false; enabled: true; password: false; scrollable: false; granularScrollingSupported: false; importantForAccessibility: false; visible: false; actions: [AccessibilityAction: ACTION_SELECT - null, AccessibilityAction: ACTION_CLEAR_SELECTION - null, AccessibilityAction: ACTION_ACCESSIBILITY_FOCUS - null, AccessibilityAction: ACTION_SHOW_ON_SCREEN - null]; isTextSelectable: false
07-27 05:16:03.530  4181  4181 I AccessibilityNodeInfoDumper: Skipping invisible child: android.view.accessibility.AccessibilityNodeInfo@88569; boundsInParent: Rect(0, 0 - 1080, 0); boundsInScreen: Rect(0, 0 - 1080, 0); boundsInWindow: Rect(0, 0 - 1080, 0); packageName: com.mediology.sinsinapp; className: android.view.ViewGroup; text: null; error: null; maxTextLength: -1; stateDescription: null; contentDescription: null; tooltipText: null; containerTitle: null; viewIdResName: null; uniqueId: null; checkable: false; checked: false; focusable: false; focused: false; selected: false; clickable: false; longClickable: false; contextClickable: false; enabled: true; password: false; scrollable: false; granularScrollingSupported: false; importantForAccessibility: false; visible: false; actions: [AccessibilityAction: ACTION_SELECT - null, AccessibilityAction: ACTION_CLEAR_SELECTION - null, AccessibilityAction: ACTION_ACCESSIBILITY_FOCUS - null, AccessibilityAction: ACTION_SHOW_ON_SCREEN - null]; isTextSelectable: false
07-27 05:16:03.530  4181  4181 I AccessibilityNodeInfoDumper: Skipping invisible child: android.view.accessibility.AccessibilityNodeInfo@9104e; boundsInParent: Rect(0, 0 - 1080, 0); boundsInScreen: Rect(0, 0 - 1080, 0); boundsInWindow: Rect(0, 0 - 1080, 0); packageName: com.mediology.sinsinapp; className: android.widget.LinearLayout; text: null; error: null; maxTextLength: -1; stateDescription: null; contentDescription: null; tooltipText: null; containerTitle: null; viewIdResName: null; uniqueId: null; checkable: false; checked: false; focusable: false; focused: false; selected: false; clickable: false; longClickable: false; contextClickable: false; enabled: true; password: false; scrollable: false; granularScrollingSupported: false; importantForAccessibility: false; visible: false; actions: [AccessibilityAction: ACTION_SELECT - null, AccessibilityAction: ACTION_CLEAR_SELECTION - null, AccessibilityAction: ACTION_ACCESSIBILITY_FOCUS - null, AccessibilityAction: ACTION_SHOW_ON_SCREEN - null]; isTextSelectable: false
07-27 05:16:03.530  4181  4181 I AccessibilityNodeInfoDumper: Skipping invisible child: android.view.accessibility.AccessibilityNodeInfo@90c8d; boundsInParent: Rect(0, 0 - 1080, 0); boundsInScreen: Rect(0, 0 - 1080, 0); boundsInWindow: Rect(0, 0 - 1080, 0); packageName: com.mediology.sinsinapp; className: android.view.ViewGroup; text: null; error: null; maxTextLength: -1; stateDescription: null; contentDescription: null; tooltipText: null; containerTitle: null; viewIdResName: null; uniqueId: null; checkable: false; checked: false; focusable: false; focused: false; selected: false; clickable: false; longClickable: false; contextClickable: false; enabled: true; password: false; scrollable: false; granularScrollingSupported: false; importantForAccessibility: false; visible: false; actions: [AccessibilityAction: ACTION_SELECT - null, AccessibilityAction: ACTION_CLEAR_SELECTION - null, AccessibilityAction: ACTION_ACCESSIBILITY_FOCUS - null, AccessibilityAction: ACTION_SHOW_ON_SCREEN - null]; isTextSelectable: false
07-27 05:16:03.558  4181  4181 I AccessibilityNodeInfoDumper: Skipping invisible child: android.view.accessibility.AccessibilityNodeInfo@e1a0; boundsInParent: Rect(0, 0 - 1080, 121); boundsInScreen: Rect(0, 0 - 1080, -121); boundsInWindow: Rect(0, 0 - 1080, -121); packageName: com.mediology.sinsinapp; className: android.view.ViewGroup; text: null; error: null; maxTextLength: -1; stateDescription: null; contentDescription: null; tooltipText: null; containerTitle: null; viewIdResName: toastAnimatedContainer; uniqueId: null; checkable: false; checked: false; focusable: false; focused: false; selected: false; clickable: false; longClickable: false; contextClickable: false; enabled: true; password: false; scrollable: false; granularScrollingSupported: false; importantForAccessibility: true; visible: false; actions: [AccessibilityAction: ACTION_SELECT - null, AccessibilityAction: ACTION_CLEAR_SELECTION - null, AccessibilityAction: ACTION_ACCESSIBILITY_FOCUS - null, AccessibilityAction: ACTION_SHOW_ON_SCREEN - null]; isTextSelectable: false
07-27 05:16:03.559  4181  4181 I AccessibilityNodeInfoDumper: Skipping invisible child: android.view.accessibility.AccessibilityNodeInfo@cb1a; boundsInParent: Rect(0, 0 - 1080, 0); boundsInScreen: Rect(0, 2400 - 1080, 2400); boundsInWindow: Rect(0, 2400 - 1080, 2400); packageName: com.mediology.sinsinapp; className: android.view.ViewGroup; text: null; error: null; maxTextLength: -1; stateDescription: null; contentDescription: null; tooltipText: null; containerTitle: null; viewIdResName: null; uniqueId: null; checkable: false; checked: false; focusable: false; focused: false; selected: false; clickable: false; longClickable: false; contextClickable: false; enabled: true; password: false; scrollable: false; granularScrollingSupported: false; importantForAccessibility: false; visible: false; actions: [AccessibilityAction: ACTION_SELECT - null, AccessibilityAction: ACTION_CLEAR_SELECTION - null, AccessibilityAction: ACTION_ACCESSIBILITY_FOCUS - null, AccessibilityAction: ACTION_SHOW_ON_SCREEN - null]; isTextSelectable: false
07-27 05:16:03.560  4181  4181 W AccessibilityNodeInfoDumper: Fetch time: 90ms
07-27 05:16:03.562   576  1730 W MagnificationConnectionManager: requestConnection duplicated request: connect=false, mConnectionState=DISCONNECTED
07-27 05:16:03.563   576  1730 D AccessibilityManagerService: restoreCurrentUserForTestAutomationIfNeededLocked(): ignoring because device doesn't support visible background users
07-27 05:16:03.563   576   576 W IPCThreadState: Sending oneway calls to frozen process.
07-27 05:16:03.563   576   576 W IPCThreadState: Sending oneway calls to frozen process.
07-27 05:16:03.563   576   576 W IPCThreadState: Sending oneway calls to frozen process.
07-27 05:16:03.563   576   576 W IPCThreadState: Sending oneway calls to frozen process.
07-27 05:16:03.563  1436  2427 I AiAiEcho: Settings changed for uri: content://settings/secure/accessibility_enabled
07-27 05:16:03.563   576   576 W IPCThreadState: Sending oneway calls to frozen process.
07-27 05:16:03.564   576   576 W IPCThreadState: Sending oneway calls to frozen process.
07-27 05:16:03.564  1436  1698 I AiAiEcho: Predicting[0]:  [CONTEXT sampling_count=5 ]
07-27 05:16:03.564  1436  1698 I AiAiEcho: EchoTargets: 
07-27 05:16:03.564  1436  1698 I AiAiEcho: Filtered by AiAi flag check: 
07-27 05:16:03.564  1436  1698 I AiAiEcho: [CONTEXT ratelimit_period="10 SECONDS" ]
07-27 05:16:03.564  1436  1698 I AiAiEcho: Ranked targets strategy: SORT, count: 0, ranking metadata:  [CONTEXT ratelimit_period="10 SECONDS" ]
07-27 05:16:03.564  1436  1698 I AiAiEcho: #remoteViewsTwiddler: feature disabled.
07-27 05:16:03.564   576   576 W IPCThreadState: Sending oneway calls to frozen process.
07-27 05:16:03.564   576   576 W IPCThreadState: Sending oneway calls to frozen process.
07-27 05:16:03.564  4181  4181 D AndroidRuntime: Shutting down VM
07-27 05:16:03.564   576   576 W IPCThreadState: Sending oneway calls to frozen process.
07-27 05:16:03.564  1436  1698 I AiAiEcho: Predicting[0]:  [CONTEXT sampling_count=5 ]
07-27 05:16:03.564  1436  1698 I AiAiEcho: EchoTargets: 
07-27 05:16:03.564  1436  1698 I AiAiEcho: Filtered by AiAi flag check: 
07-27 05:16:03.564  1436  1698 I AiAiEcho: [CONTEXT ratelimit_period="10 SECONDS" ]
07-27 05:16:03.564  1436  1698 I AiAiEcho: Ranked targets strategy: SORT, count: 0, ranking metadata:  [CONTEXT ratelimit_period="10 SECONDS" ]
07-27 05:16:03.564  1436  1698 I AiAiEcho: #remoteViewsTwiddler: feature disabled.
07-27 05:16:03.564   576   576 W IPCThreadState: Sending oneway calls to frozen process.
07-27 05:16:03.565  1436  1698 I AiAiEcho: Predicting[0]:  [CONTEXT sampling_count=5 ]
07-27 05:16:03.565  1436  1698 I AiAiEcho: EchoTargets: 
07-27 05:16:03.565  1436  1698 I AiAiEcho: Filtered by AiAi flag check: 
07-27 05:16:03.565  1436  1698 I AiAiEcho: [CONTEXT ratelimit_period="10 SECONDS" ]
07-27 05:16:03.565  1436  1698 I AiAiEcho: Ranked targets strategy: SORT, count: 0, ranking metadata:  [CONTEXT ratelimit_period="10 SECONDS" ]
07-27 05:16:03.565  1436  1698 I AiAiEcho: #remoteViewsTwiddler: feature disabled.
07-27 05:16:03.565   576   576 W IPCThreadState: Sending oneway calls to frozen process.
07-27 05:16:03.565   576   576 W IPCThreadState: Sending oneway calls to frozen process.
07-27 05:16:03.565   576   576 W IPCThreadState: Sending oneway calls to frozen process.
07-27 05:16:03.566  1436  1698 I AiAiEcho: #postPredictionTargets: Sending updates to UISurface media_data_manager with targets# 0 (types=[])
07-27 05:16:03.567  1436  1698 I AiAiEcho: #postPredictionTargets: Sending updates to UISurface lockscreen with targets# 0 (types=[])
07-27 05:16:03.567  1436  1698 I AiAiEcho: #postPredictionTargets: Sending updates to UISurface home with targets# 0 (types=[])
07-27 05:16:03.568   576   576 W IPCThreadState: Sending oneway calls to frozen process.
07-27 05:16:03.571   576   576 W IPCThreadState: Sending oneway calls to frozen process.
07-27 05:16:03.571   576   576 W IPCThreadState: Sending oneway calls to frozen process.
07-27 05:16:03.571   576   576 W IPCThreadState: Sending oneway calls to frozen process.
07-27 05:16:03.571   576   576 W IPCThreadState: Sending oneway calls to frozen process.
07-27 05:16:03.571   576   576 W IPCThreadState: Sending oneway calls to frozen process.
07-27 05:16:03.571   576   576 W IPCThreadState: Sending oneway calls to frozen process.
07-27 05:16:03.571   576   576 W IPCThreadState: Sending oneway calls to frozen process.
07-27 05:16:03.571   576   576 D BatterySaverPolicy: accessibility changed to false, updating policy.
07-27 05:16:03.574  1306  1306 D SsBaseTemplateCard: No text view can be set up
07-27 05:16:03.575  1306  1306 D SsBaseTemplateCard: Passed-in item info is null
07-27 05:16:03.575  1306  1306 D SsBaseTemplateCard: Passed-in item info is null
07-27 05:16:03.575  1306  1306 D SsBaseTemplateCard: Passed-in item info is null
07-27 05:16:03.575  1306  1306 I SsBaseTemplateCard: Secondary card pane is null
07-27 05:16:03.577   820   820 W PageIndicator: Total number of pages invalid: 0. Assuming 1 page.
07-27 05:16:03.577   820   820 D SsMediaDataProvider: Forwarding Smartspace updates []
