--------- beginning of main
07-27 05:13:13.872   576   576 W IPCThreadState: Sending oneway calls to frozen process.
07-27 05:13:13.872   576   576 W IPCThreadState: Sending oneway calls to frozen process.
07-27 05:13:13.872   576   576 W IPCThreadState: Sending oneway calls to frozen process.
07-27 05:13:13.872   576   576 W IPCThreadState: Sending oneway calls to frozen process.
07-27 05:13:13.872   576   576 W IPCThreadState: Sending oneway calls to frozen process.
07-27 05:13:13.872   576   576 W IPCThreadState: Sending oneway calls to frozen process.
07-27 05:13:13.872   576   576 W IPCThreadState: Sending oneway calls to frozen process.
07-27 05:13:13.872  1306  1306 D SsBaseTemplateCard: No text view can be set up
07-27 05:13:13.872  1306  1306 D SsBaseTemplateCard: Passed-in item info is null
07-27 05:13:13.872  1306  1306 D SsBaseTemplateCard: Passed-in item info is null
07-27 05:13:13.872  1306  1306 D SsBaseTemplateCard: Passed-in item info is null
07-27 05:13:13.872  1306  1306 I SsBaseTemplateCard: Secondary card pane is null
07-27 05:13:13.872   820   820 D SsMediaDataProvider: Forwarding Smartspace updates []
07-27 05:13:13.876   576   576 W IPCThreadState: Sending oneway calls to frozen process.
07-27 05:13:13.876   576   576 W IPCThreadState: Sending oneway calls to frozen process.
07-27 05:13:13.876   576   576 W IPCThreadState: Sending oneway calls to frozen process.
07-27 05:13:13.876   576   576 W IPCThreadState: Sending oneway calls to frozen process.
07-27 05:13:13.877   576   576 W IPCThreadState: Sending oneway calls to frozen process.
07-27 05:13:13.877   576   576 W IPCThreadState: Sending oneway calls to frozen process.
07-27 05:13:13.877   576   576 W IPCThreadState: Sending oneway calls to frozen process.
--------- beginning of system
07-27 05:13:13.877   576   576 D BatterySaverPolicy: accessibility changed to false, updating policy.
07-27 05:13:14.810  3475  3475 W BpBinder: Linking to death on android.gui.ISurfaceComposer but there are no threads (yet?) listening to incoming transactions. See ProcessState::startThreadPool and ProcessState::setThreadPoolMaxThreadCount. Generally you should setup the binder threadpool before other initialization steps.
07-27 05:13:14.810  3475  3475 W ProcessState: Extra binder thread started, but 0 threads requested. Do not use *startThreadPool when zero threads are requested.
07-27 05:13:14.826   158   158 I hwservicemanager: getTransport: Cannot find entry android.hardware.graphics.mapper@4.0::IMapper/default in either framework or device VINTF manifest.
07-27 05:13:14.826  3475  3476 I Gralloc4: mapper 4.x is not supported
--------- beginning of kernel
07-27 05:13:14.829   157   157 I servicemanager: Caller(pid=3475,uid=2000,sid=u:r:shell:s0) Could not find android.hardware.graphics.allocator.IAllocator/default in the VINTF manifest. No alternative instances declared in VINTF.
07-27 05:13:14.841   576   593 D CoreBackPreview: Window{cbdfbb0 u0 PopupWindow:6a9e430}: Setting back callback OnBackInvokedCallbackInfo{mCallback=android.window.IOnBackInvokedCallback$Stub$Proxy@c9031ae, mPriority=0, mIsAnimationCallback=false}
07-27 05:13:14.885  3315  3315 W WindowOnBackDispatcher: sendCancelIfRunning: isInProgress=false callback=android.view.ViewRootImpl$$ExternalSyntheticLambda11@c25bdcf
07-27 05:13:14.885   576   593 D CoreBackPreview: Window{cbdfbb0 u0 PopupWindow:6a9e430}: Setting back callback null
07-27 05:13:14.886   576   593 W InputManager-JNI: Input channel object 'cbdfbb0 PopupWindow:6a9e430 (client)' was disposed without first being removed with the input manager!
07-27 05:13:15.245   576   643 D CoreBackPreview: Window{2b1baba u0 PopupWindow:13a13e1}: Setting back callback OnBackInvokedCallbackInfo{mCallback=android.window.IOnBackInvokedCallback$Stub$Proxy@6c990c8, mPriority=0, mIsAnimationCallback=false}
07-27 05:13:15.292  3315  3315 W WindowOnBackDispatcher: sendCancelIfRunning: isInProgress=false callback=android.view.ViewRootImpl$$ExternalSyntheticLambda11@8a71f4
07-27 05:13:15.293   576   593 D CoreBackPreview: Window{2b1baba u0 PopupWindow:13a13e1}: Setting back callback null
07-27 05:13:15.295   576   593 W InputManager-JNI: Input channel object '2b1baba PopupWindow:13a13e1 (client)' was disposed without first being removed with the input manager!
07-27 05:13:15.475   576   608 D OomAdjuster: Not killing cached processes
07-27 05:13:15.540  1044  3480 I NetworkScheduler.Stats: Task com.google.android.gms/com.google.android.gms.tapandpay.gcmtask.TapAndPayGcmTaskService started execution. cause:4 exec_start_elapsed_seconds: 188 [CONTEXT service_id=218 ]
07-27 05:13:15.544  1044  3480 W TapAndPay: NfcAdapter is null while obtaining CardEmulation instance. [CONTEXT service_id=79 ]
07-27 05:13:15.544  1044  3480 W TapAndPay: java.lang.NullPointerException: NfcAdapter is null
07-27 05:13:15.544  1044  3480 W TapAndPay: 	at android.nfc.cardemulation.CardEmulation.getInstance(CardEmulation.java:170)
07-27 05:13:15.544  1044  3480 W TapAndPay: 	at dhwn.<init>(:com.google.android.gms@242335038@24.23.35 (190400-646585959):15)
07-27 05:13:15.544  1044  3480 W TapAndPay: 	at com.google.android.gms.tapandpay.hce.task.TapAndPayAidRegistrationTaskOperation.a(:com.google.android.gms@242335038@24.23.35 (190400-646585959):50)
07-27 05:13:15.544  1044  3480 W TapAndPay: 	at com.google.android.gms.tapandpay.gcmtask.TapAndPayGcmTaskChimeraService.a(:com.google.android.gms@242335038@24.23.35 (190400-646585959):32)
07-27 05:13:15.544  1044  3480 W TapAndPay: 	at bpjj.call(:com.google.android.gms@242335038@24.23.35 (190400-646585959):32)
07-27 05:13:15.544  1044  3480 W TapAndPay: 	at java.util.concurrent.FutureTask.run(FutureTask.java:264)
07-27 05:13:15.544  1044  3480 W TapAndPay: 	at angs.c(:com.google.android.gms@242335038@24.23.35 (190400-646585959):50)
07-27 05:13:15.544  1044  3480 W TapAndPay: 	at angs.run(:com.google.android.gms@242335038@24.23.35 (190400-646585959):76)
07-27 05:13:15.544  1044  3480 W TapAndPay: 	at java.util.concurrent.ThreadPoolExecutor.runWorker(ThreadPoolExecutor.java:1145)
07-27 05:13:15.544  1044  3480 W TapAndPay: 	at java.util.concurrent.ThreadPoolExecutor$Worker.run(ThreadPoolExecutor.java:644)
07-27 05:13:15.544  1044  3480 W TapAndPay: 	at anmg.run(:com.google.android.gms@242335038@24.23.35 (190400-646585959):8)
07-27 05:13:15.544  1044  3480 W TapAndPay: 	at java.lang.Thread.run(Thread.java:1012)
07-27 05:13:15.552  1044  3429 I NetworkScheduler.Stats: Task com.google.android.gms/com.google.android.gms.tapandpay.gcmtask.TapAndPayGcmTaskService finished executing. cause:4 result: 3 elapsed_millis: 26 uptime_millis: 26 exec_start_elapsed_seconds: 188 [CONTEXT service_id=218 ]
07-27 05:13:15.574  1571  3481 I ChimeraConfigurator: Starting update, reason: 4 urgentFeatures: vision.ocr:-1
07-27 05:13:15.596  1571  3481 I ChimeraConfigurator: Detected pending changes for urgent request: [vision.ocr]. Pending module sets: container:2423359190400+mlkit.ocr.common+vision.ocr,tflite_dynamite:2605805025100400+tflite_dynamite
07-27 05:13:15.607  1571  3481 I GmsDebugLogger: [73] 1801
07-27 05:13:15.610  1571  3481 W ZappDownloader: No successful Zapp module downloads for requested modules [VisionOcr.optional:242335100000:permitMetered, TfliteDynamiteDynamite.integ:260580502100400:permitMetered, MlkitOcrCommon.optional:242335100400:permitMetered].
07-27 05:13:15.610  1571  3481 I GmsDebugLogger: [30] [VisionOcr.optional:242335100000],[TfliteDynamiteDynamite.integ:260580502100400],[MlkitOcrCommon.optional:242335100400]
07-27 05:13:15.617  1571  3481 W ChimeraConfigService: Retry attempt was throttled. [CONTEXT service_id=264 ]
07-27 05:13:15.617  1571  3481 I GmsDebugLogger: [83] 1 [vision.ocr]
07-27 05:13:15.622  1571  3479 W Vision  : Request for optional module download of ocr failed. Request again.
07-27 05:13:15.623  1571  3479 W Vision  : Would have logged:
07-27 05:13:15.623  1571  3479 W Vision  : # fbxl@37884fe7
07-27 05:13:15.625  1571  3479 I Vision  : Schedule retrying download ocr at 188757 with backoff 80 seconds
07-27 05:13:15.648  1571  1575 I gle.android.gms: Compiler allocated 4909KB to compile boolean ajkg.j(int, ajjm, java.util.List, ajkf)
07-27 05:13:15.661  1571  1575 W gle.android.gms: Missing inline cache for void com.google.android.gms.chimera.debug.ModuleSetJournalUpdate$ModuleSetJournalIntentOperation.a(android.content.Context, byte[], boolean)
07-27 05:13:15.738  1571  1576 I gle.android.gms: Background concurrent mark compact GC freed 12MB AllocSpace bytes, 70(2904KB) LOS objects, 49% free, 15MB/30MB, paused 1.820ms,7.871ms total 147.205ms
07-27 05:13:16.358   576  2029 D CoreBackPreview: Window{5c4775b u0 PopupWindow:f31dede}: Setting back callback OnBackInvokedCallbackInfo{mCallback=android.window.IOnBackInvokedCallback$Stub$Proxy@ed3c8d1, mPriority=0, mIsAnimationCallback=false}
07-27 05:13:16.410  3315  3315 W WindowOnBackDispatcher: sendCancelIfRunning: isInProgress=false callback=android.view.ViewRootImpl$$ExternalSyntheticLambda11@757c2d5
07-27 05:13:16.411   576   875 D CoreBackPreview: Window{5c4775b u0 PopupWindow:f31dede}: Setting back callback null
07-27 05:13:16.436   576  2029 W InputManager-JNI: Input channel object '5c4775b PopupWindow:f31dede (client)' was disposed without first being removed with the input manager!
07-27 05:13:20.568   576   608 D OomAdjuster: Not killing cached processes
07-27 05:13:20.579  1571  1571 D BoundBrokerSvc: onBind: Intent { act=com.google.android.gms.checkin.internal.scheduler.ScheduledCheckinGmsTaskService.ACTION_TASK_READY dat=chimera-action:/... cmp=com.google.android.gms/.chimera.GmsInternalBoundBrokerService }
07-27 05:13:20.579  1571  1571 D BoundBrokerSvc: Loading bound service for intent: Intent { act=com.google.android.gms.checkin.internal.scheduler.ScheduledCheckinGmsTaskService.ACTION_TASK_READY dat=chimera-action:/... cmp=com.google.android.gms/.chimera.GmsInternalBoundBrokerService }
07-27 05:13:20.581  1044  3429 I NetworkScheduler.Stats: Task com.google.android.gms/com.google.android.gms.checkin.internal.scheduler.ScheduledCheckinGmsTaskService started execution. cause:4 exec_start_elapsed_seconds: 193 [CONTEXT service_id=218 ]
07-27 05:13:20.582  1571  2084 I Checkin : [ScheduledCheckinGmsTaskService] onRunTask
07-27 05:13:20.585  1571  2084 I WakefulBroadcastRcvr: Processing wakeful broadcast: com.google.android.gms.checkin.CHECKIN_START_ACTION
07-27 05:13:20.586  1571  3482 I Checkin : [CheckinIntentOperation] onHandleIntent, Intent { act=com.google.android.gms.checkin.CHECKIN_START_ACTION cat=[targeted_intent_op_prefix:.checkin.CheckinIntentOperation] cmp=com.google.android.gms/.chimera.GmsIntentOperationService (has extras) }
07-27 05:13:20.588  1571  1571 D BoundBrokerSvc: onUnbind: Intent { act=com.google.android.gms.checkin.internal.scheduler.ScheduledCheckinGmsTaskService.ACTION_TASK_READY dat=chimera-action:/... cmp=com.google.android.gms/.chimera.GmsInternalBoundBrokerService }
07-27 05:13:20.589  1044  3480 I NetworkScheduler.Stats: Task com.google.android.gms/com.google.android.gms.checkin.internal.scheduler.ScheduledCheckinGmsTaskService finished executing. cause:4 result: 1 elapsed_millis: 10 uptime_millis: 10 exec_start_elapsed_seconds: 193 [CONTEXT service_id=218 ]
07-27 05:13:20.591  1571  3482 W GmsTaskScheduler: ScheduledCheckinGmsTaskService is not available. This may cause the task to be lost.
07-27 05:13:20.629  2740  2755 W libc    : Access denied finding property "persist.adb.tls_server.enable"
07-27 05:13:20.629  2740  2755 W libc    : Access denied finding property "service.adb.tls.port"
07-27 05:13:20.624  2740  2740 W binder:2740_1: type=1400 audit(0.0:37): avc:  denied  { read } for  name="u:object_r:system_adbd_prop:s0" dev="tmpfs" ino=309 scontext=u:r:gmscore_app:s0:c512,c768 tcontext=u:object_r:system_adbd_prop:s0 tclass=file permissive=0 app=com.google.android.gms
07-27 05:13:20.624  2740  2740 W binder:2740_1: type=1400 audit(0.0:38): avc:  denied  { read } for  name="u:object_r:adbd_prop:s0" dev="tmpfs" ino=54 scontext=u:r:gmscore_app:s0:c512,c768 tcontext=u:object_r:adbd_prop:s0 tclass=file permissive=0 app=com.google.android.gms
07-27 05:13:20.630   576   938 D FileUtils: Rounded bytes from 2070597632 to 4000000000
07-27 05:13:20.633   380  3492 I resolv  : GetAddrInfoHandler::run: {100 786532 100 983140 10144 0}
07-27 05:13:20.633  2740  2755 D TrafficStats: tagSocket(96) with statsTag=0x1809, statsUid=-1
07-27 05:13:20.635  1571  3482 I Checkin : [CheckinOperation] Starting Checkin: Default Task Reason : 8 Force : false UserId : 0 Start time : 193767
07-27 05:13:20.640  1571  3482 I CheckinUtil: Classify the device as Phone. [CONTEXT service_id=130 ]
07-27 05:13:20.649  1571  3482 I Checkin : [AndroidCheckinProtoModule] Checkin reason type: 8 attempt count: 1.
07-27 05:13:20.667   576   938 D FileUtils: Rounded bytes from 2070597632 to 4000000000
07-27 05:13:20.678   380  3494 I resolv  : GetAddrInfoHandler::run: {100 786532 100 983140 10144 0}
07-27 05:13:20.678   380  3495 I resolv  : res_nmkquery: (QUERY, IN, AAAA)
07-27 05:13:20.678   380  3496 I resolv  : res_nmkquery: (QUERY, IN, A)
07-27 05:13:20.678   380  3495 I resolv  : resolv_cache_lookup: FOUND IN CACHE entry=0xb4000075fd287ed0
07-27 05:13:20.678   380  3495 I resolv  : doQuery: rcode=0, ancount=8, return value=264
07-27 05:13:20.678   380  3496 I resolv  : resolv_cache_lookup: FOUND IN CACHE entry=0xb40000744d284fb0
07-27 05:13:20.678   380  3496 I resolv  : doQuery: rcode=0, ancount=8, return value=168
07-27 05:13:20.679  1571  3482 D TrafficStats: tagSocket(85) with statsTag=0x20000408, statsUid=-1
07-27 05:13:20.681   576   730 D InetDiagMessage: Destroyed 0 sockets, proto=IPPROTO_TCP, family=AF_INET, states=14
07-27 05:13:20.681   576   730 D InetDiagMessage: Destroyed 0 sockets, proto=IPPROTO_TCP, family=AF_INET6, states=14
07-27 05:13:20.681   576   730 D InetDiagMessage: Destroyed live tcp sockets for uids={10091} in 0ms
07-27 05:13:20.725  1571  3482 W Conscrypt: Could not set socket write timeout: java.net.SocketException: Socket closed
07-27 05:13:20.728  1571  3482 W Conscrypt: 	at com.google.android.gms.org.conscrypt.Platform.setSocketWriteTimeout(:com.google.android.gms@242335038@24.23.35 (190400-646585959):204)
07-27 05:13:20.728  1571  3482 W Conscrypt: 	at com.google.android.gms.org.conscrypt.ConscryptFileDescriptorSocket.setSoWriteTimeout(:com.google.android.gms@242335038@24.23.35 (190400-646585959):4)
07-27 05:13:20.786  1571  3482 W Conscrypt: Could not set socket write timeout: java.net.SocketException: Socket closed
07-27 05:13:20.786  1571  3482 W Conscrypt: 	at com.google.android.gms.org.conscrypt.Platform.setSocketWriteTimeout(:com.google.android.gms@242335038@24.23.35 (190400-646585959):204)
07-27 05:13:20.786  1571  3482 W Conscrypt: 	at com.google.android.gms.org.conscrypt.ConscryptFileDescriptorSocket.setSoWriteTimeout(:com.google.android.gms@242335038@24.23.35 (190400-646585959):4)
07-27 05:13:20.969  1571  3482 I Checkin : [CheckinRequestProcessor] updateCheckinIdTokenFileFromResponse, Reading existing AID
07-27 05:13:20.969  1571  3482 I Checkin : [CheckinRequestProcessor] Default Task : Checkin Succeeded: https://android.googleapis.com/checkin (fragment #1).
07-27 05:13:20.979  1044  3490 I AlarmManager: setExactAndAllowWhileIdle [name: GCM_CONN_ALARM type: 2 triggerAtMillis: 214111]
07-27 05:13:20.991  1571  3479 I AccountSeedingPrefetchI: AccountSeedingPrefetchInit intent operation started. [CONTEXT service_id=42 ]
07-27 05:13:20.997  1571  3482 I Checkin : [CheckinOperation] Checkin Operation finished with result: SUCCESS finish time: 194129.
07-27 05:13:21.182  1044  3060 I NearbyMediums: No BLE Fast/GATT advertisements found in the latest cycle.
07-27 05:13:22.047   422   657 W AudioFlinger: createTrack_l(): mismatch between requested flags (00000004) and output flags (00000002)
07-27 05:13:22.065   422   657 D audioserver: logFgsApiBegin: FGS Logger Transaction failed, -129
07-27 05:13:22.077   576  2029 W AS.PlaybackActivityMon: No piid assigned for invalid/internal port id 15
07-27 05:13:22.133  3315  3320 W ology.sinsinapp: Cleared Reference was only reachable from finalizer (only reported once)
07-27 05:13:22.158  3315  3315 W [RNScreens]: backTitleFontFamily prop is not available on Android
07-27 05:13:22.158  3315  3315 W [RNScreens]: disableBackButtonMenu prop is not available on Android
07-27 05:13:22.158  3315  3315 W [RNScreens]: topInsetEnabled prop is not available on Android
07-27 05:13:22.158  3315  3315 W [RNScreens]: backTitleVisible prop is not available on Android
07-27 05:13:22.158  3315  3315 W [RNScreens]: largeTitleHideShadow prop is not available on Android
07-27 05:13:22.158  3315  3315 W [RNScreens]: largeTitleFontWeight prop is not available on Android
07-27 05:13:22.158  3315  3315 W [RNScreens]: userInterfaceStyle prop is not available on Android
07-27 05:13:22.158  3315  3315 W [RNScreens]: largeTitleFontFamily prop is not available on Android
07-27 05:13:22.216  3315  3371 W com.reactnativekeyboardcontroller.modules.statusbar.StatusBarManagerCompatModuleImpl: StatusBarModule: Ignored status bar change, current activity is edge-to-edge.
07-27 05:13:22.223  3315  3315 I ThemedReactContext: KeyboardController::layoutDidSynchronize
07-27 05:13:22.253  3315  3346 D EGL_emulation: app_time_stats: avg=15835.89ms min=29.20ms max=31642.58ms count=2
07-27 05:13:22.275   422   539 D audioserver: logFgsApiEnd: FGS Logger Transaction failed, -129
07-27 05:13:22.327  3315  3315 I ThemedReactContext: KeyboardController::layoutDidSynchronize
07-27 05:13:24.061  3510  3510 D AndroidRuntime: >>>>>> START com.android.internal.os.RuntimeInit uid 2000 <<<<<<
07-27 05:13:24.064  3510  3510 I AndroidRuntime: Using default boot image
07-27 05:13:24.064  3510  3510 I AndroidRuntime: Leaving lock profiling enabled
07-27 05:13:24.066  3510  3510 I app_process: Core platform API reporting enabled, enforcing=false
07-27 05:13:24.066  3510  3510 I app_process: Using CollectorTypeCMC GC.
07-27 05:13:24.122  3510  3510 D nativeloader: InitDefaultPublicLibraries for_preload=1: libandroid.so:libaaudio.so:libamidi.so:libbinder_ndk.so:libc.so:libcamera2ndk.so:libdl.so:libEGL.so:libGLESv1_CM.so:libGLESv2.so:libGLESv3.so:libicu.so:libicui18n.so:libicuuc.so:libjnigraphics.so:liblog.so:libmediandk.so:libm.so:libnativehelper.so:libnativewindow.so:libOpenMAXAL.so:libOpenSLES.so:libRS.so:libstdc++.so:libsync.so:libvulkan.so:libwebviewchromium_plat_support.so:libz.so
07-27 05:13:24.136  3510  3510 D nativeloader: Load libicu_jni.so using APEX ns com_android_art for caller /apex/com.android.art/javalib/core-oj.jar: ok
07-27 05:13:24.136  3510  3510 D app_process: u_setTimeZoneFilesDirectory("/apex/com.android.tzdata/etc/tz/versioned/8/icu") succeeded. 
07-27 05:13:24.137  3510  3510 D app_process: I18n APEX ICU file found: /apex/com.android.i18n/etc/icu/icudt75l.dat
07-27 05:13:24.141  3510  3510 D nativeloader: Load libjavacore.so using APEX ns com_android_art for caller /apex/com.android.art/javalib/core-oj.jar: ok
07-27 05:13:24.142  3510  3510 D nativeloader: Load libopenjdk.so using APEX ns com_android_art for caller /apex/com.android.art/javalib/core-oj.jar: ok
07-27 05:13:24.146  3510  3510 W app_process: ClassLoaderContext shared library size mismatch. Expected=2, found=0 (PCL[]{PCL[/system/framework/android.test.base.jar*724373495]#PCL[/system/framework/android.test.mock.jar*1452759902]} | PCL[])
07-27 05:13:24.147  3510  3510 W app_process: ClassLoaderContext classpath size mismatch. expected=0, found=1 (PCL[]{PCL[/system/framework/android.test.runner.jar*2496447986]#PCL[/system/framework/android.test.base.jar*724373495]} | PCL[/system/framework/android.test.runner.jar*2496447986])
07-27 05:13:24.159  3510  3510 D nativeloader: Load libframework-connectivity-tiramisu-jni.so using APEX ns com_android_tethering for caller /apex/com.android.tethering/javalib/framework-connectivity-t.jar: ok
07-27 05:13:24.159  3510  3510 D AndroidRuntime: Calling main entry com.android.commands.uiautomator.Launcher
07-27 05:13:24.161  3510  3510 D UiAutomationConnection: Created on user UserHandle{0}
07-27 05:13:24.161  3510  3510 I UiAutomation: Initialized for user 0 on display 0
07-27 05:13:24.161  3510  3510 W UiAutomation: Created with deprecatead constructor, assumes DEFAULT_DISPLAY
07-27 05:13:24.162   576   875 D AccessibilityManagerService: changeCurrentUserForTestAutomationIfNeededLocked(0): ignoring because device doesn't support visible background users
07-27 05:13:24.162   576   875 I UiAutomationManager: Registering UiTestAutomationService (id=com.android.server.accessibility/UiAutomation, flags=0x0) when called by user 0
07-27 05:13:24.163   576   875 W MagnificationConnectionManager: requestConnection duplicated request: connect=false, mConnectionState=DISCONNECTED
07-27 05:13:24.164   576   576 W IPCThreadState: Sending oneway calls to frozen process.
07-27 05:13:24.164   576   576 W IPCThreadState: Sending oneway calls to frozen process.
07-27 05:13:24.164   576   576 W IPCThreadState: Sending oneway calls to frozen process.
07-27 05:13:24.164  1436  2427 I AiAiEcho: Settings changed for uri: content://settings/secure/accessibility_enabled
07-27 05:13:24.164  3510  3522 V UiAutomation: Init UiAutomation@86be773[id=6, displayId=0, flags=0]
07-27 05:13:24.164   576   576 W IPCThreadState: Sending oneway calls to frozen process.
07-27 05:13:24.165   576   576 W IPCThreadState: Sending oneway calls to frozen process.
07-27 05:13:24.166  1436  1698 I AiAiEcho: Predicting[0]:  [CONTEXT sampling_count=5 ]
07-27 05:13:24.166  1436  1698 I AiAiEcho: EchoTargets: 
07-27 05:13:24.166  1436  1698 I AiAiEcho: Filtered by AiAi flag check: 
07-27 05:13:24.166  1436  1698 I AiAiEcho: [CONTEXT ratelimit_period="10 SECONDS" ]
07-27 05:13:24.166  1436  1698 I AiAiEcho: Ranked targets strategy: SORT, count: 0, ranking metadata:  [CONTEXT ratelimit_period="10 SECONDS" ]
07-27 05:13:24.166   576   576 W IPCThreadState: Sending oneway calls to frozen process.
07-27 05:13:24.166   576   576 W IPCThreadState: Sending oneway calls to frozen process.
07-27 05:13:24.166   576   576 W IPCThreadState: Sending oneway calls to frozen process.
07-27 05:13:24.166  1436  1698 I AiAiEcho: #remoteViewsTwiddler: feature disabled.
07-27 05:13:24.166   576   576 W IPCThreadState: Sending oneway calls to frozen process.
07-27 05:13:24.166   576   576 W IPCThreadState: Sending oneway calls to frozen process.
07-27 05:13:24.166  1436  1698 I AiAiEcho: Predicting[0]:  [CONTEXT sampling_count=5 ]
07-27 05:13:24.166  1436  1698 I AiAiEcho: EchoTargets: 
07-27 05:13:24.166  1436  1698 I AiAiEcho: Filtered by AiAi flag check: 
07-27 05:13:24.166  1436  1698 I AiAiEcho: [CONTEXT ratelimit_period="10 SECONDS" ]
07-27 05:13:24.166  1436  1698 I AiAiEcho: Ranked targets strategy: SORT, count: 0, ranking metadata:  [CONTEXT ratelimit_period="10 SECONDS" ]
07-27 05:13:24.166   576   576 W IPCThreadState: Sending oneway calls to frozen process.
07-27 05:13:24.166  1436  1698 I AiAiEcho: #remoteViewsTwiddler: feature disabled.
07-27 05:13:24.166   576   576 W IPCThreadState: Sending oneway calls to frozen process.
07-27 05:13:24.166   576   576 W IPCThreadState: Sending oneway calls to frozen process.
07-27 05:13:24.166   576   576 W IPCThreadState: Sending oneway calls to frozen process.
07-27 05:13:24.166  1436  1698 I AiAiEcho: Predicting[0]:  [CONTEXT sampling_count=5 ]
07-27 05:13:24.166  1436  1698 I AiAiEcho: EchoTargets: 
07-27 05:13:24.166  1436  1698 I AiAiEcho: Filtered by AiAi flag check: 
07-27 05:13:24.166  1436  1698 I AiAiEcho: [CONTEXT ratelimit_period="10 SECONDS" ]
07-27 05:13:24.166  1436  1698 I AiAiEcho: Ranked targets strategy: SORT, count: 0, ranking metadata:  [CONTEXT ratelimit_period="10 SECONDS" ]
07-27 05:13:24.167  1436  1698 I AiAiEcho: #remoteViewsTwiddler: feature disabled.
07-27 05:13:24.167  1436  1698 I AiAiEcho: #postPredictionTargets: Sending updates to UISurface media_data_manager with targets# 0 (types=[])
07-27 05:13:24.167  1436  1698 I AiAiEcho: #postPredictionTargets: Sending updates to UISurface lockscreen with targets# 0 (types=[])
07-27 05:13:24.167  1436  1698 I AiAiEcho: #postPredictionTargets: Sending updates to UISurface home with targets# 0 (types=[])
07-27 05:13:24.167   576   576 W IPCThreadState: Sending oneway calls to frozen process.
07-27 05:13:24.168   576   576 W IPCThreadState: Sending oneway calls to frozen process.
07-27 05:13:24.168   576   576 W IPCThreadState: Sending oneway calls to frozen process.
07-27 05:13:24.168   576   875 W MagnificationConnectionManager: requestConnection duplicated request: connect=false, mConnectionState=DISCONNECTED
07-27 05:13:24.168  1436  1452 I AiAiEcho: Settings changed for uri: content://settings/secure/accessibility_enabled
07-27 05:13:24.168   576   576 W IPCThreadState: Sending oneway calls to frozen process.
07-27 05:13:24.168  1436  1698 I AiAiEcho: Predicting[0]:  [CONTEXT sampling_count=5 ]
07-27 05:13:24.168  1436  1698 I AiAiEcho: EchoTargets: 
07-27 05:13:24.168  1436  1698 I AiAiEcho: Filtered by AiAi flag check: 
07-27 05:13:24.168  1436  1698 I AiAiEcho: [CONTEXT ratelimit_period="10 SECONDS" ]
07-27 05:13:24.168  1436  1698 I AiAiEcho: Ranked targets strategy: SORT, count: 0, ranking metadata:  [CONTEXT ratelimit_period="10 SECONDS" ]
07-27 05:13:24.168  1436  1698 I AiAiEcho: #remoteViewsTwiddler: feature disabled.
07-27 05:13:24.168  1436  1698 I AiAiEcho: Predicting[0]:  [CONTEXT sampling_count=5 ]
07-27 05:13:24.168  1436  1698 I AiAiEcho: EchoTargets: 
07-27 05:13:24.168  1436  1698 I AiAiEcho: Filtered by AiAi flag check: 
07-27 05:13:24.168  1436  1698 I AiAiEcho: [CONTEXT ratelimit_period="10 SECONDS" ]
07-27 05:13:24.168  1436  1698 I AiAiEcho: Ranked targets strategy: SORT, count: 0, ranking metadata:  [CONTEXT ratelimit_period="10 SECONDS" ]
07-27 05:13:24.169  1436  1698 I AiAiEcho: #remoteViewsTwiddler: feature disabled.
07-27 05:13:24.169  1436  1698 I AiAiEcho: Predicting[0]:  [CONTEXT sampling_count=5 ]
07-27 05:13:24.169   576   576 W IPCThreadState: Sending oneway calls to frozen process.
07-27 05:13:24.169  1436  1698 I AiAiEcho: EchoTargets: 
07-27 05:13:24.169  1436  1698 I AiAiEcho: Filtered by AiAi flag check: 
07-27 05:13:24.169  1436  1698 I AiAiEcho: [CONTEXT ratelimit_period="10 SECONDS" ]
07-27 05:13:24.169  1436  1698 I AiAiEcho: Ranked targets strategy: SORT, count: 0, ranking metadata:  [CONTEXT ratelimit_period="10 SECONDS" ]
07-27 05:13:24.169  1436  1698 I AiAiEcho: #remoteViewsTwiddler: feature disabled.
07-27 05:13:24.169  1436  1698 I AiAiEcho: #postPredictionTargets: Sending updates to UISurface media_data_manager with targets# 0 (types=[])
07-27 05:13:24.169   576   576 W IPCThreadState: Sending oneway calls to frozen process.
07-27 05:13:24.169   576   576 W IPCThreadState: Sending oneway calls to frozen process.
07-27 05:13:24.169  1436  1698 I AiAiEcho: #postPredictionTargets: Sending updates to UISurface lockscreen with targets# 0 (types=[])
07-27 05:13:24.169   576   576 W IPCThreadState: Sending oneway calls to frozen process.
07-27 05:13:24.169  1436  1698 I AiAiEcho: #postPredictionTargets: Sending updates to UISurface home with targets# 0 (types=[])
07-27 05:13:24.169   576   576 W IPCThreadState: Sending oneway calls to frozen process.
07-27 05:13:24.169   576   576 W IPCThreadState: Sending oneway calls to frozen process.
07-27 05:13:24.169   820   820 D SsMediaDataProvider: Forwarding Smartspace updates []
07-27 05:13:24.169   820   820 D SsMediaDataProvider: Forwarding Smartspace updates []
07-27 05:13:24.169   576   576 W IPCThreadState: Sending oneway calls to frozen process.
07-27 05:13:24.169   576   576 W IPCThreadState: Sending oneway calls to frozen process.
07-27 05:13:24.169   576   576 W IPCThreadState: Sending oneway calls to frozen process.
07-27 05:13:24.169   576   576 W IPCThreadState: Sending oneway calls to frozen process.
07-27 05:13:24.169   576   576 W IPCThreadState: Sending oneway calls to frozen process.
07-27 05:13:24.169   576   576 W IPCThreadState: Sending oneway calls to frozen process.
07-27 05:13:24.169   576   576 W IPCThreadState: Sending oneway calls to frozen process.
07-27 05:13:24.170   576   576 W IPCThreadState: Sending oneway calls to frozen process.
07-27 05:13:24.170   576   576 W IPCThreadState: Sending oneway calls to frozen process.
07-27 05:13:24.170   576   576 W IPCThreadState: Sending oneway calls to frozen process.
07-27 05:13:24.170   576   576 W IPCThreadState: Sending oneway calls to frozen process.
07-27 05:13:24.170   576   576 D BatterySaverPolicy: accessibility changed to true, updating policy.
07-27 05:13:24.197  1306  1306 D SsBaseTemplateCard: No text view can be set up
07-27 05:13:24.197  1306  1306 D SsBaseTemplateCard: Passed-in item info is null
07-27 05:13:24.197  1306  1306 D SsBaseTemplateCard: Passed-in item info is null
07-27 05:13:24.197  1306  1306 D SsBaseTemplateCard: Passed-in item info is null
07-27 05:13:24.197  1306  1306 I SsBaseTemplateCard: Secondary card pane is null
07-27 05:13:24.197  1306  1306 D SsBaseTemplateCard: No text view can be set up
07-27 05:13:24.197  1306  1306 D SsBaseTemplateCard: Passed-in item info is null
07-27 05:13:24.197  1306  1306 D SsBaseTemplateCard: Passed-in item info is null
07-27 05:13:24.197  1306  1306 D SsBaseTemplateCard: Passed-in item info is null
07-27 05:13:24.197  1306  1306 I SsBaseTemplateCard: Secondary card pane is null
07-27 05:13:24.207   820   820 W PageIndicator: Total number of pages invalid: 0. Assuming 1 page.
07-27 05:13:24.208   820   820 W PageIndicator: Total number of pages invalid: 0. Assuming 1 page.
07-27 05:13:25.151   384  3508 D android.hardware.audio@7.1-impl.ranchu: threadLoop: entering standby, frames: 149056
07-27 05:13:25.176  3510  3510 I AccessibilityNodeInfoDumper: Skipping invisible child: android.view.accessibility.AccessibilityNodeInfo@88c9b; boundsInParent: Rect(0, 0 - 1080, 0); boundsInScreen: Rect(0, 0 - 1080, 0); boundsInWindow: Rect(0, 0 - 1080, 0); packageName: com.mediology.sinsinapp; className: android.widget.LinearLayout; text: null; error: null; maxTextLength: -1; stateDescription: null; contentDescription: null; tooltipText: null; containerTitle: null; viewIdResName: null; uniqueId: null; checkable: false; checked: false; focusable: false; focused: false; selected: false; clickable: false; longClickable: false; contextClickable: false; enabled: true; password: false; scrollable: false; granularScrollingSupported: false; importantForAccessibility: false; visible: false; actions: [AccessibilityAction: ACTION_SELECT - null, AccessibilityAction: ACTION_CLEAR_SELECTION - null, AccessibilityAction: ACTION_ACCESSIBILITY_FOCUS - null, AccessibilityAction: ACTION_SHOW_ON_SCREEN - null]; isTextSelectable: false
07-27 05:13:25.177  3510  3510 I AccessibilityNodeInfoDumper: Skipping invisible child: android.view.accessibility.AccessibilityNodeInfo@888da; boundsInParent: Rect(0, 0 - 1080, 0); boundsInScreen: Rect(0, 0 - 1080, 0); boundsInWindow: Rect(0, 0 - 1080, 0); packageName: com.mediology.sinsinapp; className: android.view.ViewGroup; text: null; error: null; maxTextLength: -1; stateDescription: null; contentDescription: null; tooltipText: null; containerTitle: null; viewIdResName: null; uniqueId: null; checkable: false; checked: false; focusable: false; focused: false; selected: false; clickable: false; longClickable: false; contextClickable: false; enabled: true; password: false; scrollable: false; granularScrollingSupported: false; importantForAccessibility: false; visible: false; actions: [AccessibilityAction: ACTION_SELECT - null, AccessibilityAction: ACTION_CLEAR_SELECTION - null, AccessibilityAction: ACTION_ACCESSIBILITY_FOCUS - null, AccessibilityAction: ACTION_SHOW_ON_SCREEN - null]; isTextSelectable: false
07-27 05:13:25.177  3510  3510 I AccessibilityNodeInfoDumper: Skipping invisible child: android.view.accessibility.AccessibilityNodeInfo@9c42e; boundsInParent: Rect(0, 0 - 1080, 0); boundsInScreen: Rect(0, 0 - 1080, 0); boundsInWindow: Rect(0, 0 - 1080, 0); packageName: com.mediology.sinsinapp; className: android.widget.LinearLayout; text: null; error: null; maxTextLength: -1; stateDescription: null; contentDescription: null; tooltipText: null; containerTitle: null; viewIdResName: null; uniqueId: null; checkable: false; checked: false; focusable: false; focused: false; selected: false; clickable: false; longClickable: false; contextClickable: false; enabled: true; password: false; scrollable: false; granularScrollingSupported: false; importantForAccessibility: false; visible: false; actions: [AccessibilityAction: ACTION_SELECT - null, AccessibilityAction: ACTION_CLEAR_SELECTION - null, AccessibilityAction: ACTION_ACCESSIBILITY_FOCUS - null, AccessibilityAction: ACTION_SHOW_ON_SCREEN - null]; isTextSelectable: false
07-27 05:13:25.177  3510  3510 I AccessibilityNodeInfoDumper: Skipping invisible child: android.view.accessibility.AccessibilityNodeInfo@9c06d; boundsInParent: Rect(0, 0 - 1080, 0); boundsInScreen: Rect(0, 0 - 1080, 0); boundsInWindow: Rect(0, 0 - 1080, 0); packageName: com.mediology.sinsinapp; className: android.view.ViewGroup; text: null; error: null; maxTextLength: -1; stateDescription: null; contentDescription: null; tooltipText: null; containerTitle: null; viewIdResName: null; uniqueId: null; checkable: false; checked: false; focusable: false; focused: false; selected: false; clickable: false; longClickable: false; contextClickable: false; enabled: true; password: false; scrollable: false; granularScrollingSupported: false; importantForAccessibility: false; visible: false; actions: [AccessibilityAction: ACTION_SELECT - null, AccessibilityAction: ACTION_CLEAR_SELECTION - null, AccessibilityAction: ACTION_ACCESSIBILITY_FOCUS - null, AccessibilityAction: ACTION_SHOW_ON_SCREEN - null]; isTextSelectable: false
07-27 05:13:25.185  3510  3510 I AccessibilityNodeInfoDumper: Skipping invisible child: android.view.accessibility.AccessibilityNodeInfo@e511; boundsInParent: Rect(0, 0 - 1080, 121); boundsInScreen: Rect(0, 0 - 1080, -121); boundsInWindow: Rect(0, 0 - 1080, -121); packageName: com.mediology.sinsinapp; className: android.view.ViewGroup; text: null; error: null; maxTextLength: -1; stateDescription: null; contentDescription: null; tooltipText: null; containerTitle: null; viewIdResName: toastAnimatedContainer; uniqueId: null; checkable: false; checked: false; focusable: false; focused: false; selected: false; clickable: false; longClickable: false; contextClickable: false; enabled: true; password: false; scrollable: false; granularScrollingSupported: false; importantForAccessibility: true; visible: false; actions: [AccessibilityAction: ACTION_SELECT - null, AccessibilityAction: ACTION_CLEAR_SELECTION - null, AccessibilityAction: ACTION_ACCESSIBILITY_FOCUS - null, AccessibilityAction: ACTION_SHOW_ON_SCREEN - null]; isTextSelectable: false
07-27 05:13:25.185  3510  3510 I AccessibilityNodeInfoDumper: Skipping invisible child: android.view.accessibility.AccessibilityNodeInfo@ce8b; boundsInParent: Rect(0, 0 - 1080, 0); boundsInScreen: Rect(0, 2400 - 1080, 2400); boundsInWindow: Rect(0, 2400 - 1080, 2400); packageName: com.mediology.sinsinapp; className: android.view.ViewGroup; text: null; error: null; maxTextLength: -1; stateDescription: null; contentDescription: null; tooltipText: null; containerTitle: null; viewIdResName: null; uniqueId: null; checkable: false; checked: false; focusable: false; focused: false; selected: false; clickable: false; longClickable: false; contextClickable: false; enabled: true; password: false; scrollable: false; granularScrollingSupported: false; importantForAccessibility: false; visible: false; actions: [AccessibilityAction: ACTION_SELECT - null, AccessibilityAction: ACTION_CLEAR_SELECTION - null, AccessibilityAction: ACTION_ACCESSIBILITY_FOCUS - null, AccessibilityAction: ACTION_SHOW_ON_SCREEN - null]; isTextSelectable: false
07-27 05:13:25.186  3510  3510 W AccessibilityNodeInfoDumper: Fetch time: 12ms
07-27 05:13:25.187   576   875 W MagnificationConnectionManager: requestConnection duplicated request: connect=false, mConnectionState=DISCONNECTED
07-27 05:13:25.188   576   875 D AccessibilityManagerService: restoreCurrentUserForTestAutomationIfNeededLocked(): ignoring because device doesn't support visible background users
07-27 05:13:25.188   576   576 W IPCThreadState: Sending oneway calls to frozen process.
07-27 05:13:25.188   576   576 W IPCThreadState: Sending oneway calls to frozen process.
07-27 05:13:25.188   576   576 W IPCThreadState: Sending oneway calls to frozen process.
07-27 05:13:25.188   576   576 W IPCThreadState: Sending oneway calls to frozen process.
07-27 05:13:25.188   576   576 W IPCThreadState: Sending oneway calls to frozen process.
07-27 05:13:25.188   576   576 W IPCThreadState: Sending oneway calls to frozen process.
07-27 05:13:25.188  1436  1476 I AiAiEcho: Settings changed for uri: content://settings/secure/accessibility_enabled
07-27 05:13:25.188   576   576 W IPCThreadState: Sending oneway calls to frozen process.
07-27 05:13:25.188   576   576 W IPCThreadState: Sending oneway calls to frozen process.
07-27 05:13:25.188   576   576 W IPCThreadState: Sending oneway calls to frozen process.
07-27 05:13:25.188   576   576 W IPCThreadState: Sending oneway calls to frozen process.
07-27 05:13:25.189  3510  3510 D AndroidRuntime: Shutting down VM
07-27 05:13:25.189  1436  1698 I AiAiEcho: Predicting[0]:  [CONTEXT sampling_count=5 ]
07-27 05:13:25.189  1436  1698 I AiAiEcho: EchoTargets: 
07-27 05:13:25.189  1436  1698 I AiAiEcho: Filtered by AiAi flag check: 
07-27 05:13:25.189  1436  1698 I AiAiEcho: [CONTEXT ratelimit_period="10 SECONDS" ]
07-27 05:13:25.190   576   576 W IPCThreadState: Sending oneway calls to frozen process.
07-27 05:13:25.190   576   576 W IPCThreadState: Sending oneway calls to frozen process.
07-27 05:13:25.190  1436  1698 I AiAiEcho: Ranked targets strategy: SORT, count: 0, ranking metadata:  [CONTEXT ratelimit_period="10 SECONDS" ]
07-27 05:13:25.190  1436  1698 I AiAiEcho: #remoteViewsTwiddler: feature disabled.
07-27 05:13:25.190   576   576 W IPCThreadState: Sending oneway calls to frozen process.
07-27 05:13:25.190   576   576 W IPCThreadState: Sending oneway calls to frozen process.
07-27 05:13:25.191  1436  1698 I AiAiEcho: Predicting[0]:  [CONTEXT sampling_count=5 ]
07-27 05:13:25.191  1436  1698 I AiAiEcho: EchoTargets: 
07-27 05:13:25.191  1436  1698 I AiAiEcho: Filtered by AiAi flag check: 
07-27 05:13:25.191  1436  1698 I AiAiEcho: [CONTEXT ratelimit_period="10 SECONDS" ]
07-27 05:13:25.191  1436  1698 I AiAiEcho: Ranked targets strategy: SORT, count: 0, ranking metadata:  [CONTEXT ratelimit_period="10 SECONDS" ]
07-27 05:13:25.191  1436  1698 I AiAiEcho: #remoteViewsTwiddler: feature disabled.
07-27 05:13:25.191  1436  1698 I AiAiEcho: Predicting[0]:  [CONTEXT sampling_count=5 ]
07-27 05:13:25.191  1436  1698 I AiAiEcho: EchoTargets: 
07-27 05:13:25.191  1436  1698 I AiAiEcho: Filtered by AiAi flag check: 
07-27 05:13:25.191  1436  1698 I AiAiEcho: [CONTEXT ratelimit_period="10 SECONDS" ]
07-27 05:13:25.191  1436  1698 I AiAiEcho: Ranked targets strategy: SORT, count: 0, ranking metadata:  [CONTEXT ratelimit_period="10 SECONDS" ]
07-27 05:13:25.191  1436  1698 I AiAiEcho: #remoteViewsTwiddler: feature disabled.
07-27 05:13:25.191  1436  1698 I AiAiEcho: #postPredictionTargets: Sending updates to UISurface media_data_manager with targets# 0 (types=[])
07-27 05:13:25.194   576   576 W IPCThreadState: Sending oneway calls to frozen process.
07-27 05:13:25.194   576   576 W IPCThreadState: Sending oneway calls to frozen process.
07-27 05:13:25.194   576   576 W IPCThreadState: Sending oneway calls to frozen process.
07-27 05:13:25.195   576   576 W IPCThreadState: Sending oneway calls to frozen process.
07-27 05:13:25.195   576   576 W IPCThreadState: Sending oneway calls to frozen process.
07-27 05:13:25.195   576   576 W IPCThreadState: Sending oneway calls to frozen process.
07-27 05:13:25.195   576   576 W IPCThreadState: Sending oneway calls to frozen process.
07-27 05:13:25.195   576   576 D BatterySaverPolicy: accessibility changed to false, updating policy.
07-27 05:13:25.195   820   820 D SsMediaDataProvider: Forwarding Smartspace updates []
07-27 05:13:25.195  1436  1698 I AiAiEcho: #postPredictionTargets: Sending updates to UISurface lockscreen with targets# 0 (types=[])
07-27 05:13:25.196  1436  1698 I AiAiEcho: #postPredictionTargets: Sending updates to UISurface home with targets# 0 (types=[])
07-27 05:13:25.196   820   820 W PageIndicator: Total number of pages invalid: 0. Assuming 1 page.
07-27 05:13:25.197  1306  1306 D SsBaseTemplateCard: No text view can be set up
07-27 05:13:25.197  1306  1306 D SsBaseTemplateCard: Passed-in item info is null
07-27 05:13:25.197  1306  1306 D SsBaseTemplateCard: Passed-in item info is null
07-27 05:13:25.197  1306  1306 D SsBaseTemplateCard: Passed-in item info is null
07-27 05:13:25.197  1306  1306 I SsBaseTemplateCard: Secondary card pane is null
07-27 05:13:25.646   576  1307 D OomAdjuster: Not killing cached processes
07-27 05:13:26.116  3527  3527 W BpBinder: Linking to death on android.gui.ISurfaceComposer but there are no threads (yet?) listening to incoming transactions. See ProcessState::startThreadPool and ProcessState::setThreadPoolMaxThreadCount. Generally you should setup the binder threadpool before other initialization steps.
07-27 05:13:26.116  3527  3527 W ProcessState: Extra binder thread started, but 0 threads requested. Do not use *startThreadPool when zero threads are requested.
07-27 05:13:26.133   157   157 I servicemanager: Caller(pid=3527,uid=2000,sid=u:r:shell:s0) Could not find android.hardware.graphics.allocator.IAllocator/default in the VINTF manifest. No alternative instances declared in VINTF.
07-27 05:13:26.129   158   158 I hwservicemanager: getTransport: Cannot find entry android.hardware.graphics.mapper@4.0::IMapper/default in either framework or device VINTF manifest.
07-27 05:13:26.129  3527  3528 I Gralloc4: mapper 4.x is not supported
07-27 05:13:26.140   576   875 D CoreBackPreview: Window{c575d0b u0 PopupWindow:656ccaa}: Setting back callback OnBackInvokedCallbackInfo{mCallback=android.window.IOnBackInvokedCallback$Stub$Proxy@89fde01, mPriority=0, mIsAnimationCallback=false}
07-27 05:13:26.180  3315  3315 W WindowOnBackDispatcher: sendCancelIfRunning: isInProgress=false callback=android.view.ViewRootImpl$$ExternalSyntheticLambda11@fb1b411
07-27 05:13:26.181   576   875 D CoreBackPreview: Window{c575d0b u0 PopupWindow:656ccaa}: Setting back callback null
07-27 05:13:26.181   576   875 W InputManager-JNI: Input channel object 'c575d0b PopupWindow:656ccaa (client)' was disposed without first being removed with the input manager!
07-27 05:13:26.405   576   938 W InputManager-JNI: Input channel object 'a2b593d PopupWindow:c87d14e (client)' was disposed without first being removed with the input manager!
07-27 05:13:26.747  1571  1571 D BoundBrokerSvc: onRebind: Intent { act=com.google.android.gms.notifications.registration.service.NotificationsRegistrationTaskBoundService.ACTION_TASK_READY dat=chimera-action:/... cmp=com.google.android.gms/.chimera.GmsInternalBoundBrokerService }
07-27 05:13:26.747  1044  3429 I NetworkScheduler.Stats: Task com.google.android.gms/com.google.android.gms.notifications.registration.service.NotificationsRegistrationTaskBoundService started execution. cause:4 exec_start_elapsed_seconds: 199 [CONTEXT service_id=218 ]
07-27 05:13:26.749  1571  1571 I GmsCoreXrpcWrapper: Returning a channel provider with trafficStatsTag=67175169 trafficStatsUid=-1
07-27 05:13:26.758  1571  3185 W ChimeraUtils: Module com.google.android.gms.notifications_registration missing resource null(0)
07-27 05:13:26.759  1571  3185 W ChimeraUtils: Module com.google.android.gms.notifications_registration missing resource null(0)
07-27 05:13:26.759  1571  3185 W ChimeraUtils: Module com.google.android.gms.notifications_registration missing resource null(0)
07-27 05:13:26.788  1571  1571 D BoundBrokerSvc: onBind: Intent { act=com.google.android.gms.auth.service.START pkg=com.google.android.gms }
07-27 05:13:26.788  1571  1571 D BoundBrokerSvc: Loading bound service for intent: Intent { act=com.google.android.gms.auth.service.START pkg=com.google.android.gms }
07-27 05:13:26.793  1044  3078 W GLSUser : [DeviceKeyStore] Cannot load key: Device key file not found.
07-27 05:13:26.815  2740  2755 W libc    : Access denied finding property "persist.adb.tls_server.enable"
07-27 05:13:26.815  2740  2755 W libc    : Access denied finding property "service.adb.tls.port"
07-27 05:13:26.808  2740  2740 W binder:2740_1: type=1400 audit(0.0:39): avc:  denied  { read } for  name="u:object_r:system_adbd_prop:s0" dev="tmpfs" ino=309 scontext=u:r:gmscore_app:s0:c512,c768 tcontext=u:object_r:system_adbd_prop:s0 tclass=file permissive=0 app=com.google.android.gms
07-27 05:13:26.808  2740  2740 W binder:2740_1: type=1400 audit(0.0:40): avc:  denied  { read } for  name="u:object_r:adbd_prop:s0" dev="tmpfs" ino=54 scontext=u:r:gmscore_app:s0:c512,c768 tcontext=u:object_r:adbd_prop:s0 tclass=file permissive=0 app=com.google.android.gms
07-27 05:13:26.816   576   875 D FileUtils: Rounded bytes from 2070597632 to 4000000000
07-27 05:13:26.817   380  3531 I resolv  : GetAddrInfoHandler::run: {100 786532 100 983140 10144 0}
07-27 05:13:26.817  2740  2755 D TrafficStats: tagSocket(96) with statsTag=0x1809, statsUid=-1
07-27 05:13:26.826  1044  3078 W GmsUrlRequestImpl: Content-Type header is overwritten.
07-27 05:13:26.828   380  3532 I resolv  : GetAddrInfoHandler::run: {100 786532 100 983140 10144 0}
07-27 05:13:26.828   380  3534 I resolv  : res_nmkquery: (QUERY, IN, A)
07-27 05:13:26.828   380  3533 I resolv  : res_nmkquery: (QUERY, IN, AAAA)
07-27 05:13:26.828   380  3534 I resolv  : resolv_cache_lookup: FOUND IN CACHE entry=0xb40000744d284fb0
07-27 05:13:26.828   380  3534 I resolv  : doQuery: rcode=0, ancount=8, return value=168
07-27 05:13:26.828   380  3533 I resolv  : resolv_cache_lookup: FOUND IN CACHE entry=0xb4000075fd287ed0
07-27 05:13:26.828   380  3533 I resolv  : doQuery: rcode=0, ancount=8, return value=264
07-27 05:13:26.829  1044  3034 D TrafficStats: tagSocket(258) with statsTag=0x401, statsUid=10144
07-27 05:13:26.957  1044  3078 W GLSUser : [AppCertManager] Exception while requesting key: 
07-27 05:13:26.957  1044  3078 W GLSUser : java.util.concurrent.ExecutionException: bpcw: Parse Proto Exception with response code 400
07-27 05:13:26.957  1044  3078 W GLSUser : 	at etvr.s(:com.google.android.gms@242335038@24.23.35 (190400-646585959):21)
07-27 05:13:26.957  1044  3078 W GLSUser : 	at etvr.get(:com.google.android.gms@242335038@24.23.35 (190400-646585959):10)
07-27 05:13:26.957  1044  3078 W GLSUser : 	at yfw.b(:com.google.android.gms@242335038@24.23.35 (190400-646585959):477)
07-27 05:13:26.957  1044  3078 W GLSUser : 	at yfu.a(:com.google.android.gms@242335038@24.23.35 (190400-646585959):70)
07-27 05:13:26.957  1044  3078 W GLSUser : 	at yfu.hf(:com.google.android.gms@242335038@24.23.35 (190400-646585959):16)
07-27 05:13:26.957  1044  3078 W GLSUser : 	at oxh.onTransact(:com.google.android.gms@242335038@24.23.35 (190400-646585959):96)
07-27 05:13:26.957  1044  3078 W GLSUser : 	at android.os.Binder.transact(Binder.java:1345)
07-27 05:13:26.957  1044  3078 W GLSUser : 	at bjld.onTransact(:com.google.android.gms@242335038@24.23.35 (190400-646585959):18)
07-27 05:13:26.957  1044  3078 W GLSUser : 	at android.os.Binder.transact(Binder.java:1345)
07-27 05:13:26.957  1044  3078 W GLSUser : 	at bbqp.onTransact(:com.google.android.gms@242335038@24.23.35 (190400-646585959):147)
07-27 05:13:26.957  1044  3078 W GLSUser : 	at android.os.Binder.execTransactInternal(Binder.java:1500)
07-27 05:13:26.957  1044  3078 W GLSUser : 	at android.os.Binder.execTransact(Binder.java:1444)
07-27 05:13:26.957  1044  3078 W GLSUser : Caused by: bpcw: Parse Proto Exception with response code 400
07-27 05:13:26.957  1044  3078 W GLSUser : 	at bpdw.b(:com.google.android.gms@242335038@24.23.35 (190400-646585959):80)
07-27 05:13:26.957  1044  3078 W GLSUser : 	at bpgb.e(:com.google.android.gms@242335038@24.23.35 (190400-646585959):17)
07-27 05:13:26.957  1044  3078 W GLSUser : 	at bpgp.onSucceeded(:com.google.android.gms@242335038@24.23.35 (190400-646585959):7)
07-27 05:13:26.957  1044  3078 W GLSUser : 	at m.mw.onSucceeded(:com.google.android.gms.dynamite_cronetdynamite@242335038@24.23.35 (190400-0):3)
07-27 05:13:26.957  1044  3078 W GLSUser : 	at m.lt.run(:com.google.android.gms.dynamite_cronetdynamite@242335038@24.23.35 (190400-0):25)
07-27 05:13:26.957  1044  3078 W GLSUser : 	at angs.c(:com.google.android.gms@242335038@24.23.35 (190400-646585959):50)
07-27 05:13:26.957  1044  3078 W GLSUser : 	at angs.run(:com.google.android.gms@242335038@24.23.35 (190400-646585959):76)
07-27 05:13:26.957  1044  3078 W GLSUser : 	at java.util.concurrent.ThreadPoolExecutor.runWorker(ThreadPoolExecutor.java:1145)
07-27 05:13:26.957  1044  3078 W GLSUser : 	at java.util.concurrent.ThreadPoolExecutor$Worker.run(ThreadPoolExecutor.java:644)
07-27 05:13:26.957  1044  3078 W GLSUser : 	at anmg.run(:com.google.android.gms@242335038@24.23.35 (190400-646585959):8)
07-27 05:13:26.957  1044  3078 W GLSUser : 	at java.lang.Thread.run(Thread.java:1012)
07-27 05:13:26.957  1044  3078 W GLSUser : Caused by: fkhe: Protocol message contained an invalid tag (zero).
07-27 05:13:26.957  1044  3078 W GLSUser : 	at fkea.k(:com.google.android.gms@242335038@24.23.35 (190400-646585959):39)
07-27 05:13:26.957  1044  3078 W GLSUser : 	at fkid.c(:com.google.android.gms@242335038@24.23.35 (190400-646585959):309)
07-27 05:13:26.957  1044  3078 W GLSUser : 	at fkid.i(:com.google.android.gms@242335038@24.23.35 (190400-646585959):8)
07-27 05:13:26.957  1044  3078 W GLSUser : 	at fkgi.fe(:com.google.android.gms@242335038@24.23.35 (190400-646585959):25)
07-27 05:13:26.957  1044  3078 W GLSUser : 	at fkgc.g(:com.google.android.gms@242335038@24.23.35 (190400-646585959):3)
07-27 05:13:26.957  1044  3078 W GLSUser : 	at fkdw.e(:com.google.android.gms@242335038@24.23.35 (190400-646585959):1)
07-27 05:13:26.957  1044  3078 W GLSUser : 	at fkdw.d(:com.google.android.gms@242335038@24.23.35 (190400-646585959):3)
07-27 05:13:26.957  1044  3078 W GLSUser : 	at fkdw.p(:com.google.android.gms@242335038@24.23.35 (190400-646585959):1)
07-27 05:13:26.957  1044  3078 W GLSUser : 	at bpdw.g(:com.google.android.gms@242335038@24.23.35 (190400-646585959):68)
07-27 05:13:26.957  1044  3078 W GLSUser : 	at bpdw.b(:com.google.android.gms@242335038@24.23.35 (190400-646585959):11)
07-27 05:13:26.957  1044  3078 W GLSUser : 	... 10 more
07-27 05:13:26.959  1044  3078 W GLSUser : [DeviceKeyStore] Cannot load key: Device key file not found.
07-27 05:13:26.963  1571  2084 E gclu    : *~*~*~ Previous channel {0} was garbage collected without being shut down! ~*~*~*
07-27 05:13:26.963  1571  2084 E gclu    :     Make sure to call shutdown()/shutdownNow()
07-27 05:13:26.963  1571  2084 E gclu    : java.lang.RuntimeException: ManagedChannel allocation site
07-27 05:13:26.963  1571  2084 E gclu    : 	at gclt.<init>(:com.google.android.gms@242335038@24.23.35 (190400-646585959):21)
07-27 05:13:26.963  1571  2084 E gclu    : 	at gclu.<init>(:com.google.android.gms@242335038@24.23.35 (190400-646585959):10)
07-27 05:13:26.963  1571  2084 E gclu    : 	at gcls.a(:com.google.android.gms@242335038@24.23.35 (190400-646585959):244)
07-27 05:13:26.963  1571  2084 E gclu    : 	at gbvj.a(:com.google.android.gms@242335038@24.23.35 (190400-646585959):5)
07-27 05:13:26.963  1571  2084 E gclu    : 	at ewrn.a(:com.google.android.gms@242335038@24.23.35 (190400-646585959):173)
07-27 05:13:26.963  1571  2084 E gclu    : 	at emsu.a(:com.google.android.gms@242335038@24.23.35 (190400-646585959):13)
07-27 05:13:26.963  1571  2084 E gclu    : 	at etzu.a(:com.google.android.gms@242335038@24.23.35 (190400-646585959):3)
07-27 05:13:26.963  1571  2084 E gclu    : 	at etyv.run(:com.google.android.gms@242335038@24.23.35 (190400-646585959):21)
07-27 05:13:26.963  1571  2084 E gclu    : 	at etzw.run(:com.google.android.gms@242335038@24.23.35 (190400-646585959):5)
07-27 05:13:26.963  1571  2084 E gclu    : 	at angs.c(:com.google.android.gms@242335038@24.23.35 (190400-646585959):50)
07-27 05:13:26.963  1571  2084 E gclu    : 	at angs.run(:com.google.android.gms@242335038@24.23.35 (190400-646585959):76)
07-27 05:13:26.963  1571  2084 E gclu    : 	at java.util.concurrent.ThreadPoolExecutor.runWorker(ThreadPoolExecutor.java:1145)
07-27 05:13:26.963  1571  2084 E gclu    : 	at java.util.concurrent.ThreadPoolExecutor$Worker.run(ThreadPoolExecutor.java:644)
07-27 05:13:26.963  1571  2084 E gclu    : 	at anmg.run(:com.google.android.gms@242335038@24.23.35 (190400-646585959):8)
07-27 05:13:26.963  1571  2084 E gclu    : 	at java.lang.Thread.run(Thread.java:1012)
07-27 05:13:26.966  1571  2084 E gclu    : *~*~*~ Previous channel {0} was garbage collected without being shut down! ~*~*~*
07-27 05:13:26.966  1571  2084 E gclu    :     Make sure to call shutdown()/shutdownNow()
07-27 05:13:26.966  1571  2084 E gclu    : java.lang.RuntimeException: ManagedChannel allocation site
07-27 05:13:26.966  1571  2084 E gclu    : 	at gclt.<init>(:com.google.android.gms@242335038@24.23.35 (190400-646585959):21)
07-27 05:13:26.966  1571  2084 E gclu    : 	at gclu.<init>(:com.google.android.gms@242335038@24.23.35 (190400-646585959):10)
07-27 05:13:26.966  1571  2084 E gclu    : 	at gcls.a(:com.google.android.gms@242335038@24.23.35 (190400-646585959):244)
07-27 05:13:26.966  1571  2084 E gclu    : 	at gbvj.a(:com.google.android.gms@242335038@24.23.35 (190400-646585959):5)
07-27 05:13:26.966  1571  2084 E gclu    : 	at anbr.a(:com.google.android.gms@242335038@24.23.35 (190400-646585959):59)
07-27 05:13:26.966  1571  2084 E gclu    : 	at anbi.e(:com.google.android.gms@242335038@24.23.35 (190400-646585959):63)
07-27 05:13:26.966  1571  2084 E gclu    : 	at anbi.f(:com.google.android.gms@242335038@24.23.35 (190400-646585959):5)
07-27 05:13:26.966  1571  2084 E gclu    : 	at dhgf.a(:com.google.android.gms@242335038@24.23.35 (190400-646585959):39)
07-27 05:13:26.966  1571  2084 E gclu    : 	at dhfl.c(:com.google.android.gms@242335038@24.23.35 (190400-646585959):8)
07-27 05:13:26.966  1571  2084 E gclu    : 	at dhfl.a(:com.google.android.gms@242335038@24.23.35 (190400-646585959):3)
07-27 05:13:26.966  1571  2084 E gclu    : 	at ajis.run(:com.google.android.gms@242335038@24.23.35 (190400-646585959):5)
07-27 05:13:26.966  1571  2084 E gclu    : 	at angs.c(:com.google.android.gms@242335038@24.23.35 (190400-646585959):50)
07-27 05:13:26.966  1571  2084 E gclu    : 	at angs.run(:com.google.android.gms@242335038@24.23.35 (190400-646585959):76)
07-27 05:13:26.966  1571  2084 E gclu    : 	at java.util.concurrent.ThreadPoolExecutor.runWorker(ThreadPoolExecutor.java:1145)
07-27 05:13:26.966  1571  2084 E gclu    : 	at java.util.concurrent.ThreadPoolExecutor$Worker.run(ThreadPoolExecutor.java:644)
07-27 05:13:26.966  1571  2084 E gclu    : 	at anmg.run(:com.google.android.gms@242335038@24.23.35 (190400-646585959):8)
07-27 05:13:26.966  1571  2084 E gclu    : 	at java.lang.Thread.run(Thread.java:1012)
07-27 05:13:26.968   380  3535 I resolv  : GetAddrInfoHandler::run: {100 786532 100 983140 10144 0}
07-27 05:13:26.970   380  3536 I resolv  : res_nmkquery: (QUERY, IN, AAAA)
07-27 05:13:26.970   380  3537 I resolv  : res_nmkquery: (QUERY, IN, A)
07-27 05:13:26.970   380  3536 I resolv  : resolv_cache_lookup: FOUND IN CACHE entry=0xb4000075fd284510
07-27 05:13:26.970   380  3536 I resolv  : doQuery: rcode=0, ancount=8, return value=273
07-27 05:13:26.980   380  3537 I resolv  : res_nsend: used send_dg 177 terrno: 0
07-27 05:13:26.982   380  3537 I resolv  : doQuery: rcode=0, ancount=8, return value=177
07-27 05:13:26.984  1571  3173 D TrafficStats: tagSocket(142) with statsTag=0x2c010301, statsUid=-1
07-27 05:13:27.400  1571  3173 I cr_CronetUrlRequestContext: destroyNativeStreamLocked org.chromium.net.impl.CronetBidirectionalStream@bbc41fa
07-27 05:13:27.401  1571  3180 I NotificationsModuleTask: Registering accounts to Chime Failed & Rescheduled for later. [CONTEXT service_id=358 ]
07-27 05:13:27.403  1044  3490 I NetworkScheduler.Stats: Task com.google.android.gms/com.google.android.gms.notifications.registration.service.NotificationsRegistrationTaskBoundService finished executing. cause:4 result: 3 elapsed_millis: 657 uptime_millis: 657 exec_start_elapsed_seconds: 199 [CONTEXT service_id=218 ]
07-27 05:13:27.404  1571  1571 D BoundBrokerSvc: onUnbind: Intent { act=com.google.android.gms.notifications.registration.service.NotificationsRegistrationTaskBoundService.ACTION_TASK_READY dat=chimera-action:/... cmp=com.google.android.gms/.chimera.GmsInternalBoundBrokerService }
07-27 05:13:27.461  1044  3429 I NetworkScheduler.Stats: Task com.google.android.gms/com.google.android.gms.ads.jams.NegotiationService started execution. cause:5 exec_start_elapsed_seconds: 200 [CONTEXT service_id=218 ]
07-27 05:13:27.471  1044  3480 I NetworkScheduler.Stats: Task com.google.android.gms/com.google.android.gms.ads.jams.NegotiationService finished executing. cause:5 result: 1 elapsed_millis: 30 uptime_millis: 30 exec_start_elapsed_seconds: 200 [CONTEXT service_id=218 ]
07-27 05:13:29.809  1450  1759 I BistoHotwordHelper: (REDACTED) getHotwordActive::active query: %s, watch: %s, devices connected: %s
07-27 05:13:31.183  1044  3127 I NearbyMediums: No BLE Fast/GATT advertisements found in the latest cycle.
07-27 05:13:31.789   576  1805 D OomAdjuster: Not killing cached processes
07-27 05:13:32.572  1044  3429 I NetworkScheduler.Stats: Task com.google.android.gms/com.google.android.gms.telephonyspam.sync.SpamListSyncTaskService started execution. cause:4 exec_start_elapsed_seconds: 205 [CONTEXT service_id=218 ]
07-27 05:13:32.573  1571  3180 I TelephonySpamChimeraSer: Running Telephony Spam Chimera Service [CONTEXT service_id=150 ]
07-27 05:13:32.581  1571  3180 I TelephonySpamChimeraSer: Cleaning SIP Header local table of old entries [CONTEXT service_id=150 ]
07-27 05:13:32.585  1571  3180 I SpamListSync: Call spam module disabled. Skipping cleaning cache sip header table. [CONTEXT service_id=150 ]
07-27 05:13:32.585  1571  3180 I TelephonySpamChimeraSer: Syncing Call Spam List [CONTEXT service_id=150 ]
07-27 05:13:32.585  1571  3180 I SpamListSync: SpamListSyncChimeraService.syncSpamList called with tag: telephonyspam.SpamListSyncOneOffTask, extras: Bundle[{SpamList Type=0, Action=1.0}] [CONTEXT service_id=150 ]
07-27 05:13:32.638  1571  3180 I SpamListSync: Call spam module disabled. Skipping spam list syncing. [CONTEXT service_id=150 ]
07-27 05:13:32.644  1044  3480 I NetworkScheduler.Stats: Task com.google.android.gms/com.google.android.gms.telephonyspam.sync.SpamListSyncTaskService finished executing. cause:4 result: 1 elapsed_millis: 89 uptime_millis: 89 exec_start_elapsed_seconds: 205 [CONTEXT service_id=218 ]
07-27 05:13:36.858   576  1805 D OomAdjuster: Not killing cached processes
07-27 05:13:36.858  1571  1571 D BoundBrokerSvc: onUnbind: Intent { act=com.google.android.gms.common.BIND_SHARED_PREFS pkg=com.google.android.gms }
07-27 05:13:36.922  3315  3315 W ReactEditText: Can not attach listener because field `mListeners` not found: No field mListeners in class Lcom/facebook/react/views/textinput/ReactEditText; (declaration of 'com.facebook.react.views.textinput.ReactEditText' appears in /data/app/~~T93ezTjbxBbsJRS8KOfcCA==/com.mediology.sinsinapp-3n8TehE9cPS1H3Ob-w8QRA==/base.apk!classes7.dex). Attaching to the end...
07-27 05:13:36.923  3315  3315 I ThemedReactContext: KeyboardController::focusDidSet
07-27 05:13:36.939  3315  3315 I ImeTracker: com.mediology.sinsinapp:a3c6044f: onRequestShow at ORIGIN_CLIENT reason SHOW_SOFT_INPUT fromUser true
07-27 05:13:36.940  1370  1370 I GoogleInputMethodService: GoogleInputMethodService.onFinishInput():3157 
07-27 05:13:36.941  3315  3315 D InputMethodManager: showSoftInput() view=com.facebook.react.views.textinput.ReactEditText{62fd023 VFED..CL. .F.P..ID 44,556-930,618 #77e aid=1073741831} flags=0 reason=SHOW_SOFT_INPUT
07-27 05:13:36.942  1370  1370 I GoogleInputMethodService: GoogleInputMethodService.updateDeviceLockedStatus():2248 repeatCheckTimes = 0, locked = false
07-27 05:13:36.943  1370  1370 I GoogleInputMethodService: GoogleInputMethodService.onStartInput():1986 onStartInput(EditorInfo{EditorInfo{packageName=com.mediology.sinsinapp, inputType=81, inputTypeString=Password, enableLearning=false, autoCorrection=false, autoComplete=true, imeOptions=4000006, privateImeOptions=null, actionName=DONE, actionLabel=null, initialSelStart=0, initialSelEnd=0, initialCapsMode=0, label=null, fieldId=1918, fieldName=null, extras=Bundle[mParcelledData.dataSize=404], hintText=non-empty, hintLocales=[]}}, false)
07-27 05:13:36.943  1370  1370 I GoogleInputMethodService: GoogleInputMethodService.updateDeviceLockedStatus():2248 repeatCheckTimes = 1, locked = false
07-27 05:13:36.944  1370  1370 I AndroidIME: InputBundleManager.loadActiveInputBundleId():450 loadActiveInputBundleId: und-Latn-x-password, password
07-27 05:13:36.945  1370  1370 I HardKeyTracker: HardKeyTracker.unregisterKeySequence():183 Unregister key sequence lnk{labelResId=2132019800, callback=gnd@b049f9b, lastModifier=0, keyCodes=[57, 57], actions=[1, 0]}
07-27 05:13:36.945  1370  1370 I HardKeyTracker: HardKeyTracker.unregisterKeySequence():183 Unregister key sequence lnk{labelResId=0, callback=gnd@52dd476, lastModifier=0, keyCodes=[58, 58], actions=[1, 0]}
07-27 05:13:36.947   576  2013 W PackageConfigPersister: App-specific configuration not found for packageName: com.mediology.sinsinapp and userId: 0
07-27 05:13:36.960  1370  1370 I GoogleInputMethodService: GoogleInputMethodService.onCreateInputView():1884 onCreateInputView()
07-27 05:13:36.961  3315  3346 D EGL_emulation: app_time_stats: avg=1221.19ms min=16.21ms max=14169.21ms count=12
07-27 05:13:36.962   422   657 D audioserver: logFgsApiBegin: FGS Logger Transaction failed, -129
07-27 05:13:36.963   576   875 W AS.PlaybackActivityMon: No piid assigned for invalid/internal port id 15
07-27 05:13:36.969   422   539 D AudioFlinger: mixer(0xb400007e7f7558e0) throttle end: throttle time(34)
07-27 05:13:36.971   380   457 I netd    : tetherGetStats() -> {[]} <1.89ms>
07-27 05:13:37.007  3315  3315 I ImeTracker: com.mediology.sinsinapp:1fdc8323: onRequestShow at ORIGIN_CLIENT reason SHOW_SOFT_INPUT fromUser false
07-27 05:13:37.007  3315  3315 D InputMethodManager: showSoftInput() view=com.facebook.react.views.textinput.ReactEditText{62fd023 VFED..CL. .F...... 44,556-930,618 #77e aid=1073741831} flags=0 reason=SHOW_SOFT_INPUT
07-27 05:13:37.033  1370  1370 I KeyboardModeManager: KeyboardModeManager.setInputViewKeyboardViewHolderProvider():625 setInputView() : supportsOneHandedMode=true supportsSplitMode=true
07-27 05:13:37.057  1370  1370 I AndroidIME: KeyboardViewManager.updateKeyboardBackgroundFrameVisibility():314 Set background frame visibility. old:8, new:8
07-27 05:13:37.057  1370  1370 I NormalModeController: NormalModeController.getKeyboardBodyViewHolderPaddingBottom():104 currentPrimeKeyboardType:SOFT systemPaddingBottom:-1
07-27 05:13:37.058  1370  1370 I KeyboardHeightUtil: KeyboardHeightUtil.calculateMaxKeyboardBodyHeight():45 leave 281 height for app when ime window height:2268, header height:116 and isFullscreenMode:false, so the max keyboard body height is:1871
07-27 05:13:37.058  1370  1370 I KeyboardHeightUtil: KeyboardHeightUtil.calculateMaxKeyboardBodyHeight():45 leave 281 height for app when ime window height:2268, header height:116 and isFullscreenMode:false, so the max keyboard body height is:1871
07-27 05:13:37.058  1370  1370 I KeyboardHeightUtil: KeyboardHeightUtil.calculateMaxKeyboardBodyHeight():45 leave 281 height for app when ime window height:2268, header height:116 and isFullscreenMode:false, so the max keyboard body height is:1871
07-27 05:13:37.058  1370  1370 I KeyboardHeightUtil: KeyboardHeightUtil.calculateMaxKeyboardBodyHeight():45 leave 281 height for app when ime window height:2268, header height:116 and isFullscreenMode:false, so the max keyboard body height is:1871
07-27 05:13:37.059  1370  1370 I NormalModeController: NormalModeController.getKeyboardBodyViewHolderPaddingBottom():104 currentPrimeKeyboardType:SOFT systemPaddingBottom:-1
07-27 05:13:37.060  1370  1370 I KeyboardHeightUtil: KeyboardHeightUtil.calculateMaxKeyboardBodyHeight():45 leave 281 height for app when ime window height:2268, header height:116 and isFullscreenMode:false, so the max keyboard body height is:1871
07-27 05:13:37.060  1370  1370 I KeyboardHeightUtil: KeyboardHeightUtil.calculateMaxKeyboardBodyHeight():45 leave 281 height for app when ime window height:2268, header height:116 and isFullscreenMode:false, so the max keyboard body height is:1871
07-27 05:13:37.060  1370  1370 I KeyboardModeManager: KeyboardModeManager.setInputViewKeyboardViewHolderProvider():613 setInputView() : supportsOneHandedMode=true, supportSplitMode=true
07-27 05:13:37.061  1370  1370 I GoogleInputMethodService: GoogleInputMethodService.onStartInputView():2098 onStartInputView(EditorInfo{EditorInfo{packageName=com.mediology.sinsinapp, inputType=81, inputTypeString=Password, enableLearning=false, autoCorrection=false, autoComplete=true, imeOptions=4000006, privateImeOptions=null, actionName=DONE, actionLabel=null, initialSelStart=0, initialSelEnd=0, initialCapsMode=0, label=null, fieldId=1918, fieldName=null, extras=Bundle[{android.support.text.emoji.emojiCompat_metadataVersion=9, androidx.core.view.inputmethod.EditorInfoCompat.STYLUS_HANDWRITING_ENABLED=false, android.support.text.emoji.emojiCompat_replaceAll=false}], hintText=non-empty, hintLocales=[]}}, false)
07-27 05:13:37.064  1370  1370 I GoogleInputMethodService: GoogleInputMethodService.updateDeviceLockedStatus():2248 repeatCheckTimes = 1, locked = false
07-27 05:13:37.069  1370  1370 I NativeLibHelper: NativeLibHelper.loadLibrary():162 Loaded native library:integrated_shared_object (result=true)
07-27 05:13:37.079  1370  1370 I KeyboardHeightUtil: KeyboardHeightUtil.getOemKeyboardHeightRatio():206 systemKeyboardHeightRatio:1.000000.
07-27 05:13:37.084  1370  1370 I AndroidIME: AbstractIme.onActivate():89 PasswordIme.onActivate() : EditorInfo = EditorInfo{packageName=com.mediology.sinsinapp, inputType=81, inputTypeString=Password, enableLearning=false, autoCorrection=false, autoComplete=true, imeOptions=4000006, privateImeOptions=null, actionName=DONE, actionLabel=null, initialSelStart=0, initialSelEnd=0, initialCapsMode=0, label=null, fieldId=1918, fieldName=null, extras=Bundle[{android.support.text.emoji.emojiCompat_metadataVersion=9, androidx.core.view.inputmethod.EditorInfoCompat.STYLUS_HANDWRITING_ENABLED=false, android.support.text.emoji.emojiCompat_replaceAll=false}], hintText=non-empty, hintLocales=[]}, IncognitoMode = false, DeviceLocked = false
07-27 05:13:37.084  1370  1370 I KeyboardWrapper: KeyboardWrapper.activateKeyboard():575 activateKeyboard(): type=prime, status=0, imeDef=ktt{stringId=password, language=und-Latn-x-password, languageTag=und-Latn-x-password, processedConditions={variant=qwerty, enable_number_row=false, device=phone}, className=com.google.android.libraries.inputmethod.ime.password.PasswordIme, label=2132018743, keyEventInterpreter=null, inlineComposing=true, autoCapital=true, announceAutoSelectedCandidate=true, statusIcon=0, primeKeyboardType=SOFT, indicatorIcon=0, indicatorLabel=null, displayAppCompletions=false, extraValues=ktl{}, processors=kvl@99ac202, unacceptableMetaKeys=4098, languageSpecificSettings=0, asciiCapable=false, alwaysShowSuggestions=false, useAsciiPasswordKeyboard=false, secondaryIme=null, keyboardGroupDef=kut@d8d6713, phenotypeFlagId=0, localizationLanguageTag=null, supportsInlineSuggestion=false, supportsAccessPoints=false}
07-27 05:13:37.084  1370  1370 I KeyboardManager: KeyboardManager.requestKeyboard():234 Creating keyboard prime, imeId=password, cacheKey=theme_border_stylesheet_noshadow_gsans_pillkey_silkpopup_hover_light_phone_bottom4dp_navredesign
07-27 05:13:37.085  1370  1370 I GoogleInputMethodService: GoogleInputMethodService.startInputIfInputViewStarted():3728 startInputIfInputViewStarted(): default null
07-27 05:13:37.086  1370  1370 I KeyboardModeManager: KeyboardModeManager.setInputViewKeyboardViewHolderProvider():625 setInputView() : supportsOneHandedMode=true supportsSplitMode=true
07-27 05:13:37.087  1370  1370 I NormalModeController: NormalModeController.getKeyboardBodyViewHolderPaddingBottom():104 currentPrimeKeyboardType:SOFT systemPaddingBottom:-1
07-27 05:13:37.087  1370  1370 I KeyboardHeightUtil: KeyboardHeightUtil.calculateMaxKeyboardBodyHeight():45 leave 281 height for app when ime window height:2268, header height:116 and isFullscreenMode:false, so the max keyboard body height is:1871
07-27 05:13:37.087  1370  1370 I KeyboardHeightUtil: KeyboardHeightUtil.calculateMaxKeyboardBodyHeight():45 leave 281 height for app when ime window height:2268, header height:116 and isFullscreenMode:false, so the max keyboard body height is:1871
07-27 05:13:37.087  1370  1370 I KeyboardHeightUtil: KeyboardHeightUtil.calculateMaxKeyboardBodyHeight():45 leave 281 height for app when ime window height:2268, header height:116 and isFullscreenMode:false, so the max keyboard body height is:1871
07-27 05:13:37.088  1370  1370 I KeyboardHeightUtil: KeyboardHeightUtil.calculateMaxKeyboardBodyHeight():45 leave 281 height for app when ime window height:2268, header height:116 and isFullscreenMode:false, so the max keyboard body height is:1871
07-27 05:13:37.088  1370  1370 I NormalModeController: NormalModeController.getKeyboardBodyViewHolderPaddingBottom():104 currentPrimeKeyboardType:SOFT systemPaddingBottom:-1
07-27 05:13:37.089  1370  1370 I KeyboardHeightUtil: KeyboardHeightUtil.calculateMaxKeyboardBodyHeight():45 leave 281 height for app when ime window height:2268, header height:116 and isFullscreenMode:false, so the max keyboard body height is:1871
07-27 05:13:37.089  1370  1370 I KeyboardHeightUtil: KeyboardHeightUtil.calculateMaxKeyboardBodyHeight():45 leave 281 height for app when ime window height:2268, header height:116 and isFullscreenMode:false, so the max keyboard body height is:1871
07-27 05:13:37.089  1370  1370 I KeyboardModeManager: KeyboardModeManager.setInputViewKeyboardViewHolderProvider():613 setInputView() : supportsOneHandedMode=true, supportSplitMode=true
07-27 05:13:37.096  1370  1370 I CrowdsourceExtension: CrowdsourceExtension.checkIfDefaultBrowserIsAllowed():110 Failed to get default browser. The default browser may be deactived.
07-27 05:13:37.111  1370  1370 I AccessoryInputModeManager: AccessoryInputModeManager.onModeStarted():308 Accessory input mode started: null
07-27 05:13:37.112  1370  1370 I KeyboardWrapper: KeyboardWrapper.consumeEvent():388 Skip consuming an event as current keyboard is deactivated (state=1, keyboard existence=false)
07-27 05:13:37.112  1370  1370 W SupplementaryKeyboardsWrapper: SupplementaryKeyboardsWrapper.deactivateKeyboard():159 keyboard accessory_candidates_consumer is not activated before!
07-27 05:13:37.113  1370  1370 I HardKeyTracker: HardKeyTracker.registerKeySequence():139 Register key sequence lnk{labelResId=2132019800, callback=cfr@e4fb15a, lastModifier=2, keyCodes=[56], actions=[0]}
07-27 05:13:37.114  1370  1370 I NewLanguagePromptExtension: NewLanguagePromptExtension.onActivate():195 Not activated NewLanguagePromptExtension: not a normal text input box.
07-27 05:13:37.116  1370  1370 I CurrentMicStatusHolder: CurrentMicStatusHolder.onStartInputView():81 Current Mic status = {MicIconHidden-PasswordOrNumberOrDateInputType,}
07-27 05:13:37.117  1370  1370 W FDL     : FDL logging failed. Add a dependency for Firebase Analytics to your app to enable logging of Dynamic Link events.
07-27 05:13:37.117  1370  1370 I HardKeyTracker: HardKeyTracker.unregisterKeySequence():183 Unregister key sequence lnk{labelResId=2132019799, callback=cfr@789952f, lastModifier=2, keyCodes=[50], actions=[0]}
07-27 05:13:37.117  1370  1370 I HardKeyTracker: HardKeyTracker.registerKeySequence():139 Register key sequence lnk{labelResId=2132019799, callback=cfr@62df83f, lastModifier=2, keyCodes=[50], actions=[0]}
07-27 05:13:37.123  1571  1571 D BoundBrokerSvc: onBind: Intent { act=com.google.firebase.dynamiclinks.service.START pkg=com.google.android.gms }
07-27 05:13:37.124  1571  1571 D BoundBrokerSvc: Loading bound service for intent: Intent { act=com.google.firebase.dynamiclinks.service.START pkg=com.google.android.gms }
07-27 05:13:37.129   422   539 D audioserver: logFgsApiEnd: FGS Logger Transaction failed, -129
07-27 05:13:37.129  1370  1370 I KeyboardWrapper: KeyboardWrapper.consumeEvent():388 Skip consuming an event as current keyboard is deactivated (state=1, keyboard existence=false)
07-27 05:13:37.129  1370  1370 I StylusModule: StylusModule.onUpdateToolType():770 Update tool type = 0
07-27 05:13:37.139   431   631 W ServiceManagerCppClient: Permission failure: android.permission.ACCESS_SURFACE_FLINGER from uid=10165 pid=0
07-27 05:13:37.139   431   631 D PermissionCache: checking android.permission.ACCESS_SURFACE_FLINGER for uid=10165 => denied (587 us)
07-27 05:13:37.139   431   631 W ServiceManagerCppClient: Permission failure: android.permission.ROTATE_SURFACE_FLINGER from uid=10165 pid=0
07-27 05:13:37.139   431   631 D PermissionCache: checking android.permission.ROTATE_SURFACE_FLINGER for uid=10165 => denied (503 us)
07-27 05:13:37.140   431   521 W ServiceManagerCppClient: Permission failure: android.permission.INTERNAL_SYSTEM_WINDOW from uid=10165 pid=1370
07-27 05:13:37.140   431   521 D PermissionCache: checking android.permission.INTERNAL_SYSTEM_WINDOW for uid=10165 => denied (1082 us)
07-27 05:13:37.143  1370  1370 I WindowMetricsNotification: WindowMetricsNotification.notifyWithWindow():113 
07-27 05:13:37.143  1370  1370 I DeviceModeMonitor2: DeviceModeMonitor2.calculateAndNotify():101 Device mode 'phone' from display metrics 'DisplayMetrics{density=0.0, width=1080, height=2400, scaledDensity=0.0, xdpi=420.0, ydpi=420.0}' or smallestScreenWidthDp: 411
07-27 05:13:37.143  1370  1370 I GoogleInputMethodService: GoogleInputMethodService$10.onWindowMetricsChanged():1226 windowMetrics: bounds() = Rect(0, 132 - 1080, 2400), insets() = Rect(0, 0 - 0, 126)
07-27 05:13:37.149  1370  1370 I WindowMetricsNotification: WindowMetricsNotification.notify():106 WindowMetricsNotification{bounds=Rect(0, 132 - 1080, 2400), insets=Rect(0, 0 - 0, 126), densityDpi=420, smallestScreenWidthDp=411, displayWidth=1080, displayHeight=2400, xdpi=420.0, ydpi=420.0}; DisplayMetrics{density=2.625, width=1080, height=2400, scaledDensity=2.625, xdpi=420.0, ydpi=420.0}
07-27 05:13:37.153   576  1968 D ImeInsetsSourceProvider: showImePostLayout cancelled, isScheduledAndReadyToShowIme: false, mImeRequester: Window{d9e5c2e u0 com.mediology.sinsinapp/com.mediology.sinsinapp.MainActivity}, serverVisible: true, frozen: false, mWindowContainer is: non-null, windowState: Window{c3714a5 u0 InputMethod}, isDrawn: false, mGivenInsetsPending: false, dcTarget: Window{d9e5c2e u0 com.mediology.sinsinapp/com.mediology.sinsinapp.MainActivity}, controlTarget: Window{d9e5c2e u0 com.mediology.sinsinapp/com.mediology.sinsinapp.MainActivity}
07-27 05:13:37.153   576  1968 D ImeInsetsSourceProvider: controlTarget == DisplayContent.controlTarget: true, hasPendingControls: true, leash is: non-null, isImeLayeringTarget: true, isAboveImeLayeringTarget: false, isImeFallbackTarget: false, isImeInputTarget: true, sameAsImeControlTarget: true
07-27 05:13:37.153   576  1968 I ImeTracker: com.mediology.sinsinapp:a3c6044f: onCancelled at PHASE_WM_SHOW_IME_RUNNER
07-27 05:13:37.157  1370  1370 I KeyboardManager: KeyboardManager.requestKeyboard():234 Creating keyboard prime, imeId=password, cacheKey=theme_border_stylesheet_noshadow_gsans_pillkey_silkpopup_hover_light_phone_bottom4dp_navredesign
07-27 05:13:37.158   431   631 W ServiceManagerCppClient: Permission failure: android.permission.INTERNAL_SYSTEM_WINDOW from uid=10165 pid=0
07-27 05:13:37.158   431   631 D PermissionCache: checking android.permission.INTERNAL_SYSTEM_WINDOW for uid=10165 => denied (18823 us)
07-27 05:13:37.183  1370  1370 I KeyboardWrapper: KeyboardWrapper.onKeyboardReady():239 onKeyboardReady(): type=null(prime), kb=com.google.android.apps.inputmethod.latin.keyboard.LatinPasswordKeyboard@87f730d
07-27 05:13:37.183  1370  1370 I KeyboardWrapper: KeyboardWrapper.doActivateKeyboard():606 doActivateKeyboard(): prime
07-27 05:13:37.219  1370  1787 I EGL_emulation: Opening libGLESv1_CM_emulation.so
07-27 05:13:37.219  1370  1787 I EGL_emulation: Opening libGLESv2_emulation.so
07-27 05:13:37.227  1370  1787 W HWUI    : Failed to choose config with EGL_SWAP_BEHAVIOR_PRESERVED, retrying without...
07-27 05:13:37.228  1370  1787 W HWUI    : Failed to initialize 101010-2 format, error = EGL_SUCCESS
07-27 05:13:37.258   157   157 I servicemanager: Caller(pid=1370,uid=10165,sid=u:r:untrusted_app:s0:c165,c256,c512,c768) Could not find android.hardware.graphics.allocator.IAllocator/default in the VINTF manifest. No alternative instances declared in VINTF.
07-27 05:13:37.258   158   158 I hwservicemanager: getTransport: Cannot find entry android.hardware.graphics.mapper@4.0::IMapper/default in either framework or device VINTF manifest.
07-27 05:13:37.258  1370  1787 I Gralloc4: mapper 4.x is not supported
07-27 05:13:37.292  1306  1545 D EGL_emulation: app_time_stats: avg=29739.61ms min=161.58ms max=59317.65ms count=2
07-27 05:13:37.296  1370  1370 E PropertyBackgroundShape: PropertyBackgroundShape$Factory.extractAvailableStateSpecs():598 Multiple state is not supported: [16843623, 16842919]
07-27 05:13:37.296  1370  1370 E PropertyBackgroundShape: PropertyBackgroundShape$Factory.extractAvailableStateSpecs():598 Multiple state is not supported: [16843623, 16842919]
07-27 05:13:37.296  1370  1370 E PropertyBackgroundShape: PropertyBackgroundShape$Factory.extractAvailableStateSpecs():598 Multiple state is not supported: [16843623, 16842919]
07-27 05:13:37.297  1370  1370 E PropertyBackgroundShape: PropertyBackgroundShape$Factory.extractAvailableStateSpecs():598 Multiple state is not supported: [16843623, 16842919]
07-27 05:13:37.297  1370  1370 E PropertyBackgroundShape: PropertyBackgroundShape$Factory.extractAvailableStateSpecs():598 Multiple state is not supported: [16843623, 16842919]
07-27 05:13:37.297  1370  1370 E PropertyBackgroundShape: PropertyBackgroundShape$Factory.extractAvailableStateSpecs():598 Multiple state is not supported: [16843623, 16842919]
07-27 05:13:37.297  1370  1370 E PropertyBackgroundShape: PropertyBackgroundShape$Factory.extractAvailableStateSpecs():598 Multiple state is not supported: [16843623, 16842919]
07-27 05:13:37.297  1370  1370 E PropertyBackgroundShape: PropertyBackgroundShape$Factory.extractAvailableStateSpecs():598 Multiple state is not supported: [16843623, 16842919]
07-27 05:13:37.297  1370  1370 E PropertyBackgroundShape: PropertyBackgroundShape$Factory.extractAvailableStateSpecs():598 Multiple state is not supported: [16843623, 16842919]
07-27 05:13:37.297  1370  1370 E PropertyBackgroundShape: PropertyBackgroundShape$Factory.extractAvailableStateSpecs():598 Multiple state is not supported: [16843623, 16842919]
07-27 05:13:37.298  1370  1370 I KeyboardViewHelper: KeyboardViewHelper.getView():168 Get view with height ratio:1.000000
07-27 05:13:37.386  1370  1370 I KeyboardHeightUtil: KeyboardHeightUtil.calculateMaxKeyboardBodyHeight():45 leave 281 height for app when ime window height:2142, header height:116 and isFullscreenMode:false, so the max keyboard body height is:1745
07-27 05:13:37.386  1370  1370 I SoftKeyboardView: SoftKeyboardView.setMaxHeight():980 Set max keyboard height:1745.
07-27 05:13:37.391  1044  1554 I FontLog : Received query Google Sans Text:500, URI content://com.google.android.gms.fonts [CONTEXT service_id=132 ]
07-27 05:13:37.391  1044  1554 I FontLog : Query [Google Sans Text:500] resolved to {Google Sans Text, wdth 100.0, wght 500, ital 0.0, bestEffort false} [CONTEXT service_id=132 ]
07-27 05:13:37.392  1370  1370 W KeyboardDef: KeyboardDef.getKeyboardViewDef():757 KeyboardViewDef is not found: keyboardDef=kuo{processedConditions={show_suggestions=true, enable_more_candidates_view_for_multilingual=false, enable_secondary_symbols=false, variant=qwerty, language=en-US, device=phone, expressions=normal, keyboard_mode=normal, show_secondary_digits=false, enable_preemptive_decode=true, rtl_layout=false}, globalConditions={global_theme_key=theme_border_stylesheet_noshadow_gsans_pillkey_silkpopup_hover_light_phone_bottom4dp_navredesign, global_locale=en_US, global_density_dpi=420, global_orientation=1}, className=.latin.keyboard.LatinPasswordKeyboard, resourceIds=[#0x7f170663, #0x7f1708e0, #0x7f17071f], initialStates=0, keyboardViewDefs=[kvb{direction=null, id=#0x7f0b014d, isScalable=true, layoutId=#0x7f0e039d, type=BODY, touchable=true, defaultShow=true}, kvb{direction=null, id=#0x7f0b014d, isScalable=false, layoutId=#0x7f0e01aa, type=FLOATING_CANDIDATES, touchable=false, defaultShow=false}, kvb{direction=LOCALE, id=#0x7f0b014d, isScalable=false, layoutId=#0x7f0e058f, type=HEADER, touchable=true, defaultShow=true}], persistentStates=0, persistentStatesPrefKey=null, popupBubbleLayoutId=#0x7f0e068d, recentKeyLayoutId=0, recentKeyPopupLayoutId=0, recentKeyType=null, rememberRecentKey=NONE, sessionStates=17592186044419}, type=WIDGET, id=2131427661
07-27 05:13:37.393  1370  1370 W Keyboard: Keyboard.getKeyboardViewHelper():574 null helper is returned: keyboardDef=kuo{processedConditions={show_suggestions=true, enable_more_candidates_view_for_multilingual=false, enable_secondary_symbols=false, variant=qwerty, language=en-US, device=phone, expressions=normal, keyboard_mode=normal, show_secondary_digits=false, enable_preemptive_decode=true, rtl_layout=false}, globalConditions={global_theme_key=theme_border_stylesheet_noshadow_gsans_pillkey_silkpopup_hover_light_phone_bottom4dp_navredesign, global_locale=en_US, global_density_dpi=420, global_orientation=1}, className=.latin.keyboard.LatinPasswordKeyboard, resourceIds=[#0x7f170663, #0x7f1708e0, #0x7f17071f], initialStates=0, keyboardViewDefs=[kvb{direction=null, id=#0x7f0b014d, isScalable=true, layoutId=#0x7f0e039d, type=BODY, touchable=true, defaultShow=true}, kvb{direction=null, id=#0x7f0b014d, isScalable=false, layoutId=#0x7f0e01aa, type=FLOATING_CANDIDATES, touchable=false, defaultShow=false}, kvb{direction=LOCALE, id=#0x7f0b014d, isScalable=false, layoutId=#0x7f0e058f, type=HEADER, touchable=true, defaultShow=true}], persistentStates=0, persistentStatesPrefKey=null, popupBubbleLayoutId=#0x7f0e068d, recentKeyLayoutId=0, recentKeyPopupLayoutId=0, recentKeyType=null, rememberRecentKey=NONE, sessionStates=17592186044419}, type=WIDGET, helpersCreated=[kib@99bb1d7, kib@ac46ac4, kib@5c15dad, null], context.getResources().getConfiguration(): {1.0 310mcc260mnc [en_US] ldltr sw411dp w411dp h914dp 420dpi nrml long port finger qwerty/v/v dpad/v winConfig={ mBounds=Rect(0, 0 - 1080, 2400) mAppBounds=Rect(0, 0 - 1080, 2400) mMaxBounds=Rect(0, 0 - 1080, 2400) mDisplayRotation=ROTATION_0 mWindowingMode=fullscreen mActivityType=undefined mAlwaysOnTop=undefined mRotation=ROTATION_0} as.2 s.34 fontWeightAdjustment=0}
07-27 05:13:37.395  1044  1554 I FontLog : Font PFD returned from cache for {Google Sans Text, wdth 100.0, wght 500, ital 0.0, bestEffort false} [CONTEXT service_id=132 ]
07-27 05:13:37.395  1044  1554 I FontLog : Fetch {Google Sans Text, wdth 100.0, wght 500, ital 0.0, bestEffort false} end status Status{statusCode=SUCCESS, resolution=null} [CONTEXT service_id=132 ]
07-27 05:13:37.400  1044  1554 I FontLog : Pulling font file for id = 9, cache size = 6 [CONTEXT service_id=132 ]
07-27 05:13:37.404  1370  1370 I KeyboardHeightUtil: KeyboardHeightUtil.calculateMaxKeyboardBodyHeight():45 leave 281 height for app when ime window height:2142, header height:116 and isFullscreenMode:false, so the max keyboard body height is:1745
07-27 05:13:37.414  1370  1370 W ExtensionWrapper: ExtensionWrapper.requestKeyboard():732 class jhz is not activate
07-27 05:13:37.416  1370  1370 I KeyboardManager: KeyboardManager.createKeyboardInternal():407 Keyboard request for prime is out-of-date.
07-27 05:13:37.436  1370  1370 I KeyboardHeightUtil: KeyboardHeightUtil.calculateMaxKeyboardBodyHeight():45 leave 281 height for app when ime window height:2142, header height:116 and isFullscreenMode:false, so the max keyboard body height is:1745
07-27 05:13:37.437  1370  1370 I AndroidIME: KeyboardViewManager.updateKeyboardBackgroundFrameVisibility():314 Set background frame visibility. old:8, new:8
07-27 05:13:37.437  1370  1370 I WindowMetricsNotification: WindowMetricsNotification.notifyWithWindow():113 
07-27 05:13:37.437  1370  1370 I WindowMetricsNotification: WindowMetricsNotification.notify():106 WindowMetricsNotification{bounds=Rect(0, 132 - 1080, 2400), insets=Rect(0, 0 - 0, 126), densityDpi=420, smallestScreenWidthDp=411, displayWidth=1080, displayHeight=2400, xdpi=420.0, ydpi=420.0}; DisplayMetrics{density=2.625, width=1080, height=2400, scaledDensity=2.625, xdpi=420.0, ydpi=420.0}
07-27 05:13:37.437  1370  1370 W View    : requestLayout() improperly called by com.google.android.apps.inputmethod.libs.proactivesuggestion.ProactiveSuggestionsHolderView{5f9ae89 V.E...... ......ID 0,0-1080,116 #7f0b0438 app:id/key_pos_proactive_suggestions} during layout: running second layout pass
07-27 05:13:37.437  1370  1370 I KeyboardHeightUtil: KeyboardHeightUtil.calculateMaxKeyboardBodyHeight():45 leave 281 height for app when ime window height:2142, header height:116 and isFullscreenMode:false, so the max keyboard body height is:1745
07-27 05:13:37.461  1370  3559 W HWUI    : Failed to choose config with EGL_SWAP_BEHAVIOR_PRESERVED, retrying without...
07-27 05:13:37.462  1370  3559 W HWUI    : Failed to initialize 101010-2 format, error = EGL_SUCCESS
07-27 05:13:37.467  1571  1571 D BoundBrokerSvc: onBind: Intent { act=com.google.android.gms.common.BIND_SHARED_PREFS pkg=com.google.android.gms }
07-27 05:13:37.467   820   828 I ndroid.systemui: Background concurrent mark compact GC freed 13MB AllocSpace bytes, 68(1488KB) LOS objects, 49% free, 17MB/35MB, paused 383us,6.882ms total 331.187ms
07-27 05:13:37.467  1571  1571 D BoundBrokerSvc: Loading bound service for intent: Intent { act=com.google.android.gms.common.BIND_SHARED_PREFS pkg=com.google.android.gms }
07-27 05:13:37.518   820   830 W ndroid.systemui: ApkAssets: Deleting an ApkAssets object '<empty> and /product/priv-app/Velvet/Velvet.apk' with 1 weak references
07-27 05:13:37.549   820   830 W ndroid.systemui: ApkAssets: Deleting an ApkAssets object '<empty> and /data/app/~~T93ezTjbxBbsJRS8KOfcCA==/com.mediology.sinsinapp-3n8TehE9cPS1H3Ob-w8QRA==/base.apk' with 1 weak references
07-27 05:13:37.562   576   599 I DropBoxManagerService: add tag=system_app_strictmode isTagEnabled=true flags=0x2
07-27 05:13:37.573   576   599 I DropBoxManagerService: add tag=system_app_strictmode isTagEnabled=true flags=0x2
07-27 05:13:37.597   576  1805 W ServiceManagerCppClient: Permission failure: android.permission.ACCESS_SURFACE_FLINGER from uid=10165 pid=0
07-27 05:13:37.597   576  1805 D PermissionCache: checking android.permission.ACCESS_SURFACE_FLINGER for uid=10165 => denied (475 us)
07-27 05:13:37.597   576  1805 W ServiceManagerCppClient: Permission failure: android.permission.ROTATE_SURFACE_FLINGER from uid=10165 pid=0
07-27 05:13:37.597   576  1805 D PermissionCache: checking android.permission.ROTATE_SURFACE_FLINGER for uid=10165 => denied (99 us)
07-27 05:13:37.597   576  1805 W ServiceManagerCppClient: Permission failure: android.permission.INTERNAL_SYSTEM_WINDOW from uid=10165 pid=0
07-27 05:13:37.597   576  1805 D PermissionCache: checking android.permission.INTERNAL_SYSTEM_WINDOW for uid=10165 => denied (20 us)
07-27 05:13:37.598  1370  1370 I StylusModule: StylusModule.onUpdateToolType():770 Update tool type = 0
07-27 05:13:37.598  1370  1370 I KeyboardHeightUtil: KeyboardHeightUtil.calculateMaxKeyboardBodyHeight():45 leave 281 height for app when ime window height:2142, header height:116 and isFullscreenMode:false, so the max keyboard body height is:1745
07-27 05:13:37.598  1370  1370 I KeyboardHeightUtil: KeyboardHeightUtil.calculateMaxKeyboardBodyHeight():45 leave 281 height for app when ime window height:2142, header height:116 and isFullscreenMode:false, so the max keyboard body height is:1745
07-27 05:13:37.598  1370  1370 I NormalModeController: NormalModeController.getKeyboardBodyViewHolderPaddingBottom():104 currentPrimeKeyboardType:SOFT systemPaddingBottom:-1
07-27 05:13:37.598  1370  1370 I KeyboardHeightUtil: KeyboardHeightUtil.calculateMaxKeyboardBodyHeight():45 leave 281 height for app when ime window height:2142, header height:116 and isFullscreenMode:false, so the max keyboard body height is:1745
07-27 05:13:37.598  1370  1370 I KeyboardHeightUtil: KeyboardHeightUtil.calculateMaxKeyboardBodyHeight():45 leave 281 height for app when ime window height:2142, header height:116 and isFullscreenMode:false, so the max keyboard body height is:1745
07-27 05:13:37.598  1370  1370 I KeyboardHeightUtil: KeyboardHeightUtil.calculateMaxKeyboardBodyHeight():45 leave 281 height for app when ime window height:2142, header height:116 and isFullscreenMode:false, so the max keyboard body height is:1745
07-27 05:13:37.661  1370  1370 I GoogleInputMethodService: GoogleInputMethodService$1.onKeyboardViewShown():494 onKeyboardViewShown: keyboardType=prime, keyboardViewType=HEADER keyboardView=com.google.android.libraries.inputmethod.widgets.SoftKeyboardView{1b9cf4b V.E...... ........ 0,0-1080,116}
07-27 05:13:37.661  1370  1370 I GoogleInputMethodService: GoogleInputMethodService$1.onKeyboardViewShown():494 onKeyboardViewShown: keyboardType=prime, keyboardViewType=BODY keyboardView=com.google.android.libraries.inputmethod.widgets.SoftKeyboardView{281a59c V.E...... ........ 0,0-1080,641}
07-27 05:13:37.661  1370  1370 I NewLanguagePromptExtension: NewLanguagePromptExtension$1.onKeyboardViewShown():94 Not show new language banner: not prime keyboard, or the extension not activated.
07-27 05:13:37.665  3315  3315 D InsetsController: show(ime(), fromIme=true)
07-27 05:13:37.669  1370  1370 I WindowMetricsNotification: WindowMetricsNotification.notifyWithWindow():113 
07-27 05:13:37.669  1370  1370 I WindowMetricsNotification: WindowMetricsNotification.notify():106 WindowMetricsNotification{bounds=Rect(0, 132 - 1080, 2400), insets=Rect(0, 0 - 0, 126), densityDpi=420, smallestScreenWidthDp=411, displayWidth=1080, displayHeight=2400, xdpi=420.0, ydpi=420.0}; DisplayMetrics{density=2.625, width=1080, height=2400, scaledDensity=2.625, xdpi=420.0, ydpi=420.0}
07-27 05:13:37.670  1370  1370 I WindowMetricsNotification: WindowMetricsNotification.notifyWithWindow():113 
07-27 05:13:37.670  1370  1370 I WindowMetricsNotification: WindowMetricsNotification.notify():106 WindowMetricsNotification{bounds=Rect(0, 132 - 1080, 2400), insets=Rect(0, 0 - 0, 126), densityDpi=420, smallestScreenWidthDp=411, displayWidth=1080, displayHeight=2400, xdpi=420.0, ydpi=420.0}; DisplayMetrics{density=2.625, width=1080, height=2400, scaledDensity=2.625, xdpi=420.0, ydpi=420.0}
07-27 05:13:37.686  1370  1370 I StylusModule: StylusModule.onUpdateToolType():770 Update tool type = 0
07-27 05:13:37.704   820   893 D WindowManagerShell: onKeepClearAreasChanged: restricted={}, unrestricted={Rect(0, 1517 - 1080, 2400)}
07-27 05:13:37.710  1370  1370 I AndroidIME: KeyboardViewManager.saveKeyboardBottomGap():259 windowHeight: 2142 windowHeightInInches: 5.100000
07-27 05:13:37.710  1370  1370 I AndroidIME: keyboardHolderHeight: 757 navigationHeight: 126
07-27 05:13:37.710  1370  1370 I AndroidIME: getKeyboardBodyViewHolderPaddingBottom(): 0
07-27 05:13:37.710  1370  1370 I AndroidIME: keyboardBottomGap: 126 bodyViewHolderBottomPadding: 0
07-27 05:13:37.710  1370  1370 I AndroidIME: decorViewStableInsetBottom: 126 updated: false
07-27 05:13:37.712  1370  1370 I KeyboardHeightUtil: KeyboardHeightUtil.calculateMaxKeyboardBodyHeight():45 leave 281 height for app when ime window height:2142, header height:116 and isFullscreenMode:false, so the max keyboard body height is:1745
07-27 05:13:37.736  1044  1554 I FontLog : Received query Noto Color Emoji Compat, URI content://com.google.android.gms.fonts [CONTEXT service_id=132 ]
07-27 05:13:37.736  1044  1554 I FontLog : Query [Noto Color Emoji Compat] resolved to {Noto Color Emoji Compat, wdth 100.0, wght 400, ital 0.0, bestEffort false} [CONTEXT service_id=132 ]
07-27 05:13:37.737  3315  3315 I ThemedReactContext: KeyboardController::keyboardWillShow
07-27 05:13:37.737  1044  1554 I FontLog : Fetch {Noto Color Emoji Compat, wdth 100.0, wght 400, ital 0.0, bestEffort false} end status Status{statusCode=SUCCESS, resolution=null} [CONTEXT service_id=132 ]
07-27 05:13:37.738  3315  3315 I com.reactnativekeyboardcontroller.listeners.KeyboardAnimationCallback: HEIGHT:: 336.3809509277344 TAG:: 1918
07-27 05:13:37.759  1044  1180 I FontLog : Pulling font file for id = 10, cache size = 7 [CONTEXT service_id=132 ]
07-27 05:13:37.778  3315  3315 W InteractionJankMonitor: Initializing without READ_DEVICE_CONFIG permission. enabled=true, interval=1, missedFrameThreshold=3, frameTimeThreshold=64, package=com.mediology.sinsinapp
07-27 05:13:37.780  1044  1554 I FontLog : Pulling font file for id = 10, cache size = 7 [CONTEXT service_id=132 ]
07-27 05:13:37.781  1571  1571 D BoundBrokerSvc: onBind: Intent { act=com.google.android.gms.chimera.container.moduleinstall.ModuleInstallService.START dat=chimera-action:/... cmp=com.google.android.gms/.chimera.GmsApiService }
07-27 05:13:37.781  1571  1571 D BoundBrokerSvc: Loading bound service for intent: Intent { act=com.google.android.gms.chimera.container.moduleinstall.ModuleInstallService.START dat=chimera-action:/... cmp=com.google.android.gms/.chimera.GmsApiService }
07-27 05:13:37.782  3315  3315 I com.reactnativekeyboardcontroller.listeners.KeyboardAnimationCallback: DiffY: 0.0 0.0 0.0 false 1918
07-27 05:13:37.816  3315  3315 I ImeTracker: com.mediology.sinsinapp:1fdc8323: onShown
07-27 05:13:37.817  3315  3315 I com.reactnativekeyboardcontroller.listeners.KeyboardAnimationCallback: DiffY: 883.0 336.3809509277344 1.0 false 1918
07-27 05:13:37.838  3315  3315 I ThemedReactContext: KeyboardController::keyboardDidShow
07-27 05:13:37.848  3315  3315 I ThemedReactContext: onUserDrivenAnimationEnded
07-27 05:13:37.867  1370  1370 W InputConnectionWrapper: InputConnectionWrapper.recordDuration():1694 IPC IC_GET_SURROUNDING_TEXT took 153 ms
07-27 05:13:37.869  1370  1370 I NewLanguagePromptExtension: NewLanguagePromptExtension.onActivate():195 Not activated NewLanguagePromptExtension: not a normal text input box.
07-27 05:13:37.924  1370  1370 I StylusModule: StylusModule.onUpdateToolType():770 Update tool type = 0
07-27 05:13:37.968  3315  3346 D EGL_emulation: app_time_stats: avg=125.69ms min=47.60ms max=311.43ms count=8
07-27 05:13:38.010  1370  1370 W MlKitModuleManager: MlKitModuleManager.lambda$onCreate$0():52 MlKit modules are not available.
07-27 05:13:38.022  1370  1370 I StylusModule: StylusModule.onUpdateToolType():770 Update tool type = 0
07-27 05:13:38.073  1370  1370 I StylusModule: StylusModule.onUpdateToolType():770 Update tool type = 0
07-27 05:13:38.088   576  2013 W ActivityManager: Unable to start service Intent { act=com.google.android.finsky.BIND_PLAY_MODULE_SERVICE pkg=com.android.vending } U=0: not found
07-27 05:13:38.089  1571  1716 E ZappPhoneskyConn: Unable to bind to Phonesky
07-27 05:13:38.089  1571  1716 I GmsDebugLogger: [76] 
07-27 05:13:38.110   576  1805 W ActivityManager: Unable to start service Intent { act=com.google.android.finsky.BIND_PLAY_MODULE_SERVICE pkg=com.android.vending } U=0: not found
07-27 05:13:38.112  1571  1716 E ZappPhoneskyConn: Unable to bind to Phonesky
07-27 05:13:38.113  1571  1716 E DynamicModuleDownloader: Zapp module request failed: null
07-27 05:13:38.160  1370  1370 I StylusModule: StylusModule.onUpdateToolType():770 Update tool type = 0
07-27 05:13:38.175  1571  3568 I ChimeraConfigurator: Starting update, reason: 4 urgentFeatures: vision.ocr:1
07-27 05:13:38.177  1370  1370 I MlKitModuleManager: MlKitModuleManager.lambda$tryToInstallModules$2():85 Modules install request has been initiated.
07-27 05:13:38.196  1571  3568 I ChimeraConfigurator: Detected pending changes for urgent request: [vision.ocr]. Pending module sets: container:2423359190400+mlkit.ocr.common+vision.ocr,tflite_dynamite:2605805025100400+tflite_dynamite
07-27 05:13:38.231  1571  3568 I GmsDebugLogger: [73] 1801
07-27 05:13:38.233  1571  3568 W ZappDownloader: No successful Zapp module downloads for requested modules [VisionOcr.optional:242335100000:permitMetered, TfliteDynamiteDynamite.integ:260580502100400:permitMetered, MlkitOcrCommon.optional:242335100400:permitMetered].
07-27 05:13:38.233  1571  3568 I GmsDebugLogger: [30] [VisionOcr.optional:242335100000],[TfliteDynamiteDynamite.integ:260580502100400],[MlkitOcrCommon.optional:242335100400]
07-27 05:13:38.234  1571  3568 W ChimeraConfigService: Retry attempt was throttled. [CONTEXT service_id=264 ]
07-27 05:13:38.234  1571  3568 I GmsDebugLogger: [83] 1 [vision.ocr]
07-27 05:13:38.238  1370  1370 W MlKitModuleManager: MlKitModuleManager$1.onInstallStatusUpdated():112 Modules download failed. Error code: 8
07-27 05:13:38.264  3315  3315 I ImeTracker: com.mediology.sinsinapp:7f49cb31: onRequestShow at ORIGIN_CLIENT reason SHOW_SOFT_INPUT fromUser true
07-27 05:13:38.264  3315  3315 D InputMethodManager: showSoftInput() view=com.facebook.react.views.textinput.ReactEditText{62fd023 VFED..CL. .F.P.... 44,556-930,618 #77e aid=1073741831} flags=0 reason=SHOW_SOFT_INPUT
07-27 05:13:38.271  3315  3315 D InsetsController: show(ime(), fromIme=true)
07-27 05:13:38.274  3315  3315 I ImeTracker: com.mediology.sinsinapp:7f49cb31: onCancelled at PHASE_CLIENT_APPLY_ANIMATION
07-27 05:13:38.296   422   657 D audioserver: logFgsApiBegin: FGS Logger Transaction failed, -129
07-27 05:13:38.296   576  1968 W AS.PlaybackActivityMon: No piid assigned for invalid/internal port id 15
07-27 05:13:38.307   422   539 D AudioFlinger: mixer(0xb400007e7f7558e0) throttle end: throttle time(21)
07-27 05:13:38.315  1370  1370 I StylusModule: StylusModule.onUpdateToolType():770 Update tool type = 0
07-27 05:13:38.332  1370  1370 I StylusModule: StylusModule.onUpdateToolType():770 Update tool type = 0
07-27 05:13:38.398  1370  1370 I StylusModule: StylusModule.onUpdateToolType():770 Update tool type = 0
07-27 05:13:38.429   422   539 D AudioFlinger: mixer(0xb400007e7f7558e0) throttle end: throttle time(11)
07-27 05:13:38.443  1370  1370 I StylusModule: StylusModule.onUpdateToolType():770 Update tool type = 0
07-27 05:13:38.512  1370  1370 I StylusModule: StylusModule.onUpdateToolType():770 Update tool type = 0
07-27 05:13:38.538   422   539 D audioserver: logFgsApiEnd: FGS Logger Transaction failed, -129
07-27 05:13:38.611  1370  1374 I putmethod.latin: JIT allocated 58KB for compiled code of boolean fjt.a(kwp, java.lang.Object[])
07-27 05:13:38.611  1370  1374 I putmethod.latin: Compiler allocated 4729KB to compile boolean fjt.a(kwp, java.lang.Object[])
07-27 05:13:39.124  3315  3346 D EGL_emulation: app_time_stats: avg=88.76ms min=35.55ms max=494.08ms count=13
07-27 05:13:39.578   576   597 D CompatChangeReporter: Compat change id reported: 296060945; UID 10144; state: ENABLED
07-27 05:13:39.805  3582  3582 D AndroidRuntime: >>>>>> START com.android.internal.os.RuntimeInit uid 2000 <<<<<<
07-27 05:13:39.828  3582  3582 I AndroidRuntime: Using default boot image
07-27 05:13:39.828  3582  3582 I AndroidRuntime: Leaving lock profiling enabled
07-27 05:13:39.831  3582  3582 I app_process: Core platform API reporting enabled, enforcing=false
07-27 05:13:39.833  3582  3582 I app_process: Using CollectorTypeCMC GC.
07-27 05:13:39.941  3582  3582 D nativeloader: InitDefaultPublicLibraries for_preload=1: libandroid.so:libaaudio.so:libamidi.so:libbinder_ndk.so:libc.so:libcamera2ndk.so:libdl.so:libEGL.so:libGLESv1_CM.so:libGLESv2.so:libGLESv3.so:libicu.so:libicui18n.so:libicuuc.so:libjnigraphics.so:liblog.so:libmediandk.so:libm.so:libnativehelper.so:libnativewindow.so:libOpenMAXAL.so:libOpenSLES.so:libRS.so:libstdc++.so:libsync.so:libvulkan.so:libwebviewchromium_plat_support.so:libz.so
07-27 05:13:39.957  3582  3582 D nativeloader: Load libicu_jni.so using APEX ns com_android_art for caller /apex/com.android.art/javalib/core-oj.jar: ok
07-27 05:13:39.957  3582  3582 D app_process: u_setTimeZoneFilesDirectory("/apex/com.android.tzdata/etc/tz/versioned/8/icu") succeeded. 
07-27 05:13:39.958  3582  3582 D app_process: I18n APEX ICU file found: /apex/com.android.i18n/etc/icu/icudt75l.dat
07-27 05:13:39.964  3582  3582 D nativeloader: Load libjavacore.so using APEX ns com_android_art for caller /apex/com.android.art/javalib/core-oj.jar: ok
07-27 05:13:39.965  3582  3582 D nativeloader: Load libopenjdk.so using APEX ns com_android_art for caller /apex/com.android.art/javalib/core-oj.jar: ok
07-27 05:13:39.980  3582  3582 W app_process: ClassLoaderContext shared library size mismatch. Expected=2, found=0 (PCL[]{PCL[/system/framework/android.test.base.jar*724373495]#PCL[/system/framework/android.test.mock.jar*1452759902]} | PCL[])
07-27 05:13:39.981  3582  3582 W app_process: ClassLoaderContext classpath size mismatch. expected=0, found=1 (PCL[]{PCL[/system/framework/android.test.runner.jar*2496447986]#PCL[/system/framework/android.test.base.jar*724373495]} | PCL[/system/framework/android.test.runner.jar*2496447986])
07-27 05:13:40.005  3582  3582 D nativeloader: Load libframework-connectivity-tiramisu-jni.so using APEX ns com_android_tethering for caller /apex/com.android.tethering/javalib/framework-connectivity-t.jar: ok
07-27 05:13:40.006  3582  3582 D AndroidRuntime: Calling main entry com.android.commands.uiautomator.Launcher
07-27 05:13:40.013  3582  3582 D UiAutomationConnection: Created on user UserHandle{0}
07-27 05:13:40.013  3582  3582 I UiAutomation: Initialized for user 0 on display 0
07-27 05:13:40.013  3582  3582 W UiAutomation: Created with deprecatead constructor, assumes DEFAULT_DISPLAY
07-27 05:13:40.015   576  2013 D AccessibilityManagerService: changeCurrentUserForTestAutomationIfNeededLocked(0): ignoring because device doesn't support visible background users
07-27 05:13:40.015   576  2013 I UiAutomationManager: Registering UiTestAutomationService (id=com.android.server.accessibility/UiAutomation, flags=0x0) when called by user 0
07-27 05:13:40.019   576  2013 W MagnificationConnectionManager: requestConnection duplicated request: connect=false, mConnectionState=DISCONNECTED
07-27 05:13:40.021   576   576 W IPCThreadState: Sending oneway calls to frozen process.
07-27 05:13:40.021   576   576 W IPCThreadState: Sending oneway calls to frozen process.
07-27 05:13:40.021   576   576 W IPCThreadState: Sending oneway calls to frozen process.
07-27 05:13:40.021   576   576 W IPCThreadState: Sending oneway calls to frozen process.
07-27 05:13:40.021   576   576 W IPCThreadState: Sending oneway calls to frozen process.
07-27 05:13:40.022   576   576 W IPCThreadState: Sending oneway calls to frozen process.
07-27 05:13:40.022   576   576 W IPCThreadState: Sending oneway calls to frozen process.
07-27 05:13:40.022  3582  3594 V UiAutomation: Init UiAutomation@8e500fa[id=7, displayId=0, flags=0]
07-27 05:13:40.026  1436  1452 I AiAiEcho: Settings changed for uri: content://settings/secure/accessibility_enabled
07-27 05:13:40.028  1436  1698 I AiAiEcho: Predicting[0]:  [CONTEXT sampling_count=5 ]
07-27 05:13:40.029  1436  1698 I AiAiEcho: EchoTargets: 
07-27 05:13:40.029  1436  1698 I AiAiEcho: Filtered by AiAi flag check: 
07-27 05:13:40.029  1436  1698 I AiAiEcho: [CONTEXT ratelimit_period="10 SECONDS" ]
07-27 05:13:40.030  1436  1698 I AiAiEcho: Ranked targets strategy: SORT, count: 0, ranking metadata:  [CONTEXT ratelimit_period="10 SECONDS" ]
07-27 05:13:40.030  1436  1698 I AiAiEcho: #remoteViewsTwiddler: feature disabled.
07-27 05:13:40.031  1436  1698 I AiAiEcho: Predicting[0]:  [CONTEXT sampling_count=5 ]
07-27 05:13:40.031  1436  1698 I AiAiEcho: EchoTargets: 
07-27 05:13:40.031  1436  1698 I AiAiEcho: Filtered by AiAi flag check: 
07-27 05:13:40.031  1436  1698 I AiAiEcho: [CONTEXT ratelimit_period="10 SECONDS" ]
07-27 05:13:40.031  1436  1698 I AiAiEcho: Ranked targets strategy: SORT, count: 0, ranking metadata:  [CONTEXT ratelimit_period="10 SECONDS" ]
07-27 05:13:40.031  1436  1698 I AiAiEcho: #remoteViewsTwiddler: feature disabled.
07-27 05:13:40.031  1436  1698 I AiAiEcho: Predicting[0]:  [CONTEXT sampling_count=5 ]
07-27 05:13:40.031  1436  1698 I AiAiEcho: EchoTargets: 
07-27 05:13:40.031  1436  1698 I AiAiEcho: Filtered by AiAi flag check: 
07-27 05:13:40.031  1436  1698 I AiAiEcho: [CONTEXT ratelimit_period="10 SECONDS" ]
07-27 05:13:40.031  1436  1698 I AiAiEcho: Ranked targets strategy: SORT, count: 0, ranking metadata:  [CONTEXT ratelimit_period="10 SECONDS" ]
07-27 05:13:40.031  1436  1698 I AiAiEcho: #remoteViewsTwiddler: feature disabled.
07-27 05:13:40.034  1436  1698 I AiAiEcho: #postPredictionTargets: Sending updates to UISurface media_data_manager with targets# 0 (types=[])
07-27 05:13:40.035  1436  1698 I AiAiEcho: #postPredictionTargets: Sending updates to UISurface lockscreen with targets# 0 (types=[])
07-27 05:13:40.038  1436  1698 I AiAiEcho: #postPredictionTargets: Sending updates to UISurface home with targets# 0 (types=[])
07-27 05:13:40.038   820   820 D SsMediaDataProvider: Forwarding Smartspace updates []
07-27 05:13:40.044   820   820 W PageIndicator: Total number of pages invalid: 0. Assuming 1 page.
07-27 05:13:40.058   576   576 W IPCThreadState: Sending oneway calls to frozen process.
07-27 05:13:40.058   576   576 W IPCThreadState: Sending oneway calls to frozen process.
07-27 05:13:40.058   576   576 W IPCThreadState: Sending oneway calls to frozen process.
07-27 05:13:40.061   576   576 W IPCThreadState: Sending oneway calls to frozen process.
07-27 05:13:40.061   576   576 W IPCThreadState: Sending oneway calls to frozen process.
07-27 05:13:40.061   576   576 W IPCThreadState: Sending oneway calls to frozen process.
07-27 05:13:40.061   576   576 W IPCThreadState: Sending oneway calls to frozen process.
07-27 05:13:40.061   576   576 W IPCThreadState: Sending oneway calls to frozen process.
07-27 05:13:40.062   576   576 W IPCThreadState: Sending oneway calls to frozen process.
07-27 05:13:40.062   576   576 W IPCThreadState: Sending oneway calls to frozen process.
07-27 05:13:40.062   576   576 W IPCThreadState: Sending oneway calls to frozen process.
07-27 05:13:40.062   576   576 W IPCThreadState: Sending oneway calls to frozen process.
07-27 05:13:40.062   576   576 W IPCThreadState: Sending oneway calls to frozen process.
07-27 05:13:40.062   576   576 W IPCThreadState: Sending oneway calls to frozen process.
07-27 05:13:40.062   576   576 D BatterySaverPolicy: accessibility changed to true, updating policy.
07-27 05:13:40.074  1370  1593 W LatinCommonCountersMetricsProcessor: LatinCommonCountersMetricsProcessor$DelightProblemReporter.run():834 Missing LM for 'en'
07-27 05:13:40.107   576   593 W MagnificationConnectionManager: requestConnection duplicated request: connect=false, mConnectionState=DISCONNECTED
07-27 05:13:40.107   576   576 W IPCThreadState: Sending oneway calls to frozen process.
07-27 05:13:40.107   576   576 W IPCThreadState: Sending oneway calls to frozen process.
07-27 05:13:40.107   576   576 W IPCThreadState: Sending oneway calls to frozen process.
07-27 05:13:40.107   576   576 W IPCThreadState: Sending oneway calls to frozen process.
07-27 05:13:40.107   576   576 W IPCThreadState: Sending oneway calls to frozen process.
07-27 05:13:40.107   576   576 W IPCThreadState: Sending oneway calls to frozen process.
07-27 05:13:40.107   576   576 W IPCThreadState: Sending oneway calls to frozen process.
07-27 05:13:40.108   576   576 W IPCThreadState: Sending oneway calls to frozen process.
07-27 05:13:40.108   576   576 W IPCThreadState: Sending oneway calls to frozen process.
07-27 05:13:40.108   576   576 W IPCThreadState: Sending oneway calls to frozen process.
07-27 05:13:40.108   576   576 W IPCThreadState: Sending oneway calls to frozen process.
07-27 05:13:40.108   576   576 W IPCThreadState: Sending oneway calls to frozen process.
07-27 05:13:40.108   576   576 W IPCThreadState: Sending oneway calls to frozen process.
07-27 05:13:40.108   576   576 W IPCThreadState: Sending oneway calls to frozen process.
07-27 05:13:40.108  1436  1452 I AiAiEcho: Settings changed for uri: content://settings/secure/accessibility_enabled
07-27 05:13:40.108  1436  1698 I AiAiEcho: Predicting[0]:  [CONTEXT sampling_count=5 ]
07-27 05:13:40.108  1436  1698 I AiAiEcho: EchoTargets: 
07-27 05:13:40.108  1436  1698 I AiAiEcho: Filtered by AiAi flag check: 
07-27 05:13:40.108  1436  1698 I AiAiEcho: [CONTEXT ratelimit_period="10 SECONDS" ]
07-27 05:13:40.108  1436  1698 I AiAiEcho: Ranked targets strategy: SORT, count: 0, ranking metadata:  [CONTEXT ratelimit_period="10 SECONDS" ]
07-27 05:13:40.108  1436  1698 I AiAiEcho: #remoteViewsTwiddler: feature disabled.
07-27 05:13:40.109  1436  1698 I AiAiEcho: Predicting[0]:  [CONTEXT sampling_count=5 ]
07-27 05:13:40.109  1436  1698 I AiAiEcho: EchoTargets: 
07-27 05:13:40.109  1436  1698 I AiAiEcho: Filtered by AiAi flag check: 
07-27 05:13:40.109  1436  1698 I AiAiEcho: [CONTEXT ratelimit_period="10 SECONDS" ]
07-27 05:13:40.109  1436  1698 I AiAiEcho: Ranked targets strategy: SORT, count: 0, ranking metadata:  [CONTEXT ratelimit_period="10 SECONDS" ]
07-27 05:13:40.109  1436  1698 I AiAiEcho: #remoteViewsTwiddler: feature disabled.
07-27 05:13:40.109  1436  1698 I AiAiEcho: Predicting[0]:  [CONTEXT sampling_count=5 ]
07-27 05:13:40.109  1436  1698 I AiAiEcho: EchoTargets: 
07-27 05:13:40.109  1436  1698 I AiAiEcho: Filtered by AiAi flag check: 
07-27 05:13:40.109  1436  1698 I AiAiEcho: [CONTEXT ratelimit_period="10 SECONDS" ]
07-27 05:13:40.109  1436  1698 I AiAiEcho: Ranked targets strategy: SORT, count: 0, ranking metadata:  [CONTEXT ratelimit_period="10 SECONDS" ]
07-27 05:13:40.109  1436  1698 I AiAiEcho: #remoteViewsTwiddler: feature disabled.
07-27 05:13:40.109  1436  1698 I AiAiEcho: #postPredictionTargets: Sending updates to UISurface media_data_manager with targets# 0 (types=[])
07-27 05:13:40.109  1436  1698 I AiAiEcho: #postPredictionTargets: Sending updates to UISurface lockscreen with targets# 0 (types=[])
07-27 05:13:40.109  1436  1698 I AiAiEcho: #postPredictionTargets: Sending updates to UISurface home with targets# 0 (types=[])
07-27 05:13:40.109   820   820 D SsMediaDataProvider: Forwarding Smartspace updates []
07-27 05:13:40.110   820   820 W PageIndicator: Total number of pages invalid: 0. Assuming 1 page.
07-27 05:13:40.113  1306  1306 D SsBaseTemplateCard: No text view can be set up
07-27 05:13:40.113  1306  1306 D SsBaseTemplateCard: Passed-in item info is null
07-27 05:13:40.113  1306  1306 D SsBaseTemplateCard: Passed-in item info is null
07-27 05:13:40.113  1306  1306 D SsBaseTemplateCard: Passed-in item info is null
07-27 05:13:40.113  1306  1306 I SsBaseTemplateCard: Secondary card pane is null
07-27 05:13:40.113  1306  1306 D SsBaseTemplateCard: No text view can be set up
07-27 05:13:40.113  1306  1306 D SsBaseTemplateCard: Passed-in item info is null
07-27 05:13:40.113  1306  1306 D SsBaseTemplateCard: Passed-in item info is null
07-27 05:13:40.113  1306  1306 D SsBaseTemplateCard: Passed-in item info is null
07-27 05:13:40.113  1306  1306 I SsBaseTemplateCard: Secondary card pane is null
07-27 05:13:40.127  3315  3346 D EGL_emulation: app_time_stats: avg=501.31ms min=501.13ms max=501.49ms count=2
07-27 05:13:41.093  3582  3582 I AccessibilityNodeInfoDumper: Skipping invisible child: android.view.accessibility.AccessibilityNodeInfo@88ca6; boundsInParent: Rect(0, 0 - 1080, 0); boundsInScreen: Rect(0, 0 - 1080, 0); boundsInWindow: Rect(0, 0 - 1080, 0); packageName: com.mediology.sinsinapp; className: android.widget.LinearLayout; text: null; error: null; maxTextLength: -1; stateDescription: null; contentDescription: null; tooltipText: null; containerTitle: null; viewIdResName: null; uniqueId: null; checkable: false; checked: false; focusable: false; focused: false; selected: false; clickable: false; longClickable: false; contextClickable: false; enabled: true; password: false; scrollable: false; granularScrollingSupported: false; importantForAccessibility: false; visible: false; actions: [AccessibilityAction: ACTION_SELECT - null, AccessibilityAction: ACTION_CLEAR_SELECTION - null, AccessibilityAction: ACTION_ACCESSIBILITY_FOCUS - null, AccessibilityAction: ACTION_SHOW_ON_SCREEN - null]; isTextSelectable: false
07-27 05:13:41.093  3582  3582 I AccessibilityNodeInfoDumper: Skipping invisible child: android.view.accessibility.AccessibilityNodeInfo@888e5; boundsInParent: Rect(0, 0 - 1080, 0); boundsInScreen: Rect(0, 0 - 1080, 0); boundsInWindow: Rect(0, 0 - 1080, 0); packageName: com.mediology.sinsinapp; className: android.view.ViewGroup; text: null; error: null; maxTextLength: -1; stateDescription: null; contentDescription: null; tooltipText: null; containerTitle: null; viewIdResName: null; uniqueId: null; checkable: false; checked: false; focusable: false; focused: false; selected: false; clickable: false; longClickable: false; contextClickable: false; enabled: true; password: false; scrollable: false; granularScrollingSupported: false; importantForAccessibility: false; visible: false; actions: [AccessibilityAction: ACTION_SELECT - null, AccessibilityAction: ACTION_CLEAR_SELECTION - null, AccessibilityAction: ACTION_ACCESSIBILITY_FOCUS - null, AccessibilityAction: ACTION_SHOW_ON_SCREEN - null]; isTextSelectable: false
07-27 05:13:41.093  3582  3582 I AccessibilityNodeInfoDumper: Skipping invisible child: android.view.accessibility.AccessibilityNodeInfo@9c439; boundsInParent: Rect(0, 0 - 1080, 0); boundsInScreen: Rect(0, 0 - 1080, 0); boundsInWindow: Rect(0, 0 - 1080, 0); packageName: com.mediology.sinsinapp; className: android.widget.LinearLayout; text: null; error: null; maxTextLength: -1; stateDescription: null; contentDescription: null; tooltipText: null; containerTitle: null; viewIdResName: null; uniqueId: null; checkable: false; checked: false; focusable: false; focused: false; selected: false; clickable: false; longClickable: false; contextClickable: false; enabled: true; password: false; scrollable: false; granularScrollingSupported: false; importantForAccessibility: false; visible: false; actions: [AccessibilityAction: ACTION_SELECT - null, AccessibilityAction: ACTION_CLEAR_SELECTION - null, AccessibilityAction: ACTION_ACCESSIBILITY_FOCUS - null, AccessibilityAction: ACTION_SHOW_ON_SCREEN - null]; isTextSelectable: false
07-27 05:13:41.093  3582  3582 I AccessibilityNodeInfoDumper: Skipping invisible child: android.view.accessibility.AccessibilityNodeInfo@9c078; boundsInParent: Rect(0, 0 - 1080, 0); boundsInScreen: Rect(0, 0 - 1080, 0); boundsInWindow: Rect(0, 0 - 1080, 0); packageName: com.mediology.sinsinapp; className: android.view.ViewGroup; text: null; error: null; maxTextLength: -1; stateDescription: null; contentDescription: null; tooltipText: null; containerTitle: null; viewIdResName: null; uniqueId: null; checkable: false; checked: false; focusable: false; focused: false; selected: false; clickable: false; longClickable: false; contextClickable: false; enabled: true; password: false; scrollable: false; granularScrollingSupported: false; importantForAccessibility: false; visible: false; actions: [AccessibilityAction: ACTION_SELECT - null, AccessibilityAction: ACTION_CLEAR_SELECTION - null, AccessibilityAction: ACTION_ACCESSIBILITY_FOCUS - null, AccessibilityAction: ACTION_SHOW_ON_SCREEN - null]; isTextSelectable: false
07-27 05:13:41.102  3582  3582 I AccessibilityNodeInfoDumper: Skipping invisible child: android.view.accessibility.AccessibilityNodeInfo@e51c; boundsInParent: Rect(0, 0 - 1080, 121); boundsInScreen: Rect(0, 0 - 1080, -121); boundsInWindow: Rect(0, 0 - 1080, -121); packageName: com.mediology.sinsinapp; className: android.view.ViewGroup; text: null; error: null; maxTextLength: -1; stateDescription: null; contentDescription: null; tooltipText: null; containerTitle: null; viewIdResName: toastAnimatedContainer; uniqueId: null; checkable: false; checked: false; focusable: false; focused: false; selected: false; clickable: false; longClickable: false; contextClickable: false; enabled: true; password: false; scrollable: false; granularScrollingSupported: false; importantForAccessibility: true; visible: false; actions: [AccessibilityAction: ACTION_SELECT - null, AccessibilityAction: ACTION_CLEAR_SELECTION - null, AccessibilityAction: ACTION_ACCESSIBILITY_FOCUS - null, AccessibilityAction: ACTION_SHOW_ON_SCREEN - null]; isTextSelectable: false
07-27 05:13:41.102  3582  3582 I AccessibilityNodeInfoDumper: Skipping invisible child: android.view.accessibility.AccessibilityNodeInfo@ce96; boundsInParent: Rect(0, 0 - 1080, 0); boundsInScreen: Rect(0, 2400 - 1080, 2400); boundsInWindow: Rect(0, 2400 - 1080, 2400); packageName: com.mediology.sinsinapp; className: android.view.ViewGroup; text: null; error: null; maxTextLength: -1; stateDescription: null; contentDescription: null; tooltipText: null; containerTitle: null; viewIdResName: null; uniqueId: null; checkable: false; checked: false; focusable: false; focused: false; selected: false; clickable: false; longClickable: false; contextClickable: false; enabled: true; password: false; scrollable: false; granularScrollingSupported: false; importantForAccessibility: false; visible: false; actions: [AccessibilityAction: ACTION_SELECT - null, AccessibilityAction: ACTION_CLEAR_SELECTION - null, AccessibilityAction: ACTION_ACCESSIBILITY_FOCUS - null, AccessibilityAction: ACTION_SHOW_ON_SCREEN - null]; isTextSelectable: false
07-27 05:13:41.103  3582  3582 W AccessibilityNodeInfoDumper: Fetch time: 23ms
07-27 05:13:41.104   576   643 W MagnificationConnectionManager: requestConnection duplicated request: connect=false, mConnectionState=DISCONNECTED
07-27 05:13:41.104   576   643 D AccessibilityManagerService: restoreCurrentUserForTestAutomationIfNeededLocked(): ignoring because device doesn't support visible background users
07-27 05:13:41.104   576   576 W IPCThreadState: Sending oneway calls to frozen process.
07-27 05:13:41.105   576   576 W IPCThreadState: Sending oneway calls to frozen process.
07-27 05:13:41.105   576   576 W IPCThreadState: Sending oneway calls to frozen process.
07-27 05:13:41.105   576   576 W IPCThreadState: Sending oneway calls to frozen process.
07-27 05:13:41.105   576   576 W IPCThreadState: Sending oneway calls to frozen process.
07-27 05:13:41.105   576   576 W IPCThreadState: Sending oneway calls to frozen process.
07-27 05:13:41.105   576   576 W IPCThreadState: Sending oneway calls to frozen process.
07-27 05:13:41.105   576   576 W IPCThreadState: Sending oneway calls to frozen process.
07-27 05:13:41.105   576   576 W IPCThreadState: Sending oneway calls to frozen process.
07-27 05:13:41.105   576   576 W IPCThreadState: Sending oneway calls to frozen process.
07-27 05:13:41.105   576   576 W IPCThreadState: Sending oneway calls to frozen process.
07-27 05:13:41.105   576   576 W IPCThreadState: Sending oneway calls to frozen process.
07-27 05:13:41.105   576   576 W IPCThreadState: Sending oneway calls to frozen process.
07-27 05:13:41.105   576   576 W IPCThreadState: Sending oneway calls to frozen process.
07-27 05:13:41.105   576   576 W IPCThreadState: Sending oneway calls to frozen process.
07-27 05:13:41.105   576   576 W IPCThreadState: Sending oneway calls to frozen process.
07-27 05:13:41.105   576   576 W IPCThreadState: Sending oneway calls to frozen process.
07-27 05:13:41.105   576   576 W IPCThreadState: Sending oneway calls to frozen process.
07-27 05:13:41.105   576   576 W IPCThreadState: Sending oneway calls to frozen process.
07-27 05:13:41.105   576   576 W IPCThreadState: Sending oneway calls to frozen process.
07-27 05:13:41.106   576   576 W IPCThreadState: Sending oneway calls to frozen process.
07-27 05:13:41.106   576   576 D BatterySaverPolicy: accessibility changed to false, updating policy.
07-27 05:13:41.106  1436  2427 I AiAiEcho: Settings changed for uri: content://settings/secure/accessibility_enabled
07-27 05:13:41.107  3582  3582 D AndroidRuntime: Shutting down VM
07-27 05:13:41.107  1436  1698 I AiAiEcho: Predicting[0]:  [CONTEXT sampling_count=5 ]
07-27 05:13:41.107  1436  1698 I AiAiEcho: EchoTargets: 
07-27 05:13:41.107  1436  1698 I AiAiEcho: Filtered by AiAi flag check: 
07-27 05:13:41.107  1436  1698 I AiAiEcho: [CONTEXT ratelimit_period="10 SECONDS" ]
07-27 05:13:41.107  1436  1698 I AiAiEcho: Ranked targets strategy: SORT, count: 0, ranking metadata:  [CONTEXT ratelimit_period="10 SECONDS" ]
07-27 05:13:41.108  1436  1698 I AiAiEcho: #remoteViewsTwiddler: feature disabled.
07-27 05:13:41.108  1436  1698 I AiAiEcho: Predicting[0]:  [CONTEXT sampling_count=5 ]
07-27 05:13:41.108  1436  1698 I AiAiEcho: EchoTargets: 
07-27 05:13:41.108  1436  1698 I AiAiEcho: Filtered by AiAi flag check: 
07-27 05:13:41.108  1436  1698 I AiAiEcho: [CONTEXT ratelimit_period="10 SECONDS" ]
07-27 05:13:41.108  1436  1698 I AiAiEcho: Ranked targets strategy: SORT, count: 0, ranking metadata:  [CONTEXT ratelimit_period="10 SECONDS" ]
07-27 05:13:41.108  1436  1698 I AiAiEcho: #remoteViewsTwiddler: feature disabled.
07-27 05:13:41.108  1436  1698 I AiAiEcho: Predicting[0]:  [CONTEXT sampling_count=5 ]
07-27 05:13:41.108  1436  1698 I AiAiEcho: EchoTargets: 
07-27 05:13:41.108  1436  1698 I AiAiEcho: Filtered by AiAi flag check: 
07-27 05:13:41.108  1436  1698 I AiAiEcho: [CONTEXT ratelimit_period="10 SECONDS" ]
07-27 05:13:41.108  1436  1698 I AiAiEcho: Ranked targets strategy: SORT, count: 0, ranking metadata:  [CONTEXT ratelimit_period="10 SECONDS" ]
07-27 05:13:41.108  1436  1698 I AiAiEcho: #remoteViewsTwiddler: feature disabled.
07-27 05:13:41.108  1436  1698 I AiAiEcho: #postPredictionTargets: Sending updates to UISurface media_data_manager with targets# 0 (types=[])
07-27 05:13:41.109  1436  1698 I AiAiEcho: #postPredictionTargets: Sending updates to UISurface lockscreen with targets# 0 (types=[])
07-27 05:13:41.109  1436  1698 I AiAiEcho: #postPredictionTargets: Sending updates to UISurface home with targets# 0 (types=[])
07-27 05:13:41.110  1306  1306 D SsBaseTemplateCard: No text view can be set up
07-27 05:13:41.110  1306  1306 D SsBaseTemplateCard: Passed-in item info is null
07-27 05:13:41.110  1306  1306 D SsBaseTemplateCard: Passed-in item info is null
07-27 05:13:41.110  1306  1306 D SsBaseTemplateCard: Passed-in item info is null
07-27 05:13:41.110  1306  1306 I SsBaseTemplateCard: Secondary card pane is null
07-27 05:13:41.112   820   820 D SsMediaDataProvider: Forwarding Smartspace updates []
07-27 05:13:41.112   820   820 W PageIndicator: Total number of pages invalid: 0. Assuming 1 page.
07-27 05:13:41.153  3315  3346 D EGL_emulation: app_time_stats: avg=512.88ms min=499.58ms max=526.17ms count=2
07-27 05:13:41.184  1044  3127 I NearbyMediums: No BLE Fast/GATT advertisements found in the latest cycle.
07-27 05:13:41.436   384  3508 D android.hardware.audio@7.1-impl.ranchu: threadLoop: entering standby, frames: 366656
07-27 05:13:41.821  1571  1571 D BoundBrokerSvc: onUnbind: Intent { act=com.google.android.gms.auth.service.START pkg=com.google.android.gms }
07-27 05:13:42.079   576  1307 D CoreBackPreview: Window{92e817f u0 PopupWindow:668f7d}: Setting back callback OnBackInvokedCallbackInfo{mCallback=android.window.IOnBackInvokedCallback$Stub$Proxy@2339995, mPriority=0, mIsAnimationCallback=false}
07-27 05:13:42.121  3315  3315 W WindowOnBackDispatcher: sendCancelIfRunning: isInProgress=false callback=android.view.ViewRootImpl$$ExternalSyntheticLambda11@f06740
07-27 05:13:42.121   576   643 D CoreBackPreview: Window{92e817f u0 PopupWindow:668f7d}: Setting back callback null
07-27 05:13:42.145   576   593 W InputManager-JNI: Input channel object '92e817f PopupWindow:668f7d (client)' was disposed without first being removed with the input manager!
07-27 05:13:42.162  3600  3600 W BpBinder: Linking to death on android.gui.ISurfaceComposer but there are no threads (yet?) listening to incoming transactions. See ProcessState::startThreadPool and ProcessState::setThreadPoolMaxThreadCount. Generally you should setup the binder threadpool before other initialization steps.
07-27 05:13:42.162  3600  3600 W ProcessState: Extra binder thread started, but 0 threads requested. Do not use *startThreadPool when zero threads are requested.
07-27 05:13:42.215  3315  3346 D EGL_emulation: app_time_stats: avg=530.96ms min=475.25ms max=586.67ms count=2
07-27 05:13:42.246   158   158 I hwservicemanager: getTransport: Cannot find entry android.hardware.graphics.mapper@4.0::IMapper/default in either framework or device VINTF manifest.
07-27 05:13:42.246  3600  3602 I Gralloc4: mapper 4.x is not supported
07-27 05:13:42.249   157   157 I servicemanager: Caller(pid=3600,uid=2000,sid=u:r:shell:s0) Could not find android.hardware.graphics.allocator.IAllocator/default in the VINTF manifest. No alternative instances declared in VINTF.
07-27 05:13:42.472   576   593 D OomAdjuster: Not killing cached processes
07-27 05:13:42.641   576   593 D CoreBackPreview: Window{4813a11 u0 PopupWindow:519273b}: Setting back callback OnBackInvokedCallbackInfo{mCallback=android.window.IOnBackInvokedCallback$Stub$Proxy@a8d2177, mPriority=0, mIsAnimationCallback=false}
07-27 05:13:42.648  3315  3315 W WindowOnBackDispatcher: sendCancelIfRunning: isInProgress=false callback=android.view.ViewRootImpl$$ExternalSyntheticLambda11@26b3896
07-27 05:13:42.650   576   593 D CoreBackPreview: Window{4813a11 u0 PopupWindow:519273b}: Setting back callback null
07-27 05:13:42.650   576   593 W InputManager-JNI: Input channel object '4813a11 PopupWindow:519273b (client)' was disposed without first being removed with the input manager!
07-27 05:13:43.660  3315  3346 D EGL_emulation: app_time_stats: avg=481.64ms min=417.26ms max=525.04ms count=3
07-27 05:13:44.660  3315  3346 D EGL_emulation: app_time_stats: avg=500.25ms min=484.09ms max=516.42ms count=2
07-27 05:13:45.675  3315  3346 D EGL_emulation: app_time_stats: avg=507.31ms min=501.08ms max=513.54ms count=2
07-27 05:13:47.176  3315  3346 D EGL_emulation: app_time_stats: avg=500.27ms min=494.66ms max=505.21ms count=3
07-27 05:13:48.148  3315  3315 E FrameTracker: force finish cuj, time out: J<IME_INSETS_SHOW_ANIMATION::0@1@com.mediology.sinsinapp>
07-27 05:13:48.182  3315  3346 D EGL_emulation: app_time_stats: avg=502.91ms min=502.26ms max=503.57ms count=2
07-27 05:13:49.194  3315  3346 D EGL_emulation: app_time_stats: avg=505.89ms min=497.93ms max=513.85ms count=2
07-27 05:13:50.562  3609  3609 D AndroidRuntime: >>>>>> START com.android.internal.os.RuntimeInit uid 2000 <<<<<<
07-27 05:13:50.572  3609  3609 I AndroidRuntime: Using default boot image
07-27 05:13:50.572  3609  3609 I AndroidRuntime: Leaving lock profiling enabled
07-27 05:13:50.578  3609  3609 I app_process: Core platform API reporting enabled, enforcing=false
07-27 05:13:50.578  3609  3609 I app_process: Using CollectorTypeCMC GC.
07-27 05:13:50.692  3315  3346 D EGL_emulation: app_time_stats: avg=499.37ms min=498.61ms max=500.51ms count=3
07-27 05:13:50.741  3609  3609 D nativeloader: InitDefaultPublicLibraries for_preload=1: libandroid.so:libaaudio.so:libamidi.so:libbinder_ndk.so:libc.so:libcamera2ndk.so:libdl.so:libEGL.so:libGLESv1_CM.so:libGLESv2.so:libGLESv3.so:libicu.so:libicui18n.so:libicuuc.so:libjnigraphics.so:liblog.so:libmediandk.so:libm.so:libnativehelper.so:libnativewindow.so:libOpenMAXAL.so:libOpenSLES.so:libRS.so:libstdc++.so:libsync.so:libvulkan.so:libwebviewchromium_plat_support.so:libz.so
07-27 05:13:50.769  3609  3609 D nativeloader: Load libicu_jni.so using APEX ns com_android_art for caller /apex/com.android.art/javalib/core-oj.jar: ok
07-27 05:13:50.770  3609  3609 D app_process: u_setTimeZoneFilesDirectory("/apex/com.android.tzdata/etc/tz/versioned/8/icu") succeeded. 
07-27 05:13:50.770  3609  3609 D app_process: I18n APEX ICU file found: /apex/com.android.i18n/etc/icu/icudt75l.dat
07-27 05:13:50.776  3609  3609 D nativeloader: Load libjavacore.so using APEX ns com_android_art for caller /apex/com.android.art/javalib/core-oj.jar: ok
07-27 05:13:50.778  3609  3609 D nativeloader: Load libopenjdk.so using APEX ns com_android_art for caller /apex/com.android.art/javalib/core-oj.jar: ok
07-27 05:13:50.790  3609  3609 W app_process: ClassLoaderContext shared library size mismatch. Expected=2, found=0 (PCL[]{PCL[/system/framework/android.test.base.jar*724373495]#PCL[/system/framework/android.test.mock.jar*1452759902]} | PCL[])
07-27 05:13:50.793  3609  3609 W app_process: ClassLoaderContext classpath size mismatch. expected=0, found=1 (PCL[]{PCL[/system/framework/android.test.runner.jar*2496447986]#PCL[/system/framework/android.test.base.jar*724373495]} | PCL[/system/framework/android.test.runner.jar*2496447986])
07-27 05:13:50.825  3609  3609 D nativeloader: Load libframework-connectivity-tiramisu-jni.so using APEX ns com_android_tethering for caller /apex/com.android.tethering/javalib/framework-connectivity-t.jar: ok
07-27 05:13:50.825  3609  3609 D AndroidRuntime: Calling main entry com.android.commands.uiautomator.Launcher
07-27 05:13:50.833  3609  3609 D UiAutomationConnection: Created on user UserHandle{0}
07-27 05:13:50.833  3609  3609 I UiAutomation: Initialized for user 0 on display 0
07-27 05:13:50.833  3609  3609 W UiAutomation: Created with deprecatead constructor, assumes DEFAULT_DISPLAY
07-27 05:13:50.843   576   593 D AccessibilityManagerService: changeCurrentUserForTestAutomationIfNeededLocked(0): ignoring because device doesn't support visible background users
07-27 05:13:50.843   576   593 I UiAutomationManager: Registering UiTestAutomationService (id=com.android.server.accessibility/UiAutomation, flags=0x0) when called by user 0
07-27 05:13:50.849   576   593 W MagnificationConnectionManager: requestConnection duplicated request: connect=false, mConnectionState=DISCONNECTED
07-27 05:13:50.852  1436  2427 I AiAiEcho: Settings changed for uri: content://settings/secure/accessibility_enabled
07-27 05:13:50.855   576   576 W IPCThreadState: Sending oneway calls to frozen process.
07-27 05:13:50.858  3609  3621 V UiAutomation: Init UiAutomation@82cbe5d[id=8, displayId=0, flags=0]
07-27 05:13:50.858   576   576 W IPCThreadState: Sending oneway calls to frozen process.
07-27 05:13:50.858   576   576 W IPCThreadState: Sending oneway calls to frozen process.
07-27 05:13:50.860   576   576 W IPCThreadState: Sending oneway calls to frozen process.
07-27 05:13:50.860   576   576 W IPCThreadState: Sending oneway calls to frozen process.
07-27 05:13:50.861   576   576 W IPCThreadState: Sending oneway calls to frozen process.
07-27 05:13:50.873  1436  1698 I AiAiEcho: Predicting[0]:  [CONTEXT sampling_count=5 ]
07-27 05:13:50.873  1436  1698 I AiAiEcho: EchoTargets: 
07-27 05:13:50.873  1436  1698 I AiAiEcho: Filtered by AiAi flag check: 
07-27 05:13:50.873  1436  1698 I AiAiEcho: [CONTEXT ratelimit_period="10 SECONDS" ]
07-27 05:13:50.873  1436  1698 I AiAiEcho: Ranked targets strategy: SORT, count: 0, ranking metadata:  [CONTEXT ratelimit_period="10 SECONDS" ]
07-27 05:13:50.881  1436  1698 I AiAiEcho: #remoteViewsTwiddler: feature disabled.
07-27 05:13:50.882  1436  1698 I AiAiEcho: Predicting[0]:  [CONTEXT sampling_count=5 ]
07-27 05:13:50.882  1436  1698 I AiAiEcho: EchoTargets: 
07-27 05:13:50.882  1436  1698 I AiAiEcho: Filtered by AiAi flag check: 
07-27 05:13:50.882  1436  1698 I AiAiEcho: [CONTEXT ratelimit_period="10 SECONDS" ]
07-27 05:13:50.882  1436  1698 I AiAiEcho: Ranked targets strategy: SORT, count: 0, ranking metadata:  [CONTEXT ratelimit_period="10 SECONDS" ]
07-27 05:13:50.883  1436  1698 I AiAiEcho: #remoteViewsTwiddler: feature disabled.
07-27 05:13:50.883  1436  1698 I AiAiEcho: Predicting[0]:  [CONTEXT sampling_count=5 ]
07-27 05:13:50.883  1436  1698 I AiAiEcho: EchoTargets: 
07-27 05:13:50.883  1436  1698 I AiAiEcho: Filtered by AiAi flag check: 
07-27 05:13:50.883  1436  1698 I AiAiEcho: [CONTEXT ratelimit_period="10 SECONDS" ]
07-27 05:13:50.883  1436  1698 I AiAiEcho: Ranked targets strategy: SORT, count: 0, ranking metadata:  [CONTEXT ratelimit_period="10 SECONDS" ]
07-27 05:13:50.883  1436  1698 I AiAiEcho: #remoteViewsTwiddler: feature disabled.
07-27 05:13:50.885   576   576 W IPCThreadState: Sending oneway calls to frozen process.
07-27 05:13:50.885   576   576 W IPCThreadState: Sending oneway calls to frozen process.
07-27 05:13:50.885   576   576 W IPCThreadState: Sending oneway calls to frozen process.
07-27 05:13:50.885   576   576 W IPCThreadState: Sending oneway calls to frozen process.
07-27 05:13:50.885   576   576 W IPCThreadState: Sending oneway calls to frozen process.
07-27 05:13:50.885   576   576 W IPCThreadState: Sending oneway calls to frozen process.
07-27 05:13:50.885   576   576 W IPCThreadState: Sending oneway calls to frozen process.
07-27 05:13:50.885   576   576 W IPCThreadState: Sending oneway calls to frozen process.
07-27 05:13:50.885   576   576 W IPCThreadState: Sending oneway calls to frozen process.
07-27 05:13:50.885   576   576 W IPCThreadState: Sending oneway calls to frozen process.
07-27 05:13:50.885   576   576 W IPCThreadState: Sending oneway calls to frozen process.
07-27 05:13:50.885   576   576 W IPCThreadState: Sending oneway calls to frozen process.
07-27 05:13:50.885   576   576 W IPCThreadState: Sending oneway calls to frozen process.
07-27 05:13:50.885   576   576 W IPCThreadState: Sending oneway calls to frozen process.
07-27 05:13:50.885   576   576 W IPCThreadState: Sending oneway calls to frozen process.
07-27 05:13:50.885   576   576 D BatterySaverPolicy: accessibility changed to true, updating policy.
07-27 05:13:50.886  1436  1698 I AiAiEcho: #postPredictionTargets: Sending updates to UISurface media_data_manager with targets# 0 (types=[])
07-27 05:13:50.888  1436  1698 I AiAiEcho: #postPredictionTargets: Sending updates to UISurface lockscreen with targets# 0 (types=[])
07-27 05:13:50.889  1436  1698 I AiAiEcho: #postPredictionTargets: Sending updates to UISurface home with targets# 0 (types=[])
07-27 05:13:50.895   820   820 D SsMediaDataProvider: Forwarding Smartspace updates []
07-27 05:13:50.942   820   893 W Looper  : Slow dispatch took 46ms wmshell.main h=android.view.ViewRootImpl$ViewRootHandler c=android.view.accessibility.AccessibilityManager$$ExternalSyntheticLambda0@a18f639 m=0
07-27 05:13:50.943   576   938 W MagnificationConnectionManager: requestConnection duplicated request: connect=false, mConnectionState=DISCONNECTED
07-27 05:13:50.943  1436  1452 I AiAiEcho: Settings changed for uri: content://settings/secure/accessibility_enabled
07-27 05:13:50.944  1436  1698 I AiAiEcho: Predicting[0]:  [CONTEXT sampling_count=5 ]
07-27 05:13:50.944   576   576 W IPCThreadState: Sending oneway calls to frozen process.
07-27 05:13:50.944  1436  1698 I AiAiEcho: EchoTargets: 
07-27 05:13:50.944  1436  1698 I AiAiEcho: Filtered by AiAi flag check: 
07-27 05:13:50.944  1436  1698 I AiAiEcho: [CONTEXT ratelimit_period="10 SECONDS" ]
07-27 05:13:50.945   576   576 W IPCThreadState: Sending oneway calls to frozen process.
07-27 05:13:50.946   576   576 W IPCThreadState: Sending oneway calls to frozen process.
07-27 05:13:50.946  1436  1698 I AiAiEcho: Ranked targets strategy: SORT, count: 0, ranking metadata:  [CONTEXT ratelimit_period="10 SECONDS" ]
07-27 05:13:50.948  1436  1698 I AiAiEcho: #remoteViewsTwiddler: feature disabled.
07-27 05:13:50.948  1306  1306 D SsBaseTemplateCard: No text view can be set up
07-27 05:13:50.948  1306  1306 D SsBaseTemplateCard: Passed-in item info is null
07-27 05:13:50.948  1306  1306 D SsBaseTemplateCard: Passed-in item info is null
07-27 05:13:50.948  1306  1306 D SsBaseTemplateCard: Passed-in item info is null
07-27 05:13:50.948  1306  1306 I SsBaseTemplateCard: Secondary card pane is null
07-27 05:13:50.948   576   576 W IPCThreadState: Sending oneway calls to frozen process.
07-27 05:13:50.948   576   576 W IPCThreadState: Sending oneway calls to frozen process.
07-27 05:13:50.948   576   576 W IPCThreadState: Sending oneway calls to frozen process.
07-27 05:13:50.948   576   576 W IPCThreadState: Sending oneway calls to frozen process.
07-27 05:13:50.948   576   576 W IPCThreadState: Sending oneway calls to frozen process.
07-27 05:13:50.949   576   576 W IPCThreadState: Sending oneway calls to frozen process.
07-27 05:13:50.949   576   576 W IPCThreadState: Sending oneway calls to frozen process.
07-27 05:13:50.949   576   576 W IPCThreadState: Sending oneway calls to frozen process.
07-27 05:13:50.949   576   576 W IPCThreadState: Sending oneway calls to frozen process.
07-27 05:13:50.949  1436  1698 I AiAiEcho: Predicting[0]:  [CONTEXT sampling_count=5 ]
07-27 05:13:50.949  1436  1698 I AiAiEcho: EchoTargets: 
07-27 05:13:50.949  1436  1698 I AiAiEcho: Filtered by AiAi flag check: 
07-27 05:13:50.949  1436  1698 I AiAiEcho: [CONTEXT ratelimit_period="10 SECONDS" ]
07-27 05:13:50.949  1436  1698 I AiAiEcho: Ranked targets strategy: SORT, count: 0, ranking metadata:  [CONTEXT ratelimit_period="10 SECONDS" ]
07-27 05:13:50.949  1436  1698 I AiAiEcho: #remoteViewsTwiddler: feature disabled.
07-27 05:13:50.949   820   820 W PageIndicator: Total number of pages invalid: 0. Assuming 1 page.
07-27 05:13:50.949  1436  1698 I AiAiEcho: Predicting[0]:  [CONTEXT sampling_count=5 ]
07-27 05:13:50.949  1436  1698 I AiAiEcho: EchoTargets: 
07-27 05:13:50.949  1436  1698 I AiAiEcho: Filtered by AiAi flag check: 
07-27 05:13:50.949  1436  1698 I AiAiEcho: [CONTEXT ratelimit_period="10 SECONDS" ]
07-27 05:13:50.949  1436  1698 I AiAiEcho: Ranked targets strategy: SORT, count: 0, ranking metadata:  [CONTEXT ratelimit_period="10 SECONDS" ]
07-27 05:13:50.949  1436  1698 I AiAiEcho: #remoteViewsTwiddler: feature disabled.
07-27 05:13:50.950  1436  1698 I AiAiEcho: #postPredictionTargets: Sending updates to UISurface media_data_manager with targets# 0 (types=[])
07-27 05:13:50.950  1436  1698 I AiAiEcho: #postPredictionTargets: Sending updates to UISurface lockscreen with targets# 0 (types=[])
07-27 05:13:50.950   576   576 W IPCThreadState: Sending oneway calls to frozen process.
07-27 05:13:50.952  1436  1698 I AiAiEcho: #postPredictionTargets: Sending updates to UISurface home with targets# 0 (types=[])
07-27 05:13:50.952   576   576 W IPCThreadState: Sending oneway calls to frozen process.
07-27 05:13:50.953  1306  1306 D SsBaseTemplateCard: No text view can be set up
07-27 05:13:50.953  1306  1306 D SsBaseTemplateCard: Passed-in item info is null
07-27 05:13:50.953  1306  1306 D SsBaseTemplateCard: Passed-in item info is null
07-27 05:13:50.953  1306  1306 D SsBaseTemplateCard: Passed-in item info is null
07-27 05:13:50.953  1306  1306 I SsBaseTemplateCard: Secondary card pane is null
07-27 05:13:50.954   820   820 D SsMediaDataProvider: Forwarding Smartspace updates []
07-27 05:13:50.957   820   820 W PageIndicator: Total number of pages invalid: 0. Assuming 1 page.
07-27 05:13:51.186  1044  3127 I NearbyMediums: No BLE Fast/GATT advertisements found in the latest cycle.
07-27 05:13:51.952  3609  3609 I AccessibilityNodeInfoDumper: Skipping invisible child: android.view.accessibility.AccessibilityNodeInfo@88cb0; boundsInParent: Rect(0, 0 - 1080, 0); boundsInScreen: Rect(0, 0 - 1080, 0); boundsInWindow: Rect(0, 0 - 1080, 0); packageName: com.mediology.sinsinapp; className: android.widget.LinearLayout; text: null; error: null; maxTextLength: -1; stateDescription: null; contentDescription: null; tooltipText: null; containerTitle: null; viewIdResName: null; uniqueId: null; checkable: false; checked: false; focusable: false; focused: false; selected: false; clickable: false; longClickable: false; contextClickable: false; enabled: true; password: false; scrollable: false; granularScrollingSupported: false; importantForAccessibility: false; visible: false; actions: [AccessibilityAction: ACTION_SELECT - null, AccessibilityAction: ACTION_CLEAR_SELECTION - null, AccessibilityAction: ACTION_ACCESSIBILITY_FOCUS - null, AccessibilityAction: ACTION_SHOW_ON_SCREEN - null]; isTextSelectable: false
07-27 05:13:51.952  3609  3609 I AccessibilityNodeInfoDumper: Skipping invisible child: android.view.accessibility.AccessibilityNodeInfo@888ef; boundsInParent: Rect(0, 0 - 1080, 0); boundsInScreen: Rect(0, 0 - 1080, 0); boundsInWindow: Rect(0, 0 - 1080, 0); packageName: com.mediology.sinsinapp; className: android.view.ViewGroup; text: null; error: null; maxTextLength: -1; stateDescription: null; contentDescription: null; tooltipText: null; containerTitle: null; viewIdResName: null; uniqueId: null; checkable: false; checked: false; focusable: false; focused: false; selected: false; clickable: false; longClickable: false; contextClickable: false; enabled: true; password: false; scrollable: false; granularScrollingSupported: false; importantForAccessibility: false; visible: false; actions: [AccessibilityAction: ACTION_SELECT - null, AccessibilityAction: ACTION_CLEAR_SELECTION - null, AccessibilityAction: ACTION_ACCESSIBILITY_FOCUS - null, AccessibilityAction: ACTION_SHOW_ON_SCREEN - null]; isTextSelectable: false
07-27 05:13:51.952  3609  3609 I AccessibilityNodeInfoDumper: Skipping invisible child: android.view.accessibility.AccessibilityNodeInfo@9c443; boundsInParent: Rect(0, 0 - 1080, 0); boundsInScreen: Rect(0, 0 - 1080, 0); boundsInWindow: Rect(0, 0 - 1080, 0); packageName: com.mediology.sinsinapp; className: android.widget.LinearLayout; text: null; error: null; maxTextLength: -1; stateDescription: null; contentDescription: null; tooltipText: null; containerTitle: null; viewIdResName: null; uniqueId: null; checkable: false; checked: false; focusable: false; focused: false; selected: false; clickable: false; longClickable: false; contextClickable: false; enabled: true; password: false; scrollable: false; granularScrollingSupported: false; importantForAccessibility: false; visible: false; actions: [AccessibilityAction: ACTION_SELECT - null, AccessibilityAction: ACTION_CLEAR_SELECTION - null, AccessibilityAction: ACTION_ACCESSIBILITY_FOCUS - null, AccessibilityAction: ACTION_SHOW_ON_SCREEN - null]; isTextSelectable: false
07-27 05:13:51.952  3609  3609 I AccessibilityNodeInfoDumper: Skipping invisible child: android.view.accessibility.AccessibilityNodeInfo@9c082; boundsInParent: Rect(0, 0 - 1080, 0); boundsInScreen: Rect(0, 0 - 1080, 0); boundsInWindow: Rect(0, 0 - 1080, 0); packageName: com.mediology.sinsinapp; className: android.view.ViewGroup; text: null; error: null; maxTextLength: -1; stateDescription: null; contentDescription: null; tooltipText: null; containerTitle: null; viewIdResName: null; uniqueId: null; checkable: false; checked: false; focusable: false; focused: false; selected: false; clickable: false; longClickable: false; contextClickable: false; enabled: true; password: false; scrollable: false; granularScrollingSupported: false; importantForAccessibility: false; visible: false; actions: [AccessibilityAction: ACTION_SELECT - null, AccessibilityAction: ACTION_CLEAR_SELECTION - null, AccessibilityAction: ACTION_ACCESSIBILITY_FOCUS - null, AccessibilityAction: ACTION_SHOW_ON_SCREEN - null]; isTextSelectable: false
07-27 05:13:51.961  3609  3609 I AccessibilityNodeInfoDumper: Skipping invisible child: android.view.accessibility.AccessibilityNodeInfo@e526; boundsInParent: Rect(0, 0 - 1080, 121); boundsInScreen: Rect(0, 0 - 1080, -121); boundsInWindow: Rect(0, 0 - 1080, -121); packageName: com.mediology.sinsinapp; className: android.view.ViewGroup; text: null; error: null; maxTextLength: -1; stateDescription: null; contentDescription: null; tooltipText: null; containerTitle: null; viewIdResName: toastAnimatedContainer; uniqueId: null; checkable: false; checked: false; focusable: false; focused: false; selected: false; clickable: false; longClickable: false; contextClickable: false; enabled: true; password: false; scrollable: false; granularScrollingSupported: false; importantForAccessibility: true; visible: false; actions: [AccessibilityAction: ACTION_SELECT - null, AccessibilityAction: ACTION_CLEAR_SELECTION - null, AccessibilityAction: ACTION_ACCESSIBILITY_FOCUS - null, AccessibilityAction: ACTION_SHOW_ON_SCREEN - null]; isTextSelectable: false
07-27 05:13:51.961  3609  3609 I AccessibilityNodeInfoDumper: Skipping invisible child: android.view.accessibility.AccessibilityNodeInfo@cea0; boundsInParent: Rect(0, 0 - 1080, 0); boundsInScreen: Rect(0, 2400 - 1080, 2400); boundsInWindow: Rect(0, 2400 - 1080, 2400); packageName: com.mediology.sinsinapp; className: android.view.ViewGroup; text: null; error: null; maxTextLength: -1; stateDescription: null; contentDescription: null; tooltipText: null; containerTitle: null; viewIdResName: null; uniqueId: null; checkable: false; checked: false; focusable: false; focused: false; selected: false; clickable: false; longClickable: false; contextClickable: false; enabled: true; password: false; scrollable: false; granularScrollingSupported: false; importantForAccessibility: false; visible: false; actions: [AccessibilityAction: ACTION_SELECT - null, AccessibilityAction: ACTION_CLEAR_SELECTION - null, AccessibilityAction: ACTION_ACCESSIBILITY_FOCUS - null, AccessibilityAction: ACTION_SHOW_ON_SCREEN - null]; isTextSelectable: false
07-27 05:13:51.961  3609  3609 W AccessibilityNodeInfoDumper: Fetch time: 13ms
07-27 05:13:51.963   576   593 W MagnificationConnectionManager: requestConnection duplicated request: connect=false, mConnectionState=DISCONNECTED
07-27 05:13:51.963   576   593 D AccessibilityManagerService: restoreCurrentUserForTestAutomationIfNeededLocked(): ignoring because device doesn't support visible background users
07-27 05:13:51.963   576   576 W IPCThreadState: Sending oneway calls to frozen process.
07-27 05:13:51.964   576   576 W IPCThreadState: Sending oneway calls to frozen process.
07-27 05:13:51.964   576   576 W IPCThreadState: Sending oneway calls to frozen process.
07-27 05:13:51.964  1436  1452 I AiAiEcho: Settings changed for uri: content://settings/secure/accessibility_enabled
07-27 05:13:51.964   576   576 W IPCThreadState: Sending oneway calls to frozen process.
07-27 05:13:51.964   576   576 W IPCThreadState: Sending oneway calls to frozen process.
07-27 05:13:51.964  1436  1698 I AiAiEcho: Predicting[0]:  [CONTEXT sampling_count=5 ]
07-27 05:13:51.964  1436  1698 I AiAiEcho: EchoTargets: 
07-27 05:13:51.964  1436  1698 I AiAiEcho: Filtered by AiAi flag check: 
07-27 05:13:51.964  1436  1698 I AiAiEcho: [CONTEXT ratelimit_period="10 SECONDS" ]
07-27 05:13:51.964  1436  1698 I AiAiEcho: Ranked targets strategy: SORT, count: 0, ranking metadata:  [CONTEXT ratelimit_period="10 SECONDS" ]
07-27 05:13:51.964   576   576 W IPCThreadState: Sending oneway calls to frozen process.
07-27 05:13:51.964   576   576 W IPCThreadState: Sending oneway calls to frozen process.
07-27 05:13:51.964   576   576 W IPCThreadState: Sending oneway calls to frozen process.
07-27 05:13:51.964  1436  1698 I AiAiEcho: #remoteViewsTwiddler: feature disabled.
07-27 05:13:51.964   576   576 W IPCThreadState: Sending oneway calls to frozen process.
07-27 05:13:51.964   576   576 W IPCThreadState: Sending oneway calls to frozen process.
07-27 05:13:51.964   576   576 W IPCThreadState: Sending oneway calls to frozen process.
07-27 05:13:51.964   576   576 W IPCThreadState: Sending oneway calls to frozen process.
07-27 05:13:51.964  1436  1698 I AiAiEcho: Predicting[0]:  [CONTEXT sampling_count=5 ]
07-27 05:13:51.964  1436  1698 I AiAiEcho: EchoTargets: 
07-27 05:13:51.964  1436  1698 I AiAiEcho: Filtered by AiAi flag check: 
07-27 05:13:51.964  1436  1698 I AiAiEcho: [CONTEXT ratelimit_period="10 SECONDS" ]
07-27 05:13:51.964  1436  1698 I AiAiEcho: Ranked targets strategy: SORT, count: 0, ranking metadata:  [CONTEXT ratelimit_period="10 SECONDS" ]
07-27 05:13:51.964  1436  1698 I AiAiEcho: #remoteViewsTwiddler: feature disabled.
07-27 05:13:51.964  1436  1698 I AiAiEcho: Predicting[0]:  [CONTEXT sampling_count=5 ]
07-27 05:13:51.964  3609  3609 D AndroidRuntime: Shutting down VM
07-27 05:13:51.964  1436  1698 I AiAiEcho: EchoTargets: 
07-27 05:13:51.964  1436  1698 I AiAiEcho: Filtered by AiAi flag check: 
07-27 05:13:51.964  1436  1698 I AiAiEcho: [CONTEXT ratelimit_period="10 SECONDS" ]
07-27 05:13:51.964  1436  1698 I AiAiEcho: Ranked targets strategy: SORT, count: 0, ranking metadata:  [CONTEXT ratelimit_period="10 SECONDS" ]
07-27 05:13:51.964  1436  1698 I AiAiEcho: #remoteViewsTwiddler: feature disabled.
07-27 05:13:51.964  1436  1698 I AiAiEcho: #postPredictionTargets: Sending updates to UISurface media_data_manager with targets# 0 (types=[])
07-27 05:13:51.965  1436  1698 I AiAiEcho: #postPredictionTargets: Sending updates to UISurface lockscreen with targets# 0 (types=[])
07-27 05:13:51.965  1436  1698 I AiAiEcho: #postPredictionTargets: Sending updates to UISurface home with targets# 0 (types=[])
07-27 05:13:51.966   576   576 W IPCThreadState: Sending oneway calls to frozen process.
07-27 05:13:51.967   576   576 W IPCThreadState: Sending oneway calls to frozen process.
07-27 05:13:51.967   576   576 W IPCThreadState: Sending oneway calls to frozen process.
07-27 05:13:51.967   576   576 W IPCThreadState: Sending oneway calls to frozen process.
07-27 05:13:51.967   576   576 W IPCThreadState: Sending oneway calls to frozen process.
07-27 05:13:51.967  1306  1306 D SsBaseTemplateCard: No text view can be set up
07-27 05:13:51.967  1306  1306 D SsBaseTemplateCard: Passed-in item info is null
07-27 05:13:51.967  1306  1306 D SsBaseTemplateCard: Passed-in item info is null
07-27 05:13:51.967  1306  1306 D SsBaseTemplateCard: Passed-in item info is null
07-27 05:13:51.967  1306  1306 I SsBaseTemplateCard: Secondary card pane is null
07-27 05:13:51.967   576   576 W IPCThreadState: Sending oneway calls to frozen process.
07-27 05:13:51.967   576   576 W IPCThreadState: Sending oneway calls to frozen process.
07-27 05:13:51.967   576   576 W IPCThreadState: Sending oneway calls to frozen process.
07-27 05:13:51.967   576   576 W IPCThreadState: Sending oneway calls to frozen process.
07-27 05:13:51.967   576   576 D BatterySaverPolicy: accessibility changed to false, updating policy.
07-27 05:13:51.967   820   820 D SsMediaDataProvider: Forwarding Smartspace updates []
07-27 05:13:51.967   820   820 W PageIndicator: Total number of pages invalid: 0. Assuming 1 page.
07-27 05:13:52.191  3315  3346 D EGL_emulation: app_time_stats: avg=499.65ms min=497.93ms max=500.64ms count=3
07-27 05:13:52.509   576  1968 D OomAdjuster: Not killing cached processes
07-27 05:13:52.510  1571  1571 D BoundBrokerSvc: onUnbind: Intent { act=com.google.firebase.dynamiclinks.service.START pkg=com.google.android.gms }
07-27 05:13:52.886  3626  3626 W BpBinder: Linking to death on android.gui.ISurfaceComposer but there are no threads (yet?) listening to incoming transactions. See ProcessState::startThreadPool and ProcessState::setThreadPoolMaxThreadCount. Generally you should setup the binder threadpool before other initialization steps.
07-27 05:13:52.886  3626  3626 W ProcessState: Extra binder thread started, but 0 threads requested. Do not use *startThreadPool when zero threads are requested.
07-27 05:13:52.910   158   158 I hwservicemanager: getTransport: Cannot find entry android.hardware.graphics.mapper@4.0::IMapper/default in either framework or device VINTF manifest.
07-27 05:13:52.910  3626  3627 I Gralloc4: mapper 4.x is not supported
07-27 05:13:52.913   157   157 I servicemanager: Caller(pid=3626,uid=2000,sid=u:r:shell:s0) Could not find android.hardware.graphics.allocator.IAllocator/default in the VINTF manifest. No alternative instances declared in VINTF.
07-27 05:13:52.947   576   593 D CoreBackPreview: Window{2789168 u0 PopupWindow:72c1fe9}: Setting back callback OnBackInvokedCallbackInfo{mCallback=android.window.IOnBackInvokedCallback$Stub$Proxy@2984a26, mPriority=0, mIsAnimationCallback=false}
07-27 05:13:53.050  3315  3315 W WindowOnBackDispatcher: sendCancelIfRunning: isInProgress=false callback=android.view.ViewRootImpl$$ExternalSyntheticLambda11@56ad39c
07-27 05:13:53.050   576  1968 D CoreBackPreview: Window{2789168 u0 PopupWindow:72c1fe9}: Setting back callback null
07-27 05:13:53.064   576  1968 W InputManager-JNI: Input channel object '2789168 PopupWindow:72c1fe9 (client)' was disposed without first being removed with the input manager!
07-27 05:13:53.210  3315  3346 D EGL_emulation: app_time_stats: avg=509.44ms min=500.83ms max=518.06ms count=2
07-27 05:13:53.248  1571  1571 D BoundBrokerSvc: onUnbind: Intent { act=com.google.android.gms.chimera.container.moduleinstall.ModuleInstallService.START dat=chimera-action:/... cmp=com.google.android.gms/.chimera.GmsApiService }
07-27 05:13:53.256   576   593 D CoreBackPreview: Window{2ee2b2 u0 PopupWindow:285905d}: Setting back callback OnBackInvokedCallbackInfo{mCallback=android.window.IOnBackInvokedCallback$Stub$Proxy@41a2580, mPriority=0, mIsAnimationCallback=false}
07-27 05:13:53.341  3315  3315 W WindowOnBackDispatcher: sendCancelIfRunning: isInProgress=false callback=android.view.ViewRootImpl$$ExternalSyntheticLambda11@2e085a0
07-27 05:13:53.343   576   593 D CoreBackPreview: Window{2ee2b2 u0 PopupWindow:285905d}: Setting back callback null
07-27 05:13:53.343   576   593 W InputManager-JNI: Input channel object '2ee2b2 PopupWindow:285905d (client)' was disposed without first being removed with the input manager!
07-27 05:13:54.303  3315  3346 D EGL_emulation: app_time_stats: avg=546.39ms min=497.35ms max=595.44ms count=2
07-27 05:13:55.708  3315  3346 D EGL_emulation: app_time_stats: avg=468.19ms min=405.89ms max=500.13ms count=3
07-27 05:13:55.889   576  1968 D CoreBackPreview: Window{5bc19ac u0 PopupWindow:16a752a}: Setting back callback OnBackInvokedCallbackInfo{mCallback=android.window.IOnBackInvokedCallback$Stub$Proxy@c4c160a, mPriority=0, mIsAnimationCallback=false}
07-27 05:13:55.953  3315  3315 W WindowOnBackDispatcher: sendCancelIfRunning: isInProgress=false callback=android.view.ViewRootImpl$$ExternalSyntheticLambda11@ad5d691
07-27 05:13:55.954   576  1968 D CoreBackPreview: Window{5bc19ac u0 PopupWindow:16a752a}: Setting back callback null
07-27 05:13:55.954   576  1307 W InputManager-JNI: Input channel object '5bc19ac PopupWindow:16a752a (client)' was disposed without first being removed with the input manager!
07-27 05:13:56.709  3315  3346 D EGL_emulation: app_time_stats: avg=500.60ms min=500.21ms max=500.99ms count=2
07-27 05:13:58.224  3315  3346 D EGL_emulation: app_time_stats: avg=504.85ms min=482.23ms max=516.82ms count=3
07-27 05:13:59.225  3315  3346 D EGL_emulation: app_time_stats: avg=500.48ms min=497.72ms max=503.24ms count=2
07-27 05:14:00.013  1436  1698 I AiAiEcho: Predicting[0]:  [CONTEXT sampling_count=5 ]
07-27 05:14:00.013  1436  1698 I AiAiEcho: EchoTargets: 
07-27 05:14:00.013  1436  1698 I AiAiEcho: Filtered by AiAi flag check: 
07-27 05:14:00.013  1436  1698 I AiAiEcho: [CONTEXT ratelimit_period="10 SECONDS" ]
07-27 05:14:00.013  1436  1698 I AiAiEcho: Ranked targets strategy: SORT, count: 0, ranking metadata:  [CONTEXT ratelimit_period="10 SECONDS" ]
07-27 05:14:00.013  1436  1698 I AiAiEcho: #remoteViewsTwiddler: feature disabled.
07-27 05:14:00.013  1436  1698 I AiAiEcho: Predicting[0]:  [CONTEXT sampling_count=5 ]
07-27 05:14:00.013  1436  1698 I AiAiEcho: EchoTargets: 
07-27 05:14:00.013  1436  1698 I AiAiEcho: Filtered by AiAi flag check: 
07-27 05:14:00.013  1436  1698 I AiAiEcho: [CONTEXT ratelimit_period="10 SECONDS" ]
07-27 05:14:00.014  1436  1698 I AiAiEcho: Ranked targets strategy: SORT, count: 0, ranking metadata:  [CONTEXT ratelimit_period="10 SECONDS" ]
07-27 05:14:00.014  1436  1698 I AiAiEcho: #remoteViewsTwiddler: feature disabled.
07-27 05:14:00.014  1436  1698 I AiAiEcho: #postPredictionTargets: Sending updates to UISurface lockscreen with targets# 0 (types=[])
07-27 05:14:00.014  1436  1698 I AiAiEcho: #postPredictionTargets: Sending updates to UISurface home with targets# 0 (types=[])
07-27 05:14:00.014   820   820 W PageIndicator: Total number of pages invalid: 0. Assuming 1 page.
07-27 05:14:00.015  1306  1306 D SsBaseTemplateCard: No text view can be set up
07-27 05:14:00.015  1306  1306 D SsBaseTemplateCard: Passed-in item info is null
07-27 05:14:00.015  1306  1306 D SsBaseTemplateCard: Passed-in item info is null
07-27 05:14:00.015  1306  1306 D SsBaseTemplateCard: Passed-in item info is null
07-27 05:14:00.015  1306  1306 I SsBaseTemplateCard: Secondary card pane is null
07-27 05:14:00.018   820  1047 D EGL_emulation: app_time_stats: avg=59976.73ms min=59976.73ms max=59976.73ms count=1
07-27 05:14:00.727  3315  3346 D EGL_emulation: app_time_stats: avg=500.78ms min=498.36ms max=502.92ms count=3
07-27 05:14:01.188  1044  3127 I NearbyMediums: No BLE Fast/GATT advertisements found in the latest cycle.
07-27 05:14:02.226  3315  3346 D EGL_emulation: app_time_stats: avg=499.59ms min=496.58ms max=501.12ms count=3
07-27 05:14:02.379  3315  3315 I ImeTracker: com.mediology.sinsinapp:fd3c448b: onRequestHide at ORIGIN_CLIENT reason HIDE_SOFT_INPUT fromUser false
07-27 05:14:02.383   576   695 D OomAdjuster: Not killing cached processes
07-27 05:14:02.386  1370  1370 I GoogleInputMethodService: GoogleInputMethodService.onFinishInputView():2393 
07-27 05:14:02.387  3315  3315 D InsetsController: hide(ime(), fromIme=true)
07-27 05:14:02.399   820   893 D WindowManagerShell: onKeepClearAreasChanged: restricted={}, unrestricted={}
07-27 05:14:02.417   380   457 I netd    : tetherGetStats() -> {[]} <7.42ms>
07-27 05:14:02.437  3315  3315 I ThemedReactContext: KeyboardController::keyboardWillHide
07-27 05:14:02.437  3315  3315 I com.reactnativekeyboardcontroller.listeners.KeyboardAnimationCallback: HEIGHT:: 0.0 TAG:: 1918
07-27 05:14:02.444  3315  3315 I com.reactnativekeyboardcontroller.listeners.KeyboardAnimationCallback: DiffY: 883.0 336.3809509277344 1.0 false 1918
07-27 05:14:02.487  3315  3315 I ImeTracker: com.mediology.sinsinapp:36735172: onRequestHide at ORIGIN_CLIENT reason HIDE_SOFT_INPUT_ON_ANIMATION_STATE_CHANGED fromUser false
07-27 05:14:02.487  3315  3315 I ImeTracker: com.mediology.sinsinapp:fd3c448b: onHidden
07-27 05:14:02.487   576   695 I ImeTracker: com.mediology.sinsinapp:36735172: onCancelled at PHASE_SERVER_SHOULD_HIDE
07-27 05:14:02.488  1370  1370 W TooltipLifecycleManager: TooltipLifecycleManager.dismissTooltips():152 Tooltip with id spell_check_add_to_dictionary not found in tooltipManager.
07-27 05:14:02.490  3315  3315 I com.reactnativekeyboardcontroller.listeners.KeyboardAnimationCallback: DiffY: 0.0 0.0 0.0 false 1918
07-27 05:14:02.493  1370  1370 I AndroidIME: AbstractIme.onDeactivate():202 PasswordIme.onDeactivate()
07-27 05:14:02.518  1370  1370 I ImeTracker: com.google.android.inputmethod.latin:7fbd97c2: onRequestShow at ORIGIN_IME reason SHOW_SOFT_INPUT_FROM_IME fromUser false
07-27 05:14:02.521  1370  1370 I WindowMetricsNotification: WindowMetricsNotification.notifyWithWindow():113 
07-27 05:14:02.521  1370  1370 I WindowMetricsNotification: WindowMetricsNotification.notify():106 WindowMetricsNotification{bounds=Rect(0, 132 - 1080, 2400), insets=Rect(0, 0 - 0, 126), densityDpi=420, smallestScreenWidthDp=411, displayWidth=1080, displayHeight=2400, xdpi=420.0, ydpi=420.0}; DisplayMetrics{density=2.625, width=1080, height=2400, scaledDensity=2.625, xdpi=420.0, ydpi=420.0}
07-27 05:14:02.522  3315  3315 I ThemedReactContext: KeyboardController::keyboardDidHide
07-27 05:14:02.522  1370  1370 I GoogleInputMethodService: GoogleInputMethodService.onStartInputView():2098 onStartInputView(EditorInfo{EditorInfo{packageName=com.mediology.sinsinapp, inputType=81, inputTypeString=Password, enableLearning=false, autoCorrection=false, autoComplete=true, imeOptions=4000006, privateImeOptions=null, actionName=DONE, actionLabel=null, initialSelStart=0, initialSelEnd=0, initialCapsMode=0, label=null, fieldId=1918, fieldName=null, extras=Bundle[{android.support.text.emoji.emojiCompat_metadataVersion=9, androidx.core.view.inputmethod.EditorInfoCompat.STYLUS_HANDWRITING_ENABLED=false, android.support.text.emoji.emojiCompat_replaceAll=false}], hintText=non-empty, hintLocales=[]}}, false)
07-27 05:14:02.523  1370  1370 I GoogleInputMethodService: GoogleInputMethodService.updateDeviceLockedStatus():2248 repeatCheckTimes = 1, locked = false
07-27 05:14:02.524  3315  3315 I ThemedReactContext: onUserDrivenAnimationEnded
07-27 05:14:02.557  1370  1370 I KeyboardHeightUtil: KeyboardHeightUtil.getOemKeyboardHeightRatio():206 systemKeyboardHeightRatio:1.000000.
07-27 05:14:02.557  1370  1370 I AndroidIME: AbstractIme.onActivate():89 PasswordIme.onActivate() : EditorInfo = EditorInfo{packageName=com.mediology.sinsinapp, inputType=81, inputTypeString=Password, enableLearning=false, autoCorrection=false, autoComplete=true, imeOptions=4000006, privateImeOptions=null, actionName=DONE, actionLabel=null, initialSelStart=0, initialSelEnd=0, initialCapsMode=0, label=null, fieldId=1918, fieldName=null, extras=Bundle[{android.support.text.emoji.emojiCompat_metadataVersion=9, androidx.core.view.inputmethod.EditorInfoCompat.STYLUS_HANDWRITING_ENABLED=false, android.support.text.emoji.emojiCompat_replaceAll=false}], hintText=non-empty, hintLocales=[]}, IncognitoMode = false, DeviceLocked = false
07-27 05:14:02.557  1370  1370 I KeyboardWrapper: KeyboardWrapper.activateKeyboard():575 activateKeyboard(): type=prime, status=0, imeDef=ktt{stringId=password, language=und-Latn-x-password, languageTag=und-Latn-x-password, processedConditions={variant=qwerty, enable_number_row=false, device=phone}, className=com.google.android.libraries.inputmethod.ime.password.PasswordIme, label=2132018743, keyEventInterpreter=null, inlineComposing=true, autoCapital=true, announceAutoSelectedCandidate=true, statusIcon=0, primeKeyboardType=SOFT, indicatorIcon=0, indicatorLabel=null, displayAppCompletions=false, extraValues=ktl{}, processors=kvl@99ac202, unacceptableMetaKeys=4098, languageSpecificSettings=0, asciiCapable=false, alwaysShowSuggestions=false, useAsciiPasswordKeyboard=false, secondaryIme=null, keyboardGroupDef=kut@d8d6713, phenotypeFlagId=0, localizationLanguageTag=null, supportsInlineSuggestion=false, supportsAccessPoints=false}
07-27 05:14:02.557  1370  1370 I KeyboardManager: KeyboardManager.requestKeyboard():234 Creating keyboard prime, imeId=password, cacheKey=theme_border_stylesheet_noshadow_gsans_pillkey_silkpopup_hover_light_phone_bottom4dp_navredesign
07-27 05:14:02.558  1370  1370 I KeyboardWrapper: KeyboardWrapper.onKeyboardReady():239 onKeyboardReady(): type=prime(prime), kb=com.google.android.apps.inputmethod.latin.keyboard.LatinPasswordKeyboard@87f730d
07-27 05:14:02.558  1370  1370 I KeyboardWrapper: KeyboardWrapper.doActivateKeyboard():606 doActivateKeyboard(): prime
07-27 05:14:02.559  1370  1370 I KeyboardHeightUtil: KeyboardHeightUtil.calculateMaxKeyboardBodyHeight():45 leave 281 height for app when ime window height:2142, header height:116 and isFullscreenMode:false, so the max keyboard body height is:1745
07-27 05:14:02.559  1370  1370 W Keyboard: Keyboard.getKeyboardViewHelper():574 null helper is returned: keyboardDef=kuo{processedConditions={show_suggestions=true, enable_more_candidates_view_for_multilingual=false, enable_secondary_symbols=false, variant=qwerty, language=en-US, device=phone, expressions=normal, keyboard_mode=normal, show_secondary_digits=false, enable_preemptive_decode=true, rtl_layout=false}, globalConditions={global_theme_key=theme_border_stylesheet_noshadow_gsans_pillkey_silkpopup_hover_light_phone_bottom4dp_navredesign, global_locale=en_US, global_density_dpi=420, global_orientation=1}, className=.latin.keyboard.LatinPasswordKeyboard, resourceIds=[#0x7f170663, #0x7f1708e0, #0x7f17071f], initialStates=0, keyboardViewDefs=[kvb{direction=null, id=#0x7f0b014d, isScalable=true, layoutId=#0x7f0e039d, type=BODY, touchable=true, defaultShow=true}, kvb{direction=null, id=#0x7f0b014d, isScalable=false, layoutId=#0x7f0e01aa, type=FLOATING_CANDIDATES, touchable=false, defaultShow=false}, kvb{direction=LOCALE, id=#0x7f0b014d, isScalable=false, layoutId=#0x7f0e058f, type=HEADER, touchable=true, defaultShow=true}], persistentStates=0, persistentStatesPrefKey=null, popupBubbleLayoutId=#0x7f0e068d, recentKeyLayoutId=0, recentKeyPopupLayoutId=0, recentKeyType=null, rememberRecentKey=NONE, sessionStates=17592186044419}, type=WIDGET, helpersCreated=[kib@99bb1d7, kib@ac46ac4, kib@5c15dad, null], context.getResources().getConfiguration(): {1.0 310mcc260mnc [en_US] ldltr sw411dp w411dp h914dp 420dpi nrml long port finger qwerty/v/v dpad/v winConfig={ mBounds=Rect(0, 0 - 1080, 2400) mAppBounds=Rect(0, 0 - 1080, 2400) mMaxBounds=Rect(0, 0 - 1080, 2400) mDisplayRotation=ROTATION_0 mWindowingMode=fullscreen mActivityType=undefined mAlwaysOnTop=undefined mRotation=ROTATION_0} as.2 s.34 fontWeightAdjustment=0}
07-27 05:14:02.560  1370  1370 I KeyboardHeightUtil: KeyboardHeightUtil.calculateMaxKeyboardBodyHeight():45 leave 281 height for app when ime window height:2142, header height:116 and isFullscreenMode:false, so the max keyboard body height is:1745
07-27 05:14:02.561  1370  1370 I GoogleInputMethodService: GoogleInputMethodService.startInputIfInputViewStarted():3728 startInputIfInputViewStarted(): default prime
07-27 05:14:02.561  1370  1370 I KeyboardModeManager: KeyboardModeManager.setInputViewKeyboardViewHolderProvider():625 setInputView() : supportsOneHandedMode=true supportsSplitMode=true
07-27 05:14:02.561  1370  1370 I NormalModeController: NormalModeController.getKeyboardBodyViewHolderPaddingBottom():104 currentPrimeKeyboardType:SOFT systemPaddingBottom:-1
07-27 05:14:02.562  1370  1370 I KeyboardHeightUtil: KeyboardHeightUtil.calculateMaxKeyboardBodyHeight():45 leave 281 height for app when ime window height:2142, header height:116 and isFullscreenMode:false, so the max keyboard body height is:1745
07-27 05:14:02.562  1370  1370 I KeyboardHeightUtil: KeyboardHeightUtil.calculateMaxKeyboardBodyHeight():45 leave 281 height for app when ime window height:2142, header height:116 and isFullscreenMode:false, so the max keyboard body height is:1745
07-27 05:14:02.562  1370  1370 I KeyboardHeightUtil: KeyboardHeightUtil.calculateMaxKeyboardBodyHeight():45 leave 281 height for app when ime window height:2142, header height:116 and isFullscreenMode:false, so the max keyboard body height is:1745
07-27 05:14:02.562  1370  1370 I KeyboardHeightUtil: KeyboardHeightUtil.calculateMaxKeyboardBodyHeight():45 leave 281 height for app when ime window height:2142, header height:116 and isFullscreenMode:false, so the max keyboard body height is:1745
07-27 05:14:02.562  1370  1370 I NormalModeController: NormalModeController.getKeyboardBodyViewHolderPaddingBottom():104 currentPrimeKeyboardType:SOFT systemPaddingBottom:-1
07-27 05:14:02.566  1370  1370 I KeyboardHeightUtil: KeyboardHeightUtil.calculateMaxKeyboardBodyHeight():45 leave 281 height for app when ime window height:2142, header height:116 and isFullscreenMode:false, so the max keyboard body height is:1745
07-27 05:14:02.566  1370  1370 I KeyboardHeightUtil: KeyboardHeightUtil.calculateMaxKeyboardBodyHeight():45 leave 281 height for app when ime window height:2142, header height:116 and isFullscreenMode:false, so the max keyboard body height is:1745
07-27 05:14:02.566  1370  1370 I KeyboardModeManager: KeyboardModeManager.setInputViewKeyboardViewHolderProvider():613 setInputView() : supportsOneHandedMode=true, supportSplitMode=true
07-27 05:14:02.570  1370  1370 I CrowdsourceExtension: CrowdsourceExtension.checkIfDefaultBrowserIsAllowed():110 Failed to get default browser. The default browser may be deactived.
07-27 05:14:02.574  1370  1370 I AccessoryInputModeManager: AccessoryInputModeManager.onModeStarted():308 Accessory input mode started: null
07-27 05:14:02.574  1370  1370 W SupplementaryKeyboardsWrapper: SupplementaryKeyboardsWrapper.deactivateKeyboard():159 keyboard accessory_candidates_consumer is not activated before!
07-27 05:14:02.574  1370  1370 I NewLanguagePromptExtension: NewLanguagePromptExtension.onActivate():195 Not activated NewLanguagePromptExtension: not a normal text input box.
07-27 05:14:02.584  1370  1370 I StylusModule: StylusModule.onUpdateToolType():770 Update tool type = 0
07-27 05:14:02.585  1370  1370 I CurrentMicStatusHolder: CurrentMicStatusHolder.onStartInputView():81 Current Mic status = {MicIconHidden-PasswordOrNumberOrDateInputType,}
07-27 05:14:02.595  1370  1370 I KeyboardHeightUtil: KeyboardHeightUtil.calculateMaxKeyboardBodyHeight():45 leave 281 height for app when ime window height:2142, header height:116 and isFullscreenMode:false, so the max keyboard body height is:1745
07-27 05:14:02.595  1370  1370 I WindowMetricsNotification: WindowMetricsNotification.notifyWithWindow():113 
07-27 05:14:02.595  1370  1370 I WindowMetricsNotification: WindowMetricsNotification.notify():106 WindowMetricsNotification{bounds=Rect(0, 132 - 1080, 2400), insets=Rect(0, 0 - 0, 126), densityDpi=420, smallestScreenWidthDp=411, displayWidth=1080, displayHeight=2400, xdpi=420.0, ydpi=420.0}; DisplayMetrics{density=2.625, width=1080, height=2400, scaledDensity=2.625, xdpi=420.0, ydpi=420.0}
07-27 05:14:02.601  1571  1571 D BoundBrokerSvc: onBind: Intent { act=com.google.firebase.dynamiclinks.service.START pkg=com.google.android.gms }
07-27 05:14:02.601  1571  1571 D BoundBrokerSvc: Loading bound service for intent: Intent { act=com.google.firebase.dynamiclinks.service.START pkg=com.google.android.gms }
07-27 05:14:02.602  1370  1787 D EGL_emulation: app_time_stats: avg=6252.86ms min=142.43ms max=24267.50ms count=4
07-27 05:14:02.603  3315  3315 D InsetsController: show(ime(), fromIme=true)
07-27 05:14:02.609  1370  1370 I StylusModule: StylusModule.onUpdateToolType():770 Update tool type = 0
07-27 05:14:02.610  3315  3315 I ThemedReactContext: KeyboardController::keyboardWillShow
07-27 05:14:02.611  3315  3315 I com.reactnativekeyboardcontroller.listeners.KeyboardAnimationCallback: HEIGHT:: 336.3809509277344 TAG:: 1918
07-27 05:14:02.613  3315  3315 I com.reactnativekeyboardcontroller.listeners.KeyboardAnimationCallback: DiffY: 0.0 0.0 0.0 false 1918
07-27 05:14:02.620  1370  1370 I GoogleInputMethodService: GoogleInputMethodService$1.onKeyboardViewShown():494 onKeyboardViewShown: keyboardType=prime, keyboardViewType=HEADER keyboardView=com.google.android.libraries.inputmethod.widgets.SoftKeyboardView{1b9cf4b V.E...... ........ 0,0-1080,116}
07-27 05:14:02.620  1370  1370 I GoogleInputMethodService: GoogleInputMethodService$1.onKeyboardViewShown():494 onKeyboardViewShown: keyboardType=prime, keyboardViewType=BODY keyboardView=com.google.android.libraries.inputmethod.widgets.SoftKeyboardView{281a59c V.E...... ........ 0,0-1080,641}
07-27 05:14:02.620  1370  1370 I NewLanguagePromptExtension: NewLanguagePromptExtension$1.onKeyboardViewShown():94 Not show new language banner: not prime keyboard, or the extension not activated.
07-27 05:14:02.620  1370  1370 I WindowMetricsNotification: WindowMetricsNotification.notifyWithWindow():113 
07-27 05:14:02.620  1370  1370 I WindowMetricsNotification: WindowMetricsNotification.notify():106 WindowMetricsNotification{bounds=Rect(0, 132 - 1080, 2400), insets=Rect(0, 0 - 0, 126), densityDpi=420, smallestScreenWidthDp=411, displayWidth=1080, displayHeight=2400, xdpi=420.0, ydpi=420.0}; DisplayMetrics{density=2.625, width=1080, height=2400, scaledDensity=2.625, xdpi=420.0, ydpi=420.0}
07-27 05:14:02.620  1370  1370 I WindowMetricsNotification: WindowMetricsNotification.notifyWithWindow():113 
07-27 05:14:02.620  1370  1370 I WindowMetricsNotification: WindowMetricsNotification.notify():106 WindowMetricsNotification{bounds=Rect(0, 132 - 1080, 2400), insets=Rect(0, 0 - 0, 126), densityDpi=420, smallestScreenWidthDp=411, displayWidth=1080, displayHeight=2400, xdpi=420.0, ydpi=420.0}; DisplayMetrics{density=2.625, width=1080, height=2400, scaledDensity=2.625, xdpi=420.0, ydpi=420.0}
07-27 05:14:02.621   820   893 D WindowManagerShell: onKeepClearAreasChanged: restricted={}, unrestricted={Rect(0, 1517 - 1080, 2400)}
07-27 05:14:02.631  3315  3315 I ImeTracker: com.google.android.inputmethod.latin:7fbd97c2: onShown
07-27 05:14:02.631  3315  3315 I com.reactnativekeyboardcontroller.listeners.KeyboardAnimationCallback: DiffY: 883.0 336.3809509277344 1.0 false 1918
07-27 05:14:02.643  3315  3315 I ThemedReactContext: KeyboardController::keyboardDidShow
07-27 05:14:02.645  3315  3315 I ThemedReactContext: onUserDrivenAnimationEnded
07-27 05:14:02.646  1370  1370 I GoogleInputMethodService: GoogleInputMethodService.onFinishInputView():2393 
07-27 05:14:02.663  3315  3315 W RemoteInputConnectionImpl: requestCursorUpdates on inactive InputConnection
07-27 05:14:02.665  3315  3315 W FrameTracker: Missed App frame:UNKNOWN: 74, 50892, 0, CUJ=J<IME_INSETS_HIDE_ANIMATION::1@1@com.mediology.sinsinapp>
07-27 05:14:02.665  3315  3315 W FrameTracker: Missed SF frame:UNKNOWN: 74, 50892, 0, CUJ=J<IME_INSETS_HIDE_ANIMATION::1@1@com.mediology.sinsinapp>
07-27 05:14:02.698  1370  1370 W TooltipLifecycleManager: TooltipLifecycleManager.dismissTooltips():152 Tooltip with id spell_check_add_to_dictionary not found in tooltipManager.
07-27 05:14:02.699  1370  1370 I AndroidIME: AbstractIme.onDeactivate():202 PasswordIme.onDeactivate()
07-27 05:14:02.701  1370  1370 I GoogleInputMethodService: GoogleInputMethodService.onFinishInput():3157 
07-27 05:14:02.702  1370  1370 I GoogleInputMethodService: GoogleInputMethodService.updateDeviceLockedStatus():2248 repeatCheckTimes = 0, locked = false
07-27 05:14:02.702  1370  1370 I GoogleInputMethodService: GoogleInputMethodService.onStartInput():1986 onStartInput(EditorInfo{EditorInfo{packageName=com.mediology.sinsinapp, inputType=0, inputTypeString=NULL, enableLearning=false, autoCorrection=false, autoComplete=false, imeOptions=0, privateImeOptions=null, actionName=UNSPECIFIED, actionLabel=null, initialSelStart=-1, initialSelEnd=-1, initialCapsMode=0, label=null, fieldId=0, fieldName=null, extras=null, hintText=null, hintLocales=[]}}, false)
07-27 05:14:02.703  1370  1370 I GoogleInputMethodService: GoogleInputMethodService.updateDeviceLockedStatus():2248 repeatCheckTimes = 1, locked = false
07-27 05:14:02.703  1370  1370 I AndroidIME: InputBundleManager.loadActiveInputBundleId():450 loadActiveInputBundleId: und-Latn-x-password, password
07-27 05:14:02.703  1370  1370 I HardKeyTracker: HardKeyTracker.registerKeySequence():139 Register key sequence lnk{labelResId=2132019800, callback=gnd@f531647, lastModifier=0, keyCodes=[57, 57], actions=[1, 0]}
07-27 05:14:02.704  1370  1370 I HardKeyTracker: HardKeyTracker.registerKeySequence():139 Register key sequence lnk{labelResId=0, callback=gnd@1ca0c12, lastModifier=0, keyCodes=[58, 58], actions=[1, 0]}
07-27 05:14:02.707   576   875 W PackageConfigPersister: App-specific configuration not found for packageName: com.mediology.sinsinapp and userId: 0
07-27 05:14:02.708  1370  1370 I GoogleInputMethodService: GoogleInputMethodService.onStartInputView():2098 onStartInputView(EditorInfo{EditorInfo{packageName=com.mediology.sinsinapp, inputType=0, inputTypeString=NULL, enableLearning=false, autoCorrection=false, autoComplete=false, imeOptions=0, privateImeOptions=null, actionName=UNSPECIFIED, actionLabel=null, initialSelStart=-1, initialSelEnd=-1, initialCapsMode=0, label=null, fieldId=0, fieldName=null, extras=null, hintText=null, hintLocales=[]}}, false)
07-27 05:14:02.711  1370  1370 I GoogleInputMethodService: GoogleInputMethodService.updateDeviceLockedStatus():2248 repeatCheckTimes = 1, locked = false
07-27 05:14:02.724  1370  1370 I KeyboardHeightUtil: KeyboardHeightUtil.getOemKeyboardHeightRatio():206 systemKeyboardHeightRatio:1.000000.
07-27 05:14:02.724  1370  1370 I AndroidIME: AbstractIme.onActivate():89 PasswordIme.onActivate() : EditorInfo = EditorInfo{packageName=com.mediology.sinsinapp, inputType=0, inputTypeString=NULL, enableLearning=false, autoCorrection=false, autoComplete=false, imeOptions=0, privateImeOptions=null, actionName=UNSPECIFIED, actionLabel=null, initialSelStart=-1, initialSelEnd=-1, initialCapsMode=0, label=null, fieldId=0, fieldName=null, extras=null, hintText=null, hintLocales=[]}, IncognitoMode = false, DeviceLocked = false
07-27 05:14:02.724  1370  1370 I KeyboardWrapper: KeyboardWrapper.activateKeyboard():575 activateKeyboard(): type=prime, status=0, imeDef=ktt{stringId=password, language=und-Latn-x-password, languageTag=und-Latn-x-password, processedConditions={variant=qwerty, enable_number_row=false, device=phone}, className=com.google.android.libraries.inputmethod.ime.password.PasswordIme, label=2132018743, keyEventInterpreter=null, inlineComposing=true, autoCapital=true, announceAutoSelectedCandidate=true, statusIcon=0, primeKeyboardType=SOFT, indicatorIcon=0, indicatorLabel=null, displayAppCompletions=false, extraValues=ktl{}, processors=kvl@99ac202, unacceptableMetaKeys=4098, languageSpecificSettings=0, asciiCapable=false, alwaysShowSuggestions=false, useAsciiPasswordKeyboard=false, secondaryIme=null, keyboardGroupDef=kut@d8d6713, phenotypeFlagId=0, localizationLanguageTag=null, supportsInlineSuggestion=false, supportsAccessPoints=false}
07-27 05:14:02.724  1370  1370 I KeyboardManager: KeyboardManager.requestKeyboard():234 Creating keyboard prime, imeId=password, cacheKey=theme_border_stylesheet_noshadow_gsans_pillkey_silkpopup_hover_light_phone_bottom4dp_navredesign
07-27 05:14:02.724  1370  1370 I KeyboardWrapper: KeyboardWrapper.onKeyboardReady():239 onKeyboardReady(): type=prime(prime), kb=com.google.android.apps.inputmethod.latin.keyboard.LatinPasswordKeyboard@87f730d
07-27 05:14:02.724  1370  1370 I KeyboardWrapper: KeyboardWrapper.doActivateKeyboard():606 doActivateKeyboard(): prime
07-27 05:14:02.725  1370  1370 I KeyboardHeightUtil: KeyboardHeightUtil.calculateMaxKeyboardBodyHeight():45 leave 281 height for app when ime window height:2142, header height:116 and isFullscreenMode:false, so the max keyboard body height is:1745
07-27 05:14:02.725  1370  1370 W Keyboard: Keyboard.getKeyboardViewHelper():574 null helper is returned: keyboardDef=kuo{processedConditions={show_suggestions=true, enable_more_candidates_view_for_multilingual=false, enable_secondary_symbols=false, variant=qwerty, language=en-US, device=phone, expressions=normal, keyboard_mode=normal, show_secondary_digits=false, enable_preemptive_decode=true, rtl_layout=false}, globalConditions={global_theme_key=theme_border_stylesheet_noshadow_gsans_pillkey_silkpopup_hover_light_phone_bottom4dp_navredesign, global_locale=en_US, global_density_dpi=420, global_orientation=1}, className=.latin.keyboard.LatinPasswordKeyboard, resourceIds=[#0x7f170663, #0x7f1708e0, #0x7f17071f], initialStates=0, keyboardViewDefs=[kvb{direction=null, id=#0x7f0b014d, isScalable=true, layoutId=#0x7f0e039d, type=BODY, touchable=true, defaultShow=true}, kvb{direction=null, id=#0x7f0b014d, isScalable=false, layoutId=#0x7f0e01aa, type=FLOATING_CANDIDATES, touchable=false, defaultShow=false}, kvb{direction=LOCALE, id=#0x7f0b014d, isScalable=false, layoutId=#0x7f0e058f, type=HEADER, touchable=true, defaultShow=true}], persistentStates=0, persistentStatesPrefKey=null, popupBubbleLayoutId=#0x7f0e068d, recentKeyLayoutId=0, recentKeyPopupLayoutId=0, recentKeyType=null, rememberRecentKey=NONE, sessionStates=17592186044419}, type=WIDGET, helpersCreated=[kib@99bb1d7, kib@ac46ac4, kib@5c15dad, null], context.getResources().getConfiguration(): {1.0 310mcc260mnc [en_US] ldltr sw411dp w411dp h914dp 420dpi nrml long port finger qwerty/v/v dpad/v winConfig={ mBounds=Rect(0, 0 - 1080, 2400) mAppBounds=Rect(0, 0 - 1080, 2400) mMaxBounds=Rect(0, 0 - 1080, 2400) mDisplayRotation=ROTATION_0 mWindowingMode=fullscreen mActivityType=undefined mAlwaysOnTop=undefined mRotation=ROTATION_0} as.2 s.34 fontWeightAdjustment=0}
07-27 05:14:02.725  1370  1370 I KeyboardHeightUtil: KeyboardHeightUtil.calculateMaxKeyboardBodyHeight():45 leave 281 height for app when ime window height:2142, header height:116 and isFullscreenMode:false, so the max keyboard body height is:1745
07-27 05:14:02.769  1370  1370 I GoogleInputMethodService: GoogleInputMethodService.startInputIfInputViewStarted():3728 startInputIfInputViewStarted(): default prime
07-27 05:14:02.770  1370  1370 I KeyboardModeManager: KeyboardModeManager.setInputViewKeyboardViewHolderProvider():625 setInputView() : supportsOneHandedMode=true supportsSplitMode=true
07-27 05:14:02.770  1370  1370 I NormalModeController: NormalModeController.getKeyboardBodyViewHolderPaddingBottom():104 currentPrimeKeyboardType:SOFT systemPaddingBottom:-1
07-27 05:14:02.770  1370  1370 I KeyboardHeightUtil: KeyboardHeightUtil.calculateMaxKeyboardBodyHeight():45 leave 281 height for app when ime window height:2142, header height:116 and isFullscreenMode:false, so the max keyboard body height is:1745
07-27 05:14:02.770  1370  1370 I KeyboardHeightUtil: KeyboardHeightUtil.calculateMaxKeyboardBodyHeight():45 leave 281 height for app when ime window height:2142, header height:116 and isFullscreenMode:false, so the max keyboard body height is:1745
07-27 05:14:02.771  1370  1370 I KeyboardHeightUtil: KeyboardHeightUtil.calculateMaxKeyboardBodyHeight():45 leave 281 height for app when ime window height:2142, header height:116 and isFullscreenMode:false, so the max keyboard body height is:1745
07-27 05:14:02.771  1370  1370 I KeyboardHeightUtil: KeyboardHeightUtil.calculateMaxKeyboardBodyHeight():45 leave 281 height for app when ime window height:2142, header height:116 and isFullscreenMode:false, so the max keyboard body height is:1745
07-27 05:14:02.771  1370  1370 I NormalModeController: NormalModeController.getKeyboardBodyViewHolderPaddingBottom():104 currentPrimeKeyboardType:SOFT systemPaddingBottom:-1
07-27 05:14:02.771  1370  1370 I KeyboardHeightUtil: KeyboardHeightUtil.calculateMaxKeyboardBodyHeight():45 leave 281 height for app when ime window height:2142, header height:116 and isFullscreenMode:false, so the max keyboard body height is:1745
07-27 05:14:02.772  1370  1370 I KeyboardHeightUtil: KeyboardHeightUtil.calculateMaxKeyboardBodyHeight():45 leave 281 height for app when ime window height:2142, header height:116 and isFullscreenMode:false, so the max keyboard body height is:1745
07-27 05:14:02.772  1370  1370 I KeyboardModeManager: KeyboardModeManager.setInputViewKeyboardViewHolderProvider():613 setInputView() : supportsOneHandedMode=true, supportSplitMode=true
07-27 05:14:02.773  1370  1370 I CrowdsourceExtension: CrowdsourceExtension.checkIfDefaultBrowserIsAllowed():110 Failed to get default browser. The default browser may be deactived.
07-27 05:14:02.775  1370  1370 I AccessoryInputModeManager: AccessoryInputModeManager.onModeStarted():308 Accessory input mode started: null
07-27 05:14:02.775  1370  1370 W SupplementaryKeyboardsWrapper: SupplementaryKeyboardsWrapper.deactivateKeyboard():159 keyboard accessory_candidates_consumer is not activated before!
07-27 05:14:02.776  1370  1370 I NewLanguagePromptExtension: NewLanguagePromptExtension.onActivate():195 Not activated NewLanguagePromptExtension: not a normal text input box.
07-27 05:14:02.778  1370  1370 I HardKeyTracker: HardKeyTracker.unregisterKeySequence():183 Unregister key sequence lnk{labelResId=2132019804, callback=cfr@960fb27, lastModifier=2, keyCodes=[48], actions=[0]}
07-27 05:14:02.778  1370  1370 I HardKeyTracker: HardKeyTracker.registerKeySequence():139 Register key sequence lnk{labelResId=2132019804, callback=cfr@15577d3, lastModifier=2, keyCodes=[48], actions=[0]}
07-27 05:14:02.779  1370  1370 I VoiceImeExtension: VoiceImeExtension.shouldStartVoiceInputAutomaticallyInCurrentInputBox():415 No private IME option set to start voice input.
07-27 05:14:02.783  1370  1375 I putmethod.latin: Background concurrent mark compact GC freed 6330KB AllocSpace bytes, 11(540KB) LOS objects, 49% free, 10MB/20MB, paused 2.008ms,2.438ms total 187.752ms
07-27 05:14:02.784  1370  1370 I StylusModule: StylusModule.onUpdateToolType():770 Update tool type = 0
07-27 05:14:02.787  1370  1370 I KeyboardHeightUtil: KeyboardHeightUtil.calculateMaxKeyboardBodyHeight():45 leave 281 height for app when ime window height:2142, header height:116 and isFullscreenMode:false, so the max keyboard body height is:1745
07-27 05:14:02.789  1370  1370 I WindowMetricsNotification: WindowMetricsNotification.notifyWithWindow():113 
07-27 05:14:02.789  1370  1370 I WindowMetricsNotification: WindowMetricsNotification.notify():106 WindowMetricsNotification{bounds=Rect(0, 132 - 1080, 2400), insets=Rect(0, 0 - 0, 126), densityDpi=420, smallestScreenWidthDp=411, displayWidth=1080, displayHeight=2400, xdpi=420.0, ydpi=420.0}; DisplayMetrics{density=2.625, width=1080, height=2400, scaledDensity=2.625, xdpi=420.0, ydpi=420.0}
07-27 05:14:02.790  1370  1370 I WindowMetricsNotification: WindowMetricsNotification.notifyWithWindow():113 
07-27 05:14:02.790  1370  1370 I WindowMetricsNotification: WindowMetricsNotification.notify():106 WindowMetricsNotification{bounds=Rect(0, 132 - 1080, 2400), insets=Rect(0, 0 - 0, 126), densityDpi=420, smallestScreenWidthDp=411, displayWidth=1080, displayHeight=2400, xdpi=420.0, ydpi=420.0}; DisplayMetrics{density=2.625, width=1080, height=2400, scaledDensity=2.625, xdpi=420.0, ydpi=420.0}
07-27 05:14:02.791  1370  1370 I GoogleInputMethodService: GoogleInputMethodService$1.onKeyboardViewShown():494 onKeyboardViewShown: keyboardType=prime, keyboardViewType=HEADER keyboardView=com.google.android.libraries.inputmethod.widgets.SoftKeyboardView{1b9cf4b V.E...... ........ 0,0-1080,116}
07-27 05:14:02.791  1370  1370 I GoogleInputMethodService: GoogleInputMethodService$1.onKeyboardViewShown():494 onKeyboardViewShown: keyboardType=prime, keyboardViewType=BODY keyboardView=com.google.android.libraries.inputmethod.widgets.SoftKeyboardView{281a59c V.E...... ........ 0,0-1080,641}
07-27 05:14:02.791  1370  1370 I NewLanguagePromptExtension: NewLanguagePromptExtension$1.onKeyboardViewShown():94 Not show new language banner: not prime keyboard, or the extension not activated.
07-27 05:14:02.792  1370  1370 I WindowMetricsNotification: WindowMetricsNotification.notifyWithWindow():113 
07-27 05:14:02.792  1370  1370 I WindowMetricsNotification: WindowMetricsNotification.notify():106 WindowMetricsNotification{bounds=Rect(0, 132 - 1080, 2400), insets=Rect(0, 0 - 0, 126), densityDpi=420, smallestScreenWidthDp=411, displayWidth=1080, displayHeight=2400, xdpi=420.0, ydpi=420.0}; DisplayMetrics{density=2.625, width=1080, height=2400, scaledDensity=2.625, xdpi=420.0, ydpi=420.0}
07-27 05:14:02.792  1370  1370 I WindowMetricsNotification: WindowMetricsNotification.notifyWithWindow():113 
07-27 05:14:02.792  1370  1370 I WindowMetricsNotification: WindowMetricsNotification.notify():106 WindowMetricsNotification{bounds=Rect(0, 132 - 1080, 2400), insets=Rect(0, 0 - 0, 126), densityDpi=420, smallestScreenWidthDp=411, displayWidth=1080, displayHeight=2400, xdpi=420.0, ydpi=420.0}; DisplayMetrics{density=2.625, width=1080, height=2400, scaledDensity=2.625, xdpi=420.0, ydpi=420.0}
07-27 05:14:02.793  1370  1370 I StylusModule: StylusModule.onUpdateToolType():770 Update tool type = 0
07-27 05:14:02.800  1370  1370 I StylusModule: StylusModule.onUpdateToolType():770 Update tool type = 0
07-27 05:14:02.804  1370  1370 I StylusModule: StylusModule.onUpdateToolType():770 Update tool type = 0
07-27 05:14:02.830  1370  1370 I StylusModule: StylusModule.onUpdateToolType():770 Update tool type = 0
07-27 05:14:02.902  3315  3315 I ImeTracker: com.mediology.sinsinapp:d45759a0: onRequestHide at ORIGIN_CLIENT reason HIDE_SOFT_INPUT_CLOSE_CURRENT_SESSION fromUser false
07-27 05:14:02.903  1370  1370 I StylusModule: StylusModule.onUpdateToolType():770 Update tool type = 0
07-27 05:14:02.910  1370  1370 I GoogleInputMethodService: GoogleInputMethodService.onFinishInputView():2393 
07-27 05:14:02.910  1370  1370 W TooltipLifecycleManager: TooltipLifecycleManager.dismissTooltips():152 Tooltip with id spell_check_add_to_dictionary not found in tooltipManager.
07-27 05:14:02.912  1370  1370 I AndroidIME: AbstractIme.onDeactivate():202 PasswordIme.onDeactivate()
07-27 05:14:02.912  1370  1370 I WindowMetricsNotification: WindowMetricsNotification.notifyWithWindow():113 
07-27 05:14:02.913  1370  1370 I WindowMetricsNotification: WindowMetricsNotification.notify():106 WindowMetricsNotification{bounds=Rect(0, 132 - 1080, 2400), insets=Rect(0, 0 - 0, 126), densityDpi=420, smallestScreenWidthDp=411, displayWidth=1080, displayHeight=2400, xdpi=420.0, ydpi=420.0}; DisplayMetrics{density=2.625, width=1080, height=2400, scaledDensity=2.625, xdpi=420.0, ydpi=420.0}
07-27 05:14:02.950  3315  3315 D InsetsController: hide(ime(), fromIme=true)
07-27 05:14:02.954  3315  3315 I ThemedReactContext: KeyboardController::keyboardWillHide
07-27 05:14:02.954  3315  3315 I com.reactnativekeyboardcontroller.listeners.KeyboardAnimationCallback: HEIGHT:: 0.0 TAG:: -1
07-27 05:14:02.957  3315  3315 I com.reactnativekeyboardcontroller.listeners.KeyboardAnimationCallback: DiffY: 883.0 336.3809509277344 0.0 false -1
07-27 05:14:02.971   820   893 D WindowManagerShell: onKeepClearAreasChanged: restricted={}, unrestricted={}
07-27 05:14:03.036  3315  3315 I ImeTracker: com.mediology.sinsinapp:207b9494: onRequestHide at ORIGIN_CLIENT reason HIDE_SOFT_INPUT_ON_ANIMATION_STATE_CHANGED fromUser false
07-27 05:14:03.037   576   695 I ImeTracker: com.mediology.sinsinapp:207b9494: onCancelled at PHASE_SERVER_SHOULD_HIDE
07-27 05:14:03.041  3315  3315 I ImeTracker: com.mediology.sinsinapp:d45759a0: onHidden
07-27 05:14:03.045  3315  3315 I com.reactnativekeyboardcontroller.listeners.KeyboardAnimationCallback: DiffY: 0.0 0.0 0.0 false -1
07-27 05:14:03.047  3315  3315 I ThemedReactContext: KeyboardController::keyboardDidHide
07-27 05:14:03.049  3315  3315 I ThemedReactContext: onUserDrivenAnimationEnded
07-27 05:14:03.062  1370  1370 I StylusModule: StylusModule.onUpdateToolType():770 Update tool type = 0
07-27 05:14:03.106  3315  3315 W FrameTracker: Missed App frame:UNKNOWN: 74, 50989, 0, CUJ=J<IME_INSETS_SHOW_ANIMATION::0@1@com.mediology.sinsinapp>
07-27 05:14:03.106  3315  3315 W FrameTracker: Missed SF frame:UNKNOWN: 74, 50989, 0, CUJ=J<IME_INSETS_SHOW_ANIMATION::0@1@com.mediology.sinsinapp>
07-27 05:14:03.138  1370  1370 I StylusModule: StylusModule.onUpdateToolType():770 Update tool type = 0
07-27 05:14:03.198  1370  1370 I StylusModule: StylusModule.onUpdateToolType():770 Update tool type = 0
07-27 05:14:03.240  1370  1370 I StylusModule: StylusModule.onUpdateToolType():770 Update tool type = 0
07-27 05:14:03.275  1370  1370 I StylusModule: StylusModule.onUpdateToolType():770 Update tool type = 0
07-27 05:14:03.307  1370  1370 I StylusModule: StylusModule.onUpdateToolType():770 Update tool type = 0
07-27 05:14:03.338  1370  1370 I StylusModule: StylusModule.onUpdateToolType():770 Update tool type = 0
07-27 05:14:03.369  1370  1370 I StylusModule: StylusModule.onUpdateToolType():770 Update tool type = 0
07-27 05:14:03.403  1370  1370 I StylusModule: StylusModule.onUpdateToolType():770 Update tool type = 0
07-27 05:14:03.433  1370  1370 I StylusModule: StylusModule.onUpdateToolType():770 Update tool type = 0
07-27 05:14:03.465  1370  1370 I StylusModule: StylusModule.onUpdateToolType():770 Update tool type = 0
07-27 05:14:03.494  1370  1370 I StylusModule: StylusModule.onUpdateToolType():770 Update tool type = 0
07-27 05:14:03.500  1370  1370 I GoogleInputMethodService: GoogleInputMethodService.onFinishInput():3157 
07-27 05:14:03.502  1370  1370 I GoogleInputMethodService: GoogleInputMethodService.updateDeviceLockedStatus():2248 repeatCheckTimes = 0, locked = false
07-27 05:14:03.502  1370  1370 I GoogleInputMethodService: GoogleInputMethodService.onStartInput():1986 onStartInput(EditorInfo{EditorInfo{packageName=com.mediology.sinsinapp, inputType=0, inputTypeString=NULL, enableLearning=false, autoCorrection=false, autoComplete=false, imeOptions=0, privateImeOptions=null, actionName=UNSPECIFIED, actionLabel=null, initialSelStart=-1, initialSelEnd=-1, initialCapsMode=0, label=null, fieldId=0, fieldName=null, extras=null, hintText=null, hintLocales=[]}}, false)
07-27 05:14:03.503  1370  1370 I GoogleInputMethodService: GoogleInputMethodService.updateDeviceLockedStatus():2248 repeatCheckTimes = 1, locked = false
07-27 05:14:03.503  1370  1370 I AndroidIME: InputBundleManager.loadActiveInputBundleId():450 loadActiveInputBundleId: und-Latn-x-password, password
07-27 05:14:03.503   576   593 W PackageConfigPersister: App-specific configuration not found for packageName: com.mediology.sinsinapp and userId: 0
07-27 05:14:03.504  1370  1370 I StylusModule: StylusModule.onUpdateToolType():770 Update tool type = 0
07-27 05:14:03.509  3315  3346 D EGL_emulation: app_time_stats: avg=83.78ms min=6.59ms max=383.23ms count=14
07-27 05:14:03.510  1370  1370 I StylusModule: StylusModule.onUpdateToolType():770 Update tool type = 0
07-27 05:14:03.518  1370  1370 I StylusModule: StylusModule.onUpdateToolType():770 Update tool type = 0
07-27 05:14:03.521  1370  1370 I StylusModule: StylusModule.onUpdateToolType():770 Update tool type = 0
07-27 05:14:03.531  3315  3361 W unknown:BridgelessReact: ReactHost{0}.getOrCreateReloadTask()
07-27 05:14:03.531  3315  3361 W unknown:BridgelessReact: ReactHost{0}.raiseSoftException(getOrCreateReloadTask()): BridgelessDevSupportManager.handleReloadJS()
07-27 05:14:03.531  3315  3361 E unknown:ReactHost: Unhandled SoftException
07-27 05:14:03.531  3315  3361 E unknown:ReactHost: com.facebook.react.bridge.ReactNoCrashSoftException: raiseSoftException(getOrCreateReloadTask()): BridgelessDevSupportManager.handleReloadJS()
07-27 05:14:03.531  3315  3361 E unknown:ReactHost: 	at com.facebook.react.runtime.ReactHostImpl.raiseSoftException(ReactHostImpl.kt:905)
07-27 05:14:03.531  3315  3361 E unknown:ReactHost: 	at com.facebook.react.runtime.ReactHostImpl.raiseSoftException$default(ReactHostImpl.kt:896)
07-27 05:14:03.531  3315  3361 E unknown:ReactHost: 	at com.facebook.react.runtime.ReactHostImpl.getOrCreateReloadTask(ReactHostImpl.kt:1311)
07-27 05:14:03.531  3315  3361 E unknown:ReactHost: 	at com.facebook.react.runtime.ReactHostImpl.reload$lambda$8(ReactHostImpl.kt:403)
07-27 05:14:03.531  3315  3361 E unknown:ReactHost: 	at com.facebook.react.runtime.ReactHostImpl.$r8$lambda$ZKc-OxDGoIs_vTfeqAPiROVzaQc(Unknown Source:0)
07-27 05:14:03.531  3315  3361 E unknown:ReactHost: 	at com.facebook.react.runtime.ReactHostImpl$$ExternalSyntheticLambda22.call(D8$$SyntheticClass:0)
07-27 05:14:03.531  3315  3361 E unknown:ReactHost: 	at com.facebook.react.runtime.internal.bolts.Task$Companion.call$lambda$2(Task.kt:319)
07-27 05:14:03.531  3315  3361 E unknown:ReactHost: 	at com.facebook.react.runtime.internal.bolts.Task$Companion.$r8$lambda$MFqd_-X5KhHmu0hvNE2Bec_4mJM(Unknown Source:0)
07-27 05:14:03.531  3315  3361 E unknown:ReactHost: 	at com.facebook.react.runtime.internal.bolts.Task$Companion$$ExternalSyntheticLambda1.run(D8$$SyntheticClass:0)
07-27 05:14:03.531  3315  3361 E unknown:ReactHost: 	at java.util.concurrent.ThreadPoolExecutor.runWorker(ThreadPoolExecutor.java:1145)
07-27 05:14:03.531  3315  3361 E unknown:ReactHost: 	at java.util.concurrent.ThreadPoolExecutor$Worker.run(ThreadPoolExecutor.java:644)
07-27 05:14:03.531  3315  3361 E unknown:ReactHost: 	at java.lang.Thread.run(Thread.java:1012)
07-27 05:14:03.531  3315  3361 W unknown:BridgelessReact: ReactHost{0}.getOrCreateReloadTask(): Resetting createReactInstance task ref
07-27 05:14:03.535  3315  3315 W unknown:BridgelessReact: ReactHost{0}.getOrCreateReloadTask(): Starting React Native reload
07-27 05:14:03.535  3315  3315 W unknown:BridgelessReact: ReactHost{0}.getOrCreateReloadTask(): Calling ReactContext.onHostPause()
07-27 05:14:03.536  3315  3315 W unknown:BridgelessReact: ReactHost{0}.raiseSoftException(callWithExistingReactInstance(callFunctionOnModule("RCTDeviceEventEmitter", "emit"))): Execute: reactInstance is null. Dropping work.
07-27 05:14:03.536  3315  3315 E unknown:ReactHost: Unhandled SoftException
07-27 05:14:03.536  3315  3315 E unknown:ReactHost: com.facebook.react.bridge.ReactNoCrashSoftException: raiseSoftException(callWithExistingReactInstance(callFunctionOnModule("RCTDeviceEventEmitter", "emit"))): Execute: reactInstance is null. Dropping work.
07-27 05:14:03.536  3315  3315 E unknown:ReactHost: 	at com.facebook.react.runtime.ReactHostImpl.raiseSoftException(ReactHostImpl.kt:905)
07-27 05:14:03.536  3315  3315 E unknown:ReactHost: 	at com.facebook.react.runtime.ReactHostImpl.raiseSoftException$default(ReactHostImpl.kt:896)
07-27 05:14:03.536  3315  3315 E unknown:ReactHost: 	at com.facebook.react.runtime.ReactHostImpl.callWithExistingReactInstance$lambda$31(ReactHostImpl.kt:921)
07-27 05:14:03.536  3315  3315 E unknown:ReactHost: 	at com.facebook.react.runtime.ReactHostImpl.$r8$lambda$l1K12GG-9QlElWkNW0LKLzyWgAs(Unknown Source:0)
07-27 05:14:03.536  3315  3315 E unknown:ReactHost: 	at com.facebook.react.runtime.ReactHostImpl$$ExternalSyntheticLambda35.then(D8$$SyntheticClass:0)
07-27 05:14:03.536  3315  3315 E unknown:ReactHost: 	at com.facebook.react.runtime.internal.bolts.Task$Companion.completeImmediately$lambda$3(Task.kt:360)
07-27 05:14:03.536  3315  3315 E unknown:ReactHost: 	at com.facebook.react.runtime.internal.bolts.Task$Companion.$r8$lambda$b7MTC0ufkn_2TjF4BGcNqGR9qK0(Unknown Source:0)
07-27 05:14:03.536  3315  3315 E unknown:ReactHost: 	at com.facebook.react.runtime.internal.bolts.Task$Companion$$ExternalSyntheticLambda3.run(D8$$SyntheticClass:0)
07-27 05:14:03.536  3315  3315 E unknown:ReactHost: 	at com.facebook.react.runtime.internal.bolts.Executors$ImmediateExecutor.execute(Executors.kt:41)
07-27 05:14:03.536  3315  3315 E unknown:ReactHost: 	at com.facebook.react.runtime.internal.bolts.Task$Companion.completeImmediately(Task.kt:358)
07-27 05:14:03.536  3315  3315 E unknown:ReactHost: 	at com.facebook.react.runtime.internal.bolts.Task$Companion.access$completeImmediately(Task.kt:254)
07-27 05:14:03.536  3315  3315 E unknown:ReactHost: 	at com.facebook.react.runtime.internal.bolts.Task.continueWith(Task.kt:133)
07-27 05:14:03.536  3315  3315 E unknown:ReactHost: 	at com.facebook.react.runtime.internal.bolts.Task.continueWith$default(Task.kt:117)
07-27 05:14:03.536  3315  3315 E unknown:ReactHost: 	at com.facebook.react.runtime.internal.bolts.Task.onSuccess$lambda$12(Task.kt:176)
07-27 05:14:03.536  3315  3315 E unknown:ReactHost: 	at com.facebook.react.runtime.internal.bolts.Task.$r8$lambda$l0wwo5AvbHxlwfI1R7CH_codxoo(Unknown Source:0)
07-27 05:14:03.536  3315  3315 E unknown:ReactHost: 	at com.facebook.react.runtime.internal.bolts.Task$$ExternalSyntheticLambda2.then(D8$$SyntheticClass:0)
07-27 05:14:03.536  3315  3315 E unknown:ReactHost: 	at com.facebook.react.runtime.internal.bolts.Task$Companion.completeAfterTask$lambda$5(Task.kt:394)
07-27 05:14:03.536  3315  3315 E unknown:ReactHost: 	at com.facebook.react.runtime.internal.bolts.Task$Companion.$r8$lambda$IPpysnehFwANEiW061YzapkMdoE(Unknown Source:0)
07-27 05:14:03.536  3315  3315 E unknown:ReactHost: 	at com.facebook.react.runtime.internal.bolts.Task$Companion$$ExternalSyntheticLambda4.run(D8$$SyntheticClass:0)
07-27 05:14:03.536  3315  3315 E unknown:ReactHost: 	at com.facebook.react.runtime.internal.bolts.Executors$ImmediateExecutor.execute(Executors.kt:41)
07-27 05:14:03.536  3315  3315 E unknown:ReactHost: 	at com.facebook.react.runtime.internal.bolts.Task$Companion.completeAfterTask(Task.kt:392)
07-27 05:14:03.536  3315  3315 E unknown:ReactHost: 	at com.facebook.react.runtime.internal.bolts.Task$Companion.access$completeAfterTask(Task.kt:254)
07-27 05:14:03.536  3315  3315 E unknown:ReactHost: 	at com.facebook.react.runtime.internal.bolts.Task.continueWithTask(Task.kt:158)
07-27 05:14:03.536  3315  3315 E unknown:ReactHost: 	at com.facebook.react.runtime.internal.bolts.Task.onSuccess(Task.kt:171)
07-27 05:14:03.536  3315  3315 E unknown:ReactHost: 	at com.facebook.react.runtime.ReactHostImpl.callWithExistingReactInstance(ReactHostImpl.kt:917)
07-27 05:14:03.536  3315  3315 E unknown:ReactHost: 	at com.facebook.react.runtime.ReactHostImpl.callWithExistingReactInstance$default(ReactHostImpl.kt:910)
07-27 05:14:03.536  3315  3315 E unknown:ReactHost: 	at com.facebook.react.runtime.ReactHostImpl.callFunctionOnModule$ReactAndroid_debug(ReactHostImpl.kt:798)
07-27 05:14:03.536  3315  3315 E unknown:ReactHost: 	at com.facebook.react.runtime.BridgelessReactContext.emitDeviceEvent(BridgelessReactContext.kt:154)
07-27 05:14:03.536  3315  3315 E unknown:ReactHost: 	at com.facebook.react.modules.appstate.AppStateModule.sendEvent(AppStateModule.kt:71)
07-27 05:14:03.536  3315  3315 E unknown:ReactHost: 	at com.facebook.react.modules.appstate.AppStateModule.sendAppStateChangeEvent(AppStateModule.kt:75)
07-27 05:14:03.536  3315  3315 E unknown:ReactHost: 	at com.facebook.react.modules.appstate.AppStateModule.onHostPause(AppStateModule.kt:48)
07-27 05:14:03.536  3315  3315 E unknown:ReactHost: 	at com.facebook.react.bridge.ReactContext.onHostPause(ReactContext.java:296)
07-27 05:14:03.536  3315  3315 E unknown:ReactHost: 	at com.facebook.react.runtime.ReactHostImpl.getOrCreateReloadTask$lambda$51(ReactHostImpl.kt:1340)
07-27 05:14:03.536  3315  3315 E unknown:ReactHost: 	at com.facebook.react.runtime.ReactHostImpl.$r8$lambda$LpML1XwLRsHj6AJXZaMANjJyWI8(Unknown Source:0)
07-27 05:14:03.536  3315  3315 E unknown:ReactHost: 	at com.facebook.react.runtime.ReactHostImpl$$ExternalSyntheticLambda4.then(D8$$SyntheticClass:0)
07-27 05:14:03.536  3315  3315 E unknown:ReactHost: 	at com.facebook.react.runtime.internal.bolts.Task$Companion.completeAfterTask$lambda$5(Task.kt:394)
07-27 05:14:03.536  3315  3315 E unknown:ReactHost: 	at com.facebook.react.runtime.internal.bolts.Task$Companion.$r8$lambda$IPpysnehFwANEiW061YzapkMdoE(Unknown Source:0)
07-27 05:14:03.536  3315  3315 E unknown:ReactHost: 	at com.facebook.react.runtime.internal.bolts.Task$Companion$$ExternalSyntheticLambda4.run(D8$$SyntheticClass:0)
07-27 05:14:03.536  3315  3315 E unknown:ReactHost: 	at android.os.Handler.handleCallback(Handler.java:959)
07-27 05:14:03.536  3315  3315 E unknown:ReactHost: 	at android.os.Handler.dispatchMessage(Handler.java:100)
07-27 05:14:03.536  3315  3315 E unknown:ReactHost: 	at android.os.Looper.loopOnce(Looper.java:232)
07-27 05:14:03.536  3315  3315 E unknown:ReactHost: 	at android.os.Looper.loop(Looper.java:317)
07-27 05:14:03.536  3315  3315 E unknown:ReactHost: 	at android.app.ActivityThread.main(ActivityThread.java:8705)
07-27 05:14:03.536  3315  3315 E unknown:ReactHost: 	at java.lang.reflect.Method.invoke(Native Method)
07-27 05:14:03.536  3315  3315 E unknown:ReactHost: 	at com.android.internal.os.RuntimeInit$MethodAndArgsCaller.run(RuntimeInit.java:580)
07-27 05:14:03.536  3315  3315 E unknown:ReactHost: 	at com.android.internal.os.ZygoteInit.main(ZygoteInit.java:886)
07-27 05:14:03.537  3315  3361 W unknown:BridgelessReact: ReactHost{0}.getOrCreateReloadTask(): Stopping all React Native surfaces
07-27 05:14:03.537  3315  3361 E unknown:SurfaceMountingManager: Stopping surface [1]
07-27 05:14:03.544  3315  3315 I ReactNative: [GESTURE HANDLER] Tearing down gesture handler registered for root view com.facebook.react.runtime.ReactSurfaceView{566ea04 V.E...... ........ 0,0-1080,2400 #1}
07-27 05:14:03.544  3315  3315 E unknown:SurfaceMountingManager: Surface [1] was stopped on SurfaceMountingManager.
07-27 05:14:03.572  3315  3315 W unknown:BridgelessReact: ReactHost{0}.getOrCreateReloadTask(): Removing memory pressure listener
07-27 05:14:03.572  3315  3315 W unknown:BridgelessReact: ReactHost{0}.getOrCreateReloadTask(): Resetting ReactContext ref
07-27 05:14:03.572  3315  3315 W unknown:BridgelessReact: ReactHost{0}.getOrCreateReloadTask(): Destroying ReactContext
07-27 05:14:03.572  3315  3315 W unknown:BridgelessReact: ReactHost{0}.getOrCreateReloadTask(): Calling DevSupportManager.onReactInstanceDestroyed(reactContext)
07-27 05:14:03.572  3315  3315 W unknown:ReactNative: Packager connection already open, nooping.
07-27 05:14:03.594  3315  3371 W com.reactnativekeyboardcontroller.modules.statusbar.StatusBarManagerCompatModuleImpl: StatusBarModule: Ignored status bar change, current activity is edge-to-edge.
07-27 05:14:03.620  3315  3315 I ology.sinsinapp: Explicit concurrent mark compact GC freed 4565KB AllocSpace bytes, 2(104KB) LOS objects, 50% free, 16MB/32MB, paused 134us,3.542ms total 48.231ms
07-27 05:14:03.621  3315  3361 W unknown:BridgelessReact: ReactHost{0}.getOrCreateReloadTask(): Resetting ReactInstance ptr
07-27 05:14:03.621  3315  3361 W unknown:BridgelessReact: ReactHost{0}.getOrCreateReloadTask(): Destroying ReactInstance
07-27 05:14:03.622  3315  3315 E unknown:ReactNative: Got DOWN touch before receiving UP or CANCEL from last gesture
07-27 05:14:03.627  3315  3315 I ImeTracker: com.mediology.sinsinapp:1cb23760: onRequestHide at ORIGIN_CLIENT reason HIDE_SOFT_INPUT_CLOSE_CURRENT_SESSION fromUser false
07-27 05:14:03.627   576   695 I ImeTracker: com.mediology.sinsinapp:1cb23760: onCancelled at PHASE_SERVER_SHOULD_HIDE
07-27 05:14:03.632  3315  3361 I ExpoModulesCore: ✅ ModuleRegistry was destroyed
07-27 05:14:03.635  3315  3361 I ExpoModulesCore: ✅ AppContext was destroyed
07-27 05:14:03.635  3315  3361 I ExpoModulesCore: ✅ KotlinInteropModuleRegistry was destroyed
07-27 05:14:03.666   820  1047 D EGL_emulation: app_time_stats: avg=3648.72ms min=3648.72ms max=3648.72ms count=1
07-27 05:14:03.706  3315  3361 W unknown:ReactNative: Tried to enqueue runnable on already finished thread: 'v_native... dropping Runnable.
07-27 05:14:03.706  3315  3361 E unknown:ReactNative: Tried to remove non-existent frame callback
07-27 05:14:03.713  3315  3361 W unknown:ReactNative: Tried to enqueue runnable on already finished thread: 'v_native... dropping Runnable.
07-27 05:14:03.713  3315  3361 W unknown:ReactNative: Tried to enqueue runnable on already finished thread: 'v_native... dropping Runnable.
07-27 05:14:03.713  3315  3361 W unknown:ReactNative: Tried to enqueue runnable on already finished thread: 'v_native... dropping Runnable.
07-27 05:14:03.713  3315  3361 W unknown:ReactNative: Tried to enqueue runnable on already finished thread: 'v_native... dropping Runnable.
07-27 05:14:03.713  3315  3361 W unknown:ReactNative: Tried to enqueue runnable on already finished thread: 'v_native... dropping Runnable.
07-27 05:14:03.713  3315  3361 W unknown:ReactNative: Tried to enqueue runnable on already finished thread: 'v_native... dropping Runnable.
07-27 05:14:03.713  3315  3361 W unknown:ReactNative: Tried to enqueue runnable on already finished thread: 'v_native... dropping Runnable.
07-27 05:14:03.717  3315  3361 W unknown:ReactNative: Tried to enqueue runnable on already finished thread: 'v_native... dropping Runnable.
07-27 05:14:03.717  3315  3361 W unknown:ReactNative: Tried to enqueue runnable on already finished thread: 'v_native... dropping Runnable.
07-27 05:14:03.718  3315  3361 W unknown:ReactNative: Tried to enqueue runnable on already finished thread: 'v_native... dropping Runnable.
07-27 05:14:03.718  3315  3361 W unknown:ReactNative: Tried to enqueue runnable on already finished thread: 'v_native... dropping Runnable.
07-27 05:14:03.718  3315  3361 W unknown:ReactNative: Tried to enqueue runnable on already finished thread: 'v_native... dropping Runnable.
07-27 05:14:03.719  3315  3361 W unknown:ReactNative: Tried to enqueue runnable on already finished thread: 'v_native... dropping Runnable.
07-27 05:14:03.719  3315  3361 W unknown:ReactNative: Tried to enqueue runnable on already finished thread: 'v_native... dropping Runnable.
07-27 05:14:03.720  3315  3361 W unknown:ReactNative: Tried to enqueue runnable on already finished thread: 'v_native... dropping Runnable.
07-27 05:14:03.720  3315  3361 W unknown:ReactNative: Tried to enqueue runnable on already finished thread: 'v_native... dropping Runnable.
07-27 05:14:03.720  3315  3361 W unknown:ReactNative: Tried to enqueue runnable on already finished thread: 'v_native... dropping Runnable.
07-27 05:14:03.721  3315  3361 W unknown:ReactNative: Tried to enqueue runnable on already finished thread: 'v_native... dropping Runnable.
07-27 05:14:03.721  3315  3361 W unknown:ReactNative: Tried to enqueue runnable on already finished thread: 'v_native... dropping Runnable.
07-27 05:14:03.721  3315  3361 W unknown:ReactNative: Tried to enqueue runnable on already finished thread: 'v_native... dropping Runnable.
07-27 05:14:03.721  3315  3361 W unknown:ReactNative: Tried to enqueue runnable on already finished thread: 'v_native... dropping Runnable.
07-27 05:14:03.726  3315  3361 W unknown:ReactNative: Tried to enqueue runnable on already finished thread: 'v_native... dropping Runnable.
07-27 05:14:03.727  3315  3361 W unknown:ReactNative: Tried to enqueue runnable on already finished thread: 'v_native... dropping Runnable.
07-27 05:14:03.735  3315  3361 W System.err: java.lang.NoSuchFieldException: No field mIsFinished in class Lcom/facebook/react/bridge/queue/MessageQueueThreadImpl; (declaration of 'com.facebook.react.bridge.queue.MessageQueueThreadImpl' appears in /data/app/~~T93ezTjbxBbsJRS8KOfcCA==/com.mediology.sinsinapp-3n8TehE9cPS1H3Ob-w8QRA==/base.apk!classes7.dex)
07-27 05:14:03.735  3315  3361 W System.err: 	at java.lang.Class.getDeclaredField(Native Method)
07-27 05:14:03.735  3315  3361 W System.err: 	at com.swmansion.worklets.WorkletsMessageQueueThreadBase.quitSynchronous(WorkletsMessageQueueThreadBase.java:55)
07-27 05:14:03.735  3315  3361 W System.err: 	at com.facebook.jni.HybridData$Destructor.deleteNative(Native Method)
07-27 05:14:03.735  3315  3361 W System.err: 	at com.facebook.jni.HybridData$Destructor.destruct(HybridData.java:82)
07-27 05:14:03.735  3315  3361 W System.err: 	at com.facebook.jni.HybridData.resetNative(HybridData.java:48)
07-27 05:14:03.735  3315  3361 W System.err: 	at com.facebook.react.runtime.ReactInstance.destroy(ReactInstance.kt:421)
07-27 05:14:03.735  3315  3361 W System.err: 	at com.facebook.react.runtime.ReactHostImpl.getOrCreateReloadTask$lambda$55(ReactHostImpl.kt:1400)
07-27 05:14:03.735  3315  3361 W System.err: 	at com.facebook.react.runtime.ReactHostImpl.$r8$lambda$QLj1KH6lXO9iLO81CpQqSF6_Fr4(Unknown Source:0)
07-27 05:14:03.735  3315  3361 W System.err: 	at com.facebook.react.runtime.ReactHostImpl$$ExternalSyntheticLambda7.then(D8$$SyntheticClass:0)
07-27 05:14:03.735  3315  3361 W System.err: 	at com.facebook.react.runtime.internal.bolts.Task$Companion.completeAfterTask$lambda$5(Task.kt:394)
07-27 05:14:03.736  3315  3361 W System.err: 	at com.facebook.react.runtime.internal.bolts.Task$Companion.$r8$lambda$IPpysnehFwANEiW061YzapkMdoE(Unknown Source:0)
07-27 05:14:03.736  3315  3361 W System.err: 	at com.facebook.react.runtime.internal.bolts.Task$Companion$$ExternalSyntheticLambda4.run(D8$$SyntheticClass:0)
07-27 05:14:03.736  3315  3361 W System.err: 	at java.util.concurrent.ThreadPoolExecutor.runWorker(ThreadPoolExecutor.java:1145)
07-27 05:14:03.736  3315  3361 W System.err: 	at java.util.concurrent.ThreadPoolExecutor$Worker.run(ThreadPoolExecutor.java:644)
07-27 05:14:03.736  3315  3361 W System.err: 	at java.lang.Thread.run(Thread.java:1012)
07-27 05:14:03.742  3315  3361 W unknown:ReactNative: Tried to enqueue runnable on already finished thread: 'v_native... dropping Runnable.
07-27 05:14:03.742  3315  3361 W unknown:ReactNative: Tried to enqueue runnable on already finished thread: 'v_native... dropping Runnable.
07-27 05:14:03.742  3315  3361 W unknown:ReactNative: Tried to enqueue runnable on already finished thread: 'v_native... dropping Runnable.
07-27 05:14:03.744  3315  3361 W unknown:ReactNative: Tried to enqueue runnable on already finished thread: 'v_native... dropping Runnable.
07-27 05:14:03.744  3315  3361 W unknown:ReactNative: Tried to enqueue runnable on already finished thread: 'v_native... dropping Runnable.
07-27 05:14:03.745  3315  3361 W unknown:ReactNative: Tried to enqueue runnable on already finished thread: 'v_native... dropping Runnable.
07-27 05:14:03.745  3315  3361 W unknown:ReactNative: Tried to enqueue runnable on already finished thread: 'v_native... dropping Runnable.
07-27 05:14:03.745  3315  3361 W unknown:ReactNative: Tried to enqueue runnable on already finished thread: 'v_native... dropping Runnable.
07-27 05:14:03.745  3315  3361 W unknown:ReactNative: Tried to enqueue runnable on already finished thread: 'v_native... dropping Runnable.
07-27 05:14:03.745  3315  3361 W unknown:ReactNative: Tried to enqueue runnable on already finished thread: 'v_native... dropping Runnable.
07-27 05:14:03.753  3315  3361 W unknown:ReactNative: Tried to enqueue runnable on already finished thread: 'v_native... dropping Runnable.
07-27 05:14:03.924  3315  3361 W unknown:BridgelessReact: ReactHost{0}.getOrCreateReloadTask(): Resetting start task ref
07-27 05:14:03.924  3315  3361 W unknown:BridgelessReact: ReactHost{0}.getOrCreateReactInstanceTask()
07-27 05:14:03.924  3315  3361 W unknown:BridgelessReact: ReactHost{0}.getOrCreateReactInstanceTask(): Start
07-27 05:14:03.924  3315  3361 W unknown:BridgelessReact: ReactHost{0}.getJSBundleLoader()
07-27 05:14:03.924  3315  3361 W unknown:BridgelessReact: ReactHost{0}.isMetroRunning()
07-27 05:14:03.928  3315  3720 D TrafficStats: tagSocket(111) with statsTag=0xffffffff, statsUid=-1
07-27 05:14:03.932  3315  3720 W unknown:BridgelessReact: ReactHost{0}.isMetroRunning(): Async result = true
07-27 05:14:03.935  3315  3361 W unknown:BridgelessReact: ReactHost{0}.loadJSBundleFromMetro()
07-27 05:14:03.937  3315  3408 D TrafficStats: tagSocket(116) with statsTag=0xffffffff, statsUid=-1
07-27 05:14:03.949   576   875 D CoreBackPreview: Window{c72e007 u0 PopupWindow:94bda9e}: Setting back callback OnBackInvokedCallbackInfo{mCallback=android.window.IOnBackInvokedCallback$Stub$Proxy@c2c2f5d, mPriority=0, mIsAnimationCallback=false}
07-27 05:14:04.321  3315  3408 W unknown:BridgelessReact: ReactHost{0}.loadJSBundleFromMetro(): Creating BundleLoader
07-27 05:14:04.321  3315  3315 W WindowOnBackDispatcher: sendCancelIfRunning: isInProgress=false callback=android.view.ViewRootImpl$$ExternalSyntheticLambda11@99702aa
07-27 05:14:04.322   576   593 D CoreBackPreview: Window{c72e007 u0 PopupWindow:94bda9e}: Setting back callback null
07-27 05:14:04.322  3315  3361 W unknown:BridgelessReact: ReactHost{0}.getOrCreateReactInstanceTask(): Creating BridgelessReactContext
07-27 05:14:04.322  3315  3361 W unknown:BridgelessReact: ReactHost{0}.getOrCreateReactInstanceTask(): Creating ReactInstance
07-27 05:14:04.324   576   593 W InputManager-JNI: Input channel object 'c72e007 PopupWindow:94bda9e (client)' was disposed without first being removed with the input manager!
07-27 05:14:04.336  3315  3361 I ExpoModulesCore: ✅ AppContext was initialized
07-27 05:14:04.401  3315  3361 W unknown:BridgelessReact: ReactHost{0}.getOrCreateReactInstanceTask(): Loading JS Bundle
07-27 05:14:04.402  3315  3361 W unknown:BridgelessReact: ReactHost{0}.getOrCreateReactInstanceTask(): DevSupportManager.onNewReactContextCreated()
07-27 05:14:04.402  3315  3361 W unknown:BridgelessReact: ReactHost{0}.getOrCreateReloadTask(): Restarting previously running React Native Surfaces
07-27 05:14:04.403  3315  3361 W unknown:BridgelessReact: ReactHost{0}.getOrCreateReloadTask(): Resetting reload task ref
07-27 05:14:04.403  3315  3315 W unknown:ReactNative: Packager connection already open, nooping.
07-27 05:14:04.403  3315  3315 W unknown:BridgelessReact: ReactHost{0}.ReactContext.onHostResume()
07-27 05:14:04.406  3315  3315 W unknown:BridgelessReact: ReactHost{0}.getOrCreateReactInstanceTask(): Executing ReactInstanceEventListeners
07-27 05:14:04.872  3315  3408 D TrafficStats: tagSocket(134) with statsTag=0xffffffff, statsUid=-1
07-27 05:14:04.909  3315  3724 W BridgelessReactContext: [WARNING] Bridgeless doesn't support CatalystInstance. Accessing an API that's not part of the new architecture is not encouraged usage.
07-27 05:14:04.910  3315  3724 I ExpoModulesCore: ✅ JSI interop was installed
07-27 05:14:04.912  3315  3724 I ExpoModulesCore: ✅ Constants were exported
07-27 05:14:04.926  3315  3724 W [RNScreens]: InsetObserverProxy registers on new context while it has not been invalidated on the old one. Please report this as issue at https://github.com/software-mansion/react-native-screens/issues
07-27 05:14:04.927  3315  3724 W unknown:ViewManagerPropertyUpdater: Could not find generated setter for class com.reactnativekeyboardcontroller.OverKeyboardViewManager
07-27 05:14:04.928  3315  3724 W unknown:ViewManagerPropertyUpdater: Could not find generated setter for class com.reactnativekeyboardcontroller.views.overlay.OverKeyboardHostShadowNode
07-27 05:14:04.928  3315  3724 W unknown:ViewManagerPropertyUpdater: Could not find generated setter for class com.swmansion.rnscreens.ScreenFooterManager
07-27 05:14:04.928  3315  3724 W unknown:ViewManagerPropertyUpdater: Could not find generated setter for class com.facebook.react.uimanager.LayoutShadowNode
07-27 05:14:04.928  3315  3724 W unknown:ViewManagerPropertyUpdater: Could not find generated setter for class com.swmansion.rnscreens.gamma.tabs.TabScreenViewManager
07-27 05:14:04.929  3315  3724 W unknown:ViewManagerPropertyUpdater: Could not find generated setter for class expo.modules.kotlin.views.GroupViewManagerWrapper
07-27 05:14:04.929  3315  3724 W unknown:ViewManagerPropertyUpdater: Could not find generated setter for class com.swmansion.rnscreens.ScreenContainerViewManager
07-27 05:14:04.929  3315  3724 W unknown:ViewManagerPropertyUpdater: Could not find generated setter for class com.reactnativecommunity.slider.ReactSliderManager
07-27 05:14:04.930  3315  3724 W unknown:ViewManagerPropertyUpdater: Could not find generated setter for class com.swmansion.rnscreens.gamma.tabs.TabsHostViewManager
07-27 05:14:04.932  3315  3724 W unknown:ViewManagerPropertyUpdater: Could not find generated setter for class com.swmansion.rnscreens.ModalScreenViewManager
07-27 05:14:04.932  3315  3724 W unknown:ViewManagerPropertyUpdater: Could not find generated setter for class com.teleport.portal.PortalViewManager
07-27 05:14:04.933  3315  3724 W unknown:ViewManagerPropertyUpdater: Could not find generated setter for class com.reactnativekeyboardcontroller.KeyboardGestureAreaViewManager
07-27 05:14:04.933  3315  3724 W unknown:ViewManagerPropertyUpdater: Could not find generated setter for class com.th3rdwave.safeareacontext.SafeAreaViewManager
07-27 05:14:04.933  3315  3724 W unknown:ViewManagerPropertyUpdater: Could not find generated setter for class com.th3rdwave.safeareacontext.SafeAreaViewShadowNode
07-27 05:14:04.933  3315  3724 W unknown:ViewManagerPropertyUpdater: Could not find generated setter for class com.swmansion.rnscreens.safearea.SafeAreaViewManager
07-27 05:14:04.933  3315  3724 W unknown:ViewManagerPropertyUpdater: Could not find generated setter for class com.swmansion.rnscreens.safearea.paper.SafeAreaViewShadowNode
07-27 05:14:04.934  3315  3724 W unknown:ViewManagerPropertyUpdater: Could not find generated setter for class com.swmansion.rnscreens.ScreenViewManager
07-27 05:14:04.935  3315  3724 W unknown:ViewManagerPropertyUpdater: Could not find generated setter for class expo.modules.kotlin.views.SimpleViewManagerWrapper
07-27 05:14:04.936  3315  3724 W unknown:ViewManagerPropertyUpdater: Could not find generated setter for class com.reactnativemenu.MenuViewManager
07-27 05:14:04.937  3315  3724 W unknown:ViewManagerPropertyUpdater: Could not find generated setter for class com.swmansion.rnscreens.ScreenStackViewManager
07-27 05:14:04.937  3315  3724 W unknown:ViewManagerPropertyUpdater: Could not find generated setter for class com.th3rdwave.safeareacontext.SafeAreaProviderManager
07-27 05:14:04.937  3315  3724 W unknown:ViewManagerPropertyUpdater: Could not find generated setter for class com.swmansion.rnscreens.SearchBarManager
07-27 05:14:04.938  3315  3724 W unknown:ViewManagerPropertyUpdater: Could not find generated setter for class com.iosutilities.IosUtilitiesViewManager
07-27 05:14:04.939  3315  3724 W unknown:ViewManagerPropertyUpdater: Could not find generated setter for class com.teleport.host.PortalHostViewManager
07-27 05:14:04.943  3315  3724 W unknown:ViewManagerPropertyUpdater: Could not find generated setter for class com.reactnativecommunity.webview.RNCWebViewManager
07-27 05:14:04.945  3315  3724 W unknown:ViewManagerPropertyUpdater: Could not find generated setter for class com.reactnativekeyboardcontroller.KeyboardControllerViewManager
07-27 05:14:04.945  3315  3724 W unknown:ViewManagerPropertyUpdater: Could not find generated setter for class com.swmansion.rnscreens.ScreenStackHeaderConfigViewManager
07-27 05:14:04.945  3315  3724 W unknown:ViewManagerPropertyUpdater: Could not find generated setter for class com.swmansion.rnscreens.ScreenContentWrapperManager
07-27 05:14:04.946  3315  3724 W unknown:ViewManagerPropertyUpdater: Could not find generated setter for class com.swmansion.rnscreens.gamma.stack.host.StackHostViewManager
07-27 05:14:04.946  3315  3724 W unknown:ViewManagerPropertyUpdater: Could not find generated setter for class com.reactnativegooglesignin.RNGoogleSigninButtonViewManager
07-27 05:14:04.946  3315  3724 W unknown:ViewManagerPropertyUpdater: Could not find generated setter for class com.swmansion.rnscreens.ScreenStackHeaderSubviewManager
07-27 05:14:04.946  3315  3724 W unknown:ViewManagerPropertyUpdater: Could not find generated setter for class com.swmansion.rnscreens.gamma.stack.screen.StackScreenViewManager
07-27 05:14:04.946  3315  3724 W unknown:ViewManagerPropertyUpdater: Could not find generated setter for class com.reactnativekeyboardcontroller.KeyboardBackgroundViewManager
07-27 05:14:04.955  3315  3322 W System  : A resource failed to call close. 
07-27 05:14:04.982  3315  3724 W unknown:ViewManagerPropertyUpdater: Could not find generated setter for class com.horcrux.svg.RenderableViewManager$DefsViewManager
07-27 05:14:04.983  3315  3724 W unknown:ViewManagerPropertyUpdater: Could not find generated setter for class com.horcrux.svg.VirtualViewManager$RenderableShadowNode
07-27 05:14:04.984  3315  3724 W unknown:ViewManagerPropertyUpdater: Could not find generated setter for class com.facebook.react.views.debuggingoverlay.DebuggingOverlayManager
07-27 05:14:04.985  3315  3724 W unknown:ViewManagerPropertyUpdater: Could not find generated setter for class com.horcrux.svg.RenderableViewManager$FeMergeManager
07-27 05:14:04.986  3315  3724 W unknown:ViewManagerPropertyUpdater: Could not find generated setter for class com.facebook.react.views.safeareaview.ReactSafeAreaViewManager
07-27 05:14:04.987  3315  3724 W unknown:ViewManagerPropertyUpdater: Could not find generated setter for class com.horcrux.svg.RenderableViewManager$LinearGradientManager
07-27 05:14:04.988  3315  3724 W unknown:ViewManagerPropertyUpdater: Could not find generated setter for class com.horcrux.svg.RenderableViewManager$FeGaussianBlurManager
07-27 05:14:04.990  3315  3724 W unknown:ViewManagerPropertyUpdater: Could not find generated setter for class com.facebook.react.views.progressbar.ReactProgressBarViewManager
07-27 05:14:04.990  3315  3724 W unknown:ViewManagerPropertyUpdater: Could not find generated setter for class com.facebook.react.views.progressbar.ProgressBarShadowNode
07-27 05:14:04.991  3315  3724 W unknown:ViewManagerPropertyUpdater: Could not find generated setter for class com.facebook.react.views.scroll.ReactHorizontalScrollViewManager
07-27 05:14:04.993  3315  3724 W unknown:ViewManagerPropertyUpdater: Could not find generated setter for class com.facebook.react.views.text.ReactTextViewManager
07-27 05:14:04.993  3315  3724 W unknown:ViewManagerPropertyUpdater: Could not find generated setter for class com.facebook.react.views.text.ReactTextShadowNode
07-27 05:14:04.994  3315  3724 W unknown:ViewManagerPropertyUpdater: Could not find generated setter for class com.horcrux.svg.RenderableViewManager$FeColorMatrixManager
07-27 05:14:04.996  3315  3724 W unknown:ViewManagerPropertyUpdater: Could not find generated setter for class com.facebook.react.views.scroll.ReactHorizontalScrollContainerViewManager
07-27 05:14:04.997  3315  3724 W unknown:ViewManagerPropertyUpdater: Could not find generated setter for class com.horcrux.svg.RenderableViewManager$ClipPathViewManager
07-27 05:14:04.999  3315  3724 W unknown:ViewManagerPropertyUpdater: Could not find generated setter for class com.horcrux.svg.RenderableViewManager$SymbolManager
07-27 05:14:05.001  3315  3724 W unknown:ViewManagerPropertyUpdater: Could not find generated setter for class com.horcrux.svg.RenderableViewManager$PatternManager
07-27 05:14:05.002  3315  3724 W unknown:ViewManagerPropertyUpdater: Could not find generated setter for class com.horcrux.svg.RenderableViewManager$FeBlendManager
07-27 05:14:05.003  3315  3724 W unknown:ViewManagerPropertyUpdater: Could not find generated setter for class com.facebook.react.views.view.ReactViewManager
07-27 05:14:05.004  3315  3724 W unknown:ViewManagerPropertyUpdater: Could not find generated setter for class com.horcrux.svg.SvgViewManager
07-27 05:14:05.006  3315  3724 W unknown:ViewManagerPropertyUpdater: Could not find generated setter for class com.facebook.react.views.switchview.ReactSwitchManager
07-27 05:14:05.007  3315  3724 W unknown:ViewManagerPropertyUpdater: Could not find generated setter for class com.facebook.react.views.switchview.ReactSwitchShadowNode
07-27 05:14:05.008  3315  3724 W unknown:ViewManagerPropertyUpdater: Could not find generated setter for class com.horcrux.svg.RenderableViewManager$UseViewManager
07-27 05:14:05.010  3315  3724 W unknown:ViewManagerPropertyUpdater: Could not find generated setter for class com.horcrux.svg.RenderableViewManager$CircleViewManager
07-27 05:14:05.011  3315  3724 W unknown:ViewManagerPropertyUpdater: Could not find generated setter for class com.horcrux.svg.RenderableViewManager$TSpanViewManager
07-27 05:14:05.013  3315  3724 W unknown:ViewManagerPropertyUpdater: Could not find generated setter for class com.horcrux.svg.RenderableViewManager$FilterManager
07-27 05:14:05.015  3315  3724 W unknown:ViewManagerPropertyUpdater: Could not find generated setter for class com.horcrux.svg.RenderableViewManager$MarkerManager
07-27 05:14:05.016  3315  3724 W unknown:ViewManagerPropertyUpdater: Could not find generated setter for class com.swmansion.gesturehandler.react.RNGestureHandlerButtonViewManager
07-27 05:14:05.017  3315  3724 W unknown:ViewManagerPropertyUpdater: Could not find generated setter for class com.facebook.react.views.modal.ReactModalHostManager
07-27 05:14:05.019  3315  3724 W unknown:ViewManagerPropertyUpdater: Could not find generated setter for class com.horcrux.svg.RenderableViewManager$ForeignObjectManager
07-27 05:14:05.020  3315  3724 W unknown:ViewManagerPropertyUpdater: Could not find generated setter for class com.horcrux.svg.RenderableViewManager$EllipseViewManager
07-27 05:14:05.021  3315  3724 W unknown:ViewManagerPropertyUpdater: Could not find generated setter for class com.horcrux.svg.RenderableViewManager$LineViewManager
07-27 05:14:05.023  3315  3724 W unknown:ViewManagerPropertyUpdater: Could not find generated setter for class com.facebook.react.views.text.frescosupport.FrescoBasedReactTextInlineImageViewManager
07-27 05:14:05.024  3315  3724 W unknown:ViewManagerPropertyUpdater: Could not find generated setter for class com.facebook.react.views.text.frescosupport.FrescoBasedReactTextInlineImageShadowNode
07-27 05:14:05.025  3315  3724 W unknown:ViewManagerPropertyUpdater: Could not find generated setter for class com.horcrux.svg.RenderableViewManager$FeFloodManager
07-27 05:14:05.026  3315  3724 W unknown:ViewManagerPropertyUpdater: Could not find generated setter for class com.horcrux.svg.RenderableViewManager$GroupViewManager
07-27 05:14:05.027  3315  3724 W unknown:ViewManagerPropertyUpdater: Could not find generated setter for class com.horcrux.svg.RenderableViewManager$TextViewManager
07-27 05:14:05.030  3315  3724 W unknown:ViewManagerPropertyUpdater: Could not find generated setter for class com.horcrux.svg.RenderableViewManager$ImageViewManager
07-27 05:14:05.032  3315  3724 W unknown:ViewManagerPropertyUpdater: Could not find generated setter for class com.horcrux.svg.RenderableViewManager$FeCompositeManager
07-27 05:14:05.033  3315  3724 W unknown:ViewManagerPropertyUpdater: Could not find generated setter for class com.facebook.react.views.image.ReactImageManager
07-27 05:14:05.034  3315  3724 W unknown:ViewManagerPropertyUpdater: Could not find generated setter for class com.horcrux.svg.RenderableViewManager$RadialGradientManager
07-27 05:14:05.036  3315  3724 W unknown:ViewManagerPropertyUpdater: Could not find generated setter for class com.horcrux.svg.RenderableViewManager$MaskManager
07-27 05:14:05.038  3315  3724 W unknown:ViewManagerPropertyUpdater: Could not find generated setter for class com.facebook.react.views.unimplementedview.ReactUnimplementedViewManager
07-27 05:14:05.039  3315  3724 W unknown:ViewManagerPropertyUpdater: Could not find generated setter for class com.horcrux.svg.RenderableViewManager$RectViewManager
07-27 05:14:05.041  3315  3724 W unknown:ViewManagerPropertyUpdater: Could not find generated setter for class com.horcrux.svg.RenderableViewManager$TextPathViewManager
07-27 05:14:05.042  3315  3724 W unknown:ViewManagerPropertyUpdater: Could not find generated setter for class com.facebook.react.views.scroll.ReactScrollViewManager
07-27 05:14:05.043  3315  3724 W unknown:ViewManagerPropertyUpdater: Could not find generated setter for class com.horcrux.svg.RenderableViewManager$FeOffsetManager
07-27 05:14:05.045  3315  3724 W unknown:ViewManagerPropertyUpdater: Could not find generated setter for class com.horcrux.svg.RenderableViewManager$PathViewManager
07-27 05:14:05.047  3315  3724 W unknown:ViewManagerPropertyUpdater: Could not find generated setter for class com.facebook.react.views.drawer.ReactDrawerLayoutManager
07-27 05:14:05.050  3315  3724 W unknown:ViewManagerPropertyUpdater: Could not find generated setter for class com.facebook.react.views.swiperefresh.SwipeRefreshLayoutManager
07-27 05:14:05.051  3315  3724 W unknown:ViewManagerPropertyUpdater: Could not find generated setter for class com.facebook.react.views.textinput.ReactTextInputManager
07-27 05:14:05.052  3315  3724 W unknown:ViewManagerPropertyUpdater: Could not find generated setter for class com.facebook.react.views.textinput.ReactTextInputShadowNode
07-27 05:14:05.055  3315  3724 W unknown:ViewManagerPropertyUpdater: Could not find generated setter for class com.swmansion.gesturehandler.react.RNGestureHandlerRootViewManager
07-27 05:14:05.074  3315  3408 D TrafficStats: tagSocket(125) with statsTag=0xffffffff, statsUid=-1
07-27 05:14:05.189   380   457 I netd    : tetherGetStats() -> {[]} <0.42ms>
07-27 05:14:05.198   380   457 I netd    : bandwidthSetGlobalAlert(2097152) <0.35ms>
07-27 05:14:05.200   380   457 I netd    : bandwidthRemoveInterfaceQuota(eth0) <0.90ms>
07-27 05:14:05.201   380   457 I netd    : bandwidthSetInterfaceQuota(eth0, 9223372036854775807) <0.36ms>
07-27 05:14:05.220  3315  3724 I ReactNativeJS: Running "main" with {"rootTag":1,"initialProps":{},"fabric":true}
07-27 05:14:05.428  3315  3724 W ReactNativeJS: '[Reanimated] Reduced motion setting is enabled on this device. This warning is visible only in the development mode. Some animations will be disabled by default. You can override the behavior for individual animations, see https://docs.swmansion.com/react-native-reanimated/docs/guides/troubleshooting#reduced-motion-setting-is-enabled-on-this-device.', { [Stack] name: 'Stack' }
07-27 05:14:05.713  1370  1593 W LatinCommonCountersMetricsProcessor: LatinCommonCountersMetricsProcessor$DelightProblemReporter.run():834 Missing LM for 'en'
07-27 05:14:05.747  3731  3731 D AndroidRuntime: >>>>>> START com.android.internal.os.RuntimeInit uid 2000 <<<<<<
07-27 05:14:05.755  3731  3731 I AndroidRuntime: Using default boot image
07-27 05:14:05.755  3731  3731 I AndroidRuntime: Leaving lock profiling enabled
07-27 05:14:05.757  3731  3731 I app_process: Core platform API reporting enabled, enforcing=false
07-27 05:14:05.758  3731  3731 I app_process: Using CollectorTypeCMC GC.
07-27 05:14:05.829  3731  3731 D nativeloader: InitDefaultPublicLibraries for_preload=1: libandroid.so:libaaudio.so:libamidi.so:libbinder_ndk.so:libc.so:libcamera2ndk.so:libdl.so:libEGL.so:libGLESv1_CM.so:libGLESv2.so:libGLESv3.so:libicu.so:libicui18n.so:libicuuc.so:libjnigraphics.so:liblog.so:libmediandk.so:libm.so:libnativehelper.so:libnativewindow.so:libOpenMAXAL.so:libOpenSLES.so:libRS.so:libstdc++.so:libsync.so:libvulkan.so:libwebviewchromium_plat_support.so:libz.so
07-27 05:14:05.837  3731  3731 D nativeloader: Load libicu_jni.so using APEX ns com_android_art for caller /apex/com.android.art/javalib/core-oj.jar: ok
07-27 05:14:05.837  3731  3731 D app_process: u_setTimeZoneFilesDirectory("/apex/com.android.tzdata/etc/tz/versioned/8/icu") succeeded. 
07-27 05:14:05.837  3731  3731 D app_process: I18n APEX ICU file found: /apex/com.android.i18n/etc/icu/icudt75l.dat
07-27 05:14:05.837  3731  3731 D nativeloader: Load libjavacore.so using APEX ns com_android_art for caller /apex/com.android.art/javalib/core-oj.jar: ok
07-27 05:14:05.838  3731  3731 D nativeloader: Load libopenjdk.so using APEX ns com_android_art for caller /apex/com.android.art/javalib/core-oj.jar: ok
07-27 05:14:05.841  3731  3731 W app_process: ClassLoaderContext shared library size mismatch. Expected=2, found=0 (PCL[]{PCL[/system/framework/android.test.base.jar*724373495]#PCL[/system/framework/android.test.mock.jar*1452759902]} | PCL[])
07-27 05:14:05.842  3731  3731 W app_process: ClassLoaderContext classpath size mismatch. expected=0, found=1 (PCL[]{PCL[/system/framework/android.test.runner.jar*2496447986]#PCL[/system/framework/android.test.base.jar*724373495]} | PCL[/system/framework/android.test.runner.jar*2496447986])
07-27 05:14:05.856  3731  3731 D nativeloader: Load libframework-connectivity-tiramisu-jni.so using APEX ns com_android_tethering for caller /apex/com.android.tethering/javalib/framework-connectivity-t.jar: ok
07-27 05:14:05.856  3731  3731 D AndroidRuntime: Calling main entry com.android.commands.uiautomator.Launcher
07-27 05:14:05.858  3731  3731 D UiAutomationConnection: Created on user UserHandle{0}
07-27 05:14:05.858  3731  3731 I UiAutomation: Initialized for user 0 on display 0
07-27 05:14:05.858  3731  3731 W UiAutomation: Created with deprecatead constructor, assumes DEFAULT_DISPLAY
07-27 05:14:05.860   576   875 D AccessibilityManagerService: changeCurrentUserForTestAutomationIfNeededLocked(0): ignoring because device doesn't support visible background users
07-27 05:14:05.860   576   875 I UiAutomationManager: Registering UiTestAutomationService (id=com.android.server.accessibility/UiAutomation, flags=0x0) when called by user 0
07-27 05:14:05.861   576   875 W MagnificationConnectionManager: requestConnection duplicated request: connect=false, mConnectionState=DISCONNECTED
07-27 05:14:05.861  1436  1452 I AiAiEcho: Settings changed for uri: content://settings/secure/accessibility_enabled
07-27 05:14:05.862  1436  1698 I AiAiEcho: Predicting[0]:  [CONTEXT sampling_count=5 ]
07-27 05:14:05.862  1436  1698 I AiAiEcho: EchoTargets: 
07-27 05:14:05.862  1436  1698 I AiAiEcho: Filtered by AiAi flag check: 
07-27 05:14:05.862  1436  1698 I AiAiEcho: [CONTEXT ratelimit_period="10 SECONDS" ]
07-27 05:14:05.862  1436  1698 I AiAiEcho: Ranked targets strategy: SORT, count: 0, ranking metadata:  [CONTEXT ratelimit_period="10 SECONDS" ]
07-27 05:14:05.862  1436  1698 I AiAiEcho: #remoteViewsTwiddler: feature disabled.
07-27 05:14:05.862  1436  1698 I AiAiEcho: Predicting[0]:  [CONTEXT sampling_count=5 ]
07-27 05:14:05.862  1436  1698 I AiAiEcho: EchoTargets: 
07-27 05:14:05.862  1436  1698 I AiAiEcho: Filtered by AiAi flag check: 
07-27 05:14:05.862  1436  1698 I AiAiEcho: [CONTEXT ratelimit_period="10 SECONDS" ]
07-27 05:14:05.862  1436  1698 I AiAiEcho: Ranked targets strategy: SORT, count: 0, ranking metadata:  [CONTEXT ratelimit_period="10 SECONDS" ]
07-27 05:14:05.862   576   576 W IPCThreadState: Sending oneway calls to frozen process.
07-27 05:14:05.862   576   576 W IPCThreadState: Sending oneway calls to frozen process.
07-27 05:14:05.862   576   576 W IPCThreadState: Sending oneway calls to frozen process.
07-27 05:14:05.863   576   576 W IPCThreadState: Sending oneway calls to frozen process.
07-27 05:14:05.863   576   576 W IPCThreadState: Sending oneway calls to frozen process.
07-27 05:14:05.863  3731  3744 V UiAutomation: Init UiAutomation@8a5d7e4[id=9, displayId=0, flags=0]
07-27 05:14:05.864   576   576 W IPCThreadState: Sending oneway calls to frozen process.
07-27 05:14:05.864   576   576 W IPCThreadState: Sending oneway calls to frozen process.
07-27 05:14:05.864   576   576 W IPCThreadState: Sending oneway calls to frozen process.
07-27 05:14:05.864   576   576 W IPCThreadState: Sending oneway calls to frozen process.
07-27 05:14:05.864   576   576 W IPCThreadState: Sending oneway calls to frozen process.
07-27 05:14:05.865   576   576 W IPCThreadState: Sending oneway calls to frozen process.
07-27 05:14:05.865   576   576 W IPCThreadState: Sending oneway calls to frozen process.
07-27 05:14:05.865   576   576 W IPCThreadState: Sending oneway calls to frozen process.
07-27 05:14:05.865   576   576 W IPCThreadState: Sending oneway calls to frozen process.
07-27 05:14:05.865   576   576 W IPCThreadState: Sending oneway calls to frozen process.
07-27 05:14:05.865   576   576 W IPCThreadState: Sending oneway calls to frozen process.
07-27 05:14:05.865   576   576 W IPCThreadState: Sending oneway calls to frozen process.
07-27 05:14:05.865   576   576 W IPCThreadState: Sending oneway calls to frozen process.
07-27 05:14:05.865   576   576 W IPCThreadState: Sending oneway calls to frozen process.
07-27 05:14:05.865   576   576 W IPCThreadState: Sending oneway calls to frozen process.
07-27 05:14:05.865   576   576 W IPCThreadState: Sending oneway calls to frozen process.
07-27 05:14:05.865   576   576 D BatterySaverPolicy: accessibility changed to true, updating policy.
07-27 05:14:05.867   576  1307 W MagnificationConnectionManager: requestConnection duplicated request: connect=false, mConnectionState=DISCONNECTED
07-27 05:14:05.868  1436  1698 I AiAiEcho: #remoteViewsTwiddler: feature disabled.
07-27 05:14:05.869   576   576 W IPCThreadState: Sending oneway calls to frozen process.
07-27 05:14:05.870  1436  1698 I AiAiEcho: Predicting[0]:  [CONTEXT sampling_count=5 ]
07-27 05:14:05.870   576   576 W IPCThreadState: Sending oneway calls to frozen process.
07-27 05:14:05.870   576   576 W IPCThreadState: Sending oneway calls to frozen process.
07-27 05:14:05.871   576   576 W IPCThreadState: Sending oneway calls to frozen process.
07-27 05:14:05.871   576   576 W IPCThreadState: Sending oneway calls to frozen process.
07-27 05:14:05.871   576   576 W IPCThreadState: Sending oneway calls to frozen process.
07-27 05:14:05.871   576   576 W IPCThreadState: Sending oneway calls to frozen process.
07-27 05:14:05.871   576   576 W IPCThreadState: Sending oneway calls to frozen process.
07-27 05:14:05.872   576   576 W IPCThreadState: Sending oneway calls to frozen process.
07-27 05:14:05.872   576   576 W IPCThreadState: Sending oneway calls to frozen process.
07-27 05:14:05.883  1436  1476 I AiAiEcho: Settings changed for uri: content://settings/secure/accessibility_enabled
07-27 05:14:05.883  1436  1698 I AiAiEcho: EchoTargets: 
07-27 05:14:05.883  1436  1698 I AiAiEcho: Filtered by AiAi flag check: 
07-27 05:14:05.883  1436  1698 I AiAiEcho: [CONTEXT ratelimit_period="10 SECONDS" ]
07-27 05:14:05.883  1436  1698 I AiAiEcho: Ranked targets strategy: SORT, count: 0, ranking metadata:  [CONTEXT ratelimit_period="10 SECONDS" ]
07-27 05:14:05.883  1436  1698 I AiAiEcho: #remoteViewsTwiddler: feature disabled.
07-27 05:14:05.883  1436  1698 I AiAiEcho: #postPredictionTargets: Sending updates to UISurface media_data_manager with targets# 0 (types=[])
07-27 05:14:05.883  1436  1698 I AiAiEcho: #postPredictionTargets: Sending updates to UISurface lockscreen with targets# 0 (types=[])
07-27 05:14:05.883   820   820 D SsMediaDataProvider: Forwarding Smartspace updates []
07-27 05:14:05.883  1436  1698 I AiAiEcho: Predicting[0]:  [CONTEXT sampling_count=5 ]
07-27 05:14:05.884   820   820 W PageIndicator: Total number of pages invalid: 0. Assuming 1 page.
07-27 05:14:05.884  1436  1698 I AiAiEcho: EchoTargets: 
07-27 05:14:05.884  1436  1698 I AiAiEcho: Filtered by AiAi flag check: 
07-27 05:14:05.884  1436  1698 I AiAiEcho: [CONTEXT ratelimit_period="10 SECONDS" ]
07-27 05:14:05.884  1436  1698 I AiAiEcho: Ranked targets strategy: SORT, count: 0, ranking metadata:  [CONTEXT ratelimit_period="10 SECONDS" ]
07-27 05:14:05.884  1436  1698 I AiAiEcho: #remoteViewsTwiddler: feature disabled.
07-27 05:14:05.884  1436  1698 I AiAiEcho: Predicting[0]:  [CONTEXT sampling_count=5 ]
07-27 05:14:05.884  1436  1698 I AiAiEcho: EchoTargets: 
07-27 05:14:05.884  1436  1698 I AiAiEcho: Filtered by AiAi flag check: 
07-27 05:14:05.884  1436  1698 I AiAiEcho: [CONTEXT ratelimit_period="10 SECONDS" ]
07-27 05:14:05.884  1436  1698 I AiAiEcho: Ranked targets strategy: SORT, count: 0, ranking metadata:  [CONTEXT ratelimit_period="10 SECONDS" ]
07-27 05:14:05.884  1436  1698 I AiAiEcho: #remoteViewsTwiddler: feature disabled.
07-27 05:14:05.884  1436  1698 I AiAiEcho: Predicting[0]:  [CONTEXT sampling_count=5 ]
07-27 05:14:05.884  1436  1698 I AiAiEcho: EchoTargets: 
07-27 05:14:05.884  1436  1698 I AiAiEcho: Filtered by AiAi flag check: 
07-27 05:14:05.884  1436  1698 I AiAiEcho: [CONTEXT ratelimit_period="10 SECONDS" ]
07-27 05:14:05.884  1436  1698 I AiAiEcho: Ranked targets strategy: SORT, count: 0, ranking metadata:  [CONTEXT ratelimit_period="10 SECONDS" ]
07-27 05:14:05.884  1436  1698 I AiAiEcho: #remoteViewsTwiddler: feature disabled.
07-27 05:14:05.884  1436  1698 I AiAiEcho: #postPredictionTargets: Sending updates to UISurface home with targets# 0 (types=[])
07-27 05:14:05.884  1436  1698 I AiAiEcho: #postPredictionTargets: Sending updates to UISurface media_data_manager with targets# 0 (types=[])
07-27 05:14:05.884  1436  1698 I AiAiEcho: #postPredictionTargets: Sending updates to UISurface lockscreen with targets# 0 (types=[])
07-27 05:14:05.885  1436  1698 I AiAiEcho: #postPredictionTargets: Sending updates to UISurface home with targets# 0 (types=[])
07-27 05:14:05.885   820   820 W PageIndicator: Total number of pages invalid: 0. Assuming 1 page.
07-27 05:14:05.888   820   820 D SsMediaDataProvider: Forwarding Smartspace updates []
07-27 05:14:05.900   576   576 W IPCThreadState: Sending oneway calls to frozen process.
07-27 05:14:05.900   576   576 W IPCThreadState: Sending oneway calls to frozen process.
07-27 05:14:05.900   576   576 W IPCThreadState: Sending oneway calls to frozen process.
07-27 05:14:05.900   576   576 W IPCThreadState: Sending oneway calls to frozen process.
07-27 05:14:05.909  1306  1306 D SsBaseTemplateCard: No text view can be set up
07-27 05:14:05.909  1306  1306 D SsBaseTemplateCard: Passed-in item info is null
07-27 05:14:05.909  1306  1306 D SsBaseTemplateCard: Passed-in item info is null
07-27 05:14:05.909  1306  1306 D SsBaseTemplateCard: Passed-in item info is null
07-27 05:14:05.909  1306  1306 I SsBaseTemplateCard: Secondary card pane is null
07-27 05:14:05.909  1306  1306 D SsBaseTemplateCard: No text view can be set up
07-27 05:14:05.909  1306  1306 D SsBaseTemplateCard: Passed-in item info is null
07-27 05:14:05.909  1306  1306 D SsBaseTemplateCard: Passed-in item info is null
07-27 05:14:05.909  1306  1306 D SsBaseTemplateCard: Passed-in item info is null
07-27 05:14:05.909  1306  1306 I SsBaseTemplateCard: Secondary card pane is null
07-27 05:14:05.923  3315  3724 W ReactNativeJS: 'Require cycle: src/services/index.ts -> src/services/data/index.ts -> src/services/data/bloodMetricsService.ts -> src/services/index.ts\n\nRequire cycles are allowed, but can result in uninitialized values. Consider refactoring to remove the need for a cycle.', { [Stack] name: 'Stack' }
07-27 05:14:05.996  3315  3724 W ReactNativeJS: 'Warning: Must call import \'@tamagui/native/setup-zeego\' at your app entry point to use native menus', { [Stack] name: 'Stack' }
07-27 05:14:05.999  3315  3724 W ReactNativeJS: 'Warning: Must call import \'@tamagui/native/setup-zeego\' at your app entry point to use native menus', { [Stack] name: 'Stack' }
07-27 05:14:06.832  3315  3381 D TrafficStats: tagSocket(174) with statsTag=0xffffffff, statsUid=-1
07-27 05:14:06.844  3315  3346 D EGL_emulation: app_time_stats: avg=832.99ms min=32.37ms max=3183.18ms count=4
07-27 05:14:07.141  3315  3315 I ThemedReactContext: KeyboardController::windowDidResize
07-27 05:14:07.157  3315  3315 I ReactNative: [GESTURE HANDLER] Initialize gesture handler for root view com.facebook.react.runtime.ReactSurfaceView{566ea04 V.E...... .......D 0,0-1080,2400 #1}
07-27 05:14:07.234  3315  3745 D TrafficStats: tagSocket(132) with statsTag=0xffffffff, statsUid=-1
07-27 05:14:07.260  3315  3745 D TrafficStats: tagSocket(194) with statsTag=0xffffffff, statsUid=-1
07-27 05:14:07.524  3315  3315 W [RNScreens]: backTitleFontFamily prop is not available on Android
07-27 05:14:07.524  3315  3315 W [RNScreens]: disableBackButtonMenu prop is not available on Android
07-27 05:14:07.524  3315  3315 W [RNScreens]: topInsetEnabled prop is not available on Android
07-27 05:14:07.524  3315  3315 W [RNScreens]: backTitleVisible prop is not available on Android
07-27 05:14:07.524  3315  3315 W [RNScreens]: largeTitleHideShadow prop is not available on Android
07-27 05:14:07.524  3315  3315 W [RNScreens]: largeTitleFontWeight prop is not available on Android
07-27 05:14:07.524  3315  3315 W [RNScreens]: userInterfaceStyle prop is not available on Android
07-27 05:14:07.524  3315  3315 W [RNScreens]: largeTitleFontFamily prop is not available on Android
07-27 05:14:07.855  3315  3724 I ReactNativeJS: ┘ [tamagui] Warning: missing token backgroundColor in category color - $gray4 (open for details)
07-27 05:14:07.855  3315  3724 I ReactNativeJS: │ Note: this could just be due to you not setting all the theme tokens Tamagui expects, which is harmless, but
07-27 05:14:07.855  3315  3724 I ReactNativeJS:                     it also often can be because you have a duplicated Tamagui in your bundle, which can cause tricky bugs.
07-27 05:14:07.855  3315  3724 I ReactNativeJS: │ To see if you have duplicated dependencies, in Chrome DevTools hit CMD+P and type TamaguiProvider.
07-27 05:14:07.855  3315  3724 I ReactNativeJS:                     If you see both a .cjs and a .mjs entry, it's duplicated.
07-27 05:14:07.856  3315  3724 I ReactNativeJS: │ You can debug that issue by opening the .mjs and .cjs files and setting a breakpoint at the top of each.
07-27 05:14:07.856  3315  3724 I ReactNativeJS: │ We only log this warning one time as it's sometimes harmless, to disable this log entirely set process.env.TAMAGUI_DISABLE_MISSING_TOKEN_LOG=1.
07-27 05:14:07.857  3315  3724 I ReactNativeJS: ┘ 
07-27 05:14:07.926  3315  3315 W [RNScreens]: backTitleFontFamily prop is not available on Android
07-27 05:14:07.927  3315  3315 W [RNScreens]: disableBackButtonMenu prop is not available on Android
07-27 05:14:07.927  3315  3315 W [RNScreens]: topInsetEnabled prop is not available on Android
07-27 05:14:07.927  3315  3315 W [RNScreens]: backTitleVisible prop is not available on Android
07-27 05:14:07.927  3315  3315 W [RNScreens]: largeTitleHideShadow prop is not available on Android
07-27 05:14:07.927  3315  3315 W [RNScreens]: largeTitleFontWeight prop is not available on Android
07-27 05:14:07.927  3315  3315 W [RNScreens]: userInterfaceStyle prop is not available on Android
07-27 05:14:07.927  3315  3315 W [RNScreens]: largeTitleFontFamily prop is not available on Android
07-27 05:14:08.061  3315  3346 D EGL_emulation: app_time_stats: avg=149.24ms min=6.63ms max=730.17ms count=8
07-27 05:14:09.040  3315  3725 W com.reactnativekeyboardcontroller.modules.statusbar.StatusBarManagerCompatModuleImpl: StatusBarModule: Ignored status bar change, current activity is edge-to-edge.
07-27 05:14:09.041  3315  3725 W com.reactnativekeyboardcontroller.modules.statusbar.StatusBarManagerCompatModuleImpl: StatusBarModule: Ignored status bar change, current activity is edge-to-edge.
07-27 05:14:09.079  3315  3346 D EGL_emulation: app_time_stats: avg=56.74ms min=2.55ms max=262.30ms count=14
07-27 05:14:09.080  3315  3745 D TrafficStats: tagSocket(166) with statsTag=0xffffffff, statsUid=-1
07-27 05:14:09.083  3315  3315 I ThemedReactContext: KeyboardController::layoutDidSynchronize
07-27 05:14:09.086  3315  3724 I ReactNativeJS: '[api]', 'GET', '/notices/active-popup', undefined, 'Network Error'
07-27 05:14:09.138  3315  3315 W [RNScreens]: backTitleFontFamily prop is not available on Android
07-27 05:14:09.138  3315  3315 W [RNScreens]: disableBackButtonMenu prop is not available on Android
07-27 05:14:09.138  3315  3315 W [RNScreens]: topInsetEnabled prop is not available on Android
07-27 05:14:09.138  3315  3315 W [RNScreens]: backTitleVisible prop is not available on Android
07-27 05:14:09.138  3315  3315 W [RNScreens]: largeTitleHideShadow prop is not available on Android
07-27 05:14:09.138  3315  3315 W [RNScreens]: largeTitleFontWeight prop is not available on Android
07-27 05:14:09.138  3315  3315 W [RNScreens]: userInterfaceStyle prop is not available on Android
07-27 05:14:09.138  3315  3315 W [RNScreens]: largeTitleFontFamily prop is not available on Android
07-27 05:14:09.141  3315  3315 W [RNScreens]: backTitleFontFamily prop is not available on Android
07-27 05:14:09.141  3315  3315 W [RNScreens]: disableBackButtonMenu prop is not available on Android
07-27 05:14:09.141  3315  3315 W [RNScreens]: topInsetEnabled prop is not available on Android
07-27 05:14:09.141  3315  3315 W [RNScreens]: backTitleVisible prop is not available on Android
07-27 05:14:09.141  3315  3315 W [RNScreens]: largeTitleHideShadow prop is not available on Android
07-27 05:14:09.141  3315  3315 W [RNScreens]: largeTitleFontWeight prop is not available on Android
07-27 05:14:09.141  3315  3315 W [RNScreens]: userInterfaceStyle prop is not available on Android
07-27 05:14:09.141  3315  3315 W [RNScreens]: largeTitleFontFamily prop is not available on Android
07-27 05:14:09.258   820  1047 D EGL_emulation: app_time_stats: avg=2795.36ms min=21.79ms max=5568.94ms count=2
07-27 05:14:09.329  3315  3322 W System  : A resource failed to call destroy. 
07-27 05:14:10.442  3731  3731 I AccessibilityNodeInfoDumper: Skipping invisible child: android.view.accessibility.AccessibilityNodeInfo@11fa7c; boundsInParent: Rect(0, 0 - 1080, 0); boundsInScreen: Rect(0, 0 - 1080, 0); boundsInWindow: Rect(0, 0 - 1080, 0); packageName: com.mediology.sinsinapp; className: android.widget.LinearLayout; text: null; error: null; maxTextLength: -1; stateDescription: null; contentDescription: null; tooltipText: null; containerTitle: null; viewIdResName: null; uniqueId: null; checkable: false; checked: false; focusable: false; focused: false; selected: false; clickable: false; longClickable: false; contextClickable: false; enabled: true; password: false; scrollable: false; granularScrollingSupported: false; importantForAccessibility: false; visible: false; actions: [AccessibilityAction: ACTION_SELECT - null, AccessibilityAction: ACTION_CLEAR_SELECTION - null, AccessibilityAction: ACTION_ACCESSIBILITY_FOCUS - null, AccessibilityAction: ACTION_SHOW_ON_SCREEN - null]; isTextSelectable: false
07-27 05:14:10.442  3731  3731 I AccessibilityNodeInfoDumper: Skipping invisible child: android.view.accessibility.AccessibilityNodeInfo@11f6bb; boundsInParent: Rect(0, 0 - 1080, 0); boundsInScreen: Rect(0, 0 - 1080, 0); boundsInWindow: Rect(0, 0 - 1080, 0); packageName: com.mediology.sinsinapp; className: android.view.ViewGroup; text: null; error: null; maxTextLength: -1; stateDescription: null; contentDescription: null; tooltipText: null; containerTitle: null; viewIdResName: null; uniqueId: null; checkable: false; checked: false; focusable: false; focused: false; selected: false; clickable: false; longClickable: false; contextClickable: false; enabled: true; password: false; scrollable: false; granularScrollingSupported: false; importantForAccessibility: false; visible: false; actions: [AccessibilityAction: ACTION_SELECT - null, AccessibilityAction: ACTION_CLEAR_SELECTION - null, AccessibilityAction: ACTION_ACCESSIBILITY_FOCUS - null, AccessibilityAction: ACTION_SHOW_ON_SCREEN - null]; isTextSelectable: false
07-27 05:14:10.442  3731  3731 I AccessibilityNodeInfoDumper: Skipping invisible child: android.view.accessibility.AccessibilityNodeInfo@1281a0; boundsInParent: Rect(0, 0 - 1080, 0); boundsInScreen: Rect(0, 0 - 1080, 0); boundsInWindow: Rect(0, 0 - 1080, 0); packageName: com.mediology.sinsinapp; className: android.widget.LinearLayout; text: null; error: null; maxTextLength: -1; stateDescription: null; contentDescription: null; tooltipText: null; containerTitle: null; viewIdResName: null; uniqueId: null; checkable: false; checked: false; focusable: false; focused: false; selected: false; clickable: false; longClickable: false; contextClickable: false; enabled: true; password: false; scrollable: false; granularScrollingSupported: false; importantForAccessibility: false; visible: false; actions: [AccessibilityAction: ACTION_SELECT - null, AccessibilityAction: ACTION_CLEAR_SELECTION - null, AccessibilityAction: ACTION_ACCESSIBILITY_FOCUS - null, AccessibilityAction: ACTION_SHOW_ON_SCREEN - null]; isTextSelectable: false
07-27 05:14:10.442  3731  3731 I AccessibilityNodeInfoDumper: Skipping invisible child: android.view.accessibility.AccessibilityNodeInfo@127ddf; boundsInParent: Rect(0, 0 - 1080, 0); boundsInScreen: Rect(0, 0 - 1080, 0); boundsInWindow: Rect(0, 0 - 1080, 0); packageName: com.mediology.sinsinapp; className: android.view.ViewGroup; text: null; error: null; maxTextLength: -1; stateDescription: null; contentDescription: null; tooltipText: null; containerTitle: null; viewIdResName: null; uniqueId: null; checkable: false; checked: false; focusable: false; focused: false; selected: false; clickable: false; longClickable: false; contextClickable: false; enabled: true; password: false; scrollable: false; granularScrollingSupported: false; importantForAccessibility: false; visible: false; actions: [AccessibilityAction: ACTION_SELECT - null, AccessibilityAction: ACTION_CLEAR_SELECTION - null, AccessibilityAction: ACTION_ACCESSIBILITY_FOCUS - null, AccessibilityAction: ACTION_SHOW_ON_SCREEN - null]; isTextSelectable: false
07-27 05:14:10.446  3731  3731 I AccessibilityNodeInfoDumper: Skipping invisible child: android.view.accessibility.AccessibilityNodeInfo@a52f2; boundsInParent: Rect(0, 0 - 1080, 121); boundsInScreen: Rect(0, 0 - 1080, -121); boundsInWindow: Rect(0, 0 - 1080, -121); packageName: com.mediology.sinsinapp; className: android.view.ViewGroup; text: null; error: null; maxTextLength: -1; stateDescription: null; contentDescription: null; tooltipText: null; containerTitle: null; viewIdResName: toastAnimatedContainer; uniqueId: null; checkable: false; checked: false; focusable: false; focused: false; selected: false; clickable: false; longClickable: false; contextClickable: false; enabled: true; password: false; scrollable: false; granularScrollingSupported: false; importantForAccessibility: true; visible: false; actions: [AccessibilityAction: ACTION_SELECT - null, AccessibilityAction: ACTION_CLEAR_SELECTION - null, AccessibilityAction: ACTION_ACCESSIBILITY_FOCUS - null, AccessibilityAction: ACTION_SHOW_ON_SCREEN - null]; isTextSelectable: false
07-27 05:14:10.446  3731  3731 I AccessibilityNodeInfoDumper: Skipping invisible child: android.view.accessibility.AccessibilityNodeInfo@a3c6c; boundsInParent: Rect(0, 0 - 1080, 0); boundsInScreen: Rect(0, 2400 - 1080, 2400); boundsInWindow: Rect(0, 2400 - 1080, 2400); packageName: com.mediology.sinsinapp; className: android.view.ViewGroup; text: null; error: null; maxTextLength: -1; stateDescription: null; contentDescription: null; tooltipText: null; containerTitle: null; viewIdResName: null; uniqueId: null; checkable: false; checked: false; focusable: false; focused: false; selected: false; clickable: false; longClickable: false; contextClickable: false; enabled: true; password: false; scrollable: false; granularScrollingSupported: false; importantForAccessibility: false; visible: false; actions: [AccessibilityAction: ACTION_SELECT - null, AccessibilityAction: ACTION_CLEAR_SELECTION - null, AccessibilityAction: ACTION_ACCESSIBILITY_FOCUS - null, AccessibilityAction: ACTION_SHOW_ON_SCREEN - null]; isTextSelectable: false
07-27 05:14:10.447  3731  3731 W AccessibilityNodeInfoDumper: Fetch time: 6ms
07-27 05:14:10.451   576   875 W MagnificationConnectionManager: requestConnection duplicated request: connect=false, mConnectionState=DISCONNECTED
07-27 05:14:10.451   576   875 D AccessibilityManagerService: restoreCurrentUserForTestAutomationIfNeededLocked(): ignoring because device doesn't support visible background users
07-27 05:14:10.451   576   576 W IPCThreadState: Sending oneway calls to frozen process.
07-27 05:14:10.451  1436  1476 I AiAiEcho: Settings changed for uri: content://settings/secure/accessibility_enabled
07-27 05:14:10.451   576   576 W IPCThreadState: Sending oneway calls to frozen process.
07-27 05:14:10.451   576   576 W IPCThreadState: Sending oneway calls to frozen process.
07-27 05:14:10.451   576   576 W IPCThreadState: Sending oneway calls to frozen process.
07-27 05:14:10.451   576   576 W IPCThreadState: Sending oneway calls to frozen process.
07-27 05:14:10.451   576   576 W IPCThreadState: Sending oneway calls to frozen process.
07-27 05:14:10.451   576   576 W IPCThreadState: Sending oneway calls to frozen process.
07-27 05:14:10.451   576   576 W IPCThreadState: Sending oneway calls to frozen process.
07-27 05:14:10.451   576   576 W IPCThreadState: Sending oneway calls to frozen process.
07-27 05:14:10.451   576   576 W IPCThreadState: Sending oneway calls to frozen process.
07-27 05:14:10.451   576   576 W IPCThreadState: Sending oneway calls to frozen process.
07-27 05:14:10.451   576   576 W IPCThreadState: Sending oneway calls to frozen process.
07-27 05:14:10.451   576   576 W IPCThreadState: Sending oneway calls to frozen process.
07-27 05:14:10.451   576   576 W IPCThreadState: Sending oneway calls to frozen process.
07-27 05:14:10.451   576   576 W IPCThreadState: Sending oneway calls to frozen process.
07-27 05:14:10.451   576   576 W IPCThreadState: Sending oneway calls to frozen process.
07-27 05:14:10.451   576   576 W IPCThreadState: Sending oneway calls to frozen process.
07-27 05:14:10.451   576   576 W IPCThreadState: Sending oneway calls to frozen process.
07-27 05:14:10.451   576   576 W IPCThreadState: Sending oneway calls to frozen process.
07-27 05:14:10.451   576   576 W IPCThreadState: Sending oneway calls to frozen process.
07-27 05:14:10.452  1436  1698 I AiAiEcho: Predicting[0]:  [CONTEXT sampling_count=5 ]
07-27 05:14:10.452  3731  3731 D AndroidRuntime: Shutting down VM
07-27 05:14:10.452  1436  1698 I AiAiEcho: EchoTargets: 
07-27 05:14:10.452  1436  1698 I AiAiEcho: Filtered by AiAi flag check: 
07-27 05:14:10.452  1436  1698 I AiAiEcho: [CONTEXT ratelimit_period="10 SECONDS" ]
07-27 05:14:10.452  1436  1698 I AiAiEcho: Ranked targets strategy: SORT, count: 0, ranking metadata:  [CONTEXT ratelimit_period="10 SECONDS" ]
07-27 05:14:10.452  1436  1698 I AiAiEcho: #remoteViewsTwiddler: feature disabled.
07-27 05:14:10.452  1436  1698 I AiAiEcho: Predicting[0]:  [CONTEXT sampling_count=5 ]
07-27 05:14:10.452  1436  1698 I AiAiEcho: EchoTargets: 
07-27 05:14:10.452  1436  1698 I AiAiEcho: Filtered by AiAi flag check: 
07-27 05:14:10.452  1436  1698 I AiAiEcho: [CONTEXT ratelimit_period="10 SECONDS" ]
07-27 05:14:10.452  1436  1698 I AiAiEcho: Ranked targets strategy: SORT, count: 0, ranking metadata:  [CONTEXT ratelimit_period="10 SECONDS" ]
07-27 05:14:10.452   576   576 W IPCThreadState: Sending oneway calls to frozen process.
07-27 05:14:10.452   576   576 D BatterySaverPolicy: accessibility changed to false, updating policy.
07-27 05:14:10.452  1436  1698 I AiAiEcho: #remoteViewsTwiddler: feature disabled.
07-27 05:14:10.452  1436  1698 I AiAiEcho: Predicting[0]:  [CONTEXT sampling_count=5 ]
07-27 05:14:10.452  1436  1698 I AiAiEcho: EchoTargets: 
07-27 05:14:10.452  1436  1698 I AiAiEcho: Filtered by AiAi flag check: 
07-27 05:14:10.452  1436  1698 I AiAiEcho: [CONTEXT ratelimit_period="10 SECONDS" ]
07-27 05:14:10.453  1436  1698 I AiAiEcho: Ranked targets strategy: SORT, count: 0, ranking metadata:  [CONTEXT ratelimit_period="10 SECONDS" ]
07-27 05:14:10.453  1436  1698 I AiAiEcho: #remoteViewsTwiddler: feature disabled.
07-27 05:14:10.453  1436  1698 I AiAiEcho: #postPredictionTargets: Sending updates to UISurface media_data_manager with targets# 0 (types=[])
07-27 05:14:10.453  1436  1698 I AiAiEcho: #postPredictionTargets: Sending updates to UISurface lockscreen with targets# 0 (types=[])
07-27 05:14:10.453  1436  1698 I AiAiEcho: #postPredictionTargets: Sending updates to UISurface home with targets# 0 (types=[])
07-27 05:14:10.457  1306  1306 D SsBaseTemplateCard: No text view can be set up
07-27 05:14:10.457  1306  1306 D SsBaseTemplateCard: Passed-in item info is null
07-27 05:14:10.457  1306  1306 D SsBaseTemplateCard: Passed-in item info is null
07-27 05:14:10.457  1306  1306 D SsBaseTemplateCard: Passed-in item info is null
07-27 05:14:10.457  1306  1306 I SsBaseTemplateCard: Secondary card pane is null
07-27 05:14:10.458   820   820 D SsMediaDataProvider: Forwarding Smartspace updates []
07-27 05:14:10.458   820   820 W PageIndicator: Total number of pages invalid: 0. Assuming 1 page.
07-27 05:14:10.933   443   443 W adbd    : timeout expired while flushing socket, closing
07-27 05:14:11.189  1044  3127 I NearbyMediums: No BLE Fast/GATT advertisements found in the latest cycle.
07-27 05:14:11.226   443   443 W adbd    : timeout expired while flushing socket, closing
07-27 05:14:11.362  3751  3751 W BpBinder: Linking to death on android.gui.ISurfaceComposer but there are no threads (yet?) listening to incoming transactions. See ProcessState::startThreadPool and ProcessState::setThreadPoolMaxThreadCount. Generally you should setup the binder threadpool before other initialization steps.
07-27 05:14:11.363  3751  3751 W ProcessState: Extra binder thread started, but 0 threads requested. Do not use *startThreadPool when zero threads are requested.
07-27 05:14:11.378   158   158 I hwservicemanager: getTransport: Cannot find entry android.hardware.graphics.mapper@4.0::IMapper/default in either framework or device VINTF manifest.
07-27 05:14:11.378  3751  3752 I Gralloc4: mapper 4.x is not supported
07-27 05:14:11.381   157   157 I servicemanager: Caller(pid=3751,uid=2000,sid=u:r:shell:s0) Could not find android.hardware.graphics.allocator.IAllocator/default in the VINTF manifest. No alternative instances declared in VINTF.
07-27 05:14:11.408   576  2013 W InputManager-JNI: Input channel object '137fcf6 PopupWindow:4214b46 (client)' was disposed without first being removed with the input manager!
07-27 05:14:11.733   576  2013 D CoreBackPreview: Window{35ef282 u0 PopupWindow:fcb36a3}: Setting back callback OnBackInvokedCallbackInfo{mCallback=android.window.IOnBackInvokedCallback$Stub$Proxy@df3c1d0, mPriority=0, mIsAnimationCallback=false}
07-27 05:14:11.775  3315  3315 W WindowOnBackDispatcher: sendCancelIfRunning: isInProgress=false callback=android.view.ViewRootImpl$$ExternalSyntheticLambda11@b687d1e
07-27 05:14:11.775   576  2013 D CoreBackPreview: Window{35ef282 u0 PopupWindow:fcb36a3}: Setting back callback null
07-27 05:14:11.777   576  2013 W InputManager-JNI: Input channel object '35ef282 PopupWindow:fcb36a3 (client)' was disposed without first being removed with the input manager!
07-27 05:14:11.824   820  1047 D EGL_emulation: app_time_stats: avg=1283.01ms min=38.51ms max=2527.51ms count=2
07-27 05:14:13.287  3315  3315 E FrameTracker: force finish cuj, time out: J<IME_INSETS_HIDE_ANIMATION::1@1@com.mediology.sinsinapp>
07-27 05:14:13.918  1044  2231 I NearbyDiscovery: FastPair: isDestroyable: Scanner is alive. [CONTEXT service_id=265 ]
07-27 05:14:13.919  1044  2231 I NearbyDiscovery: DiscoveryService: Skip stopSelf(), fast pair controller is not destroyable. [CONTEXT service_id=265 ]
07-27 05:14:17.264   576   588 I system_server: Background concurrent mark compact GC freed 23MB AllocSpace bytes, 61(1212KB) LOS objects, 46% free, 27MB/51MB, paused 411us,2.751ms total 284.285ms
07-27 05:14:17.290   576   590 W system_server: ApkAssets: Deleting an ApkAssets object '<empty> and /product/app/LatinIMEGooglePrebuilt/LatinIMEGooglePrebuilt.apk' with 1 weak references
07-27 05:14:17.291   576   590 W system_server: ApkAssets: Deleting an ApkAssets object '<empty> and /product/app/GoogleTTS/GoogleTTS.apk' with 1 weak references
07-27 05:14:17.292   576   599 I DropBoxManagerService: add tag=system_server_strictmode isTagEnabled=true flags=0x2
07-27 05:14:17.295   576   599 I DropBoxManagerService: add tag=system_server_strictmode isTagEnabled=true flags=0x2
07-27 05:14:17.768   576  1805 D OomAdjuster: Not killing cached processes
07-27 05:14:17.816  1571  1571 D BoundBrokerSvc: onUnbind: Intent { act=com.google.firebase.dynamiclinks.service.START pkg=com.google.android.gms }
07-27 05:14:21.190  1044  3127 I NearbyMediums: No BLE Fast/GATT advertisements found in the latest cycle.
07-27 05:14:28.233   422   509 D audioserver: logFgsApiBegin: FGS Logger Transaction failed, -129
07-27 05:14:28.234   576  1307 W AS.PlaybackActivityMon: No piid assigned for invalid/internal port id 15
07-27 05:14:28.246  3315  3346 D EGL_emulation: app_time_stats: avg=1592.75ms min=26.40ms max=18317.32ms count=12
07-27 05:14:28.295   422   539 D AudioFlinger: mixer(0xb400007e7f7558e0) throttle end: throttle time(22)
07-27 05:14:28.364  3315  3315 W [RNScreens]: backTitleFontFamily prop is not available on Android
07-27 05:14:28.364  3315  3315 W [RNScreens]: disableBackButtonMenu prop is not available on Android
07-27 05:14:28.364  3315  3315 W [RNScreens]: topInsetEnabled prop is not available on Android
07-27 05:14:28.364  3315  3315 W [RNScreens]: backTitleVisible prop is not available on Android
07-27 05:14:28.364  3315  3315 W [RNScreens]: largeTitleHideShadow prop is not available on Android
07-27 05:14:28.364  3315  3315 W [RNScreens]: largeTitleFontWeight prop is not available on Android
07-27 05:14:28.364  3315  3315 W [RNScreens]: userInterfaceStyle prop is not available on Android
07-27 05:14:28.364  3315  3315 W [RNScreens]: largeTitleFontFamily prop is not available on Android
07-27 05:14:28.394  3315  3725 W com.reactnativekeyboardcontroller.modules.statusbar.StatusBarManagerCompatModuleImpl: StatusBarModule: Ignored status bar change, current activity is edge-to-edge.
07-27 05:14:28.397   422   539 D audioserver: logFgsApiEnd: FGS Logger Transaction failed, -129
07-27 05:14:28.406  3315  3315 I ThemedReactContext: KeyboardController::layoutDidSynchronize
07-27 05:14:28.425  3315  3315 I ThemedReactContext: KeyboardController::layoutDidSynchronize
07-27 05:14:29.806  1450  1759 I BistoHotwordHelper: (REDACTED) getHotwordActive::active query: %s, watch: %s, devices connected: %s
07-27 05:14:30.242  3315  3315 W ReactEditText: Can not attach listener because field `mListeners` not found: No field mListeners in class Lcom/facebook/react/views/textinput/ReactEditText; (declaration of 'com.facebook.react.views.textinput.ReactEditText' appears in /data/app/~~T93ezTjbxBbsJRS8KOfcCA==/com.mediology.sinsinapp-3n8TehE9cPS1H3Ob-w8QRA==/base.apk!classes7.dex). Attaching to the end...
07-27 05:14:30.243  3315  3315 I ThemedReactContext: KeyboardController::focusDidSet
07-27 05:14:30.246  3315  3315 I ImeTracker: com.mediology.sinsinapp:247dbeb1: onRequestShow at ORIGIN_CLIENT reason SHOW_SOFT_INPUT fromUser true
07-27 05:14:30.246  3315  3315 D InputMethodManager: showSoftInput() view=com.facebook.react.views.textinput.ReactEditText{3928ca9 VFED..CL. .F.P..ID 44,556-930,618 #77e aid=1073741839} flags=0 reason=SHOW_SOFT_INPUT
07-27 05:14:30.248   576   695 D OomAdjuster: Not killing cached processes
07-27 05:14:30.251  1370  1370 I GoogleInputMethodService: GoogleInputMethodService.onFinishInput():3157 
07-27 05:14:30.254  1370  1370 I GoogleInputMethodService: GoogleInputMethodService.updateDeviceLockedStatus():2248 repeatCheckTimes = 0, locked = false
07-27 05:14:30.254  1370  1370 I GoogleInputMethodService: GoogleInputMethodService.onStartInput():1986 onStartInput(EditorInfo{EditorInfo{packageName=com.mediology.sinsinapp, inputType=81, inputTypeString=Password, enableLearning=false, autoCorrection=false, autoComplete=true, imeOptions=4000006, privateImeOptions=null, actionName=DONE, actionLabel=null, initialSelStart=0, initialSelEnd=0, initialCapsMode=0, label=null, fieldId=1918, fieldName=null, extras=Bundle[mParcelledData.dataSize=404], hintText=non-empty, hintLocales=[]}}, false)
07-27 05:14:30.254  1370  1370 I GoogleInputMethodService: GoogleInputMethodService.updateDeviceLockedStatus():2248 repeatCheckTimes = 1, locked = false
07-27 05:14:30.255   422   509 D audioserver: logFgsApiBegin: FGS Logger Transaction failed, -129
07-27 05:14:30.257  1370  1370 I AndroidIME: InputBundleManager.loadActiveInputBundleId():450 loadActiveInputBundleId: und-Latn-x-password, password
07-27 05:14:30.258  3315  3346 D EGL_emulation: app_time_stats: avg=98.29ms min=1.15ms max=1299.36ms count=19
07-27 05:14:30.258  1370  1370 I HardKeyTracker: HardKeyTracker.unregisterKeySequence():183 Unregister key sequence lnk{labelResId=2132019800, callback=gnd@f531647, lastModifier=0, keyCodes=[57, 57], actions=[1, 0]}
07-27 05:14:30.258  1370  1370 I HardKeyTracker: HardKeyTracker.unregisterKeySequence():183 Unregister key sequence lnk{labelResId=0, callback=gnd@1ca0c12, lastModifier=0, keyCodes=[58, 58], actions=[1, 0]}
07-27 05:14:30.259   576  2013 W AS.PlaybackActivityMon: No piid assigned for invalid/internal port id 15
07-27 05:14:30.260   576  1805 W PackageConfigPersister: App-specific configuration not found for packageName: com.mediology.sinsinapp and userId: 0
07-27 05:14:30.262  1370  1370 I GoogleInputMethodService: GoogleInputMethodService.onStartInputView():2098 onStartInputView(EditorInfo{EditorInfo{packageName=com.mediology.sinsinapp, inputType=81, inputTypeString=Password, enableLearning=false, autoCorrection=false, autoComplete=true, imeOptions=4000006, privateImeOptions=null, actionName=DONE, actionLabel=null, initialSelStart=0, initialSelEnd=0, initialCapsMode=0, label=null, fieldId=1918, fieldName=null, extras=Bundle[{android.support.text.emoji.emojiCompat_metadataVersion=9, androidx.core.view.inputmethod.EditorInfoCompat.STYLUS_HANDWRITING_ENABLED=false, android.support.text.emoji.emojiCompat_replaceAll=false}], hintText=non-empty, hintLocales=[]}}, false)
07-27 05:14:30.262  1370  1370 I GoogleInputMethodService: GoogleInputMethodService.updateDeviceLockedStatus():2248 repeatCheckTimes = 1, locked = false
07-27 05:14:30.268  1370  1370 I KeyboardHeightUtil: KeyboardHeightUtil.getOemKeyboardHeightRatio():206 systemKeyboardHeightRatio:1.000000.
07-27 05:14:30.268  1370  1370 I AndroidIME: AbstractIme.onActivate():89 PasswordIme.onActivate() : EditorInfo = EditorInfo{packageName=com.mediology.sinsinapp, inputType=81, inputTypeString=Password, enableLearning=false, autoCorrection=false, autoComplete=true, imeOptions=4000006, privateImeOptions=null, actionName=DONE, actionLabel=null, initialSelStart=0, initialSelEnd=0, initialCapsMode=0, label=null, fieldId=1918, fieldName=null, extras=Bundle[{android.support.text.emoji.emojiCompat_metadataVersion=9, androidx.core.view.inputmethod.EditorInfoCompat.STYLUS_HANDWRITING_ENABLED=false, android.support.text.emoji.emojiCompat_replaceAll=false}], hintText=non-empty, hintLocales=[]}, IncognitoMode = false, DeviceLocked = false
07-27 05:14:30.270  1370  1370 I KeyboardWrapper: KeyboardWrapper.activateKeyboard():575 activateKeyboard(): type=prime, status=0, imeDef=ktt{stringId=password, language=und-Latn-x-password, languageTag=und-Latn-x-password, processedConditions={variant=qwerty, enable_number_row=false, device=phone}, className=com.google.android.libraries.inputmethod.ime.password.PasswordIme, label=2132018743, keyEventInterpreter=null, inlineComposing=true, autoCapital=true, announceAutoSelectedCandidate=true, statusIcon=0, primeKeyboardType=SOFT, indicatorIcon=0, indicatorLabel=null, displayAppCompletions=false, extraValues=ktl{}, processors=kvl@99ac202, unacceptableMetaKeys=4098, languageSpecificSettings=0, asciiCapable=false, alwaysShowSuggestions=false, useAsciiPasswordKeyboard=false, secondaryIme=null, keyboardGroupDef=kut@d8d6713, phenotypeFlagId=0, localizationLanguageTag=null, supportsInlineSuggestion=false, supportsAccessPoints=false}
07-27 05:14:30.270  1370  1370 I KeyboardManager: KeyboardManager.requestKeyboard():234 Creating keyboard prime, imeId=password, cacheKey=theme_border_stylesheet_noshadow_gsans_pillkey_silkpopup_hover_light_phone_bottom4dp_navredesign
07-27 05:14:30.270  1370  1370 I KeyboardWrapper: KeyboardWrapper.onKeyboardReady():239 onKeyboardReady(): type=prime(prime), kb=com.google.android.apps.inputmethod.latin.keyboard.LatinPasswordKeyboard@87f730d
07-27 05:14:30.270  1370  1370 I KeyboardWrapper: KeyboardWrapper.doActivateKeyboard():606 doActivateKeyboard(): prime
07-27 05:14:30.271  1370  1370 I KeyboardHeightUtil: KeyboardHeightUtil.calculateMaxKeyboardBodyHeight():45 leave 281 height for app when ime window height:2142, header height:116 and isFullscreenMode:false, so the max keyboard body height is:1745
07-27 05:14:30.273  1370  1370 W Keyboard: Keyboard.getKeyboardViewHelper():574 null helper is returned: keyboardDef=kuo{processedConditions={show_suggestions=true, enable_more_candidates_view_for_multilingual=false, enable_secondary_symbols=false, variant=qwerty, language=en-US, device=phone, expressions=normal, keyboard_mode=normal, show_secondary_digits=false, enable_preemptive_decode=true, rtl_layout=false}, globalConditions={global_theme_key=theme_border_stylesheet_noshadow_gsans_pillkey_silkpopup_hover_light_phone_bottom4dp_navredesign, global_locale=en_US, global_density_dpi=420, global_orientation=1}, className=.latin.keyboard.LatinPasswordKeyboard, resourceIds=[#0x7f170663, #0x7f1708e0, #0x7f17071f], initialStates=0, keyboardViewDefs=[kvb{direction=null, id=#0x7f0b014d, isScalable=true, layoutId=#0x7f0e039d, type=BODY, touchable=true, defaultShow=true}, kvb{direction=null, id=#0x7f0b014d, isScalable=false, layoutId=#0x7f0e01aa, type=FLOATING_CANDIDATES, touchable=false, defaultShow=false}, kvb{direction=LOCALE, id=#0x7f0b014d, isScalable=false, layoutId=#0x7f0e058f, type=HEADER, touchable=true, defaultShow=true}], persistentStates=0, persistentStatesPrefKey=null, popupBubbleLayoutId=#0x7f0e068d, recentKeyLayoutId=0, recentKeyPopupLayoutId=0, recentKeyType=null, rememberRecentKey=NONE, sessionStates=17592186044419}, type=WIDGET, helpersCreated=[kib@99bb1d7, kib@ac46ac4, kib@5c15dad, null], context.getResources().getConfiguration(): {1.0 310mcc260mnc [en_US] ldltr sw411dp w411dp h914dp 420dpi nrml long port finger qwerty/v/v dpad/v winConfig={ mBounds=Rect(0, 0 - 1080, 2400) mAppBounds=Rect(0, 0 - 1080, 2400) mMaxBounds=Rect(0, 0 - 1080, 2400) mDisplayRotation=ROTATION_0 mWindowingMode=fullscreen mActivityType=undefined mAlwaysOnTop=undefined mRotation=ROTATION_0} as.2 s.34 fontWeightAdjustment=0}
07-27 05:14:30.273  3315  3315 I ImeTracker: com.mediology.sinsinapp:ff1b1485: onRequestShow at ORIGIN_CLIENT reason SHOW_SOFT_INPUT fromUser false
07-27 05:14:30.274  3315  3315 D InputMethodManager: showSoftInput() view=com.facebook.react.views.textinput.ReactEditText{3928ca9 VFED..CL. .F.P.... 44,556-930,618 #77e aid=1073741839} flags=0 reason=SHOW_SOFT_INPUT
07-27 05:14:30.274  1370  1370 I KeyboardHeightUtil: KeyboardHeightUtil.calculateMaxKeyboardBodyHeight():45 leave 281 height for app when ime window height:2142, header height:116 and isFullscreenMode:false, so the max keyboard body height is:1745
07-27 05:14:30.285   422   539 D AudioFlinger: mixer(0xb400007e7f7558e0) throttle end: throttle time(11)
07-27 05:14:30.285  1370  1370 I GoogleInputMethodService: GoogleInputMethodService.startInputIfInputViewStarted():3728 startInputIfInputViewStarted(): default prime
07-27 05:14:30.285  1370  1370 I KeyboardModeManager: KeyboardModeManager.setInputViewKeyboardViewHolderProvider():625 setInputView() : supportsOneHandedMode=true supportsSplitMode=true
07-27 05:14:30.286  1370  1370 I NormalModeController: NormalModeController.getKeyboardBodyViewHolderPaddingBottom():104 currentPrimeKeyboardType:SOFT systemPaddingBottom:-1
07-27 05:14:30.286  1370  1370 I KeyboardHeightUtil: KeyboardHeightUtil.calculateMaxKeyboardBodyHeight():45 leave 281 height for app when ime window height:2142, header height:116 and isFullscreenMode:false, so the max keyboard body height is:1745
07-27 05:14:30.286  1370  1370 I KeyboardHeightUtil: KeyboardHeightUtil.calculateMaxKeyboardBodyHeight():45 leave 281 height for app when ime window height:2142, header height:116 and isFullscreenMode:false, so the max keyboard body height is:1745
07-27 05:14:30.286  1370  1370 I KeyboardHeightUtil: KeyboardHeightUtil.calculateMaxKeyboardBodyHeight():45 leave 281 height for app when ime window height:2142, header height:116 and isFullscreenMode:false, so the max keyboard body height is:1745
07-27 05:14:30.286  1370  1370 I KeyboardHeightUtil: KeyboardHeightUtil.calculateMaxKeyboardBodyHeight():45 leave 281 height for app when ime window height:2142, header height:116 and isFullscreenMode:false, so the max keyboard body height is:1745
07-27 05:14:30.286  1370  1370 I NormalModeController: NormalModeController.getKeyboardBodyViewHolderPaddingBottom():104 currentPrimeKeyboardType:SOFT systemPaddingBottom:-1
07-27 05:14:30.286  1370  1370 I KeyboardHeightUtil: KeyboardHeightUtil.calculateMaxKeyboardBodyHeight():45 leave 281 height for app when ime window height:2142, header height:116 and isFullscreenMode:false, so the max keyboard body height is:1745
07-27 05:14:30.286  1370  1370 I KeyboardHeightUtil: KeyboardHeightUtil.calculateMaxKeyboardBodyHeight():45 leave 281 height for app when ime window height:2142, header height:116 and isFullscreenMode:false, so the max keyboard body height is:1745
07-27 05:14:30.286  1370  1370 I KeyboardModeManager: KeyboardModeManager.setInputViewKeyboardViewHolderProvider():613 setInputView() : supportsOneHandedMode=true, supportSplitMode=true
07-27 05:14:30.294   380   457 I netd    : tetherGetStats() -> {[]} <1.14ms>
07-27 05:14:30.300  1370  1370 I CrowdsourceExtension: CrowdsourceExtension.checkIfDefaultBrowserIsAllowed():110 Failed to get default browser. The default browser may be deactived.
07-27 05:14:30.302  1370  1370 I AccessoryInputModeManager: AccessoryInputModeManager.onModeStarted():308 Accessory input mode started: null
07-27 05:14:30.302  1370  1370 W SupplementaryKeyboardsWrapper: SupplementaryKeyboardsWrapper.deactivateKeyboard():159 keyboard accessory_candidates_consumer is not activated before!
07-27 05:14:30.303  1370  1370 I NewLanguagePromptExtension: NewLanguagePromptExtension.onActivate():195 Not activated NewLanguagePromptExtension: not a normal text input box.
07-27 05:14:30.306  1370  1370 I HardKeyTracker: HardKeyTracker.unregisterKeySequence():183 Unregister key sequence lnk{labelResId=2132019804, callback=cfr@15577d3, lastModifier=2, keyCodes=[48], actions=[0]}
07-27 05:14:30.307  1370  1370 I HardKeyTracker: HardKeyTracker.registerKeySequence():139 Register key sequence lnk{labelResId=2132019804, callback=cfr@b9ccb1, lastModifier=2, keyCodes=[48], actions=[0]}
07-27 05:14:30.307  1370  1370 I CurrentMicStatusHolder: CurrentMicStatusHolder.onStartInputView():81 Current Mic status = {MicIconHidden-PasswordOrNumberOrDateInputType,}
07-27 05:14:30.325  1370  1370 I KeyboardHeightUtil: KeyboardHeightUtil.calculateMaxKeyboardBodyHeight():45 leave 281 height for app when ime window height:2142, header height:116 and isFullscreenMode:false, so the max keyboard body height is:1745
07-27 05:14:30.326  1370  1370 I WindowMetricsNotification: WindowMetricsNotification.notifyWithWindow():113 
07-27 05:14:30.332  1370  1370 I WindowMetricsNotification: WindowMetricsNotification.notify():106 WindowMetricsNotification{bounds=Rect(0, 132 - 1080, 2400), insets=Rect(0, 0 - 0, 126), densityDpi=420, smallestScreenWidthDp=411, displayWidth=1080, displayHeight=2400, xdpi=420.0, ydpi=420.0}; DisplayMetrics{density=2.625, width=1080, height=2400, scaledDensity=2.625, xdpi=420.0, ydpi=420.0}
07-27 05:14:30.363  1571  1571 D BoundBrokerSvc: onBind: Intent { act=com.google.firebase.dynamiclinks.service.START pkg=com.google.android.gms }
07-27 05:14:30.363  1571  1571 D BoundBrokerSvc: Loading bound service for intent: Intent { act=com.google.firebase.dynamiclinks.service.START pkg=com.google.android.gms }
07-27 05:14:30.369  1370  1370 I StylusModule: StylusModule.onUpdateToolType():770 Update tool type = 0
07-27 05:14:30.373  1370  1370 I GoogleInputMethodService: GoogleInputMethodService$1.onKeyboardViewShown():494 onKeyboardViewShown: keyboardType=prime, keyboardViewType=HEADER keyboardView=com.google.android.libraries.inputmethod.widgets.SoftKeyboardView{1b9cf4b V.E...... ........ 0,0-1080,116}
07-27 05:14:30.374  1370  1370 I GoogleInputMethodService: GoogleInputMethodService$1.onKeyboardViewShown():494 onKeyboardViewShown: keyboardType=prime, keyboardViewType=BODY keyboardView=com.google.android.libraries.inputmethod.widgets.SoftKeyboardView{281a59c V.E...... ........ 0,0-1080,641}
07-27 05:14:30.374  1370  1370 I NewLanguagePromptExtension: NewLanguagePromptExtension$1.onKeyboardViewShown():94 Not show new language banner: not prime keyboard, or the extension not activated.
07-27 05:14:30.375  1370  1370 I WindowMetricsNotification: WindowMetricsNotification.notifyWithWindow():113 
07-27 05:14:30.375  1370  1370 I WindowMetricsNotification: WindowMetricsNotification.notify():106 WindowMetricsNotification{bounds=Rect(0, 132 - 1080, 2400), insets=Rect(0, 0 - 0, 126), densityDpi=420, smallestScreenWidthDp=411, displayWidth=1080, displayHeight=2400, xdpi=420.0, ydpi=420.0}; DisplayMetrics{density=2.625, width=1080, height=2400, scaledDensity=2.625, xdpi=420.0, ydpi=420.0}
07-27 05:14:30.375  1370  1370 I WindowMetricsNotification: WindowMetricsNotification.notifyWithWindow():113 
07-27 05:14:30.375  1370  1370 I WindowMetricsNotification: WindowMetricsNotification.notify():106 WindowMetricsNotification{bounds=Rect(0, 132 - 1080, 2400), insets=Rect(0, 0 - 0, 126), densityDpi=420, smallestScreenWidthDp=411, displayWidth=1080, displayHeight=2400, xdpi=420.0, ydpi=420.0}; DisplayMetrics{density=2.625, width=1080, height=2400, scaledDensity=2.625, xdpi=420.0, ydpi=420.0}
07-27 05:14:30.388  3315  3315 D InsetsController: show(ime(), fromIme=true)
07-27 05:14:30.408   820   893 D WindowManagerShell: onKeepClearAreasChanged: restricted={}, unrestricted={Rect(0, 1517 - 1080, 2400)}
07-27 05:14:30.409  3315  3315 D InsetsController: show(ime(), fromIme=true)
07-27 05:14:30.409  3315  3315 I ImeTracker: com.mediology.sinsinapp:ff1b1485: onCancelled at PHASE_CLIENT_APPLY_ANIMATION
07-27 05:14:30.433  3315  3315 I ThemedReactContext: KeyboardController::keyboardWillShow
07-27 05:14:30.433  3315  3315 I com.reactnativekeyboardcontroller.listeners.KeyboardAnimationCallback: HEIGHT:: 336.3809509277344 TAG:: 1918
07-27 05:14:30.449  3315  3315 I com.reactnativekeyboardcontroller.listeners.KeyboardAnimationCallback: DiffY: 0.0 0.0 0.0 false 1918
07-27 05:14:30.453  1370  1370 I StylusModule: StylusModule.onUpdateToolType():770 Update tool type = 0
07-27 05:14:30.481   422   539 D audioserver: logFgsApiEnd: FGS Logger Transaction failed, -129
07-27 05:14:30.482  3315  3315 I ImeTracker: com.mediology.sinsinapp:247dbeb1: onShown
07-27 05:14:30.488  3315  3315 I com.reactnativekeyboardcontroller.listeners.KeyboardAnimationCallback: DiffY: 883.0 336.3809509277344 1.0 false 1918
07-27 05:14:30.492  3315  3315 I ThemedReactContext: KeyboardController::keyboardDidShow
07-27 05:14:30.493  3315  3315 I ThemedReactContext: onUserDrivenAnimationEnded
07-27 05:14:30.507  1370  1370 I StylusModule: StylusModule.onUpdateToolType():770 Update tool type = 0
07-27 05:14:31.134  3315  3315 I ImeTracker: com.mediology.sinsinapp:de166cb3: onRequestShow at ORIGIN_CLIENT reason SHOW_SOFT_INPUT fromUser true
07-27 05:14:31.134  3315  3315 D InputMethodManager: showSoftInput() view=com.facebook.react.views.textinput.ReactEditText{3928ca9 VFED..CL. .F.P.... 44,556-930,618 #77e aid=1073741839} flags=0 reason=SHOW_SOFT_INPUT
07-27 05:14:31.138  3315  3315 D InsetsController: show(ime(), fromIme=true)
07-27 05:14:31.138  3315  3315 I ImeTracker: com.mediology.sinsinapp:de166cb3: onCancelled at PHASE_CLIENT_APPLY_ANIMATION
07-27 05:14:31.141   422   509 D audioserver: logFgsApiBegin: FGS Logger Transaction failed, -129
07-27 05:14:31.141   576   875 W AS.PlaybackActivityMon: No piid assigned for invalid/internal port id 15
07-27 05:14:31.175  1370  1370 I StylusModule: StylusModule.onUpdateToolType():770 Update tool type = 0
07-27 05:14:31.191  1044  3127 I NearbyMediums: No BLE Fast/GATT advertisements found in the latest cycle.
07-27 05:14:31.196  1370  1370 I StylusModule: StylusModule.onUpdateToolType():770 Update tool type = 0
07-27 05:14:31.225  1370  1370 I StylusModule: StylusModule.onUpdateToolType():770 Update tool type = 0
07-27 05:14:31.274  3315  3346 D EGL_emulation: app_time_stats: avg=89.27ms min=9.20ms max=493.90ms count=11
07-27 05:14:31.277  1370  1370 I StylusModule: StylusModule.onUpdateToolType():770 Update tool type = 0
07-27 05:14:31.356  1370  1370 I StylusModule: StylusModule.onUpdateToolType():770 Update tool type = 0
07-27 05:14:31.366   422   539 D audioserver: logFgsApiEnd: FGS Logger Transaction failed, -129
07-27 05:14:32.043  3784  3784 D AndroidRuntime: >>>>>> START com.android.internal.os.RuntimeInit uid 2000 <<<<<<
07-27 05:14:32.048  3784  3784 I AndroidRuntime: Using default boot image
07-27 05:14:32.048  3784  3784 I AndroidRuntime: Leaving lock profiling enabled
07-27 05:14:32.050  3784  3784 I app_process: Core platform API reporting enabled, enforcing=false
07-27 05:14:32.050  3784  3784 I app_process: Using CollectorTypeCMC GC.
07-27 05:14:32.110  3784  3784 D nativeloader: InitDefaultPublicLibraries for_preload=1: libandroid.so:libaaudio.so:libamidi.so:libbinder_ndk.so:libc.so:libcamera2ndk.so:libdl.so:libEGL.so:libGLESv1_CM.so:libGLESv2.so:libGLESv3.so:libicu.so:libicui18n.so:libicuuc.so:libjnigraphics.so:liblog.so:libmediandk.so:libm.so:libnativehelper.so:libnativewindow.so:libOpenMAXAL.so:libOpenSLES.so:libRS.so:libstdc++.so:libsync.so:libvulkan.so:libwebviewchromium_plat_support.so:libz.so
07-27 05:14:32.117  3784  3784 D nativeloader: Load libicu_jni.so using APEX ns com_android_art for caller /apex/com.android.art/javalib/core-oj.jar: ok
07-27 05:14:32.117  3784  3784 D app_process: u_setTimeZoneFilesDirectory("/apex/com.android.tzdata/etc/tz/versioned/8/icu") succeeded. 
07-27 05:14:32.117  3784  3784 D app_process: I18n APEX ICU file found: /apex/com.android.i18n/etc/icu/icudt75l.dat
07-27 05:14:32.120  3784  3784 D nativeloader: Load libjavacore.so using APEX ns com_android_art for caller /apex/com.android.art/javalib/core-oj.jar: ok
07-27 05:14:32.121  3784  3784 D nativeloader: Load libopenjdk.so using APEX ns com_android_art for caller /apex/com.android.art/javalib/core-oj.jar: ok
07-27 05:14:32.126  3784  3784 W app_process: ClassLoaderContext shared library size mismatch. Expected=2, found=0 (PCL[]{PCL[/system/framework/android.test.base.jar*724373495]#PCL[/system/framework/android.test.mock.jar*1452759902]} | PCL[])
07-27 05:14:32.126  3784  3784 W app_process: ClassLoaderContext classpath size mismatch. expected=0, found=1 (PCL[]{PCL[/system/framework/android.test.runner.jar*2496447986]#PCL[/system/framework/android.test.base.jar*724373495]} | PCL[/system/framework/android.test.runner.jar*2496447986])
07-27 05:14:32.146  3784  3784 D nativeloader: Load libframework-connectivity-tiramisu-jni.so using APEX ns com_android_tethering for caller /apex/com.android.tethering/javalib/framework-connectivity-t.jar: ok
07-27 05:14:32.146  3784  3784 D AndroidRuntime: Calling main entry com.android.commands.uiautomator.Launcher
07-27 05:14:32.151  3784  3784 D UiAutomationConnection: Created on user UserHandle{0}
07-27 05:14:32.151  3784  3784 I UiAutomation: Initialized for user 0 on display 0
07-27 05:14:32.151  3784  3784 W UiAutomation: Created with deprecatead constructor, assumes DEFAULT_DISPLAY
07-27 05:14:32.152   576   875 D AccessibilityManagerService: changeCurrentUserForTestAutomationIfNeededLocked(0): ignoring because device doesn't support visible background users
07-27 05:14:32.152   576   875 I UiAutomationManager: Registering UiTestAutomationService (id=com.android.server.accessibility/UiAutomation, flags=0x0) when called by user 0
07-27 05:14:32.153   576   875 W MagnificationConnectionManager: requestConnection duplicated request: connect=false, mConnectionState=DISCONNECTED
07-27 05:14:32.154   576   576 W IPCThreadState: Sending oneway calls to frozen process.
07-27 05:14:32.154  1436  2427 I AiAiEcho: Settings changed for uri: content://settings/secure/accessibility_enabled
07-27 05:14:32.155   576   576 W IPCThreadState: Sending oneway calls to frozen process.
07-27 05:14:32.155   576   576 W IPCThreadState: Sending oneway calls to frozen process.
07-27 05:14:32.155   576   576 W IPCThreadState: Sending oneway calls to frozen process.
07-27 05:14:32.155   576   576 W IPCThreadState: Sending oneway calls to frozen process.
07-27 05:14:32.158  1436  1698 I AiAiEcho: Predicting[0]:  [CONTEXT sampling_count=5 ]
07-27 05:14:32.158  1436  1698 I AiAiEcho: EchoTargets: 
07-27 05:14:32.158  1436  1698 I AiAiEcho: Filtered by AiAi flag check: 
07-27 05:14:32.158  1436  1698 I AiAiEcho: [CONTEXT ratelimit_period="10 SECONDS" ]
07-27 05:14:32.157   576   576 W IPCThreadState: Sending oneway calls to frozen process.
07-27 05:14:32.158  1436  1698 I AiAiEcho: Ranked targets strategy: SORT, count: 0, ranking metadata:  [CONTEXT ratelimit_period="10 SECONDS" ]
07-27 05:14:32.158  3784  3796 V UiAutomation: Init UiAutomation@cb305d7[id=10, displayId=0, flags=0]
07-27 05:14:32.158   576   576 W IPCThreadState: Sending oneway calls to frozen process.
07-27 05:14:32.158   576   576 W IPCThreadState: Sending oneway calls to frozen process.
07-27 05:14:32.159   576   576 W IPCThreadState: Sending oneway calls to frozen process.
07-27 05:14:32.159   576   576 W IPCThreadState: Sending oneway calls to frozen process.
07-27 05:14:32.159  1436  1698 I AiAiEcho: #remoteViewsTwiddler: feature disabled.
07-27 05:14:32.160   576   576 W IPCThreadState: Sending oneway calls to frozen process.
07-27 05:14:32.160  1436  1698 I AiAiEcho: Predicting[0]:  [CONTEXT sampling_count=5 ]
07-27 05:14:32.160  1436  1698 I AiAiEcho: EchoTargets: 
07-27 05:14:32.160  1436  1698 I AiAiEcho: Filtered by AiAi flag check: 
07-27 05:14:32.160  1436  1698 I AiAiEcho: [CONTEXT ratelimit_period="10 SECONDS" ]
07-27 05:14:32.160   576   576 W IPCThreadState: Sending oneway calls to frozen process.
07-27 05:14:32.160   576   576 W IPCThreadState: Sending oneway calls to frozen process.
07-27 05:14:32.160  1436  1698 I AiAiEcho: Ranked targets strategy: SORT, count: 0, ranking metadata:  [CONTEXT ratelimit_period="10 SECONDS" ]
07-27 05:14:32.160   576   576 W IPCThreadState: Sending oneway calls to frozen process.
07-27 05:14:32.160  1436  1698 I AiAiEcho: #remoteViewsTwiddler: feature disabled.
07-27 05:14:32.160  1436  1698 I AiAiEcho: Predicting[0]:  [CONTEXT sampling_count=5 ]
07-27 05:14:32.160  1436  1698 I AiAiEcho: EchoTargets: 
07-27 05:14:32.160  1436  1698 I AiAiEcho: Filtered by AiAi flag check: 
07-27 05:14:32.160  1436  1698 I AiAiEcho: [CONTEXT ratelimit_period="10 SECONDS" ]
07-27 05:14:32.161  1436  1698 I AiAiEcho: Ranked targets strategy: SORT, count: 0, ranking metadata:  [CONTEXT ratelimit_period="10 SECONDS" ]
07-27 05:14:32.161  1436  1698 I AiAiEcho: #remoteViewsTwiddler: feature disabled.
07-27 05:14:32.161  1436  1698 I AiAiEcho: #postPredictionTargets: Sending updates to UISurface media_data_manager with targets# 0 (types=[])
07-27 05:14:32.176   576   576 W IPCThreadState: Sending oneway calls to frozen process.
07-27 05:14:32.176   576   576 W IPCThreadState: Sending oneway calls to frozen process.
07-27 05:14:32.176   576   576 W IPCThreadState: Sending oneway calls to frozen process.
07-27 05:14:32.176   576   576 W IPCThreadState: Sending oneway calls to frozen process.
07-27 05:14:32.176   576   576 W IPCThreadState: Sending oneway calls to frozen process.
07-27 05:14:32.176   576   576 W IPCThreadState: Sending oneway calls to frozen process.
07-27 05:14:32.176   576   576 W IPCThreadState: Sending oneway calls to frozen process.
07-27 05:14:32.176  1436  1698 I AiAiEcho: #postPredictionTargets: Sending updates to UISurface lockscreen with targets# 0 (types=[])
07-27 05:14:32.176  1436  1698 I AiAiEcho: #postPredictionTargets: Sending updates to UISurface home with targets# 0 (types=[])
07-27 05:14:32.177   576   576 D BatterySaverPolicy: accessibility changed to true, updating policy.
07-27 05:14:32.178   576  2013 W MagnificationConnectionManager: requestConnection duplicated request: connect=false, mConnectionState=DISCONNECTED
07-27 05:14:32.179   576   576 W IPCThreadState: Sending oneway calls to frozen process.
07-27 05:14:32.179   576   576 W IPCThreadState: Sending oneway calls to frozen process.
07-27 05:14:32.179   576   576 W IPCThreadState: Sending oneway calls to frozen process.
07-27 05:14:32.179   576   576 W IPCThreadState: Sending oneway calls to frozen process.
07-27 05:14:32.179   576   576 W IPCThreadState: Sending oneway calls to frozen process.
07-27 05:14:32.179   576   576 W IPCThreadState: Sending oneway calls to frozen process.
07-27 05:14:32.179   576   576 W IPCThreadState: Sending oneway calls to frozen process.
07-27 05:14:32.179   576   576 W IPCThreadState: Sending oneway calls to frozen process.
07-27 05:14:32.179   576   576 W IPCThreadState: Sending oneway calls to frozen process.
07-27 05:14:32.179   576   576 W IPCThreadState: Sending oneway calls to frozen process.
07-27 05:14:32.179   820   820 D SsMediaDataProvider: Forwarding Smartspace updates []
07-27 05:14:32.181   576   576 W IPCThreadState: Sending oneway calls to frozen process.
07-27 05:14:32.181   576   576 W IPCThreadState: Sending oneway calls to frozen process.
07-27 05:14:32.181   576   576 W IPCThreadState: Sending oneway calls to frozen process.
07-27 05:14:32.181   576   576 W IPCThreadState: Sending oneway calls to frozen process.
07-27 05:14:32.183  1306  1306 D SsBaseTemplateCard: No text view can be set up
07-27 05:14:32.183  1306  1306 D SsBaseTemplateCard: Passed-in item info is null
07-27 05:14:32.183  1306  1306 D SsBaseTemplateCard: Passed-in item info is null
07-27 05:14:32.183  1306  1306 D SsBaseTemplateCard: Passed-in item info is null
07-27 05:14:32.183  1306  1306 I SsBaseTemplateCard: Secondary card pane is null
07-27 05:14:32.186   820   820 W PageIndicator: Total number of pages invalid: 0. Assuming 1 page.
07-27 05:14:32.203  1436  2427 I AiAiEcho: Settings changed for uri: content://settings/secure/accessibility_enabled
07-27 05:14:32.204  1436  1698 I AiAiEcho: Predicting[0]:  [CONTEXT sampling_count=5 ]
07-27 05:14:32.204  1436  1698 I AiAiEcho: EchoTargets: 
07-27 05:14:32.204  1436  1698 I AiAiEcho: Filtered by AiAi flag check: 
07-27 05:14:32.204  1436  1698 I AiAiEcho: [CONTEXT ratelimit_period="10 SECONDS" ]
07-27 05:14:32.204  1436  1698 I AiAiEcho: Ranked targets strategy: SORT, count: 0, ranking metadata:  [CONTEXT ratelimit_period="10 SECONDS" ]
07-27 05:14:32.204  1436  1698 I AiAiEcho: #remoteViewsTwiddler: feature disabled.
07-27 05:14:32.204  1436  1698 I AiAiEcho: Predicting[0]:  [CONTEXT sampling_count=5 ]
07-27 05:14:32.204  1436  1698 I AiAiEcho: EchoTargets: 
07-27 05:14:32.204  1436  1698 I AiAiEcho: Filtered by AiAi flag check: 
07-27 05:14:32.204  1436  1698 I AiAiEcho: [CONTEXT ratelimit_period="10 SECONDS" ]
07-27 05:14:32.204  1436  1698 I AiAiEcho: Ranked targets strategy: SORT, count: 0, ranking metadata:  [CONTEXT ratelimit_period="10 SECONDS" ]
07-27 05:14:32.204  1436  1698 I AiAiEcho: #remoteViewsTwiddler: feature disabled.
07-27 05:14:32.205  1436  1698 I AiAiEcho: Predicting[0]:  [CONTEXT sampling_count=5 ]
07-27 05:14:32.205  1436  1698 I AiAiEcho: EchoTargets: 
07-27 05:14:32.205  1436  1698 I AiAiEcho: Filtered by AiAi flag check: 
07-27 05:14:32.205  1436  1698 I AiAiEcho: [CONTEXT ratelimit_period="10 SECONDS" ]
07-27 05:14:32.205  1436  1698 I AiAiEcho: Ranked targets strategy: SORT, count: 0, ranking metadata:  [CONTEXT ratelimit_period="10 SECONDS" ]
07-27 05:14:32.205  1436  1698 I AiAiEcho: #remoteViewsTwiddler: feature disabled.
07-27 05:14:32.205  1436  1698 I AiAiEcho: #postPredictionTargets: Sending updates to UISurface media_data_manager with targets# 0 (types=[])
07-27 05:14:32.205   820   820 D SsMediaDataProvider: Forwarding Smartspace updates []
07-27 05:14:32.205  1436  1698 I AiAiEcho: #postPredictionTargets: Sending updates to UISurface lockscreen with targets# 0 (types=[])
07-27 05:14:32.205   820   820 W PageIndicator: Total number of pages invalid: 0. Assuming 1 page.
07-27 05:14:32.205  1436  1698 I AiAiEcho: #postPredictionTargets: Sending updates to UISurface home with targets# 0 (types=[])
07-27 05:14:32.213  1306  1306 D SsBaseTemplateCard: No text view can be set up
07-27 05:14:32.213  1306  1306 D SsBaseTemplateCard: Passed-in item info is null
07-27 05:14:32.213  1306  1306 D SsBaseTemplateCard: Passed-in item info is null
07-27 05:14:32.213  1306  1306 D SsBaseTemplateCard: Passed-in item info is null
07-27 05:14:32.213  1306  1306 I SsBaseTemplateCard: Secondary card pane is null
07-27 05:14:32.424  3315  3346 D EGL_emulation: app_time_stats: avg=152.55ms min=9.22ms max=499.03ms count=7
07-27 05:14:33.220  3784  3784 I AccessibilityNodeInfoDumper: Skipping invisible child: android.view.accessibility.AccessibilityNodeInfo@11fa87; boundsInParent: Rect(0, 0 - 1080, 0); boundsInScreen: Rect(0, 0 - 1080, 0); boundsInWindow: Rect(0, 0 - 1080, 0); packageName: com.mediology.sinsinapp; className: android.widget.LinearLayout; text: null; error: null; maxTextLength: -1; stateDescription: null; contentDescription: null; tooltipText: null; containerTitle: null; viewIdResName: null; uniqueId: null; checkable: false; checked: false; focusable: false; focused: false; selected: false; clickable: false; longClickable: false; contextClickable: false; enabled: true; password: false; scrollable: false; granularScrollingSupported: false; importantForAccessibility: false; visible: false; actions: [AccessibilityAction: ACTION_SELECT - null, AccessibilityAction: ACTION_CLEAR_SELECTION - null, AccessibilityAction: ACTION_ACCESSIBILITY_FOCUS - null, AccessibilityAction: ACTION_SHOW_ON_SCREEN - null]; isTextSelectable: false
07-27 05:14:33.220  3784  3784 I AccessibilityNodeInfoDumper: Skipping invisible child: android.view.accessibility.AccessibilityNodeInfo@11f6c6; boundsInParent: Rect(0, 0 - 1080, 0); boundsInScreen: Rect(0, 0 - 1080, 0); boundsInWindow: Rect(0, 0 - 1080, 0); packageName: com.mediology.sinsinapp; className: android.view.ViewGroup; text: null; error: null; maxTextLength: -1; stateDescription: null; contentDescription: null; tooltipText: null; containerTitle: null; viewIdResName: null; uniqueId: null; checkable: false; checked: false; focusable: false; focused: false; selected: false; clickable: false; longClickable: false; contextClickable: false; enabled: true; password: false; scrollable: false; granularScrollingSupported: false; importantForAccessibility: false; visible: false; actions: [AccessibilityAction: ACTION_SELECT - null, AccessibilityAction: ACTION_CLEAR_SELECTION - null, AccessibilityAction: ACTION_ACCESSIBILITY_FOCUS - null, AccessibilityAction: ACTION_SHOW_ON_SCREEN - null]; isTextSelectable: false
07-27 05:14:33.220  3784  3784 I AccessibilityNodeInfoDumper: Skipping invisible child: android.view.accessibility.AccessibilityNodeInfo@13050e; boundsInParent: Rect(0, 0 - 1080, 0); boundsInScreen: Rect(0, 0 - 1080, 0); boundsInWindow: Rect(0, 0 - 1080, 0); packageName: com.mediology.sinsinapp; className: android.widget.LinearLayout; text: null; error: null; maxTextLength: -1; stateDescription: null; contentDescription: null; tooltipText: null; containerTitle: null; viewIdResName: null; uniqueId: null; checkable: false; checked: false; focusable: false; focused: false; selected: false; clickable: false; longClickable: false; contextClickable: false; enabled: true; password: false; scrollable: false; granularScrollingSupported: false; importantForAccessibility: false; visible: false; actions: [AccessibilityAction: ACTION_SELECT - null, AccessibilityAction: ACTION_CLEAR_SELECTION - null, AccessibilityAction: ACTION_ACCESSIBILITY_FOCUS - null, AccessibilityAction: ACTION_SHOW_ON_SCREEN - null]; isTextSelectable: false
07-27 05:14:33.220  3784  3784 I AccessibilityNodeInfoDumper: Skipping invisible child: android.view.accessibility.AccessibilityNodeInfo@13014d; boundsInParent: Rect(0, 0 - 1080, 0); boundsInScreen: Rect(0, 0 - 1080, 0); boundsInWindow: Rect(0, 0 - 1080, 0); packageName: com.mediology.sinsinapp; className: android.view.ViewGroup; text: null; error: null; maxTextLength: -1; stateDescription: null; contentDescription: null; tooltipText: null; containerTitle: null; viewIdResName: null; uniqueId: null; checkable: false; checked: false; focusable: false; focused: false; selected: false; clickable: false; longClickable: false; contextClickable: false; enabled: true; password: false; scrollable: false; granularScrollingSupported: false; importantForAccessibility: false; visible: false; actions: [AccessibilityAction: ACTION_SELECT - null, AccessibilityAction: ACTION_CLEAR_SELECTION - null, AccessibilityAction: ACTION_ACCESSIBILITY_FOCUS - null, AccessibilityAction: ACTION_SHOW_ON_SCREEN - null]; isTextSelectable: false
07-27 05:14:33.230  3784  3784 I AccessibilityNodeInfoDumper: Skipping invisible child: android.view.accessibility.AccessibilityNodeInfo@a52fd; boundsInParent: Rect(0, 0 - 1080, 121); boundsInScreen: Rect(0, 0 - 1080, -121); boundsInWindow: Rect(0, 0 - 1080, -121); packageName: com.mediology.sinsinapp; className: android.view.ViewGroup; text: null; error: null; maxTextLength: -1; stateDescription: null; contentDescription: null; tooltipText: null; containerTitle: null; viewIdResName: toastAnimatedContainer; uniqueId: null; checkable: false; checked: false; focusable: false; focused: false; selected: false; clickable: false; longClickable: false; contextClickable: false; enabled: true; password: false; scrollable: false; granularScrollingSupported: false; importantForAccessibility: true; visible: false; actions: [AccessibilityAction: ACTION_SELECT - null, AccessibilityAction: ACTION_CLEAR_SELECTION - null, AccessibilityAction: ACTION_ACCESSIBILITY_FOCUS - null, AccessibilityAction: ACTION_SHOW_ON_SCREEN - null]; isTextSelectable: false
07-27 05:14:33.230  3784  3784 I AccessibilityNodeInfoDumper: Skipping invisible child: android.view.accessibility.AccessibilityNodeInfo@a3c77; boundsInParent: Rect(0, 0 - 1080, 0); boundsInScreen: Rect(0, 2400 - 1080, 2400); boundsInWindow: Rect(0, 2400 - 1080, 2400); packageName: com.mediology.sinsinapp; className: android.view.ViewGroup; text: null; error: null; maxTextLength: -1; stateDescription: null; contentDescription: null; tooltipText: null; containerTitle: null; viewIdResName: null; uniqueId: null; checkable: false; checked: false; focusable: false; focused: false; selected: false; clickable: false; longClickable: false; contextClickable: false; enabled: true; password: false; scrollable: false; granularScrollingSupported: false; importantForAccessibility: false; visible: false; actions: [AccessibilityAction: ACTION_SELECT - null, AccessibilityAction: ACTION_CLEAR_SELECTION - null, AccessibilityAction: ACTION_ACCESSIBILITY_FOCUS - null, AccessibilityAction: ACTION_SHOW_ON_SCREEN - null]; isTextSelectable: false
07-27 05:14:33.231  3784  3784 W AccessibilityNodeInfoDumper: Fetch time: 15ms
07-27 05:14:33.233   576  2013 W MagnificationConnectionManager: requestConnection duplicated request: connect=false, mConnectionState=DISCONNECTED
07-27 05:14:33.233   576  2013 D AccessibilityManagerService: restoreCurrentUserForTestAutomationIfNeededLocked(): ignoring because device doesn't support visible background users
07-27 05:14:33.233  1436  2427 I AiAiEcho: Settings changed for uri: content://settings/secure/accessibility_enabled
07-27 05:14:33.233   576   576 W IPCThreadState: Sending oneway calls to frozen process.
07-27 05:14:33.233   576   576 W IPCThreadState: Sending oneway calls to frozen process.
07-27 05:14:33.233   576   576 W IPCThreadState: Sending oneway calls to frozen process.
07-27 05:14:33.233  1436  1698 I AiAiEcho: Predicting[0]:  [CONTEXT sampling_count=5 ]
07-27 05:14:33.233  1436  1698 I AiAiEcho: EchoTargets: 
07-27 05:14:33.233  1436  1698 I AiAiEcho: Filtered by AiAi flag check: 
07-27 05:14:33.233  1436  1698 I AiAiEcho: [CONTEXT ratelimit_period="10 SECONDS" ]
07-27 05:14:33.234  1436  1698 I AiAiEcho: Ranked targets strategy: SORT, count: 0, ranking metadata:  [CONTEXT ratelimit_period="10 SECONDS" ]
07-27 05:14:33.234  1436  1698 I AiAiEcho: #remoteViewsTwiddler: feature disabled.
07-27 05:14:33.234  1436  1698 I AiAiEcho: Predicting[0]:  [CONTEXT sampling_count=5 ]
07-27 05:14:33.234  3784  3784 D AndroidRuntime: Shutting down VM
07-27 05:14:33.234   576   576 W IPCThreadState: Sending oneway calls to frozen process.
07-27 05:14:33.234   576   576 W IPCThreadState: Sending oneway calls to frozen process.
07-27 05:14:33.234   576   576 W IPCThreadState: Sending oneway calls to frozen process.
07-27 05:14:33.234   576   576 W IPCThreadState: Sending oneway calls to frozen process.
07-27 05:14:33.234   576   576 W IPCThreadState: Sending oneway calls to frozen process.
07-27 05:14:33.234   576   576 W IPCThreadState: Sending oneway calls to frozen process.
07-27 05:14:33.234   576   576 W IPCThreadState: Sending oneway calls to frozen process.
07-27 05:14:33.234   576   576 W IPCThreadState: Sending oneway calls to frozen process.
07-27 05:14:33.234   576   576 W IPCThreadState: Sending oneway calls to frozen process.
07-27 05:14:33.234   576   576 W IPCThreadState: Sending oneway calls to frozen process.
07-27 05:14:33.234   576   576 W IPCThreadState: Sending oneway calls to frozen process.
07-27 05:14:33.234   576   576 W IPCThreadState: Sending oneway calls to frozen process.
07-27 05:14:33.235   576   576 W IPCThreadState: Sending oneway calls to frozen process.
07-27 05:14:33.235   576   576 W IPCThreadState: Sending oneway calls to frozen process.
07-27 05:14:33.235   576   576 W IPCThreadState: Sending oneway calls to frozen process.
07-27 05:14:33.235   576   576 W IPCThreadState: Sending oneway calls to frozen process.
07-27 05:14:33.235   576   576 W IPCThreadState: Sending oneway calls to frozen process.
07-27 05:14:33.235   576   576 W IPCThreadState: Sending oneway calls to frozen process.
07-27 05:14:33.235   576   576 D BatterySaverPolicy: accessibility changed to false, updating policy.
07-27 05:14:33.235  1436  1698 I AiAiEcho: EchoTargets: 
07-27 05:14:33.235  1436  1698 I AiAiEcho: Filtered by AiAi flag check: 
07-27 05:14:33.235  1436  1698 I AiAiEcho: [CONTEXT ratelimit_period="10 SECONDS" ]
07-27 05:14:33.235  1436  1698 I AiAiEcho: Ranked targets strategy: SORT, count: 0, ranking metadata:  [CONTEXT ratelimit_period="10 SECONDS" ]
07-27 05:14:33.235  1436  1698 I AiAiEcho: #remoteViewsTwiddler: feature disabled.
07-27 05:14:33.236  1436  1698 I AiAiEcho: Predicting[0]:  [CONTEXT sampling_count=5 ]
07-27 05:14:33.236  1436  1698 I AiAiEcho: EchoTargets: 
07-27 05:14:33.236  1436  1698 I AiAiEcho: Filtered by AiAi flag check: 
07-27 05:14:33.236  1436  1698 I AiAiEcho: [CONTEXT ratelimit_period="10 SECONDS" ]
07-27 05:14:33.236  1436  1698 I AiAiEcho: Ranked targets strategy: SORT, count: 0, ranking metadata:  [CONTEXT ratelimit_period="10 SECONDS" ]
07-27 05:14:33.236  1436  1698 I AiAiEcho: #remoteViewsTwiddler: feature disabled.
07-27 05:14:33.236  1436  1698 I AiAiEcho: #postPredictionTargets: Sending updates to UISurface media_data_manager with targets# 0 (types=[])
07-27 05:14:33.237  1436  1698 I AiAiEcho: #postPredictionTargets: Sending updates to UISurface lockscreen with targets# 0 (types=[])
07-27 05:14:33.237  1436  1698 I AiAiEcho: #postPredictionTargets: Sending updates to UISurface home with targets# 0 (types=[])
07-27 05:14:33.238  1306  1306 D SsBaseTemplateCard: No text view can be set up
07-27 05:14:33.238  1306  1306 D SsBaseTemplateCard: Passed-in item info is null
07-27 05:14:33.238  1306  1306 D SsBaseTemplateCard: Passed-in item info is null
07-27 05:14:33.238  1306  1306 D SsBaseTemplateCard: Passed-in item info is null
07-27 05:14:33.238  1306  1306 I SsBaseTemplateCard: Secondary card pane is null
07-27 05:14:33.239   820   820 D SsMediaDataProvider: Forwarding Smartspace updates []
07-27 05:14:33.239   820   820 W PageIndicator: Total number of pages invalid: 0. Assuming 1 page.
07-27 05:14:33.275  1370  1593 W LatinCommonCountersMetricsProcessor: LatinCommonCountersMetricsProcessor$DelightProblemReporter.run():834 Missing LM for 'en'
07-27 05:14:33.426  3315  3346 D EGL_emulation: app_time_stats: avg=500.66ms min=500.39ms max=500.94ms count=2
07-27 05:14:34.237   384  3508 D android.hardware.audio@7.1-impl.ranchu: threadLoop: entering standby, frames: 657152
07-27 05:14:34.427  3315  3346 D EGL_emulation: app_time_stats: avg=500.81ms min=499.65ms max=501.98ms count=2
07-27 05:14:35.928  3315  3346 D EGL_emulation: app_time_stats: avg=500.17ms min=498.09ms max=502.90ms count=3
07-27 05:14:37.427  3315  3346 D EGL_emulation: app_time_stats: avg=499.60ms min=498.43ms max=500.50ms count=3
07-27 05:14:38.925  3315  3346 D EGL_emulation: app_time_stats: avg=499.37ms min=499.29ms max=499.46ms count=3
07-27 05:14:39.941  3315  3346 D EGL_emulation: app_time_stats: avg=507.74ms min=501.50ms max=513.99ms count=2
07-27 05:14:40.738  3315  3315 E FrameTracker: force finish cuj, time out: J<IME_INSETS_SHOW_ANIMATION::0@1@com.mediology.sinsinapp>
07-27 05:14:40.943  3315  3346 D EGL_emulation: app_time_stats: avg=500.96ms min=500.41ms max=501.51ms count=2
07-27 05:14:41.192  1044  3127 I NearbyMediums: No BLE Fast/GATT advertisements found in the latest cycle.
07-27 05:14:41.945  3315  3346 D EGL_emulation: app_time_stats: avg=500.79ms min=500.32ms max=501.26ms count=2
07-27 05:14:43.055   576  1307 D CoreBackPreview: Window{1a7be90 u0 PopupWindow:d10c094}: Setting back callback OnBackInvokedCallbackInfo{mCallback=android.window.IOnBackInvokedCallback$Stub$Proxy@16bdf8e, mPriority=0, mIsAnimationCallback=false}
07-27 05:14:43.117  3315  3315 W WindowOnBackDispatcher: sendCancelIfRunning: isInProgress=false callback=android.view.ViewRootImpl$$ExternalSyntheticLambda11@98d0083
07-27 05:14:43.121   576  2013 D CoreBackPreview: Window{1a7be90 u0 PopupWindow:d10c094}: Setting back callback null
07-27 05:14:43.129   576  1307 W InputManager-JNI: Input channel object '1a7be90 PopupWindow:d10c094 (client)' was disposed without first being removed with the input manager!
07-27 05:14:43.442  3315  3346 D EGL_emulation: app_time_stats: avg=499.11ms min=498.11ms max=500.15ms count=3
07-27 05:14:44.443  3315  3346 D EGL_emulation: app_time_stats: avg=500.47ms min=498.26ms max=502.67ms count=2
07-27 05:14:45.396   576   593 D OomAdjuster: Not killing cached processes
07-27 05:14:45.396  1571  1571 D BoundBrokerSvc: onUnbind: Intent { act=com.google.firebase.dynamiclinks.service.START pkg=com.google.android.gms }
07-27 05:14:45.943  3315  3346 D EGL_emulation: app_time_stats: avg=500.10ms min=498.69ms max=500.85ms count=3
07-27 05:14:47.458  3315  3346 D EGL_emulation: app_time_stats: avg=505.00ms min=499.62ms max=515.66ms count=3
07-27 05:14:48.793  3315  3315 W ReactEditText: Can not attach listener because field `mListeners` not found: No field mListeners in class Lcom/facebook/react/views/textinput/ReactEditText; (declaration of 'com.facebook.react.views.textinput.ReactEditText' appears in /data/app/~~T93ezTjbxBbsJRS8KOfcCA==/com.mediology.sinsinapp-3n8TehE9cPS1H3Ob-w8QRA==/base.apk!classes7.dex). Attaching to the end...
07-27 05:14:48.793  3315  3315 I ThemedReactContext: KeyboardController::focusDidSet
07-27 05:14:48.796  3315  3315 I ThemedReactContext: KeyboardController::keyboardWillShow
07-27 05:14:48.797  3315  3315 I ThemedReactContext: KeyboardController::keyboardDidShow
07-27 05:14:48.799  3315  3315 I ImeTracker: com.mediology.sinsinapp:39a58c9e: onRequestShow at ORIGIN_CLIENT reason SHOW_SOFT_INPUT fromUser true
07-27 05:14:48.799  3315  3315 D InputMethodManager: showSoftInput() view=com.facebook.react.views.textinput.ReactEditText{bd3b9e2 VFED..CL. .F.P..ID 44,266-930,328 #770 aid=1073741838} flags=0 reason=SHOW_SOFT_INPUT
07-27 05:14:48.800   576   695 I ImeTracker: com.mediology.sinsinapp:1f3ff44f: onRequestShow at ORIGIN_SERVER reason ATTACH_NEW_INPUT fromUser false
07-27 05:14:48.801  1370  1370 I GoogleInputMethodService: GoogleInputMethodService.onFinishInputView():2393 
07-27 05:14:48.803  3315  3346 D EGL_emulation: app_time_stats: avg=448.02ms min=345.23ms max=500.22ms count=3
07-27 05:14:48.805  3315  3315 W RemoteInputConnectionImpl: requestCursorUpdates on inactive InputConnection
07-27 05:14:48.811  1370  1370 W TooltipLifecycleManager: TooltipLifecycleManager.dismissTooltips():152 Tooltip with id spell_check_add_to_dictionary not found in tooltipManager.
07-27 05:14:48.816   422   509 D audioserver: logFgsApiBegin: FGS Logger Transaction failed, -129
07-27 05:14:48.816   576  1307 W AS.PlaybackActivityMon: No piid assigned for invalid/internal port id 15
07-27 05:14:48.838  1370  1370 I AndroidIME: AbstractIme.onDeactivate():202 PasswordIme.onDeactivate()
07-27 05:14:48.840  3315  3315 I ImeTracker: com.mediology.sinsinapp:c8aba969: onRequestShow at ORIGIN_CLIENT reason SHOW_SOFT_INPUT fromUser false
07-27 05:14:48.840  3315  3315 D InputMethodManager: showSoftInput() view=com.facebook.react.views.textinput.ReactEditText{bd3b9e2 VFED..CL. .F.P.... 44,266-930,328 #770 aid=1073741838} flags=0 reason=SHOW_SOFT_INPUT
07-27 05:14:48.841  1370  1370 I GoogleInputMethodService: GoogleInputMethodService.onFinishInput():3157 
07-27 05:14:48.841  1370  1370 I GoogleInputMethodService: GoogleInputMethodService.updateDeviceLockedStatus():2248 repeatCheckTimes = 0, locked = false
07-27 05:14:48.841  1370  1370 I GoogleInputMethodService: GoogleInputMethodService.onStartInput():1986 onStartInput(EditorInfo{EditorInfo{packageName=com.mediology.sinsinapp, inputType=21, inputTypeString=EmailAddress, enableLearning=true, autoCorrection=false, autoComplete=true, imeOptions=8000006, privateImeOptions=null, actionName=DONE, actionLabel=null, initialSelStart=0, initialSelEnd=0, initialCapsMode=0, label=null, fieldId=1904, fieldName=null, extras=Bundle[mParcelledData.dataSize=404], hintText=non-empty, hintLocales=[]}}, false)
07-27 05:14:48.842  1370  1370 I GoogleInputMethodService: GoogleInputMethodService.updateDeviceLockedStatus():2248 repeatCheckTimes = 1, locked = false
07-27 05:14:48.842  1370  1370 I AndroidIME: InputBundleManager.loadActiveInputBundleId():450 loadActiveInputBundleId: en-US, ime_english_united_states
07-27 05:14:48.843  1370  1370 I HardKeyTracker: HardKeyTracker.registerKeySequence():139 Register key sequence lnk{labelResId=2132019800, callback=gnd@7748e2b, lastModifier=0, keyCodes=[57, 57], actions=[1, 0]}
07-27 05:14:48.843  1370  1370 I HardKeyTracker: HardKeyTracker.registerKeySequence():139 Register key sequence lnk{labelResId=0, callback=gnd@fd34046, lastModifier=0, keyCodes=[58, 58], actions=[1, 0]}
07-27 05:14:48.843   576  1307 W PackageConfigPersister: App-specific configuration not found for packageName: com.mediology.sinsinapp and userId: 0
07-27 05:14:48.843  1370  1370 I GoogleInputMethodService: GoogleInputMethodService.onStartInputView():2098 onStartInputView(EditorInfo{EditorInfo{packageName=com.mediology.sinsinapp, inputType=21, inputTypeString=EmailAddress, enableLearning=true, autoCorrection=false, autoComplete=true, imeOptions=8000006, privateImeOptions=null, actionName=DONE, actionLabel=null, initialSelStart=0, initialSelEnd=0, initialCapsMode=0, label=null, fieldId=1904, fieldName=null, extras=Bundle[{android.support.text.emoji.emojiCompat_metadataVersion=9, androidx.core.view.inputmethod.EditorInfoCompat.STYLUS_HANDWRITING_ENABLED=true, android.support.text.emoji.emojiCompat_replaceAll=false}], hintText=non-empty, hintLocales=[]}}, false)
07-27 05:14:48.843  1370  1370 I GoogleInputMethodService: GoogleInputMethodService.updateDeviceLockedStatus():2248 repeatCheckTimes = 1, locked = false
07-27 05:14:48.844  1370  1370 I KeyboardHeightUtil: KeyboardHeightUtil.getOemKeyboardHeightRatio():206 systemKeyboardHeightRatio:1.000000.
07-27 05:14:48.851  1370  1370 I LatinIme: LatinIme.<init>():377 Language = en-US
07-27 05:14:48.881  1370  1370 I Delight5Facilitator: Delight5Facilitator.initializeForIme():747 initializeForIme() : Locale = [en_US], layout = qwerty
07-27 05:14:48.883  1370  1370 I Delight5Facilitator: Delight5Facilitator.resetDecoder():919 resetDecoder() : Locale = [en_US]
07-27 05:14:48.884   576  1307 D FileUtils: Rounded bytes from 2070597632 to 4000000000
07-27 05:14:48.895  1370  1370 I Delight5Decoder: Delight5DecoderWrapper.createOrResetDecoder():373 Decoder reset
07-27 05:14:48.925  1370  1694 I MainLanguageModelLoader: MainLanguageModelLoader.call():139 Running LM loader for [en_US]
07-27 05:14:48.930  1370  1370 I AndroidIME: AbstractIme.onActivate():89 LatinIme.onActivate() : EditorInfo = EditorInfo{packageName=com.mediology.sinsinapp, inputType=21, inputTypeString=EmailAddress, enableLearning=true, autoCorrection=false, autoComplete=true, imeOptions=8000006, privateImeOptions=null, actionName=DONE, actionLabel=null, initialSelStart=0, initialSelEnd=0, initialCapsMode=0, label=null, fieldId=1904, fieldName=null, extras=Bundle[{android.support.text.emoji.emojiCompat_metadataVersion=9, androidx.core.view.inputmethod.EditorInfoCompat.STYLUS_HANDWRITING_ENABLED=true, android.support.text.emoji.emojiCompat_replaceAll=false}], hintText=non-empty, hintLocales=[]}, IncognitoMode = false, DeviceLocked = false
07-27 05:14:48.933  1370  1593 I NetworkInfoNotification: NetworkInfoNotification$Listener.onReceive():107 onNetworkAvailable: networkState = METERED, isAirplaneModeOn = false
07-27 05:14:48.934  1370  1370 I VoiceInputHandler: VoiceInputHandler.onActivateIme():99 registering TalkbackStateListener
07-27 05:14:48.935  1370  1694 I DelightDataFileManagerLanguageModelProvider: DelightDataFileManagerLanguageModelProvider.fetchLanguageModel():76 find data en-840 mdd
07-27 05:14:48.939  1370  1694 I SuperDelight: SuperDelightManager.syncBundledLanguageModels():729 syncBundledLanguageModels(): clearing bundled_delight selection
07-27 05:14:48.939  1370  1694 I LmManager: LmManager.asyncUpdateEnabledLanguageModels():96 asyncUpdateEnabledLanguageModels()
07-27 05:14:48.940  1370  1694 I SuperDelight: SuperDelightManager.initializeOverridesSuperpacks():400 initializeOverridesSuperpacks()
07-27 05:14:48.940  1370  1370 I VoiceInputManagerWrapper: VoiceInputManagerWrapper.cancelShutdown():102 cancelShutdown()
07-27 05:14:48.940  1370  1370 I VoiceInputManagerWrapper: VoiceInputManagerWrapper.syncLanguagePacks():114 syncLanguagePacks()
07-27 05:14:48.941  1370  1694 I DelightKLPDownloader: DelightKLPDownloader.downloadKLPInternal():185 downloading KLP for en_840
07-27 05:14:48.941  1370  1694 I ManifestedDataDownloader: ManifestedDataDownloader.download():57 downloading manifest https://www.gstatic.com/android/keyboard/dictionarypack/2024070918/metadata.json-perlang/en-840.json?v=2024071002
07-27 05:14:48.943  1370  1370 I LatinIme: LatinIme.updateEnableInlineSuggestionsOnDecoderSideFlags():1174 inline flag updated to:false
07-27 05:14:48.944  1370  3817 I SpeechFactory: SpeechRecognitionFactory.maybeScheduleAutoPackDownloadForFallback():200 maybeScheduleAutoPackDownloadForFallback()
07-27 05:14:48.944  1370  3817 I FallbackOnDeviceRecognitionProvider: FallbackOnDeviceRecognitionProvider.maybeScheduleAutoPackDownload():197 maybeScheduleAutoPackDownload() for language tag en-US
07-27 05:14:48.944  1370  1694 I DelightDataFileManagerLanguageModelProvider: DelightDataFileManagerLanguageModelProvider.fetchLanguageModel():76 find data en-US bundled_delight
07-27 05:14:48.944  1370  3641 I DownloadManager: DownloadManager.downloadInternal():390 Download for __KLP_manifest_delight__en-840 scheduled with params DownloadParams{allowMetered=true, requireCharging=false, foreground=false, immediately=true, priority=0}
07-27 05:14:48.944  1370  3641 I DownloadManager: DownloadManager.startDownload():484 start download of __KLP_manifest_delight__en-840
07-27 05:14:48.945  1370  1694 I LmManager: LmManager.asyncUpdateEnabledLanguageModels():96 asyncUpdateEnabledLanguageModels()
07-27 05:14:48.945  1370  1694 I SuperDelight: SuperDelightManager.initializeOverridesSuperpacks():400 initializeOverridesSuperpacks()
07-27 05:14:48.945  1370  1694 I DelightKLPDownloader: DelightKLPDownloader.downloadKLPInternal():185 downloading KLP for en_840
07-27 05:14:48.945  1370  1694 I ManifestedDataDownloader: ManifestedDataDownloader.download():57 downloading manifest https://www.gstatic.com/android/keyboard/dictionarypack/2024070918/metadata.json-perlang/en-840.json?v=2024071002
07-27 05:14:48.945  1370  1688 I Delight5Decoder: Delight5DecoderWrapper.loadLanguageModel():730 loadLanguageModel() : 1, version [2024070900]
07-27 05:14:48.945  1370  1694 I MainLanguageModelLoader: MainLanguageModelLoader.updateLmAvailableState():349 updateLmAvailableState(): locale? en_US prevState? AVAILABLE
07-27 05:14:48.946  1370  1694 I MainLanguageModelLoader: MainLanguageModelLoader.updateLmAvailableState():385 updateLmAvailableState(): locale? en_US newState? AVAILABLE
07-27 05:14:48.946  1370  3554 I SuperDelight: SuperDelightManager.initializeBundledDelightSuperpacks():374 initializeBundledDelightSuperpacks()
07-27 05:14:48.946  1370  1694 I Delight5Facilitator: BlocklistLoader.call():39 Running blocklist loader
07-27 05:14:48.948  1370  1694 I Delight5Facilitator: ContactsLanguageModelLoader.call():37 Running contacts language model loader
07-27 05:14:48.948  1370  1694 I Delight5Facilitator: ContactsLanguageModelLoader.call():49 Contacts language model is unloaded: preferences=false, deviceLocked=false, blockPersonalData=false
07-27 05:14:48.948  1370  1694 I Delight5Facilitator: PersonalLanguageModelLoader.call():47 Running personal language model loader
07-27 05:14:48.950  1370  1694 I Delight5Facilitator: UserHistoryLanguageModelLoader.call():84 Running user history language model loader
07-27 05:14:48.951  1370  3641 I DownloadManager: DownloadManager.downloadInternal():390 Download for __KLP_manifest_delight__en-840 scheduled with params DownloadParams{allowMetered=true, requireCharging=false, foreground=false, immediately=true, priority=0}
07-27 05:14:48.951  1370  3641 I DownloadManager: DownloadManager.startDownload():484 start download of __KLP_manifest_delight__en-840
07-27 05:14:48.951  1370  1694 I EmojiSuperpacksManager: EmojiSuperpacksManager.triggerSync():382 triggerSync() : isBundled = false
07-27 05:14:48.952  1370  1694 I EmojiSuperpacksManager: EmojiSuperpacksManager.triggerSync():382 triggerSync() : isBundled = true
07-27 05:14:48.952  1370  1694 I EmojiShortcutsLoader: EmojiShortcutsLoader.getEmojiShortcuts():132 Emoji shortcut file does not exist.
07-27 05:14:48.952  1370  1694 I EmojiShortcutsLoader: EmojiShortcutsLoader.call():71 0 emoji shortcut maps loaded.
07-27 05:14:48.952  1370  1694 I EmojiShortcutsLoader: EmojiShortcutsLoader.call():82 Finished loading emoji shortcuts
07-27 05:14:48.952  1370  1694 I Delight5Facilitator: EmailLanguageModelLoader.call():32 Running email language model loader
07-27 05:14:48.953  1370  3641 I DownloadManager: DownloadManager.downloadInternal():390 Download for __KLP_delight__en-840 scheduled with params DownloadParams{allowMetered=false, requireCharging=false, foreground=false, immediately=false, priority=500}
07-27 05:14:48.953  1370  1694 I Delight5Facilitator: KeyCorrectionTfliteModelLoader.call():31 Running Key Correction Tflite Model loader
07-27 05:14:48.953  1370  1694 I Delight5Facilitator: RankingModelLoader.call():30 Running Ranking Model loader
07-27 05:14:48.956  1370  3641 I DownloadManager: DownloadManager.downloadInternal():390 Download for __KLP_delight__en-840 scheduled with params DownloadParams{allowMetered=false, requireCharging=false, foreground=false, immediately=false, priority=500}
07-27 05:14:48.966  1370  3555 I SuperDelight: SuperDelightManager.initializeBundledDelightSuperpacks():374 initializeBundledDelightSuperpacks()
07-27 05:14:48.967  1370  3554 I SuperDelight: SuperDelightManager.lambda$syncOverridesLanguageModels$14():683 SuperDelightManager#syncOverridesLanguageModels(): Superpack delight_overrides not found or negative version provided
07-27 05:14:48.967  1370  3555 I SuperDelight: SuperDelightManager.lambda$syncOverridesLanguageModels$14():683 SuperDelightManager#syncOverridesLanguageModels(): Superpack delight_overrides not found or negative version provided
07-27 05:14:48.972  1370  1595 I SP      : Registering bundled_delight.2024043000, url: null, constraints: *:*:*:*, flags: *, requested: 2024043000, current: 2024043000
07-27 05:14:48.972  1370  1595 I SP      : Registering bundled_emoji.2024051320, url: null, constraints: m:*:*:*, flags: *, requested: 2024051320, current: 2024051320
07-27 05:14:48.974  1370  1694 I CrankEngineLocales: CrankEngineLocales.getLocaleToUseForCrankEngine():66 Using locale en_US for emoji prediction
07-27 05:14:48.974  1370  1694 I CrankEngineLocales: CrankEngineLocales.getLocaleToUseForCrankEngine():66 Using locale en_US for emoji prediction
07-27 05:14:48.974  1370  1694 I CrankEngineLocales: CrankEngineLocales.getLocaleToUseForCrankEngine():66 Using locale en_US for emoji prediction
07-27 05:14:48.974  1370  1595 I SP      : Registering kc_tflite_model.2024052201, url: https://www.gstatic.com/android/keyboard/kc_triggering_model/superpacks-manifest-20240423_102657.json, constraints: W:*:*:*, flags: bg, requested: 2024052201, current: -1
07-27 05:14:48.974  1370  1595 I SP      : Registering kc_tflite_model.2024052201, url: https://www.gstatic.com/android/keyboard/kc_triggering_model/superpacks-manifest-20240423_102657.json, constraints: W:*:*:*, flags: bg, requested: 2024052201, current: -1
07-27 05:14:48.974  1370  1595 I SP      : Registering kc_tflite_model.2024052201, url: https://www.gstatic.com/android/keyboard/kc_triggering_model/superpacks-manifest-20240423_102657.json, constraints: W:*:*:*, flags: bg, requested: 2024052201, current: -1
07-27 05:14:48.975  1370  1595 I SP      : Registering kc_tflite_model.2024052201, url: https://www.gstatic.com/android/keyboard/kc_triggering_model/superpacks-manifest-20240423_102657.json, constraints: W:*:*:*, flags: bg, requested: 2024052201, current: -1
07-27 05:14:48.975  1370  1595 I SP      : Registering kc_tflite_model.2024052201, url: https://www.gstatic.com/android/keyboard/kc_triggering_model/superpacks-manifest-20240423_102657.json, constraints: W:*:*:*, flags: bg, requested: 2024052201, current: -1
07-27 05:14:48.975  1370  1595 I SP      : Registering emoji.2024051320, url: https://www.gstatic.com/android/keyboard/modelpack/emoji/20240513200046/superpacks_manifest.zip, constraints: m:*:*:*, flags: *, requested: 2024051320, current: 2024051320
07-27 05:14:48.976  1370  1688 I tflite  : Initialized TensorFlow Lite runtime.
07-27 05:14:48.978  1370  3554 I SuperDelight: SuperDelightManager$2.onSuccess():631 delight_overrides sync success, adding to data file manager
07-27 05:14:48.978  1370  3555 I SuperDelight: SuperDelightManager$2.onSuccess():631 delight_overrides sync success, adding to data file manager
07-27 05:14:48.979  1370  1595 I SP      : Registering bundled_delight.2024043000, url: null, constraints: *:*:*:*, flags: *, requested: 2024043000, current: 2024043000
07-27 05:14:48.981  1370  1688 W libc    : Access denied finding property "ro.hardware.chipname"
07-27 05:14:48.983  1370  1694 I CrankEngineLocales: CrankEngineLocales.getLocaleToUseForCrankEngine():66 Using locale en_US for emoji prediction
07-27 05:14:48.983  1370  1694 I CrankEngineLocales: CrankEngineLocales.getLocaleToUseForCrankEngine():66 Using locale en_US for emoji prediction
07-27 05:14:48.990  1370  1595 I SP      : Scheduling job with delay of 0s for {W:b:u:l, bg}, 3 candidates
07-27 05:14:48.996  1370  1595 I SP      : Scheduling: download registered, 0 started, 0 paused, 3 scheduled, 3 pending: spell_checker:en_cpu_272adaa02e4841a0e8fe0d7f95b77421 * {W:b:u:l, bg}, manifests:emoticon_content_description-2022081613 * {W:b:u:l, bg}, manifests:kc_tflite_model-2024052201 * {W:b:u:l, bg}
07-27 05:14:48.996  1370  1595 I SuperpacksManagerImpl: SuperpacksManagerImpl$3$1.onFailure():588 kc_tflite_model.registerManifest() cancelled
07-27 05:14:48.996  1370  1595 I SuperpacksManagerImpl: SuperpacksManagerImpl$3$1.onFailure():588 kc_tflite_model.registerManifest() cancelled
07-27 05:14:48.996  1370  1595 I SuperpacksManagerImpl: SuperpacksManagerImpl$3$1.onFailure():588 kc_tflite_model.registerManifest() cancelled
07-27 05:14:48.996  1370  1595 I SuperpacksManagerImpl: SuperpacksManagerImpl$3$1.onFailure():588 kc_tflite_model.registerManifest() cancelled
07-27 05:14:48.996  1370  1595 I EmojiSlicingStrategy: EmojiSlicingStrategy.matchEnabledLocalesWithPackLocales():129 matchEnabledLocalesWithPackLocales() : User enabled 1 locales; returning 1 slices
07-27 05:14:48.997  1370  1595 I SP      : Syncing bundled_emoji (2024051320) with slices: [{7b9ddb0b8c001e17cee03b1edf554b20, m:*:*:*}], metadata: false
07-27 05:14:48.997  1370  1694 I CrankEngineLocales: CrankEngineLocales.getLocaleToUseForCrankEngine():66 Using locale en_US for emoji prediction
07-27 05:14:48.997  1370  3555 I SuperDelight: SuperDelightManager.lambda$syncBundledLanguageModels$16():769 SuperDelightManager#syncBundledLanguageModels(): Syncing for version 2024043000
07-27 05:14:48.999   422   539 D audioserver: logFgsApiEnd: FGS Logger Transaction failed, -129
07-27 05:14:49.000  1370  1595 I EmojiSlicingStrategy: EmojiSlicingStrategy.matchEnabledLocalesWithPackLocales():129 matchEnabledLocalesWithPackLocales() : User enabled 1 locales; returning 1 slices
07-27 05:14:49.000  1370  1595 I SP      : Syncing emoji (2024051320) with slices: [{2ada3c9a4a17d6bb81b1fe8d51502d60, m:*:*:*}], metadata: false
07-27 05:14:49.001  1370  3554 I SuperDelight: SuperDelightManager.lambda$syncBundledLanguageModels$16():769 SuperDelightManager#syncBundledLanguageModels(): Syncing for version 2024043000
07-27 05:14:49.011  1370  1694 I CrankEngineLocales: CrankEngineLocales.getLocaleToUseForCrankEngine():66 Using locale en_US for emoji prediction
07-27 05:14:49.023  1370  1595 I SuperDelight: SuperDelightBundledSlicingStrategy.getSlices():41 BundledSlicing#getSlices() : Locale = [en_US]
07-27 05:14:49.026  1370  1688 I Delight5Decoder: Delight5DecoderWrapper.loadLanguageModel():752 Loaded main LM 1.en
07-27 05:14:49.026  1370  1688 I Delight5Decoder: Delight5DecoderWrapper.loadLanguageModel():730 loadLanguageModel() : 7, version [n/a]
07-27 05:14:49.026  1370  1688 I native  : I0000 00:00:1785096889.026322    1688 blocklist-assembly.cc:126] LoadBlocklist en
07-27 05:14:49.026  1370  1595 I SuperDelight: SuperDelightBundledSlicingStrategy.getSlices():67 BundledSlicing#getSlices(): result {slices=[bundled_delight:main_en_us_2024022600_2], last batch=true, sync metadata=false}
07-27 05:14:49.026  1370  1595 I SP      : Syncing bundled_delight (2024043000) with slices: [main_en_us_2024022600_2], metadata: false
07-27 05:14:49.026  1370  1688 I Delight5Decoder: Delight5DecoderWrapper.loadLanguageModel():771 Loaded dynamic LM 7.en
07-27 05:14:49.026  1370  1688 I Delight5Decoder: Delight5DecoderWrapper.loadLanguageModel():730 loadLanguageModel() : 4, version [n/a]
07-27 05:14:49.027  1370  1370 I InputBundle: InputBundle.consumeEvent():884 Skip consuming an event as keyboard status is 0
07-27 05:14:49.027  1370  1370 I KeyboardWrapper: KeyboardWrapper.activateKeyboard():575 activateKeyboard(): type=prime, status=0, imeDef=ktt{stringId=ime_english_united_states, language=en-US, languageTag=en-US, processedConditions={enable_number_row=false, device=phone}, className=com.google.android.apps.inputmethod.libs.latin5.LatinIme, label=0, keyEventInterpreter=null, inlineComposing=true, autoCapital=true, announceAutoSelectedCandidate=true, statusIcon=0, primeKeyboardType=SOFT, indicatorIcon=0, indicatorLabel=US, displayAppCompletions=true, extraValues=ktl{}, processors=kvl@99ac202, unacceptableMetaKeys=4098, languageSpecificSettings=0, asciiCapable=true, alwaysShowSuggestions=false, useAsciiPasswordKeyboard=false, secondaryIme=null, keyboardGroupDef=kut@940a01f, phenotypeFlagId=0, localizationLanguageTag=null, supportsInlineSuggestion=true, supportsAccessPoints=true}
07-27 05:14:49.027  1370  1593 I NativeLibHelper: NativeLibHelper.loadLibrary():162 Loaded native library:integrated_shared_object (result=true)
07-27 05:14:49.027  1370  1370 I KeyboardManager: KeyboardManager.requestKeyboard():234 Creating keyboard prime, imeId=ime_english_united_states, cacheKey=theme_border_stylesheet_noshadow_gsans_pillkey_silkpopup_hover_light_phone_bottom4dp_navredesign
07-27 05:14:49.028  1370  1370 I KeyboardWrapper: KeyboardWrapper.onKeyboardReady():239 onKeyboardReady(): type=null(prime), kb=com.google.android.apps.inputmethod.latin.keyboard.LatinPrimeKeyboard@14e6935
07-27 05:14:49.028  1370  1370 I KeyboardWrapper: KeyboardWrapper.doActivateKeyboard():606 doActivateKeyboard(): prime
07-27 05:14:49.029  1370  1688 I Delight5Decoder: Delight5DecoderWrapper.loadLanguageModel():771 Loaded dynamic LM 4.en
07-27 05:14:49.030  1370  1688 I Delight5Decoder: Delight5DecoderWrapper.loadLanguageModel():730 loadLanguageModel() : 3, version [n/a]
07-27 05:14:49.033  1370  1688 I Delight5Decoder: Delight5DecoderWrapper.loadLanguageModel():771 Loaded dynamic LM 3.en
07-27 05:14:49.034  1370  1688 I Delight5Decoder: Delight5DecoderWrapper.loadLanguageModel():730 loadLanguageModel() : 20, version [n/a]
07-27 05:14:49.036  1370  1688 I Delight5Decoder: Delight5DecoderWrapper.loadLanguageModel():771 Loaded dynamic LM 20.en
07-27 05:14:49.045  1370  1595 I SuperDelight: SuperDelightBundledSlicingStrategy.getSlices():41 BundledSlicing#getSlices() : Locale = [en_US]
07-27 05:14:49.046  1370  1595 I SuperDelight: SuperDelightBundledSlicingStrategy.getSlices():67 BundledSlicing#getSlices(): result {slices=[bundled_delight:main_en_us_2024022600_2], last batch=true, sync metadata=false}
07-27 05:14:49.046  1370  1595 I SP      : Syncing bundled_delight (2024043000) with slices: [main_en_us_2024022600_2], metadata: false
07-27 05:14:49.066  1370  1370 I KeyboardViewHelper: KeyboardViewHelper.getView():168 Get view with height ratio:1.000000
07-27 05:14:49.073  1044  2092 I FontLog : Received query Google Sans Text, URI content://com.google.android.gms.fonts [CONTEXT service_id=132 ]
07-27 05:14:49.073  1370  1370 I KeyboardHeightUtil: KeyboardHeightUtil.calculateMaxKeyboardBodyHeight():45 leave 281 height for app when ime window height:2142, header height:116 and isFullscreenMode:false, so the max keyboard body height is:1745
07-27 05:14:49.073  1370  1370 W KeyboardDef: KeyboardDef.getKeyboardViewDef():757 KeyboardViewDef is not found: keyboardDef=kuo{processedConditions={enable_more_candidates_view_for_multilingual=false, enable_secondary_symbols=false, variant=qwerty, language=en-US, device=phone, expressions=normal, keyboard_mode=normal, show_secondary_digits=true, enable_preemptive_decode=true, rtl_layout=false}, globalConditions={global_theme_key=theme_border_stylesheet_noshadow_gsans_pillkey_silkpopup_hover_light_phone_bottom4dp_navredesign, global_locale=en_US, global_density_dpi=420, global_orientation=1}, className=.latin.keyboard.LatinPrimeKeyboard, resourceIds=[#0x7f170663, #0x7f1708e0], initialStates=0, keyboardViewDefs=[kvb{direction=null, id=#0x7f0b014d, isScalable=true, layoutId=#0x7f0e039d, type=BODY, touchable=true, defaultShow=true}, kvb{direction=null, id=#0x7f0b014d, isScalable=false, layoutId=#0x7f0e01aa, type=FLOATING_CANDIDATES, touchable=false, defaultShow=false}, kvb{direction=LOCALE, id=#0x7f0b014d, isScalable=false, layoutId=#0x7f0e0591, type=HEADER, touchable=true, defaultShow=true}], persistentStates=0, persistentStatesPrefKey=null, popupBubbleLayoutId=#0x7f0e068d, recentKeyLayoutId=0, recentKeyPopupLayoutId=0, recentKeyType=null, rememberRecentKey=NONE, sessionStates=17592186044419}, type=WIDGET, id=2131427661
07-27 05:14:49.074  1370  1370 W Keyboard: Keyboard.getKeyboardViewHelper():574 null helper is returned: keyboardDef=kuo{processedConditions={enable_more_candidates_view_for_multilingual=false, enable_secondary_symbols=false, variant=qwerty, language=en-US, device=phone, expressions=normal, keyboard_mode=normal, show_secondary_digits=true, enable_preemptive_decode=true, rtl_layout=false}, globalConditions={global_theme_key=theme_border_stylesheet_noshadow_gsans_pillkey_silkpopup_hover_light_phone_bottom4dp_navredesign, global_locale=en_US, global_density_dpi=420, global_orientation=1}, className=.latin.keyboard.LatinPrimeKeyboard, resourceIds=[#0x7f170663, #0x7f1708e0], initialStates=0, keyboardViewDefs=[kvb{direction=null, id=#0x7f0b014d, isScalable=true, layoutId=#0x7f0e039d, type=BODY, touchable=true, defaultShow=true}, kvb{direction=null, id=#0x7f0b014d, isScalable=false, layoutId=#0x7f0e01aa, type=FLOATING_CANDIDATES, touchable=false, defaultShow=false}, kvb{direction=LOCALE, id=#0x7f0b014d, isScalable=false, layoutId=#0x7f0e0591, type=HEADER, touchable=true, defaultShow=true}], persistentStates=0, persistentStatesPrefKey=null, popupBubbleLayoutId=#0x7f0e068d, recentKeyLayoutId=0, recentKeyPopupLayoutId=0, recentKeyType=null, rememberRecentKey=NONE, sessionStates=17592186044419}, type=WIDGET, helpersCreated=[kib@2976365, kib@fdc483a, kib@5a89ceb, null], context.getResources().getConfiguration(): {1.0 310mcc260mnc [en_US] ldltr sw411dp w411dp h914dp 420dpi nrml long port finger qwerty/v/v dpad/v winConfig={ mBounds=Rect(0, 0 - 1080, 2400) mAppBounds=Rect(0, 0 - 1080, 2400) mMaxBounds=Rect(0, 0 - 1080, 2400) mDisplayRotation=ROTATION_0 mWindowingMode=fullscreen mActivityType=undefined mAlwaysOnTop=undefined mRotation=ROTATION_0} as.2 s.34 fontWeightAdjustment=0}
07-27 05:14:49.074  1044  2092 I FontLog : Query [Google Sans Text] resolved to {Google Sans Text, wdth 100.0, wght 400, ital 0.0, bestEffort false} [CONTEXT service_id=132 ]
07-27 05:14:49.077  1044  2092 I FontLog : Font PFD returned from cache for {Google Sans Text, wdth 100.0, wght 400, ital 0.0, bestEffort false} [CONTEXT service_id=132 ]
07-27 05:14:49.077  1044  2092 I FontLog : Fetch {Google Sans Text, wdth 100.0, wght 400, ital 0.0, bestEffort false} end status Status{statusCode=SUCCESS, resolution=null} [CONTEXT service_id=132 ]
07-27 05:14:49.078  1370  1370 I KeyboardHeightUtil: KeyboardHeightUtil.calculateMaxKeyboardBodyHeight():45 leave 281 height for app when ime window height:2142, header height:116 and isFullscreenMode:false, so the max keyboard body height is:1745
07-27 05:14:49.081  1044  1057 I FontLog : Pulling font file for id = 11, cache size = 6 [CONTEXT service_id=132 ]
07-27 05:14:49.087  1370  1370 I GoogleInputMethodService: GoogleInputMethodService.startInputIfInputViewStarted():3728 startInputIfInputViewStarted(): default prime
07-27 05:14:49.087  1370  1370 I KeyboardModeManager: KeyboardModeManager.setInputViewKeyboardViewHolderProvider():625 setInputView() : supportsOneHandedMode=true supportsSplitMode=true
07-27 05:14:49.087  1370  1370 I NormalModeController: NormalModeController.getKeyboardBodyViewHolderPaddingBottom():104 currentPrimeKeyboardType:SOFT systemPaddingBottom:-1
07-27 05:14:49.087  1370  1370 I KeyboardHeightUtil: KeyboardHeightUtil.calculateMaxKeyboardBodyHeight():45 leave 281 height for app when ime window height:2142, header height:116 and isFullscreenMode:false, so the max keyboard body height is:1745
07-27 05:14:49.087  1370  1370 I KeyboardHeightUtil: KeyboardHeightUtil.calculateMaxKeyboardBodyHeight():45 leave 281 height for app when ime window height:2142, header height:116 and isFullscreenMode:false, so the max keyboard body height is:1745
07-27 05:14:49.087  1370  1370 I KeyboardHeightUtil: KeyboardHeightUtil.calculateMaxKeyboardBodyHeight():45 leave 281 height for app when ime window height:2142, header height:116 and isFullscreenMode:false, so the max keyboard body height is:1745
07-27 05:14:49.088  1370  1370 I KeyboardHeightUtil: KeyboardHeightUtil.calculateMaxKeyboardBodyHeight():45 leave 281 height for app when ime window height:2142, header height:116 and isFullscreenMode:false, so the max keyboard body height is:1745
07-27 05:14:49.088  1370  1370 I NormalModeController: NormalModeController.getKeyboardBodyViewHolderPaddingBottom():104 currentPrimeKeyboardType:SOFT systemPaddingBottom:-1
07-27 05:14:49.089  1370  1370 I KeyboardHeightUtil: KeyboardHeightUtil.calculateMaxKeyboardBodyHeight():45 leave 281 height for app when ime window height:2142, header height:116 and isFullscreenMode:false, so the max keyboard body height is:1745
07-27 05:14:49.089  1370  1370 I KeyboardHeightUtil: KeyboardHeightUtil.calculateMaxKeyboardBodyHeight():45 leave 281 height for app when ime window height:2142, header height:116 and isFullscreenMode:false, so the max keyboard body height is:1745
07-27 05:14:49.090  1370  1370 I KeyboardModeManager: KeyboardModeManager.setInputViewKeyboardViewHolderProvider():613 setInputView() : supportsOneHandedMode=true, supportSplitMode=true
07-27 05:14:49.092  1370  1370 I CrowdsourceExtension: CrowdsourceExtension.checkIfDefaultBrowserIsAllowed():110 Failed to get default browser. The default browser may be deactived.
07-27 05:14:49.092  1370  1370 I AccessoryInputModeManager: AccessoryInputModeManager.onModeStarted():308 Accessory input mode started: null
07-27 05:14:49.092  1370  1370 W SupplementaryKeyboardsWrapper: SupplementaryKeyboardsWrapper.deactivateKeyboard():159 keyboard accessory_candidates_consumer is not activated before!
07-27 05:14:49.093  1370  1370 I HardKeyTracker: HardKeyTracker.unregisterKeySequence():183 Unregister key sequence lnk{labelResId=2132019804, callback=cfr@b9ccb1, lastModifier=2, keyCodes=[48], actions=[0]}
07-27 05:14:49.093  1370  1370 I HardKeyTracker: HardKeyTracker.registerKeySequence():139 Register key sequence lnk{labelResId=2132019804, callback=cfr@bcd1b54, lastModifier=2, keyCodes=[48], actions=[0]}
07-27 05:14:49.093  1370  1370 I CurrentMicStatusHolder: CurrentMicStatusHolder.onStartInputView():81 Current Mic status = {MicIconHidden-EmailInputType,}
07-27 05:14:49.093  1370  1370 I VoiceImeExtension: VoiceImeExtension.shouldStartVoiceInputAutomaticallyInCurrentInputBox():415 No private IME option set to start voice input.
07-27 05:14:49.096  1571  1571 D BoundBrokerSvc: onBind: Intent { act=com.google.firebase.dynamiclinks.service.START pkg=com.google.android.gms }
07-27 05:14:49.096  1571  1571 D BoundBrokerSvc: Loading bound service for intent: Intent { act=com.google.firebase.dynamiclinks.service.START pkg=com.google.android.gms }
07-27 05:14:49.104  1370  1370 I StylusModule: StylusModule.onUpdateToolType():770 Update tool type = 0
07-27 05:14:49.104  1370  1595 I SP      : Sync for bundled_emoji succeeded in 109 ms: no changes
07-27 05:14:49.105  1370  1595 I SP      : Sync for emoji succeeded in 109 ms: {added: [2ada3c9a4a17d6bb81b1fe8d51502d60], metadata: false
07-27 05:14:49.105  1370  1370 I WindowMetricsNotification: WindowMetricsNotification.notifyWithWindow():113 
07-27 05:14:49.105  1370  1370 I WindowMetricsNotification: WindowMetricsNotification.notify():106 WindowMetricsNotification{bounds=Rect(0, 132 - 1080, 2400), insets=Rect(0, 0 - 0, 126), densityDpi=420, smallestScreenWidthDp=411, displayWidth=1080, displayHeight=2400, xdpi=420.0, ydpi=420.0}; DisplayMetrics{density=2.625, width=1080, height=2400, scaledDensity=2.625, xdpi=420.0, ydpi=420.0}
07-27 05:14:49.107   576   593 D ImeInsetsSourceProvider: showImePostLayout cancelled, isScheduledAndReadyToShowIme: true, mImeRequester: Window{d9e5c2e u0 com.mediology.sinsinapp/com.mediology.sinsinapp.MainActivity}, serverVisible: true, frozen: false, mWindowContainer is: non-null, windowState: Window{c3714a5 u0 InputMethod}, isDrawn: true, mGivenInsetsPending: false, dcTarget: Window{d9e5c2e u0 com.mediology.sinsinapp/com.mediology.sinsinapp.MainActivity}, controlTarget: Window{d9e5c2e u0 com.mediology.sinsinapp/com.mediology.sinsinapp.MainActivity}
07-27 05:14:49.107   576   593 D ImeInsetsSourceProvider: controlTarget == DisplayContent.controlTarget: true, hasPendingControls: false, leash is: non-null, isImeLayeringTarget: true, isAboveImeLayeringTarget: false, isImeFallbackTarget: false, isImeInputTarget: true, sameAsImeControlTarget: true
07-27 05:14:49.107   576   593 I ImeTracker: com.mediology.sinsinapp:1f3ff44f: onCancelled at PHASE_WM_SHOW_IME_RUNNER
07-27 05:14:49.108  1370  1370 I KeyboardHeightUtil: KeyboardHeightUtil.calculateMaxKeyboardBodyHeight():45 leave 281 height for app when ime window height:2142, header height:116 and isFullscreenMode:false, so the max keyboard body height is:1745
07-27 05:14:49.108  1370  1370 I WindowMetricsNotification: WindowMetricsNotification.notifyWithWindow():113 
07-27 05:14:49.108  1370  1370 I WindowMetricsNotification: WindowMetricsNotification.notify():106 WindowMetricsNotification{bounds=Rect(0, 132 - 1080, 2400), insets=Rect(0, 0 - 0, 126), densityDpi=420, smallestScreenWidthDp=411, displayWidth=1080, displayHeight=2400, xdpi=420.0, ydpi=420.0}; DisplayMetrics{density=2.625, width=1080, height=2400, scaledDensity=2.625, xdpi=420.0, ydpi=420.0}
07-27 05:14:49.109  1370  1370 W View    : requestLayout() improperly called by com.google.android.libraries.inputmethod.widgets.SoftKeyView{301c6a1 VFE...C.. ......ID 5,0-115,116 #7f0b039a app:id/key_pos_header_access_points_menu} during layout: running second layout pass
07-27 05:14:49.109  1370  1370 W View    : requestLayout() improperly called by com.google.android.libraries.inputmethod.widgets.CopyImageSourceView{3ccd0c6 V.ED..... ......ID 5,0-1075,116 #7f0b0134 app:id/0_resource_name_obfuscated} during layout: running second layout pass
07-27 05:14:49.109  1370  1370 W View    : requestLayout() improperly called by android.widget.LinearLayout{4f56887 V.E...... ......ID 115,0-965,116 #7f0b0281 app:id/0_resource_name_obfuscated} during layout: running second layout pass
07-27 05:14:49.109  1370  1370 W View    : requestLayout() improperly called by android.widget.LinearLayout{1c0d3b4 V.E...... ......ID 965,0-965,116 #7f0b0280 app:id/0_resource_name_obfuscated} during layout: running second layout pass
07-27 05:14:49.109  1370  1370 W View    : requestLayout() improperly called by com.google.android.libraries.inputmethod.widgets.SoftKeyView{d32bdd VFE...C.. ......ID 965,0-1075,116 #7f0b03a3 app:id/key_pos_header_power_key} during layout: running second layout pass
07-27 05:14:49.109  1370  1370 I KeyboardHeightUtil: KeyboardHeightUtil.calculateMaxKeyboardBodyHeight():45 leave 281 height for app when ime window height:2142, header height:116 and isFullscreenMode:false, so the max keyboard body height is:1745
07-27 05:14:49.114  3315  3315 D InsetsController: show(ime(), fromIme=true)
07-27 05:14:49.114  3315  3315 I ImeTracker: com.mediology.sinsinapp:39a58c9e: onCancelled at PHASE_CLIENT_APPLY_ANIMATION
07-27 05:14:49.117  3315  3315 D InsetsController: show(ime(), fromIme=true)
07-27 05:14:49.117  3315  3315 I ImeTracker: com.mediology.sinsinapp:c8aba969: onCancelled at PHASE_CLIENT_APPLY_ANIMATION
07-27 05:14:49.128  1370  1370 I GoogleInputMethodService: GoogleInputMethodService$1.onKeyboardViewShown():494 onKeyboardViewShown: keyboardType=prime, keyboardViewType=HEADER keyboardView=com.google.android.libraries.inputmethod.widgets.SoftKeyboardView{5f773cc V.E...... ........ 0,0-1080,116}
07-27 05:14:49.128  1370  1370 I GoogleInputMethodService: GoogleInputMethodService$1.onKeyboardViewShown():494 onKeyboardViewShown: keyboardType=prime, keyboardViewType=BODY keyboardView=com.google.android.libraries.inputmethod.widgets.SoftKeyboardView{281a59c V.E...... ........ 0,0-1080,641}
07-27 05:14:49.128  1370  1370 I NewLanguagePromptExtension: NewLanguagePromptExtension$1.onKeyboardViewShown():104 Not show new language banner: no change in enabled input method entries
07-27 05:14:49.128  1370  1370 I WindowMetricsNotification: WindowMetricsNotification.notifyWithWindow():113 
07-27 05:14:49.128  1370  1370 I WindowMetricsNotification: WindowMetricsNotification.notify():106 WindowMetricsNotification{bounds=Rect(0, 132 - 1080, 2400), insets=Rect(0, 0 - 0, 126), densityDpi=420, smallestScreenWidthDp=411, displayWidth=1080, displayHeight=2400, xdpi=420.0, ydpi=420.0}; DisplayMetrics{density=2.625, width=1080, height=2400, scaledDensity=2.625, xdpi=420.0, ydpi=420.0}
07-27 05:14:49.128  1370  1370 I WindowMetricsNotification: WindowMetricsNotification.notifyWithWindow():113 
07-27 05:14:49.128  1370  1370 I WindowMetricsNotification: WindowMetricsNotification.notify():106 WindowMetricsNotification{bounds=Rect(0, 132 - 1080, 2400), insets=Rect(0, 0 - 0, 126), densityDpi=420, smallestScreenWidthDp=411, displayWidth=1080, displayHeight=2400, xdpi=420.0, ydpi=420.0}; DisplayMetrics{density=2.625, width=1080, height=2400, scaledDensity=2.625, xdpi=420.0, ydpi=420.0}
07-27 05:14:49.128  1370  1370 I NormalModeController: NormalModeController.getKeyboardBodyViewHolderPaddingBottom():104 currentPrimeKeyboardType:SOFT systemPaddingBottom:-1
07-27 05:14:49.128  1370  1688 I Delight5Decoder: Delight5DecoderWrapper.setKeyboardLayout():511 setKeyboardLayout()
07-27 05:14:49.130  1370  1370 I StylusModule: StylusModule.onUpdateToolType():770 Update tool type = 0
07-27 05:14:49.130  1370  1787 D EGL_emulation: app_time_stats: avg=9382.26ms min=92.77ms max=18671.74ms count=2
07-27 05:14:49.131  1370  1595 I SP      : GC for 'bundled_delight' (10) with ttl of 0 ms took 4 ms (0/4/0)
07-27 05:14:49.132  1370  1688 I Delight5Decoder: Delight5DecoderWrapper.setKeyboardLayout():511 setKeyboardLayout()
07-27 05:14:49.144  1370  1595 I LmManager: LmManager$1.onFailure():87 Bundled delight sync failed
07-27 05:14:49.144  1370  1595 I LmManager: java.util.concurrent.CancellationException: Task was cancelled.
07-27 05:14:49.144  1370  1595 I LmManager: 	at pug.r(PG:33)
07-27 05:14:49.144  1370  1595 I LmManager: 	at pug.get(PG:3)
07-27 05:14:49.144  1370  1595 I LmManager: 	at a.i(PG:2)
07-27 05:14:49.144  1370  1595 I LmManager: 	at npy.t(PG:10)
07-27 05:14:49.144  1370  1595 I LmManager: 	at pvy.run(PG:88)
07-27 05:14:49.144  1370  1595 I LmManager: 	at pvh.execute(PG:1)
07-27 05:14:49.144  1370  1595 I LmManager: 	at pug.h(PG:1)
07-27 05:14:49.144  1370  1595 I LmManager: 	at pug.k(PG:101)
07-27 05:14:49.144  1370  1595 I LmManager: 	at pug.p(PG:28)
07-27 05:14:49.144  1370  1595 I LmManager: 	at pvd.c(PG:5)
07-27 05:14:49.144  1370  1595 I LmManager: 	at pvf.e(PG:6)
07-27 05:14:49.144  1370  1595 I LmManager: 	at pwk.run(PG:75)
07-27 05:14:49.144  1370  1595 I LmManager: 	at java.util.concurrent.Executors$RunnableAdapter.call(Executors.java:487)
07-27 05:14:49.144  1370  1595 I LmManager: 	at java.util.concurrent.FutureTask.run(FutureTask.java:264)
07-27 05:14:49.144  1370  1595 I LmManager: 	at jdk.run(PG:8)
07-27 05:14:49.144  1370  1595 I LmManager: 	at java.util.concurrent.ThreadPoolExecutor.runWorker(ThreadPoolExecutor.java:1145)
07-27 05:14:49.144  1370  1595 I LmManager: 	at java.util.concurrent.ThreadPoolExecutor$Worker.run(ThreadPoolExecutor.java:644)
07-27 05:14:49.144  1370  1595 I LmManager: 	at java.lang.Thread.run(Thread.java:1012)
07-27 05:14:49.144  1370  1595 I LmManager: 	at jcx.run(PG:8)
07-27 05:14:49.144  1370  1595 I SP      : GC for 'bundled_emoji' (10) with ttl of 0 ms took 0 ms (0/0/0)
07-27 05:14:49.144  1370  1595 I SP      : GC for 'emoji' (10) with ttl of 0 ms took 0 ms (0/0/0)
07-27 05:14:49.144  1370  1595 I AbstractSyncResultCallback: AbstractSyncResultCallback.onFailure():38 onFailure(): bundled_delight.sync cancelled; expected if new request supersedes pending one.
07-27 05:14:49.151  1370  3555 I SuperDelight: SuperDelightManager$2.onSuccess():631 bundled_delight sync success, adding to data file manager
07-27 05:14:49.158  1370  3555 I DataFileManager: DataFileManager.removeDataWithoutNotify():219 removing data en-US bundled_delight
07-27 05:14:49.188  3315  3315 D AutofillManager: notifyViewReadyInner:1073741839
07-27 05:14:49.189  3315  3315 D AutofillManager: Triggering pre-emptive request for fill dialog.
07-27 05:14:49.196  1370  1370 I KeyboardHeightUtil: KeyboardHeightUtil.calculateMaxKeyboardBodyHeight():45 leave 281 height for app when ime window height:2142, header height:116 and isFullscreenMode:false, so the max keyboard body height is:1745
07-27 05:14:49.198  1370  1370 W InputContextProxy: InputContextProxy.applyClientDiffInternal():940 Ignore [FetchSuggestions] diff due to stale request: 3<5, inputStateId=2, lastInputStateId=3
07-27 05:14:49.232   576  2013 D RequestId: RequestId(): startId= 842
07-27 05:14:49.236  1370  1595 I SP      : Sync for bundled_delight succeeded in 210 ms: {added: [main_en_us_2024022600_2], metadata: false
07-27 05:14:49.239   576  2013 V AutofillSession: Primary service component name: ComponentInfo{com.google.android.gms/com.google.android.gms.autofill.service.AutofillService}, secondary service component name: ComponentInfo{com.android.credentialmanager/com.android.credentialmanager.autofill.CredentialAutofillService}
07-27 05:14:49.242   576  2013 V SecondaryProviderHandler: Creating a secondary provider handler with component name, ComponentInfo{com.android.credentialmanager/com.android.credentialmanager.autofill.CredentialAutofillService}
07-27 05:14:49.247   576  2013 D RequestId: nextId(): requestId = 844
07-27 05:14:49.249   576  2013 I AppsFilter: interaction: PackageSetting{6329a8 com.mediology.sinsinapp/10208} -> PackageSetting{a477e5f com.google.android.inputmethod.latin/10165} BLOCKED
07-27 05:14:49.249   576  2013 W FillRequestEventLogger: Couldn't find packageName: com.google.android.inputmethod.latin
07-27 05:14:49.251  1370  3819 I EmojiSuperpacksManager: EmojiSuperpacksManager.processPackSet():504 processPackSet() : isBundled = false
07-27 05:14:49.253  1370  3820 I EmojiSuperpacksManager: EmojiSuperpacksManager.processPackSet():504 processPackSet() : isBundled = true
07-27 05:14:49.292  1370  1694 I EmojiShortcutsLoader: EmojiShortcutsLoader.getEmojiShortcuts():135 Reading en_US emoji shortcuts
07-27 05:14:49.293  1370  1370 I StylusModule: StylusModule.onUpdateToolType():770 Update tool type = 0
07-27 05:14:49.296  1370  1595 I SP      : GC for 'bundled_delight' (10) with ttl of 0 ms took 0 ms (0/0/0)
07-27 05:14:49.296  1370  1595 I LmManager: LmManager$1.onSuccess():82 Bundled delight sync success
07-27 05:14:49.299   576   593 W PresentationStatsEventLogger: Bad view state for: -1
07-27 05:14:49.303   576   576 D AutofillInlineSuggestionsRequestSession: onCreateInlineSuggestionsRequestLocked called: 0@49251334
07-27 05:14:49.306  1370  1370 I KeyboardHeightUtil: KeyboardHeightUtil.calculateMaxKeyboardBodyHeight():45 leave 281 height for app when ime window height:2142, header height:116 and isFullscreenMode:false, so the max keyboard body height is:1745
07-27 05:14:49.333  1370  3554 I SuperDelight: SuperDelightManager$2.onSuccess():631 bundled_delight sync success, adding to data file manager
07-27 05:14:49.333  1370  3554 I DataFileManager: DataFileManager.addDataWithoutNotify():185 adding data en-US bundled_delight
07-27 05:14:49.356   576  2013 W PresentationStatsEventLogger: Bad view state for: -1
07-27 05:14:49.405  1370  1694 I EmojiShortcutsLoader: EmojiShortcutsLoader.getEmojiShortcuts():156 Read en_US emoji shortcuts successfully.
07-27 05:14:49.424  1370  1694 I EmojiShortcutsLoader: EmojiShortcutsLoader.call():71 1 emoji shortcut maps loaded.
07-27 05:14:49.432  1370  1694 I EmojiShortcutsLoader: EmojiShortcutsLoader.call():82 Finished loading emoji shortcuts
07-27 05:14:49.441  1370  1694 I EmojiShortcutsLoader: EmojiShortcutsLoader.getEmojiShortcuts():135 Reading en_US emoji shortcuts
07-27 05:14:49.443  3315  3315 I AssistStructure: Flattened final assist data: 2836 bytes, containing 1 windows, 18 views
07-27 05:14:49.446   576  2013 D AutofillSession: createPendingIntent for request 844
07-27 05:14:49.447   576  2013 D ContentCapturePerUserService: Notified activity assist data for activity: Token{700d900 ActivityRecord{8004383 u0 com.mediology.sinsinapp/.MainActivity t76}} without a session Id
07-27 05:14:49.467  1370  1370 I StylusModule: StylusModule.onUpdateToolType():770 Update tool type = 0
07-27 05:14:49.469   576  2013 W PresentationStatsEventLogger: Bad view state for: -1
07-27 05:14:49.481  1370  1370 I StylusModule: StylusModule.onUpdateToolType():770 Update tool type = 0
07-27 05:14:49.495  1370  1374 W putmethod.latin: Missing inline cache for boolean com.google.android.apps.inputmethod.libs.latin5.LatinIme.c(joe)
07-27 05:14:49.495  1370  1374 W putmethod.latin: Missing inline cache for boolean com.google.android.apps.inputmethod.libs.latin5.LatinIme.c(joe)
07-27 05:14:49.501  1370  1694 I EmojiShortcutsLoader: EmojiShortcutsLoader.getEmojiShortcuts():156 Read en_US emoji shortcuts successfully.
07-27 05:14:49.555  1370  1694 I EmojiShortcutsLoader: EmojiShortcutsLoader.call():71 1 emoji shortcut maps loaded.
07-27 05:14:49.562  1370  1694 I EmojiShortcutsLoader: EmojiShortcutsLoader.call():82 Finished loading emoji shortcuts
07-27 05:14:49.602  1370  1370 W InputConnectionWrapper: InputConnectionWrapper.recordDuration():1694 IPC IC_GET_SURROUNDING_TEXT took 120 ms
07-27 05:14:49.602  1370  1375 I putmethod.latin: Background concurrent mark compact GC freed 8596KB AllocSpace bytes, 17(728KB) LOS objects, 49% free, 12MB/25MB, paused 614us,4.697ms total 177.353ms
07-27 05:14:49.603  1370  1370 I StylusModule: StylusModule.onUpdateToolType():770 Update tool type = 0
07-27 05:14:49.604  1370  1370 I KeyboardHeightUtil: KeyboardHeightUtil.calculateMaxKeyboardBodyHeight():45 leave 281 height for app when ime window height:2142, header height:116 and isFullscreenMode:false, so the max keyboard body height is:1745
07-27 05:14:49.606  1370  1377 W SP      : File ref is being finalized but wasn't closed, file: tflite-nwp-756c50035b995cfb0f7e8feb7d1b10ee[3]
07-27 05:14:49.606  1370  1377 W SP      : File ref is being finalized but wasn't closed, file: tflite-nwp-756c50035b995cfb0f7e8feb7d1b10ee[3]
07-27 05:14:49.606  1370  1377 W SP      : File ref is being finalized but wasn't closed, file: 2023012316_en[7]
07-27 05:14:49.606  1370  1377 W SP      : File ref is being finalized but wasn't closed, file: 2023012316_en[7]
07-27 05:14:49.606  1370  1377 W SP      : File ref is being finalized but wasn't closed, file: 2023012316_en[7]
07-27 05:14:49.606  1370  1377 W SP      : File ref is being finalized but wasn't closed, file: 2023012316_en[7]
07-27 05:14:49.606  1370  1377 W SP      : File ref is being finalized but wasn't closed, file: 2023012316_en[7]
07-27 05:14:49.607  1370  1377 W SP      : File ref is being finalized but wasn't closed, file: 2023012316_en[7]
07-27 05:14:49.607  1370  1377 W SP      : File ref is being finalized but wasn't closed, file: main_en_us_2024022600_2[2]
07-27 05:14:49.607  1370  1377 W SP      : File ref is being finalized but wasn't closed, file: main_en_us_2024022600_2[2]
07-27 05:14:49.651   576   875 W PresentationStatsEventLogger: Bad view state for: -1
07-27 05:14:49.710  1370  1370 I KeyboardHeightUtil: KeyboardHeightUtil.calculateMaxKeyboardBodyHeight():45 leave 281 height for app when ime window height:2142, header height:116 and isFullscreenMode:false, so the max keyboard body height is:1745
07-27 05:14:49.767  1370  1688 I native  : I0000 00:00:1785096889.767757    1688 input-context-store.cc:262] Ignoring stale client request for FetchSuggestions
07-27 05:14:49.768  1370  1370 W InputContextProxy: InputContextProxy.applyClientDiffInternal():940 Ignore [FetchSuggestions] diff due to stale request: 5<13, inputStateId=7, lastInputStateId=7
07-27 05:14:49.785  1370  1370 I StylusModule: StylusModule.onUpdateToolType():770 Update tool type = 0
07-27 05:14:49.807   576   875 W PresentationStatsEventLogger: Bad view state for: -1
07-27 05:14:49.833  1370  1370 I StylusModule: StylusModule.onUpdateToolType():770 Update tool type = 0
07-27 05:14:49.842   576   875 W PresentationStatsEventLogger: Bad view state for: -1
07-27 05:14:49.856  3315  3346 D EGL_emulation: app_time_stats: avg=95.63ms min=33.74ms max=268.75ms count=11
07-27 05:14:49.911  1370  1370 I StylusModule: StylusModule.onUpdateToolType():770 Update tool type = 0
07-27 05:14:49.923   576   593 W PresentationStatsEventLogger: Bad view state for: -1
07-27 05:14:49.937  1370  1370 I StylusModule: StylusModule.onUpdateToolType():770 Update tool type = 0
07-27 05:14:49.951   576   593 W PresentationStatsEventLogger: Bad view state for: -1
07-27 05:14:49.987  1370  1370 I StylusModule: StylusModule.onUpdateToolType():770 Update tool type = 0
07-27 05:14:49.990   576   593 W PresentationStatsEventLogger: Bad view state for: -1
07-27 05:14:50.025  1370  1370 I StylusModule: StylusModule.onUpdateToolType():770 Update tool type = 0
07-27 05:14:50.027   576   593 W PresentationStatsEventLogger: Bad view state for: -1
07-27 05:14:50.053  1370  1370 I StylusModule: StylusModule.onUpdateToolType():770 Update tool type = 0
07-27 05:14:50.060   576   593 W PresentationStatsEventLogger: Bad view state for: -1
07-27 05:14:50.086  1370  1370 I StylusModule: StylusModule.onUpdateToolType():770 Update tool type = 0
07-27 05:14:50.095   576   593 W PresentationStatsEventLogger: Bad view state for: -1
07-27 05:14:50.170  1370  1370 I StylusModule: StylusModule.onUpdateToolType():770 Update tool type = 0
07-27 05:14:50.176   576   593 W PresentationStatsEventLogger: Bad view state for: -1
07-27 05:14:50.253  1370  1370 I StylusModule: StylusModule.onUpdateToolType():770 Update tool type = 0
07-27 05:14:50.259   576   875 W PresentationStatsEventLogger: Bad view state for: -1
07-27 05:14:51.193  1044  3127 I NearbyMediums: No BLE Fast/GATT advertisements found in the latest cycle.
07-27 05:14:51.325  3315  3346 D EGL_emulation: app_time_stats: avg=87.81ms min=4.26ms max=498.82ms count=15
07-27 05:14:51.384  3827  3827 D AndroidRuntime: >>>>>> START com.android.internal.os.RuntimeInit uid 2000 <<<<<<
07-27 05:14:51.389  3827  3827 I AndroidRuntime: Using default boot image
07-27 05:14:51.389  3827  3827 I AndroidRuntime: Leaving lock profiling enabled
07-27 05:14:51.390  3827  3827 I app_process: Core platform API reporting enabled, enforcing=false
07-27 05:14:51.390  3827  3827 I app_process: Using CollectorTypeCMC GC.
07-27 05:14:51.454  3827  3827 D nativeloader: InitDefaultPublicLibraries for_preload=1: libandroid.so:libaaudio.so:libamidi.so:libbinder_ndk.so:libc.so:libcamera2ndk.so:libdl.so:libEGL.so:libGLESv1_CM.so:libGLESv2.so:libGLESv3.so:libicu.so:libicui18n.so:libicuuc.so:libjnigraphics.so:liblog.so:libmediandk.so:libm.so:libnativehelper.so:libnativewindow.so:libOpenMAXAL.so:libOpenSLES.so:libRS.so:libstdc++.so:libsync.so:libvulkan.so:libwebviewchromium_plat_support.so:libz.so
07-27 05:14:51.462  3827  3827 D nativeloader: Load libicu_jni.so using APEX ns com_android_art for caller /apex/com.android.art/javalib/core-oj.jar: ok
07-27 05:14:51.462  3827  3827 D app_process: u_setTimeZoneFilesDirectory("/apex/com.android.tzdata/etc/tz/versioned/8/icu") succeeded. 
07-27 05:14:51.462  3827  3827 D app_process: I18n APEX ICU file found: /apex/com.android.i18n/etc/icu/icudt75l.dat
07-27 05:14:51.464  3827  3827 D nativeloader: Load libjavacore.so using APEX ns com_android_art for caller /apex/com.android.art/javalib/core-oj.jar: ok
07-27 05:14:51.465  3827  3827 D nativeloader: Load libopenjdk.so using APEX ns com_android_art for caller /apex/com.android.art/javalib/core-oj.jar: ok
07-27 05:14:51.467  3827  3827 W app_process: ClassLoaderContext shared library size mismatch. Expected=2, found=0 (PCL[]{PCL[/system/framework/android.test.base.jar*724373495]#PCL[/system/framework/android.test.mock.jar*1452759902]} | PCL[])
07-27 05:14:51.467  3827  3827 W app_process: ClassLoaderContext classpath size mismatch. expected=0, found=1 (PCL[]{PCL[/system/framework/android.test.runner.jar*2496447986]#PCL[/system/framework/android.test.base.jar*724373495]} | PCL[/system/framework/android.test.runner.jar*2496447986])
07-27 05:14:51.497  3827  3827 D nativeloader: Load libframework-connectivity-tiramisu-jni.so using APEX ns com_android_tethering for caller /apex/com.android.tethering/javalib/framework-connectivity-t.jar: ok
07-27 05:14:51.498  3827  3827 D AndroidRuntime: Calling main entry com.android.commands.uiautomator.Launcher
07-27 05:14:51.504  3827  3827 D UiAutomationConnection: Created on user UserHandle{0}
07-27 05:14:51.504  3827  3827 I UiAutomation: Initialized for user 0 on display 0
07-27 05:14:51.504  3827  3827 W UiAutomation: Created with deprecatead constructor, assumes DEFAULT_DISPLAY
07-27 05:14:51.506   576  1307 D AccessibilityManagerService: changeCurrentUserForTestAutomationIfNeededLocked(0): ignoring because device doesn't support visible background users
07-27 05:14:51.506   576  1307 I UiAutomationManager: Registering UiTestAutomationService (id=com.android.server.accessibility/UiAutomation, flags=0x0) when called by user 0
07-27 05:14:51.507   576  1307 W MagnificationConnectionManager: requestConnection duplicated request: connect=false, mConnectionState=DISCONNECTED
07-27 05:14:51.508  1436  1452 I AiAiEcho: Settings changed for uri: content://settings/secure/accessibility_enabled
07-27 05:14:51.508  1436  1698 I AiAiEcho: Predicting[0]:  [CONTEXT sampling_count=5 ]
07-27 05:14:51.508  1436  1698 I AiAiEcho: EchoTargets: 
07-27 05:14:51.508  1436  1698 I AiAiEcho: Filtered by AiAi flag check: 
07-27 05:14:51.508  1436  1698 I AiAiEcho: [CONTEXT ratelimit_period="10 SECONDS" ]
07-27 05:14:51.508  1436  1698 I AiAiEcho: Ranked targets strategy: SORT, count: 0, ranking metadata:  [CONTEXT ratelimit_period="10 SECONDS" ]
07-27 05:14:51.508  1436  1698 I AiAiEcho: #remoteViewsTwiddler: feature disabled.
07-27 05:14:51.508  1436  1698 I AiAiEcho: Predicting[0]:  [CONTEXT sampling_count=5 ]
07-27 05:14:51.508  1436  1698 I AiAiEcho: EchoTargets: 
07-27 05:14:51.508  1436  1698 I AiAiEcho: Filtered by AiAi flag check: 
07-27 05:14:51.508  1436  1698 I AiAiEcho: [CONTEXT ratelimit_period="10 SECONDS" ]
07-27 05:14:51.509  1436  1698 I AiAiEcho: Ranked targets strategy: SORT, count: 0, ranking metadata:  [CONTEXT ratelimit_period="10 SECONDS" ]
07-27 05:14:51.509  1436  1698 I AiAiEcho: #remoteViewsTwiddler: feature disabled.
07-27 05:14:51.509  1436  1698 I AiAiEcho: Predicting[0]:  [CONTEXT sampling_count=5 ]
07-27 05:14:51.509  1436  1698 I AiAiEcho: EchoTargets: 
07-27 05:14:51.509  1436  1698 I AiAiEcho: Filtered by AiAi flag check: 
07-27 05:14:51.509  1436  1698 I AiAiEcho: [CONTEXT ratelimit_period="10 SECONDS" ]
07-27 05:14:51.509  1436  1698 I AiAiEcho: Ranked targets strategy: SORT, count: 0, ranking metadata:  [CONTEXT ratelimit_period="10 SECONDS" ]
07-27 05:14:51.509  1436  1698 I AiAiEcho: #remoteViewsTwiddler: feature disabled.
07-27 05:14:51.509   576   576 W IPCThreadState: Sending oneway calls to frozen process.
07-27 05:14:51.510   576   576 W IPCThreadState: Sending oneway calls to frozen process.
07-27 05:14:51.510   576   576 W IPCThreadState: Sending oneway calls to frozen process.
07-27 05:14:51.510  1436  1698 I AiAiEcho: #postPredictionTargets: Sending updates to UISurface media_data_manager with targets# 0 (types=[])
07-27 05:14:51.511   820   820 D SsMediaDataProvider: Forwarding Smartspace updates []
07-27 05:14:51.511   576   576 W IPCThreadState: Sending oneway calls to frozen process.
07-27 05:14:51.511   576   576 W IPCThreadState: Sending oneway calls to frozen process.
07-27 05:14:51.511   576   576 W IPCThreadState: Sending oneway calls to frozen process.
07-27 05:14:51.511   576   576 W IPCThreadState: Sending oneway calls to frozen process.
07-27 05:14:51.511  3827  3839 V UiAutomation: Init UiAutomation@e5d7b82[id=11, displayId=0, flags=0]
07-27 05:14:51.511   576   576 W IPCThreadState: Sending oneway calls to frozen process.
07-27 05:14:51.511  1436  1698 I AiAiEcho: #postPredictionTargets: Sending updates to UISurface lockscreen with targets# 0 (types=[])
07-27 05:14:51.512  1436  1698 I AiAiEcho: #postPredictionTargets: Sending updates to UISurface home with targets# 0 (types=[])
07-27 05:14:51.512   576   576 W IPCThreadState: Sending oneway calls to frozen process.
07-27 05:14:51.512   576   576 W IPCThreadState: Sending oneway calls to frozen process.
07-27 05:14:51.513  1306  1306 D SsBaseTemplateCard: No text view can be set up
07-27 05:14:51.513   576   875 W MagnificationConnectionManager: requestConnection duplicated request: connect=false, mConnectionState=DISCONNECTED
07-27 05:14:51.513  1306  1306 D SsBaseTemplateCard: Passed-in item info is null
07-27 05:14:51.513  1306  1306 D SsBaseTemplateCard: Passed-in item info is null
07-27 05:14:51.513  1306  1306 D SsBaseTemplateCard: Passed-in item info is null
07-27 05:14:51.513  1306  1306 I SsBaseTemplateCard: Secondary card pane is null
07-27 05:14:51.514  1436  1452 I AiAiEcho: Settings changed for uri: content://settings/secure/accessibility_enabled
07-27 05:14:51.514   576   576 W IPCThreadState: Sending oneway calls to frozen process.
07-27 05:14:51.514   576   576 W IPCThreadState: Sending oneway calls to frozen process.
07-27 05:14:51.515   576   576 W IPCThreadState: Sending oneway calls to frozen process.
07-27 05:14:51.515   576   576 W IPCThreadState: Sending oneway calls to frozen process.
07-27 05:14:51.515   576   576 W IPCThreadState: Sending oneway calls to frozen process.
07-27 05:14:51.515  1436  1698 I AiAiEcho: Predicting[0]:  [CONTEXT sampling_count=5 ]
07-27 05:14:51.515  1436  1698 I AiAiEcho: EchoTargets: 
07-27 05:14:51.515  1436  1698 I AiAiEcho: Filtered by AiAi flag check: 
07-27 05:14:51.515  1436  1698 I AiAiEcho: [CONTEXT ratelimit_period="10 SECONDS" ]
07-27 05:14:51.515  1436  1698 I AiAiEcho: Ranked targets strategy: SORT, count: 0, ranking metadata:  [CONTEXT ratelimit_period="10 SECONDS" ]
07-27 05:14:51.515  1436  1698 I AiAiEcho: #remoteViewsTwiddler: feature disabled.
07-27 05:14:51.515  1436  1698 I AiAiEcho: Predicting[0]:  [CONTEXT sampling_count=5 ]
07-27 05:14:51.515   576   576 W IPCThreadState: Sending oneway calls to frozen process.
07-27 05:14:51.515   576   576 W IPCThreadState: Sending oneway calls to frozen process.
07-27 05:14:51.515  1436  1698 I AiAiEcho: EchoTargets: 
07-27 05:14:51.515  1436  1698 I AiAiEcho: Filtered by AiAi flag check: 
07-27 05:14:51.515  1436  1698 I AiAiEcho: [CONTEXT ratelimit_period="10 SECONDS" ]
07-27 05:14:51.516  1436  1698 I AiAiEcho: Ranked targets strategy: SORT, count: 0, ranking metadata:  [CONTEXT ratelimit_period="10 SECONDS" ]
07-27 05:14:51.516  1436  1698 I AiAiEcho: #remoteViewsTwiddler: feature disabled.
07-27 05:14:51.516  1436  1698 I AiAiEcho: Predicting[0]:  [CONTEXT sampling_count=5 ]
07-27 05:14:51.516  1436  1698 I AiAiEcho: EchoTargets: 
07-27 05:14:51.516  1436  1698 I AiAiEcho: Filtered by AiAi flag check: 
07-27 05:14:51.516  1436  1698 I AiAiEcho: [CONTEXT ratelimit_period="10 SECONDS" ]
07-27 05:14:51.516  1436  1698 I AiAiEcho: Ranked targets strategy: SORT, count: 0, ranking metadata:  [CONTEXT ratelimit_period="10 SECONDS" ]
07-27 05:14:51.516  1436  1698 I AiAiEcho: #remoteViewsTwiddler: feature disabled.
07-27 05:14:51.516  1436  1698 I AiAiEcho: #postPredictionTargets: Sending updates to UISurface media_data_manager with targets# 0 (types=[])
07-27 05:14:51.516  1436  1698 I AiAiEcho: #postPredictionTargets: Sending updates to UISurface lockscreen with targets# 0 (types=[])
07-27 05:14:51.516  1436  1698 I AiAiEcho: #postPredictionTargets: Sending updates to UISurface home with targets# 0 (types=[])
07-27 05:14:51.517   576   576 W IPCThreadState: Sending oneway calls to frozen process.
07-27 05:14:51.517   576   576 W IPCThreadState: Sending oneway calls to frozen process.
07-27 05:14:51.517   576   576 W IPCThreadState: Sending oneway calls to frozen process.
07-27 05:14:51.517   576   576 W IPCThreadState: Sending oneway calls to frozen process.
07-27 05:14:51.517  1306  1306 D SsBaseTemplateCard: No text view can be set up
07-27 05:14:51.517  1306  1306 D SsBaseTemplateCard: Passed-in item info is null
07-27 05:14:51.517  1306  1306 D SsBaseTemplateCard: Passed-in item info is null
07-27 05:14:51.517  1306  1306 D SsBaseTemplateCard: Passed-in item info is null
07-27 05:14:51.517  1306  1306 I SsBaseTemplateCard: Secondary card pane is null
07-27 05:14:51.517   576   576 W IPCThreadState: Sending oneway calls to frozen process.
07-27 05:14:51.517   576   576 W IPCThreadState: Sending oneway calls to frozen process.
07-27 05:14:51.518   820   820 W PageIndicator: Total number of pages invalid: 0. Assuming 1 page.
07-27 05:14:51.518   576   576 W IPCThreadState: Sending oneway calls to frozen process.
07-27 05:14:51.518   576   576 W IPCThreadState: Sending oneway calls to frozen process.
07-27 05:14:51.518   576   576 W IPCThreadState: Sending oneway calls to frozen process.
07-27 05:14:51.518   576   576 W IPCThreadState: Sending oneway calls to frozen process.
07-27 05:14:51.518   576   576 W IPCThreadState: Sending oneway calls to frozen process.
07-27 05:14:51.518   576   576 W IPCThreadState: Sending oneway calls to frozen process.
07-27 05:14:51.518   576   576 W IPCThreadState: Sending oneway calls to frozen process.
07-27 05:14:51.519   576   576 W IPCThreadState: Sending oneway calls to frozen process.
07-27 05:14:51.519   576   576 W IPCThreadState: Sending oneway calls to frozen process.
07-27 05:14:51.519   576   576 W IPCThreadState: Sending oneway calls to frozen process.
07-27 05:14:51.519   576   576 W IPCThreadState: Sending oneway calls to frozen process.
07-27 05:14:51.519   576   576 W IPCThreadState: Sending oneway calls to frozen process.
07-27 05:14:51.519   576   576 D BatterySaverPolicy: accessibility changed to true, updating policy.
07-27 05:14:51.520   820   820 D SsMediaDataProvider: Forwarding Smartspace updates []
07-27 05:14:51.520   820   820 W PageIndicator: Total number of pages invalid: 0. Assuming 1 page.
07-27 05:14:51.834   820  1047 D EGL_emulation: app_time_stats: avg=40010.04ms min=40010.04ms max=40010.04ms count=1
07-27 05:14:51.889   384  3508 D android.hardware.audio@7.1-impl.ranchu: threadLoop: entering standby, frames: 806208
07-27 05:14:52.325  3315  3346 D EGL_emulation: app_time_stats: avg=499.99ms min=498.28ms max=501.69ms count=2
07-27 05:14:52.741  3827  3827 I AccessibilityNodeInfoDumper: Skipping invisible child: android.view.accessibility.AccessibilityNodeInfo@11fa92; boundsInParent: Rect(0, 0 - 1080, 0); boundsInScreen: Rect(0, 0 - 1080, 0); boundsInWindow: Rect(0, 0 - 1080, 0); packageName: com.mediology.sinsinapp; className: android.widget.LinearLayout; text: null; error: null; maxTextLength: -1; stateDescription: null; contentDescription: null; tooltipText: null; containerTitle: null; viewIdResName: null; uniqueId: null; checkable: false; checked: false; focusable: false; focused: false; selected: false; clickable: false; longClickable: false; contextClickable: false; enabled: true; password: false; scrollable: false; granularScrollingSupported: false; importantForAccessibility: false; visible: false; actions: [AccessibilityAction: ACTION_SELECT - null, AccessibilityAction: ACTION_CLEAR_SELECTION - null, AccessibilityAction: ACTION_ACCESSIBILITY_FOCUS - null, AccessibilityAction: ACTION_SHOW_ON_SCREEN - null]; isTextSelectable: false
07-27 05:14:52.741  3827  3827 I AccessibilityNodeInfoDumper: Skipping invisible child: android.view.accessibility.AccessibilityNodeInfo@11f6d1; boundsInParent: Rect(0, 0 - 1080, 0); boundsInScreen: Rect(0, 0 - 1080, 0); boundsInWindow: Rect(0, 0 - 1080, 0); packageName: com.mediology.sinsinapp; className: android.view.ViewGroup; text: null; error: null; maxTextLength: -1; stateDescription: null; contentDescription: null; tooltipText: null; containerTitle: null; viewIdResName: null; uniqueId: null; checkable: false; checked: false; focusable: false; focused: false; selected: false; clickable: false; longClickable: false; contextClickable: false; enabled: true; password: false; scrollable: false; granularScrollingSupported: false; importantForAccessibility: false; visible: false; actions: [AccessibilityAction: ACTION_SELECT - null, AccessibilityAction: ACTION_CLEAR_SELECTION - null, AccessibilityAction: ACTION_ACCESSIBILITY_FOCUS - null, AccessibilityAction: ACTION_SHOW_ON_SCREEN - null]; isTextSelectable: false
07-27 05:14:52.741  3827  3827 I AccessibilityNodeInfoDumper: Skipping invisible child: android.view.accessibility.AccessibilityNodeInfo@130519; boundsInParent: Rect(0, 0 - 1080, 0); boundsInScreen: Rect(0, 0 - 1080, 0); boundsInWindow: Rect(0, 0 - 1080, 0); packageName: com.mediology.sinsinapp; className: android.widget.LinearLayout; text: null; error: null; maxTextLength: -1; stateDescription: null; contentDescription: null; tooltipText: null; containerTitle: null; viewIdResName: null; uniqueId: null; checkable: false; checked: false; focusable: false; focused: false; selected: false; clickable: false; longClickable: false; contextClickable: false; enabled: true; password: false; scrollable: false; granularScrollingSupported: false; importantForAccessibility: false; visible: false; actions: [AccessibilityAction: ACTION_SELECT - null, AccessibilityAction: ACTION_CLEAR_SELECTION - null, AccessibilityAction: ACTION_ACCESSIBILITY_FOCUS - null, AccessibilityAction: ACTION_SHOW_ON_SCREEN - null]; isTextSelectable: false
07-27 05:14:52.741  3827  3827 I AccessibilityNodeInfoDumper: Skipping invisible child: android.view.accessibility.AccessibilityNodeInfo@130158; boundsInParent: Rect(0, 0 - 1080, 0); boundsInScreen: Rect(0, 0 - 1080, 0); boundsInWindow: Rect(0, 0 - 1080, 0); packageName: com.mediology.sinsinapp; className: android.view.ViewGroup; text: null; error: null; maxTextLength: -1; stateDescription: null; contentDescription: null; tooltipText: null; containerTitle: null; viewIdResName: null; uniqueId: null; checkable: false; checked: false; focusable: false; focused: false; selected: false; clickable: false; longClickable: false; contextClickable: false; enabled: true; password: false; scrollable: false; granularScrollingSupported: false; importantForAccessibility: false; visible: false; actions: [AccessibilityAction: ACTION_SELECT - null, AccessibilityAction: ACTION_CLEAR_SELECTION - null, AccessibilityAction: ACTION_ACCESSIBILITY_FOCUS - null, AccessibilityAction: ACTION_SHOW_ON_SCREEN - null]; isTextSelectable: false
07-27 05:14:52.759  3827  3827 I AccessibilityNodeInfoDumper: Skipping invisible child: android.view.accessibility.AccessibilityNodeInfo@a5308; boundsInParent: Rect(0, 0 - 1080, 121); boundsInScreen: Rect(0, 0 - 1080, -121); boundsInWindow: Rect(0, 0 - 1080, -121); packageName: com.mediology.sinsinapp; className: android.view.ViewGroup; text: null; error: null; maxTextLength: -1; stateDescription: null; contentDescription: null; tooltipText: null; containerTitle: null; viewIdResName: toastAnimatedContainer; uniqueId: null; checkable: false; checked: false; focusable: false; focused: false; selected: false; clickable: false; longClickable: false; contextClickable: false; enabled: true; password: false; scrollable: false; granularScrollingSupported: false; importantForAccessibility: true; visible: false; actions: [AccessibilityAction: ACTION_SELECT - null, AccessibilityAction: ACTION_CLEAR_SELECTION - null, AccessibilityAction: ACTION_ACCESSIBILITY_FOCUS - null, AccessibilityAction: ACTION_SHOW_ON_SCREEN - null]; isTextSelectable: false
07-27 05:14:52.759  3827  3827 I AccessibilityNodeInfoDumper: Skipping invisible child: android.view.accessibility.AccessibilityNodeInfo@a3c82; boundsInParent: Rect(0, 0 - 1080, 0); boundsInScreen: Rect(0, 2400 - 1080, 2400); boundsInWindow: Rect(0, 2400 - 1080, 2400); packageName: com.mediology.sinsinapp; className: android.view.ViewGroup; text: null; error: null; maxTextLength: -1; stateDescription: null; contentDescription: null; tooltipText: null; containerTitle: null; viewIdResName: null; uniqueId: null; checkable: false; checked: false; focusable: false; focused: false; selected: false; clickable: false; longClickable: false; contextClickable: false; enabled: true; password: false; scrollable: false; granularScrollingSupported: false; importantForAccessibility: false; visible: false; actions: [AccessibilityAction: ACTION_SELECT - null, AccessibilityAction: ACTION_CLEAR_SELECTION - null, AccessibilityAction: ACTION_ACCESSIBILITY_FOCUS - null, AccessibilityAction: ACTION_SHOW_ON_SCREEN - null]; isTextSelectable: false
07-27 05:14:52.760  3827  3827 W AccessibilityNodeInfoDumper: Fetch time: 25ms
07-27 05:14:52.761   576  1307 W MagnificationConnectionManager: requestConnection duplicated request: connect=false, mConnectionState=DISCONNECTED
07-27 05:14:52.761   576  1307 D AccessibilityManagerService: restoreCurrentUserForTestAutomationIfNeededLocked(): ignoring because device doesn't support visible background users
07-27 05:14:52.762   576   576 W IPCThreadState: Sending oneway calls to frozen process.
07-27 05:14:52.762   576   576 W IPCThreadState: Sending oneway calls to frozen process.
07-27 05:14:52.762   576   576 W IPCThreadState: Sending oneway calls to frozen process.
07-27 05:14:52.762   576   576 W IPCThreadState: Sending oneway calls to frozen process.
07-27 05:14:52.762  3827  3827 D AndroidRuntime: Shutting down VM
07-27 05:14:52.763  1436  2427 I AiAiEcho: Settings changed for uri: content://settings/secure/accessibility_enabled
07-27 05:14:52.763   576   576 W IPCThreadState: Sending oneway calls to frozen process.
07-27 05:14:52.763   576   576 W IPCThreadState: Sending oneway calls to frozen process.
07-27 05:14:52.763   576   576 W IPCThreadState: Sending oneway calls to frozen process.
07-27 05:14:52.763   576   576 W IPCThreadState: Sending oneway calls to frozen process.
07-27 05:14:52.763   576   576 W IPCThreadState: Sending oneway calls to frozen process.
07-27 05:14:52.763   576   576 W IPCThreadState: Sending oneway calls to frozen process.
07-27 05:14:52.763   576   576 W IPCThreadState: Sending oneway calls to frozen process.
07-27 05:14:52.763   576   576 W IPCThreadState: Sending oneway calls to frozen process.
07-27 05:14:52.763   576   576 W IPCThreadState: Sending oneway calls to frozen process.
07-27 05:14:52.763  1436  1698 I AiAiEcho: Predicting[0]:  [CONTEXT sampling_count=5 ]
07-27 05:14:52.763  1436  1698 I AiAiEcho: EchoTargets: 
07-27 05:14:52.763  1436  1698 I AiAiEcho: Filtered by AiAi flag check: 
07-27 05:14:52.763  1436  1698 I AiAiEcho: [CONTEXT ratelimit_period="10 SECONDS" ]
07-27 05:14:52.763  1436  1698 I AiAiEcho: Ranked targets strategy: SORT, count: 0, ranking metadata:  [CONTEXT ratelimit_period="10 SECONDS" ]
07-27 05:14:52.763  1436  1698 I AiAiEcho: #remoteViewsTwiddler: feature disabled.
07-27 05:14:52.763   576   576 W IPCThreadState: Sending oneway calls to frozen process.
07-27 05:14:52.763   576   576 W IPCThreadState: Sending oneway calls to frozen process.
07-27 05:14:52.764   576   576 W IPCThreadState: Sending oneway calls to frozen process.
07-27 05:14:52.764   576   576 W IPCThreadState: Sending oneway calls to frozen process.
07-27 05:14:52.764   576   576 W IPCThreadState: Sending oneway calls to frozen process.
07-27 05:14:52.764   576   576 W IPCThreadState: Sending oneway calls to frozen process.
07-27 05:14:52.764   576   576 W IPCThreadState: Sending oneway calls to frozen process.
07-27 05:14:52.764   576   576 W IPCThreadState: Sending oneway calls to frozen process.
07-27 05:14:52.764   576   576 D BatterySaverPolicy: accessibility changed to false, updating policy.
07-27 05:14:52.764  1436  1698 I AiAiEcho: #postPredictionTargets: Sending updates to UISurface media_data_manager with targets# 0 (types=[])
07-27 05:14:52.766  1436  1698 I AiAiEcho: Predicting[0]:  [CONTEXT sampling_count=5 ]
07-27 05:14:52.766  1436  1698 I AiAiEcho: EchoTargets: 
07-27 05:14:52.766  1436  1698 I AiAiEcho: Filtered by AiAi flag check: 
07-27 05:14:52.766  1436  1698 I AiAiEcho: [CONTEXT ratelimit_period="10 SECONDS" ]
07-27 05:14:52.766  1436  1698 I AiAiEcho: Ranked targets strategy: SORT, count: 0, ranking metadata:  [CONTEXT ratelimit_period="10 SECONDS" ]
07-27 05:14:52.766  1436  1698 I AiAiEcho: #remoteViewsTwiddler: feature disabled.
07-27 05:14:52.768  1436  1698 I AiAiEcho: Predicting[0]:  [CONTEXT sampling_count=5 ]
07-27 05:14:52.768  1436  1698 I AiAiEcho: EchoTargets: 
07-27 05:14:52.768  1436  1698 I AiAiEcho: Filtered by AiAi flag check: 
07-27 05:14:52.768  1436  1698 I AiAiEcho: [CONTEXT ratelimit_period="10 SECONDS" ]
07-27 05:14:52.768  1436  1698 I AiAiEcho: Ranked targets strategy: SORT, count: 0, ranking metadata:  [CONTEXT ratelimit_period="10 SECONDS" ]
07-27 05:14:52.768  1436  1698 I AiAiEcho: #remoteViewsTwiddler: feature disabled.
07-27 05:14:52.769  1436  1698 I AiAiEcho: #postPredictionTargets: Sending updates to UISurface lockscreen with targets# 0 (types=[])
07-27 05:14:52.769  1436  1698 I AiAiEcho: #postPredictionTargets: Sending updates to UISurface home with targets# 0 (types=[])
07-27 05:14:52.821  1306  1306 D SsBaseTemplateCard: No text view can be set up
07-27 05:14:52.821  1306  1306 D SsBaseTemplateCard: Passed-in item info is null
07-27 05:14:52.821  1306  1306 D SsBaseTemplateCard: Passed-in item info is null
07-27 05:14:52.821  1306  1306 D SsBaseTemplateCard: Passed-in item info is null
07-27 05:14:52.821  1306  1306 I SsBaseTemplateCard: Secondary card pane is null
07-27 05:14:52.823   820   820 D SsMediaDataProvider: Forwarding Smartspace updates []
07-27 05:14:52.823   820   820 W PageIndicator: Total number of pages invalid: 0. Assuming 1 page.
07-27 05:14:53.325  3315  3346 D EGL_emulation: app_time_stats: avg=500.23ms min=454.76ms max=545.70ms count=2
07-27 05:14:53.714  3844  3844 W BpBinder: Linking to death on android.gui.ISurfaceComposer but there are no threads (yet?) listening to incoming transactions. See ProcessState::startThreadPool and ProcessState::setThreadPoolMaxThreadCount. Generally you should setup the binder threadpool before other initialization steps.
07-27 05:14:53.715  3844  3844 W ProcessState: Extra binder thread started, but 0 threads requested. Do not use *startThreadPool when zero threads are requested.
07-27 05:14:53.735   158   158 I hwservicemanager: getTransport: Cannot find entry android.hardware.graphics.mapper@4.0::IMapper/default in either framework or device VINTF manifest.
07-27 05:14:53.738   157   157 I servicemanager: Caller(pid=3844,uid=2000,sid=u:r:shell:s0) Could not find android.hardware.graphics.allocator.IAllocator/default in the VINTF manifest. No alternative instances declared in VINTF.
07-27 05:14:53.736  3844  3845 I Gralloc4: mapper 4.x is not supported
07-27 05:14:53.743   576   938 D CoreBackPreview: Window{ad939fa u0 PopupWindow:dd44150}: Setting back callback OnBackInvokedCallbackInfo{mCallback=android.window.IOnBackInvokedCallback$Stub$Proxy@8094208, mPriority=0, mIsAnimationCallback=false}
07-27 05:14:53.879  3315  3315 W WindowOnBackDispatcher: sendCancelIfRunning: isInProgress=false callback=android.view.ViewRootImpl$$ExternalSyntheticLambda11@21d156f
07-27 05:14:53.879   576   938 D CoreBackPreview: Window{ad939fa u0 PopupWindow:dd44150}: Setting back callback null
07-27 05:14:53.893   576   938 W InputManager-JNI: Input channel object 'ad939fa PopupWindow:dd44150 (client)' was disposed without first being removed with the input manager!
07-27 05:14:54.108   576   938 D CoreBackPreview: Window{2f476b4 u0 PopupWindow:96db1bd}: Setting back callback OnBackInvokedCallbackInfo{mCallback=android.window.IOnBackInvokedCallback$Stub$Proxy@f710e52, mPriority=0, mIsAnimationCallback=false}
07-27 05:14:54.224  3315  3315 W WindowOnBackDispatcher: sendCancelIfRunning: isInProgress=false callback=android.view.ViewRootImpl$$ExternalSyntheticLambda11@9629e80
07-27 05:14:54.248   576  1307 D CoreBackPreview: Window{2f476b4 u0 PopupWindow:96db1bd}: Setting back callback null
07-27 05:14:54.259   576   938 W InputManager-JNI: Input channel object '2f476b4 PopupWindow:96db1bd (client)' was disposed without first being removed with the input manager!
07-27 05:14:54.376  3315  3346 D EGL_emulation: app_time_stats: avg=525.12ms min=487.73ms max=562.51ms count=2
07-27 05:14:55.088   576   607 D OomAdjuster: Not killing cached processes
07-27 05:14:55.845  3315  3346 D EGL_emulation: app_time_stats: avg=489.74ms min=468.04ms max=502.68ms count=3
07-27 05:14:56.859  3315  3346 D EGL_emulation: app_time_stats: avg=506.92ms min=495.91ms max=517.92ms count=2
07-27 05:14:57.859  3315  3346 D EGL_emulation: app_time_stats: avg=500.06ms min=498.57ms max=501.55ms count=2
07-27 05:14:58.859  3315  3346 D EGL_emulation: app_time_stats: avg=499.97ms min=499.11ms max=500.82ms count=2
07-27 05:15:00.012  1436  1698 I AiAiEcho: Predicting[0]:  [CONTEXT sampling_count=5 ]
07-27 05:15:00.013   820  1047 D EGL_emulation: app_time_stats: avg=8178.01ms min=8178.01ms max=8178.01ms count=1
07-27 05:15:00.013  1436  1698 I AiAiEcho: EchoTargets: 
07-27 05:15:00.013  1436  1698 I AiAiEcho: Filtered by AiAi flag check: 
07-27 05:15:00.013  1436  1698 I AiAiEcho: [CONTEXT ratelimit_period="10 SECONDS" ]
07-27 05:15:00.013  1436  1698 I AiAiEcho: Ranked targets strategy: SORT, count: 0, ranking metadata:  [CONTEXT ratelimit_period="10 SECONDS" ]
07-27 05:15:00.013  1436  1698 I AiAiEcho: #remoteViewsTwiddler: feature disabled.
07-27 05:15:00.013  1436  1698 I AiAiEcho: Predicting[0]:  [CONTEXT sampling_count=5 ]
07-27 05:15:00.013  1436  1698 I AiAiEcho: EchoTargets: 
07-27 05:15:00.013  1436  1698 I AiAiEcho: Filtered by AiAi flag check: 
07-27 05:15:00.013  1436  1698 I AiAiEcho: [CONTEXT ratelimit_period="10 SECONDS" ]
07-27 05:15:00.013  1436  1698 I AiAiEcho: Ranked targets strategy: SORT, count: 0, ranking metadata:  [CONTEXT ratelimit_period="10 SECONDS" ]
07-27 05:15:00.013  1436  1698 I AiAiEcho: #remoteViewsTwiddler: feature disabled.
07-27 05:15:00.013  1436  1698 I AiAiEcho: #postPredictionTargets: Sending updates to UISurface lockscreen with targets# 0 (types=[])
07-27 05:15:00.013  1436  1698 I AiAiEcho: #postPredictionTargets: Sending updates to UISurface home with targets# 0 (types=[])
07-27 05:15:00.014   820   820 W PageIndicator: Total number of pages invalid: 0. Assuming 1 page.
07-27 05:15:00.014  1306  1306 D SsBaseTemplateCard: No text view can be set up
07-27 05:15:00.014  1306  1306 D SsBaseTemplateCard: Passed-in item info is null
07-27 05:15:00.014  1306  1306 D SsBaseTemplateCard: Passed-in item info is null
07-27 05:15:00.014  1306  1306 D SsBaseTemplateCard: Passed-in item info is null
07-27 05:15:00.014  1306  1306 I SsBaseTemplateCard: Secondary card pane is null
07-27 05:15:00.357  3315  3346 D EGL_emulation: app_time_stats: avg=499.19ms min=488.49ms max=507.40ms count=3
07-27 05:15:01.196  1044  3127 I NearbyMediums: No BLE Fast/GATT advertisements found in the latest cycle.
07-27 05:15:01.359  3315  3346 D EGL_emulation: app_time_stats: avg=500.93ms min=500.74ms max=501.11ms count=2
07-27 05:15:02.860  3315  3346 D EGL_emulation: app_time_stats: avg=500.48ms min=495.48ms max=504.34ms count=3
07-27 05:15:03.863  3315  3346 D EGL_emulation: app_time_stats: avg=501.27ms min=497.21ms max=505.33ms count=2
07-27 05:15:04.211  3315  3315 W ReactEditText: Can not attach listener because field `mListeners` not found: No field mListeners in class Lcom/facebook/react/views/textinput/ReactEditText; (declaration of 'com.facebook.react.views.textinput.ReactEditText' appears in /data/app/~~T93ezTjbxBbsJRS8KOfcCA==/com.mediology.sinsinapp-3n8TehE9cPS1H3Ob-w8QRA==/base.apk!classes7.dex). Attaching to the end...
07-27 05:15:04.212  3315  3315 I ThemedReactContext: KeyboardController::focusDidSet
07-27 05:15:04.213  3315  3315 I ThemedReactContext: KeyboardController::keyboardWillShow
07-27 05:15:04.213  3315  3315 I ThemedReactContext: KeyboardController::keyboardDidShow
07-27 05:15:04.214   576  1307 W AutofillManagerServiceImpl: logViewEntered: not logging event because history is null
07-27 05:15:04.216   576  1307 D AutofillSession: Starting partition or augmented request for view id 1073741839@49251334: 1
07-27 05:15:04.216   576  1307 W FillRequestEventLogger: FillRequestEventLogger is not empty before starting for a new request
07-27 05:15:04.216   576  1307 D RequestId: nextId(): requestId = 846
07-27 05:15:04.217   576  1307 I AppsFilter: interaction: PackageSetting{6329a8 com.mediology.sinsinapp/10208} -> PackageSetting{a477e5f com.google.android.inputmethod.latin/10165} BLOCKED
07-27 05:15:04.217   576  1307 W FillRequestEventLogger: Couldn't find packageName: com.google.android.inputmethod.latin
07-27 05:15:04.217  3315  3315 I ImeTracker: com.mediology.sinsinapp:b9d896dd: onRequestShow at ORIGIN_CLIENT reason SHOW_SOFT_INPUT fromUser true
07-27 05:15:04.218  3315  3315 D InputMethodManager: showSoftInput() view=com.facebook.react.views.textinput.ReactEditText{3928ca9 VFED..CL. .F.P..ID 44,556-930,618 #77e aid=1073741839} flags=0 reason=SHOW_SOFT_INPUT
07-27 05:15:04.218   576   576 W AutofillInlineSuggestionsRequestSession: Never received an InlineSuggestionsRequest from the IME for 0@49251334
07-27 05:15:04.218   576   576 D AutofillInlineSuggestionsRequestSession: onCreateInlineSuggestionsRequestLocked called: 1073741839@49251334
07-27 05:15:04.218   576   695 I ImeTracker: com.mediology.sinsinapp:61d3139d: onRequestShow at ORIGIN_SERVER reason ATTACH_NEW_INPUT fromUser false
07-27 05:15:04.219  1370  1370 I GoogleInputMethodService: GoogleInputMethodService.onFinishInputView():2393 
07-27 05:15:04.227   422   509 D audioserver: logFgsApiBegin: FGS Logger Transaction failed, -129
07-27 05:15:04.227   576  2023 W AS.PlaybackActivityMon: No piid assigned for invalid/internal port id 15
07-27 05:15:04.231   422   539 D AudioFlinger: mixer(0xb400007e7f7558e0) throttle end: throttle time(43)
07-27 05:15:04.232  3315  3315 I AssistStructure: Flattened final assist data: 2816 bytes, containing 2 windows, 18 views
07-27 05:15:04.233   576  2023 D AutofillSession: createPendingIntent for request 846
07-27 05:15:04.233   576  2023 D ContentCapturePerUserService: Notified activity assist data for activity: Token{700d900 ActivityRecord{8004383 u0 com.mediology.sinsinapp/.MainActivity t76}} without a session Id
07-27 05:15:04.234  3315  3315 W RemoteInputConnectionImpl: requestCursorUpdates on inactive InputConnection
07-27 05:15:04.238   576  2023 D CoreBackPreview: Window{7825111 u0 PopupWindow:f65bd98}: Setting back callback OnBackInvokedCallbackInfo{mCallback=android.window.IOnBackInvokedCallback$Stub$Proxy@bd59077, mPriority=0, mIsAnimationCallback=false}
07-27 05:15:04.240  1370  1370 W TooltipLifecycleManager: TooltipLifecycleManager.dismissTooltips():152 Tooltip with id spell_check_add_to_dictionary not found in tooltipManager.
07-27 05:15:04.242  1370  1370 I InputBundle: InputBundle.consumeEvent():884 Skip consuming an event as keyboard status is 0
07-27 05:15:04.242  1370  1370 I VoiceInputHandler: VoiceInputHandler.onDeactivateIme():115 unregistering TalkbackStateListener
07-27 05:15:04.243  1370  1370 I VoiceInputManagerWrapper: VoiceInputManagerWrapper.shutdown():124 shutdown()
07-27 05:15:04.244  1370  1370 E native  : E0000 00:00:1785096904.244361    1370 key-correction-manager.cc:337] User feature cache is not ready for key correction!
07-27 05:15:04.263  1370  1370 I AndroidIME: AbstractIme.onDeactivate():202 LatinIme.onDeactivate()
07-27 05:15:04.264  1370  1370 I GoogleInputMethodService: GoogleInputMethodService.onFinishInput():3157 
07-27 05:15:04.265  1370  1370 I GoogleInputMethodService: GoogleInputMethodService.updateDeviceLockedStatus():2248 repeatCheckTimes = 0, locked = false
07-27 05:15:04.266  1370  1370 I GoogleInputMethodService: GoogleInputMethodService.onStartInput():1986 onStartInput(EditorInfo{EditorInfo{packageName=com.mediology.sinsinapp, inputType=81, inputTypeString=Password, enableLearning=false, autoCorrection=false, autoComplete=true, imeOptions=4000006, privateImeOptions=null, actionName=DONE, actionLabel=null, initialSelStart=8, initialSelEnd=8, initialCapsMode=0, label=null, fieldId=1918, fieldName=null, extras=Bundle[mParcelledData.dataSize=404], hintText=non-empty, hintLocales=[]}}, false)
07-27 05:15:04.266  1370  1370 I GoogleInputMethodService: GoogleInputMethodService.updateDeviceLockedStatus():2248 repeatCheckTimes = 1, locked = false
07-27 05:15:04.266  1370  1370 I AndroidIME: InputBundleManager.loadActiveInputBundleId():450 loadActiveInputBundleId: und-Latn-x-password, password
07-27 05:15:04.266  1370  1370 I HardKeyTracker: HardKeyTracker.unregisterKeySequence():183 Unregister key sequence lnk{labelResId=2132019800, callback=gnd@7748e2b, lastModifier=0, keyCodes=[57, 57], actions=[1, 0]}
07-27 05:15:04.266  1370  1370 I HardKeyTracker: HardKeyTracker.unregisterKeySequence():183 Unregister key sequence lnk{labelResId=0, callback=gnd@fd34046, lastModifier=0, keyCodes=[58, 58], actions=[1, 0]}
07-27 05:15:04.267   576  1307 W PackageConfigPersister: App-specific configuration not found for packageName: com.mediology.sinsinapp and userId: 0
07-27 05:15:04.267  1370  1370 I GoogleInputMethodService: GoogleInputMethodService.onStartInputView():2098 onStartInputView(EditorInfo{EditorInfo{packageName=com.mediology.sinsinapp, inputType=81, inputTypeString=Password, enableLearning=false, autoCorrection=false, autoComplete=true, imeOptions=4000006, privateImeOptions=null, actionName=DONE, actionLabel=null, initialSelStart=8, initialSelEnd=8, initialCapsMode=0, label=null, fieldId=1918, fieldName=null, extras=Bundle[{android.support.text.emoji.emojiCompat_metadataVersion=9, androidx.core.view.inputmethod.EditorInfoCompat.STYLUS_HANDWRITING_ENABLED=false, android.support.text.emoji.emojiCompat_replaceAll=false}], hintText=non-empty, hintLocales=[]}}, false)
07-27 05:15:04.267  1370  1370 I GoogleInputMethodService: GoogleInputMethodService.updateDeviceLockedStatus():2248 repeatCheckTimes = 1, locked = false
07-27 05:15:04.298   576  1307 D OomAdjuster: Not killing cached processes
07-27 05:15:04.298  1370  1593 W ModuleManager: ModuleManager.loadModule():473 Module mgc is not available
07-27 05:15:04.302  1370  1370 I KeyboardHeightUtil: KeyboardHeightUtil.getOemKeyboardHeightRatio():206 systemKeyboardHeightRatio:1.000000.
07-27 05:15:04.303  1370  1370 I AndroidIME: AbstractIme.onActivate():89 PasswordIme.onActivate() : EditorInfo = EditorInfo{packageName=com.mediology.sinsinapp, inputType=81, inputTypeString=Password, enableLearning=false, autoCorrection=false, autoComplete=true, imeOptions=4000006, privateImeOptions=null, actionName=DONE, actionLabel=null, initialSelStart=8, initialSelEnd=8, initialCapsMode=0, label=null, fieldId=1918, fieldName=null, extras=Bundle[{android.support.text.emoji.emojiCompat_metadataVersion=9, androidx.core.view.inputmethod.EditorInfoCompat.STYLUS_HANDWRITING_ENABLED=false, android.support.text.emoji.emojiCompat_replaceAll=false}], hintText=non-empty, hintLocales=[]}, IncognitoMode = false, DeviceLocked = false
07-27 05:15:04.303  1370  1370 I KeyboardWrapper: KeyboardWrapper.activateKeyboard():575 activateKeyboard(): type=prime, status=0, imeDef=ktt{stringId=password, language=und-Latn-x-password, languageTag=und-Latn-x-password, processedConditions={variant=qwerty, enable_number_row=false, device=phone}, className=com.google.android.libraries.inputmethod.ime.password.PasswordIme, label=2132018743, keyEventInterpreter=null, inlineComposing=true, autoCapital=true, announceAutoSelectedCandidate=true, statusIcon=0, primeKeyboardType=SOFT, indicatorIcon=0, indicatorLabel=null, displayAppCompletions=false, extraValues=ktl{}, processors=kvl@99ac202, unacceptableMetaKeys=4098, languageSpecificSettings=0, asciiCapable=false, alwaysShowSuggestions=false, useAsciiPasswordKeyboard=false, secondaryIme=null, keyboardGroupDef=kut@d8d6713, phenotypeFlagId=0, localizationLanguageTag=null, supportsInlineSuggestion=false, supportsAccessPoints=false}
07-27 05:15:04.303  1370  1370 I KeyboardManager: KeyboardManager.requestKeyboard():234 Creating keyboard prime, imeId=password, cacheKey=theme_border_stylesheet_noshadow_gsans_pillkey_silkpopup_hover_light_phone_bottom4dp_navredesign
07-27 05:15:04.310  1370  1370 I KeyboardWrapper: KeyboardWrapper.onKeyboardReady():239 onKeyboardReady(): type=prime(prime), kb=com.google.android.apps.inputmethod.latin.keyboard.LatinPasswordKeyboard@87f730d
07-27 05:15:04.310  1370  1370 I KeyboardWrapper: KeyboardWrapper.doActivateKeyboard():606 doActivateKeyboard(): prime
07-27 05:15:04.398  1370  1370 I KeyboardViewHelper: KeyboardViewHelper.getView():168 Get view with height ratio:1.000000
07-27 05:15:04.428   422   539 D audioserver: logFgsApiEnd: FGS Logger Transaction failed, -129
07-27 05:15:04.439  3315  3315 I ImeTracker: com.mediology.sinsinapp:7ea1d61a: onRequestShow at ORIGIN_CLIENT reason SHOW_SOFT_INPUT fromUser false
07-27 05:15:04.439  3315  3315 D InputMethodManager: showSoftInput() view=com.facebook.react.views.textinput.ReactEditText{3928ca9 VFED..CL. .F...... 44,556-930,618 #77e aid=1073741839} flags=0 reason=SHOW_SOFT_INPUT
07-27 05:15:04.469  1370  1370 I KeyboardHeightUtil: KeyboardHeightUtil.calculateMaxKeyboardBodyHeight():45 leave 281 height for app when ime window height:2142, header height:116 and isFullscreenMode:false, so the max keyboard body height is:1745
07-27 05:15:04.472  1370  1370 W Keyboard: Keyboard.getKeyboardViewHelper():574 null helper is returned: keyboardDef=kuo{processedConditions={show_suggestions=true, enable_more_candidates_view_for_multilingual=false, enable_secondary_symbols=false, variant=qwerty, language=en-US, device=phone, expressions=normal, keyboard_mode=normal, show_secondary_digits=false, enable_preemptive_decode=true, rtl_layout=false}, globalConditions={global_theme_key=theme_border_stylesheet_noshadow_gsans_pillkey_silkpopup_hover_light_phone_bottom4dp_navredesign, global_locale=en_US, global_density_dpi=420, global_orientation=1}, className=.latin.keyboard.LatinPasswordKeyboard, resourceIds=[#0x7f170663, #0x7f1708e0, #0x7f17071f], initialStates=0, keyboardViewDefs=[kvb{direction=null, id=#0x7f0b014d, isScalable=true, layoutId=#0x7f0e039d, type=BODY, touchable=true, defaultShow=true}, kvb{direction=null, id=#0x7f0b014d, isScalable=false, layoutId=#0x7f0e01aa, type=FLOATING_CANDIDATES, touchable=false, defaultShow=false}, kvb{direction=LOCALE, id=#0x7f0b014d, isScalable=false, layoutId=#0x7f0e058f, type=HEADER, touchable=true, defaultShow=true}], persistentStates=0, persistentStatesPrefKey=null, popupBubbleLayoutId=#0x7f0e068d, recentKeyLayoutId=0, recentKeyPopupLayoutId=0, recentKeyType=null, rememberRecentKey=NONE, sessionStates=17592186044419}, type=WIDGET, helpersCreated=[kib@99bb1d7, kib@ac46ac4, kib@5c15dad, null], context.getResources().getConfiguration(): {1.0 310mcc260mnc [en_US] ldltr sw411dp w411dp h914dp 420dpi nrml long port finger qwerty/v/v dpad/v winConfig={ mBounds=Rect(0, 0 - 1080, 2400) mAppBounds=Rect(0, 0 - 1080, 2400) mMaxBounds=Rect(0, 0 - 1080, 2400) mDisplayRotation=ROTATION_0 mWindowingMode=fullscreen mActivityType=undefined mAlwaysOnTop=undefined mRotation=ROTATION_0} as.2 s.34 fontWeightAdjustment=0}
07-27 05:15:04.473  1370  1370 I KeyboardHeightUtil: KeyboardHeightUtil.calculateMaxKeyboardBodyHeight():45 leave 281 height for app when ime window height:2142, header height:116 and isFullscreenMode:false, so the max keyboard body height is:1745
07-27 05:15:04.473  1370  1370 I GoogleInputMethodService: GoogleInputMethodService.startInputIfInputViewStarted():3728 startInputIfInputViewStarted(): default prime
07-27 05:15:04.473  1370  1370 I KeyboardModeManager: KeyboardModeManager.setInputViewKeyboardViewHolderProvider():625 setInputView() : supportsOneHandedMode=true supportsSplitMode=true
07-27 05:15:04.473  1370  1370 I NormalModeController: NormalModeController.getKeyboardBodyViewHolderPaddingBottom():104 currentPrimeKeyboardType:SOFT systemPaddingBottom:-1
07-27 05:15:04.474  1370  1370 I KeyboardHeightUtil: KeyboardHeightUtil.calculateMaxKeyboardBodyHeight():45 leave 281 height for app when ime window height:2142, header height:116 and isFullscreenMode:false, so the max keyboard body height is:1745
07-27 05:15:04.474  1370  1370 I KeyboardHeightUtil: KeyboardHeightUtil.calculateMaxKeyboardBodyHeight():45 leave 281 height for app when ime window height:2142, header height:116 and isFullscreenMode:false, so the max keyboard body height is:1745
07-27 05:15:04.474  1370  1370 I KeyboardHeightUtil: KeyboardHeightUtil.calculateMaxKeyboardBodyHeight():45 leave 281 height for app when ime window height:2142, header height:116 and isFullscreenMode:false, so the max keyboard body height is:1745
07-27 05:15:04.474  1370  1370 I KeyboardHeightUtil: KeyboardHeightUtil.calculateMaxKeyboardBodyHeight():45 leave 281 height for app when ime window height:2142, header height:116 and isFullscreenMode:false, so the max keyboard body height is:1745
07-27 05:15:04.481  1370  1370 I NormalModeController: NormalModeController.getKeyboardBodyViewHolderPaddingBottom():104 currentPrimeKeyboardType:SOFT systemPaddingBottom:-1
07-27 05:15:04.482  1370  1370 I KeyboardHeightUtil: KeyboardHeightUtil.calculateMaxKeyboardBodyHeight():45 leave 281 height for app when ime window height:2142, header height:116 and isFullscreenMode:false, so the max keyboard body height is:1745
07-27 05:15:04.482  1370  1370 I KeyboardHeightUtil: KeyboardHeightUtil.calculateMaxKeyboardBodyHeight():45 leave 281 height for app when ime window height:2142, header height:116 and isFullscreenMode:false, so the max keyboard body height is:1745
07-27 05:15:04.482  1370  1370 I KeyboardModeManager: KeyboardModeManager.setInputViewKeyboardViewHolderProvider():613 setInputView() : supportsOneHandedMode=true, supportSplitMode=true
07-27 05:15:04.511  1370  1370 I CrowdsourceExtension: CrowdsourceExtension.checkIfDefaultBrowserIsAllowed():110 Failed to get default browser. The default browser may be deactived.
07-27 05:15:04.512  1370  1370 I AccessoryInputModeManager: AccessoryInputModeManager.onModeStarted():308 Accessory input mode started: null
07-27 05:15:04.512  1370  1370 W SupplementaryKeyboardsWrapper: SupplementaryKeyboardsWrapper.deactivateKeyboard():159 keyboard accessory_candidates_consumer is not activated before!
07-27 05:15:04.513  1370  1370 I NewLanguagePromptExtension: NewLanguagePromptExtension.onActivate():195 Not activated NewLanguagePromptExtension: not a normal text input box.
07-27 05:15:04.514  1370  1370 I HardKeyTracker: HardKeyTracker.unregisterKeySequence():183 Unregister key sequence lnk{labelResId=2132019804, callback=cfr@bcd1b54, lastModifier=2, keyCodes=[48], actions=[0]}
07-27 05:15:04.514  1370  1370 I HardKeyTracker: HardKeyTracker.registerKeySequence():139 Register key sequence lnk{labelResId=2132019804, callback=cfr@5e8f221, lastModifier=2, keyCodes=[48], actions=[0]}
07-27 05:15:04.514  1370  1370 I CurrentMicStatusHolder: CurrentMicStatusHolder.onStartInputView():81 Current Mic status = {MicIconHidden-PasswordOrNumberOrDateInputType,}
07-27 05:15:04.515  1370  1370 I StylusModule: StylusModule.onUpdateToolType():770 Update tool type = 0
07-27 05:15:04.519   576  1307 D AutofillInlineSuggestionsRequestSession: onInlineSuggestionsSessionInvalidated() called.
07-27 05:15:04.528  3315  3315 W WindowOnBackDispatcher: sendCancelIfRunning: isInProgress=false callback=android.view.ViewRootImpl$$ExternalSyntheticLambda11@466d457
07-27 05:15:04.529   576  1307 D CoreBackPreview: Window{7825111 u0 PopupWindow:f65bd98}: Setting back callback null
07-27 05:15:04.536   576  1307 W InputManager-JNI: Input channel object '7825111 PopupWindow:f65bd98 (client)' was disposed without first being removed with the input manager!
07-27 05:15:04.541   576  2023 W PresentationStatsEventLogger: Bad view state for: -1
07-27 05:15:04.566  3315  3315 D InsetsController: show(ime(), fromIme=true)
07-27 05:15:04.566  3315  3315 I ImeTracker: com.mediology.sinsinapp:61d3139d: onCancelled at PHASE_CLIENT_APPLY_ANIMATION
07-27 05:15:04.611   576  1968 D AutofillInlineSuggestionsRequestSession: onInlineSuggestionsRequest() received: InlineSuggestionsRequest { maxSuggestionCount = 9, inlinePresentationSpecs = [InlinePresentationSpec { minSize = 89x116, maxSize = 630x116, style = Bundle[mParcelledData.dataSize=2844] }, InlinePresentationSpec { minSize = 89x116, maxSize = 630x116, style = Bundle[mParcelledData.dataSize=2844] }, InlinePresentationSpec { minSize = 89x116, maxSize = 630x116, style = Bundle[mParcelledData.dataSize=2844] }, InlinePresentationSpec { minSize = 89x116, maxSize = 630x116, style = Bundle[mParcelledData.dataSize=2844] }, InlinePresentationSpec { minSize = 89x116, maxSize = 630x116, style = Bundle[mParcelledData.dataSize=2844] }, InlinePresentationSpec { minSize = 89x116, maxSize = 630x116, style = Bundle[mParcelledData.dataSize=2844] }, InlinePresentationSpec { minSize = 89x116, maxSize = 630x116, style = Bundle[mParcelledData.dataSize=2844] }, InlinePresentationSpec { minSize = 89x116, maxSize = 630x116, style = Bundle[mParcelledData.dataSize=2844] }, InlinePresentationSpec { minSize = 89x116, maxSize = 630x116, style = Bundle[mParcelledData.dataSize=2844] }], hostPackageName = com.google.android.inputmethod.latin, supportedLocales = [en_US], extras = Bundle[EMPTY_PARCEL], hostInputToken = android.os.BinderProxy@85c407a, hostDisplayId = 0, inlineTooltipPresentationSpec = null }
07-27 05:15:04.617   576   686 W InputDispatcher: Excessive delay in interceptKeyBeforeDispatching; took 55 ms
07-27 05:15:04.624  3315  3315 D InsetsController: show(ime(), fromIme=true)
07-27 05:15:04.625  3315  3315 I ImeTracker: com.mediology.sinsinapp:b9d896dd: onCancelled at PHASE_CLIENT_APPLY_ANIMATION
07-27 05:15:04.650  1370  1370 I KeyboardHeightUtil: KeyboardHeightUtil.calculateMaxKeyboardBodyHeight():45 leave 281 height for app when ime window height:2142, header height:116 and isFullscreenMode:false, so the max keyboard body height is:1745
07-27 05:15:04.650  1370  1370 I WindowMetricsNotification: WindowMetricsNotification.notifyWithWindow():113 
07-27 05:15:04.651  1370  1370 I WindowMetricsNotification: WindowMetricsNotification.notify():106 WindowMetricsNotification{bounds=Rect(0, 132 - 1080, 2400), insets=Rect(0, 0 - 0, 126), densityDpi=420, smallestScreenWidthDp=411, displayWidth=1080, displayHeight=2400, xdpi=420.0, ydpi=420.0}; DisplayMetrics{density=2.625, width=1080, height=2400, scaledDensity=2.625, xdpi=420.0, ydpi=420.0}
07-27 05:15:04.676  1370  1370 I WindowMetricsNotification: WindowMetricsNotification.notifyWithWindow():113 
07-27 05:15:04.676  1370  1370 I WindowMetricsNotification: WindowMetricsNotification.notify():106 WindowMetricsNotification{bounds=Rect(0, 132 - 1080, 2400), insets=Rect(0, 0 - 0, 126), densityDpi=420, smallestScreenWidthDp=411, displayWidth=1080, displayHeight=2400, xdpi=420.0, ydpi=420.0}; DisplayMetrics{density=2.625, width=1080, height=2400, scaledDensity=2.625, xdpi=420.0, ydpi=420.0}
07-27 05:15:04.677  1370  1370 I GoogleInputMethodService: GoogleInputMethodService$1.onKeyboardViewShown():494 onKeyboardViewShown: keyboardType=prime, keyboardViewType=HEADER keyboardView=com.google.android.libraries.inputmethod.widgets.SoftKeyboardView{1b9cf4b V.E...... ........ 0,0-1080,116}
07-27 05:15:04.678  1370  1370 I GoogleInputMethodService: GoogleInputMethodService$1.onKeyboardViewShown():494 onKeyboardViewShown: keyboardType=prime, keyboardViewType=BODY keyboardView=com.google.android.libraries.inputmethod.widgets.SoftKeyboardView{281a59c V.E...... ........ 0,0-1080,641}
07-27 05:15:04.678  1370  1370 I NewLanguagePromptExtension: NewLanguagePromptExtension$1.onKeyboardViewShown():94 Not show new language banner: not prime keyboard, or the extension not activated.
07-27 05:15:04.697  1370  1370 I WindowMetricsNotification: WindowMetricsNotification.notifyWithWindow():113 
07-27 05:15:04.697  1370  1370 I WindowMetricsNotification: WindowMetricsNotification.notify():106 WindowMetricsNotification{bounds=Rect(0, 132 - 1080, 2400), insets=Rect(0, 0 - 0, 126), densityDpi=420, smallestScreenWidthDp=411, displayWidth=1080, displayHeight=2400, xdpi=420.0, ydpi=420.0}; DisplayMetrics{density=2.625, width=1080, height=2400, scaledDensity=2.625, xdpi=420.0, ydpi=420.0}
07-27 05:15:04.697  1370  1370 I WindowMetricsNotification: WindowMetricsNotification.notifyWithWindow():113 
07-27 05:15:04.697  1370  1370 I WindowMetricsNotification: WindowMetricsNotification.notify():106 WindowMetricsNotification{bounds=Rect(0, 132 - 1080, 2400), insets=Rect(0, 0 - 0, 126), densityDpi=420, smallestScreenWidthDp=411, displayWidth=1080, displayHeight=2400, xdpi=420.0, ydpi=420.0}; DisplayMetrics{density=2.625, width=1080, height=2400, scaledDensity=2.625, xdpi=420.0, ydpi=420.0}
07-27 05:15:04.714  3315  3315 D InsetsController: show(ime(), fromIme=true)
07-27 05:15:04.715  3315  3315 I ImeTracker: com.mediology.sinsinapp:7ea1d61a: onCancelled at PHASE_CLIENT_APPLY_ANIMATION
07-27 05:15:04.717  1370  1370 I KeyboardHeightUtil: KeyboardHeightUtil.calculateMaxKeyboardBodyHeight():45 leave 281 height for app when ime window height:2142, header height:116 and isFullscreenMode:false, so the max keyboard body height is:1745
07-27 05:15:04.720  1370  1787 D EGL_emulation: app_time_stats: avg=2598.23ms min=95.36ms max=14932.63ms count=6
07-27 05:15:04.788  1370  1370 I StylusModule: StylusModule.onUpdateToolType():770 Update tool type = 0
07-27 05:15:04.796   576   938 W PresentationStatsEventLogger: Bad view state for: -1
07-27 05:15:04.829  1044  1044 I GmsCoreXrpcWrapper: Returning a channel provider with trafficStatsTag=18692 trafficStatsUid=-1
07-27 05:15:04.891  1370  1370 I StylusModule: StylusModule.onUpdateToolType():770 Update tool type = 0
07-27 05:15:04.893   576   593 W PresentationStatsEventLogger: Bad view state for: -1
07-27 05:15:04.910  3315  3346 D EGL_emulation: app_time_stats: avg=144.68ms min=7.75ms max=367.87ms count=7
07-27 05:15:04.997  1370  1370 I StylusModule: StylusModule.onUpdateToolType():770 Update tool type = 0
07-27 05:15:05.002   576   938 W PresentationStatsEventLogger: Bad view state for: -1
07-27 05:15:05.061  1571  1571 D BoundBrokerSvc: onBind: Intent { act=com.google.android.mdd.service.START dat=chimera-action:/... cmp=com.google.android.gms/.chimera.GmsBoundBrokerService }
07-27 05:15:05.061  1571  1571 D BoundBrokerSvc: Loading bound service for intent: Intent { act=com.google.android.mdd.service.START dat=chimera-action:/... cmp=com.google.android.gms/.chimera.GmsBoundBrokerService }
07-27 05:15:05.099  1370  1370 I StylusModule: StylusModule.onUpdateToolType():770 Update tool type = 0
07-27 05:15:05.101   576   593 W PresentationStatsEventLogger: Bad view state for: -1
07-27 05:15:05.174  1044  1044 W Glide   : Failed to find GeneratedAppGlideModule. You should include an annotationProcessor compile dependency on com.github.bumptech.glide:compiler in your application and a @GlideModule annotated AppGlideModule implementation or LibraryGlideModules will be silently ignored
07-27 05:15:05.209   576   593 D ConnectivityService: requestNetwork for uid/pid:10144/1044 activeRequest: null callbackRequest: 125 [NetworkRequest [ REQUEST id=126, [ Capabilities: INTERNET&NOT_RESTRICTED&TRUSTED&NOT_VCN_MANAGED&NOT_BANDWIDTH_CONSTRAINED Uid: 10144 RequestorUid: 10144 RequestorPkg: com.google.android.gms UnderlyingNetworks: Null] ]] callback flags: 0 order: 2147483647 isUidTracked: false
07-27 05:15:05.212  1370  1370 I StylusModule: StylusModule.onUpdateToolType():770 Update tool type = 0
07-27 05:15:05.214   576   593 W PresentationStatsEventLogger: Bad view state for: -1
07-27 05:15:05.216   576   730 D ConnectivityService: NetReassign [126 : null → 100] [c 0] [a 2] [i 4]
07-27 05:15:05.217   576   723 D WifiNetworkFactory: got request NetworkRequest [ REQUEST id=126, [ Capabilities: INTERNET&NOT_RESTRICTED&TRUSTED&NOT_VCN_MANAGED&NOT_BANDWIDTH_CONSTRAINED Uid: 10144 RequestorUid: 10144 RequestorPkg: com.google.android.gms UnderlyingNetworks: Null] ]
07-27 05:15:05.217   576   723 D UntrustedWifiNetworkFactory: got request NetworkRequest [ REQUEST id=126, [ Capabilities: INTERNET&NOT_RESTRICTED&TRUSTED&NOT_VCN_MANAGED&NOT_BANDWIDTH_CONSTRAINED Uid: 10144 RequestorUid: 10144 RequestorPkg: com.google.android.gms UnderlyingNetworks: Null] ]
07-27 05:15:05.221   576   723 D OemPaidWifiNetworkFactory: got request NetworkRequest [ REQUEST id=126, [ Capabilities: INTERNET&NOT_RESTRICTED&TRUSTED&NOT_VCN_MANAGED&NOT_BANDWIDTH_CONSTRAINED Uid: 10144 RequestorUid: 10144 RequestorPkg: com.google.android.gms UnderlyingNetworks: Null] ]
07-27 05:15:05.221   576   723 D MultiInternetWifiNetworkFactory: got request NetworkRequest [ REQUEST id=126, [ Capabilities: INTERNET&NOT_RESTRICTED&TRUSTED&NOT_VCN_MANAGED&NOT_BANDWIDTH_CONSTRAINED Uid: 10144 RequestorUid: 10144 RequestorPkg: com.google.android.gms UnderlyingNetworks: Null] ]
07-27 05:15:05.222  1571  1571 D BoundBrokerSvc: onBind: Intent { act=com.google.android.gms.chromesync.service.zeroparty.START dat=chimera-action:/... cmp=com.google.android.gms/.chimera.GmsApiService }
07-27 05:15:05.222  1571  1571 D BoundBrokerSvc: Loading bound service for intent: Intent { act=com.google.android.gms.chromesync.service.zeroparty.START dat=chimera-action:/... cmp=com.google.android.gms/.chimera.GmsApiService }
07-27 05:15:05.233  1571  1571 D BoundBrokerSvc: onBind: Intent { act=com.google.android.gms.wallet.service.BIND pkg=com.google.android.gms }
07-27 05:15:05.233  1571  1571 D BoundBrokerSvc: Loading bound service for intent: Intent { act=com.google.android.gms.wallet.service.BIND pkg=com.google.android.gms }
07-27 05:15:05.244   576   938 I AssistStructure: Flattened final assist data: 2520 bytes, containing 2 windows, 18 views
07-27 05:15:05.261  1370  1370 W NotificationCenter: NotificationCenter$ListenerData.notifyOnExecutor():672 Heavy notify work detected on UI thread: |kbq->gme| takes 26ms
07-27 05:15:05.280  1044  3060 W adrj    : Infinite Data has no result for com.mediology.sinsinapp [CONTEXT service_id=177 ]
07-27 05:15:05.285  1044  3060 W adrj    : Infinite Data has no result for com.mediology.sinsinapp [CONTEXT service_id=177 ]
07-27 05:15:05.312  1370  1370 I StylusModule: StylusModule.onUpdateToolType():770 Update tool type = 0
07-27 05:15:05.317  1044  3894 E GmsCoreLogger: Missing account for FACET_USAGE_GAIA_UNSAMPLED [CONTEXT service_id=299 ]
07-27 05:15:05.354   576  2023 W PresentationStatsEventLogger: Bad view state for: -1
07-27 05:15:05.436  1044  1044 D BoundBrokerSvc: onBind: Intent { act=com.google.android.gms.auth.aang.events.services.START dat=chimera-action:/... cmp=com.google.android.gms/.chimera.PersistentApiService }
07-27 05:15:05.436  1044  1044 D BoundBrokerSvc: Loading bound service for intent: Intent { act=com.google.android.gms.auth.aang.events.services.START dat=chimera-action:/... cmp=com.google.android.gms/.chimera.PersistentApiService }
07-27 05:15:05.513  1571  1716 I SyncManager: Executing sync(type=400, waitForInit) [CONTEXT service_id=80 ]
07-27 05:15:05.519  1370  1370 I StylusModule: StylusModule.onUpdateToolType():770 Update tool type = 0
07-27 05:15:05.519  1571  1716 I SyncManager: Executing sync(type=400) finished in 4ms [CONTEXT service_id=80 ]
07-27 05:15:05.525   576  2023 W PresentationStatsEventLogger: Bad view state for: -1
07-27 05:15:05.534  1571  1571 D BoundBrokerSvc: onBind: Intent { act=com.google.android.gms.auth.key.retrieval.service.START dat=chimera-action:/... cmp=com.google.android.gms/.chimera.GmsApiService }
07-27 05:15:05.534  1571  1571 D BoundBrokerSvc: Loading bound service for intent: Intent { act=com.google.android.gms.auth.key.retrieval.service.START dat=chimera-action:/... cmp=com.google.android.gms/.chimera.GmsApiService }
07-27 05:15:05.546  1571  3180 I RecoverableKeyStoreGms: [GetKeyMaterialOperation] GetKeyMaterialOperation: 190ed9c9-5c26-43d0-8054-5c1df5021c56
07-27 05:15:05.633  1370  1370 I StylusModule: StylusModule.onUpdateToolType():770 Update tool type = 0
07-27 05:15:05.651  1370  1370 I GoogleInputMethodService: GoogleInputMethodService.onStartInput():1986 onStartInput(EditorInfo{EditorInfo{packageName=com.mediology.sinsinapp, inputType=81, inputTypeString=Password, enableLearning=false, autoCorrection=false, autoComplete=true, imeOptions=4000006, privateImeOptions=null, actionName=DONE, actionLabel=null, initialSelStart=0, initialSelEnd=0, initialCapsMode=3000, label=null, fieldId=1918, fieldName=null, extras=Bundle[mParcelledData.dataSize=404], hintText=non-empty, hintLocales=[]}}, true)
07-27 05:15:05.653  1370  1370 I GoogleInputMethodService: GoogleInputMethodService.updateDeviceLockedStatus():2248 repeatCheckTimes = 1, locked = false
07-27 05:15:05.653  1370  1370 W SessionManager: SessionManager.beginSession():53 Try to begin an already begun session [INPUT_SESSION], end it first
07-27 05:15:05.654  1370  1370 W SessionManager: SessionManager.endSession():96 Child session [INPUT_VIEW_SESSION] is not ended while ending session [{INPUT_VIEW_SESSION=1785096904267, IME_SESSION=1785096904303, INPUT_SESSION=1785096904266}], ending it now.
07-27 05:15:05.662  1370  1370 W SessionManager: SessionManager.endSession():96 Child session [IME_SESSION] is not ended while ending session [{INPUT_VIEW_SESSION=1785096904267, IME_SESSION=1785096904303, INPUT_SESSION=1785096904266}], ending it now.
07-27 05:15:05.673  1370  1370 I AndroidIME: InputBundleManager.loadActiveInputBundleId():450 loadActiveInputBundleId: und-Latn-x-password, password
07-27 05:15:05.673   576  2023 W PackageConfigPersister: App-specific configuration not found for packageName: com.mediology.sinsinapp and userId: 0
07-27 05:15:05.704  1370  1370 W NotificationCenter: NotificationCenter$ListenerData.notifyOnExecutor():672 Heavy notify work detected on UI thread: |kga->jjc| takes 31ms
07-27 05:15:05.705  1370  1370 I GoogleInputMethodService: GoogleInputMethodService.onStartInputView():2098 onStartInputView(EditorInfo{EditorInfo{packageName=com.mediology.sinsinapp, inputType=81, inputTypeString=Password, enableLearning=false, autoCorrection=false, autoComplete=true, imeOptions=4000006, privateImeOptions=null, actionName=DONE, actionLabel=null, initialSelStart=0, initialSelEnd=0, initialCapsMode=3000, label=null, fieldId=1918, fieldName=null, extras=Bundle[{android.support.text.emoji.emojiCompat_metadataVersion=9, androidx.core.view.inputmethod.EditorInfoCompat.STYLUS_HANDWRITING_ENABLED=false, android.support.text.emoji.emojiCompat_replaceAll=false}], hintText=non-empty, hintLocales=[]}}, true)
07-27 05:15:05.708  1370  1370 I AndroidIME: AbstractIme.onDeactivate():202 PasswordIme.onDeactivate()
07-27 05:15:05.708  1370  1370 W SessionManager: SessionManager.endSession():88 Try to end a not begun session [IME_SESSION].
07-27 05:15:05.709  1370  1370 I GoogleInputMethodService: GoogleInputMethodService.updateDeviceLockedStatus():2248 repeatCheckTimes = 1, locked = false
07-27 05:15:05.711  1370  1370 I KeyboardHeightUtil: KeyboardHeightUtil.getOemKeyboardHeightRatio():206 systemKeyboardHeightRatio:1.000000.
07-27 05:15:05.713  1370  1370 I AndroidIME: AbstractIme.onActivate():89 PasswordIme.onActivate() : EditorInfo = EditorInfo{packageName=com.mediology.sinsinapp, inputType=81, inputTypeString=Password, enableLearning=false, autoCorrection=false, autoComplete=true, imeOptions=4000006, privateImeOptions=null, actionName=DONE, actionLabel=null, initialSelStart=0, initialSelEnd=0, initialCapsMode=3000, label=null, fieldId=1918, fieldName=null, extras=Bundle[{android.support.text.emoji.emojiCompat_metadataVersion=9, androidx.core.view.inputmethod.EditorInfoCompat.STYLUS_HANDWRITING_ENABLED=false, android.support.text.emoji.emojiCompat_replaceAll=false}], hintText=non-empty, hintLocales=[]}, IncognitoMode = false, DeviceLocked = false
07-27 05:15:05.713  1370  1370 I KeyboardWrapper: KeyboardWrapper.activateKeyboard():575 activateKeyboard(): type=prime, status=0, imeDef=ktt{stringId=password, language=und-Latn-x-password, languageTag=und-Latn-x-password, processedConditions={variant=qwerty, enable_number_row=false, device=phone}, className=com.google.android.libraries.inputmethod.ime.password.PasswordIme, label=2132018743, keyEventInterpreter=null, inlineComposing=true, autoCapital=true, announceAutoSelectedCandidate=true, statusIcon=0, primeKeyboardType=SOFT, indicatorIcon=0, indicatorLabel=null, displayAppCompletions=false, extraValues=ktl{}, processors=kvl@99ac202, unacceptableMetaKeys=4098, languageSpecificSettings=0, asciiCapable=false, alwaysShowSuggestions=false, useAsciiPasswordKeyboard=false, secondaryIme=null, keyboardGroupDef=kut@d8d6713, phenotypeFlagId=0, localizationLanguageTag=null, supportsInlineSuggestion=false, supportsAccessPoints=false}
07-27 05:15:05.714  1370  1370 I KeyboardManager: KeyboardManager.requestKeyboard():234 Creating keyboard prime, imeId=password, cacheKey=theme_border_stylesheet_noshadow_gsans_pillkey_silkpopup_hover_light_phone_bottom4dp_navredesign
07-27 05:15:05.715  1370  1370 I KeyboardWrapper: KeyboardWrapper.onKeyboardReady():239 onKeyboardReady(): type=prime(prime), kb=com.google.android.apps.inputmethod.latin.keyboard.LatinPasswordKeyboard@87f730d
07-27 05:15:05.715  1370  1370 I KeyboardWrapper: KeyboardWrapper.doActivateKeyboard():606 doActivateKeyboard(): prime
07-27 05:15:05.717  1370  1370 I KeyboardHeightUtil: KeyboardHeightUtil.calculateMaxKeyboardBodyHeight():45 leave 281 height for app when ime window height:2142, header height:116 and isFullscreenMode:false, so the max keyboard body height is:1745
07-27 05:15:05.718  1370  1370 W Keyboard: Keyboard.getKeyboardViewHelper():574 null helper is returned: keyboardDef=kuo{processedConditions={show_suggestions=true, enable_more_candidates_view_for_multilingual=false, enable_secondary_symbols=false, variant=qwerty, language=en-US, device=phone, expressions=normal, keyboard_mode=normal, show_secondary_digits=false, enable_preemptive_decode=true, rtl_layout=false}, globalConditions={global_theme_key=theme_border_stylesheet_noshadow_gsans_pillkey_silkpopup_hover_light_phone_bottom4dp_navredesign, global_locale=en_US, global_density_dpi=420, global_orientation=1}, className=.latin.keyboard.LatinPasswordKeyboard, resourceIds=[#0x7f170663, #0x7f1708e0, #0x7f17071f], initialStates=0, keyboardViewDefs=[kvb{direction=null, id=#0x7f0b014d, isScalable=true, layoutId=#0x7f0e039d, type=BODY, touchable=true, defaultShow=true}, kvb{direction=null, id=#0x7f0b014d, isScalable=false, layoutId=#0x7f0e01aa, type=FLOATING_CANDIDATES, touchable=false, defaultShow=false}, kvb{direction=LOCALE, id=#0x7f0b014d, isScalable=false, layoutId=#0x7f0e058f, type=HEADER, touchable=true, defaultShow=true}], persistentStates=0, persistentStatesPrefKey=null, popupBubbleLayoutId=#0x7f0e068d, recentKeyLayoutId=0, recentKeyPopupLayoutId=0, recentKeyType=null, rememberRecentKey=NONE, sessionStates=17592186044419}, type=WIDGET, helpersCreated=[kib@99bb1d7, kib@ac46ac4, kib@5c15dad, null], context.getResources().getConfiguration(): {1.0 310mcc260mnc [en_US] ldltr sw411dp w411dp h914dp 420dpi nrml long port finger qwerty/v/v dpad/v winConfig={ mBounds=Rect(0, 0 - 1080, 2400) mAppBounds=Rect(0, 0 - 1080, 2400) mMaxBounds=Rect(0, 0 - 1080, 2400) mDisplayRotation=ROTATION_0 mWindowingMode=fullscreen mActivityType=undefined mAlwaysOnTop=undefined mRotation=ROTATION_0} as.2 s.34 fontWeightAdjustment=0}
07-27 05:15:05.719  1370  1370 I KeyboardHeightUtil: KeyboardHeightUtil.calculateMaxKeyboardBodyHeight():45 leave 281 height for app when ime window height:2142, header height:116 and isFullscreenMode:false, so the max keyboard body height is:1745
07-27 05:15:05.719  1370  1370 I GoogleInputMethodService: GoogleInputMethodService.startInputIfInputViewStarted():3728 startInputIfInputViewStarted(): default prime
07-27 05:15:05.719  1370  1370 I KeyboardModeManager: KeyboardModeManager.setInputViewKeyboardViewHolderProvider():625 setInputView() : supportsOneHandedMode=true supportsSplitMode=true
07-27 05:15:05.720  1370  1370 I NormalModeController: NormalModeController.getKeyboardBodyViewHolderPaddingBottom():104 currentPrimeKeyboardType:SOFT systemPaddingBottom:-1
07-27 05:15:05.720  1370  1370 I KeyboardHeightUtil: KeyboardHeightUtil.calculateMaxKeyboardBodyHeight():45 leave 281 height for app when ime window height:2142, header height:116 and isFullscreenMode:false, so the max keyboard body height is:1745
07-27 05:15:05.720  1370  1370 I KeyboardHeightUtil: KeyboardHeightUtil.calculateMaxKeyboardBodyHeight():45 leave 281 height for app when ime window height:2142, header height:116 and isFullscreenMode:false, so the max keyboard body height is:1745
07-27 05:15:05.720  1370  1370 I KeyboardHeightUtil: KeyboardHeightUtil.calculateMaxKeyboardBodyHeight():45 leave 281 height for app when ime window height:2142, header height:116 and isFullscreenMode:false, so the max keyboard body height is:1745
07-27 05:15:05.720  1370  1370 I KeyboardHeightUtil: KeyboardHeightUtil.calculateMaxKeyboardBodyHeight():45 leave 281 height for app when ime window height:2142, header height:116 and isFullscreenMode:false, so the max keyboard body height is:1745
07-27 05:15:05.720  1370  1370 I NormalModeController: NormalModeController.getKeyboardBodyViewHolderPaddingBottom():104 currentPrimeKeyboardType:SOFT systemPaddingBottom:-1
07-27 05:15:05.721  1370  1370 I KeyboardHeightUtil: KeyboardHeightUtil.calculateMaxKeyboardBodyHeight():45 leave 281 height for app when ime window height:2142, header height:116 and isFullscreenMode:false, so the max keyboard body height is:1745
07-27 05:15:05.721  1370  1370 I KeyboardHeightUtil: KeyboardHeightUtil.calculateMaxKeyboardBodyHeight():45 leave 281 height for app when ime window height:2142, header height:116 and isFullscreenMode:false, so the max keyboard body height is:1745
07-27 05:15:05.721  1370  1370 I KeyboardModeManager: KeyboardModeManager.setInputViewKeyboardViewHolderProvider():613 setInputView() : supportsOneHandedMode=true, supportSplitMode=true
07-27 05:15:05.729  1370  1370 I CrowdsourceExtension: CrowdsourceExtension.checkIfDefaultBrowserIsAllowed():110 Failed to get default browser. The default browser may be deactived.
07-27 05:15:05.730  1370  1370 I AccessoryInputModeManager: AccessoryInputModeManager.onModeStarted():308 Accessory input mode started: null
07-27 05:15:05.730  1370  1370 W SupplementaryKeyboardsWrapper: SupplementaryKeyboardsWrapper.deactivateKeyboard():159 keyboard accessory_candidates_consumer is not activated before!
07-27 05:15:05.731  1370  1370 I NewLanguagePromptExtension: NewLanguagePromptExtension.onActivate():195 Not activated NewLanguagePromptExtension: not a normal text input box.
07-27 05:15:05.732  1370  1370 I CurrentMicStatusHolder: CurrentMicStatusHolder.onStartInputView():81 Current Mic status = {MicIconHidden-PasswordOrNumberOrDateInputType,}
07-27 05:15:05.734   576   576 D AutofillInlineSuggestionsRequestSession: onInlineSuggestionsResponseLocked called for:1073741839@49251334
07-27 05:15:05.734   576   576 D AutofillInlineSuggestionsRequestSession: maybeNotifyFillUiEventLoked(): hasSuggestionToShow=false, mPreviousHasNonPinSuggestionShow=false
07-27 05:15:05.734  1370  1370 I StylusModule: StylusModule.onUpdateToolType():770 Update tool type = 0
07-27 05:15:05.734   576   576 D AutofillInlineSuggestionsRequestSession: Send inline response: 0
07-27 05:15:05.736  1370  1370 I KeyboardHeightUtil: KeyboardHeightUtil.calculateMaxKeyboardBodyHeight():45 leave 281 height for app when ime window height:2142, header height:116 and isFullscreenMode:false, so the max keyboard body height is:1745
07-27 05:15:05.736  1370  1370 I WindowMetricsNotification: WindowMetricsNotification.notifyWithWindow():113 
07-27 05:15:05.736  1370  1370 I WindowMetricsNotification: WindowMetricsNotification.notify():106 WindowMetricsNotification{bounds=Rect(0, 132 - 1080, 2400), insets=Rect(0, 0 - 0, 126), densityDpi=420, smallestScreenWidthDp=411, displayWidth=1080, displayHeight=2400, xdpi=420.0, ydpi=420.0}; DisplayMetrics{density=2.625, width=1080, height=2400, scaledDensity=2.625, xdpi=420.0, ydpi=420.0}
07-27 05:15:05.739  1370  1370 I GoogleInputMethodService: GoogleInputMethodService$1.onKeyboardViewShown():494 onKeyboardViewShown: keyboardType=prime, keyboardViewType=HEADER keyboardView=com.google.android.libraries.inputmethod.widgets.SoftKeyboardView{1b9cf4b V.E...... ........ 0,0-1080,116}
07-27 05:15:05.739  1370  1370 I GoogleInputMethodService: GoogleInputMethodService$1.onKeyboardViewShown():494 onKeyboardViewShown: keyboardType=prime, keyboardViewType=BODY keyboardView=com.google.android.libraries.inputmethod.widgets.SoftKeyboardView{281a59c V.E...... ........ 0,0-1080,641}
07-27 05:15:05.739  1370  1370 I NewLanguagePromptExtension: NewLanguagePromptExtension$1.onKeyboardViewShown():94 Not show new language banner: not prime keyboard, or the extension not activated.
07-27 05:15:05.739  1370  1370 I WindowMetricsNotification: WindowMetricsNotification.notifyWithWindow():113 
07-27 05:15:05.739  1370  1370 I WindowMetricsNotification: WindowMetricsNotification.notify():106 WindowMetricsNotification{bounds=Rect(0, 132 - 1080, 2400), insets=Rect(0, 0 - 0, 126), densityDpi=420, smallestScreenWidthDp=411, displayWidth=1080, displayHeight=2400, xdpi=420.0, ydpi=420.0}; DisplayMetrics{density=2.625, width=1080, height=2400, scaledDensity=2.625, xdpi=420.0, ydpi=420.0}
07-27 05:15:05.739  1370  1370 I WindowMetricsNotification: WindowMetricsNotification.notifyWithWindow():113 
07-27 05:15:05.739  1370  1370 I WindowMetricsNotification: WindowMetricsNotification.notify():106 WindowMetricsNotification{bounds=Rect(0, 132 - 1080, 2400), insets=Rect(0, 0 - 0, 126), densityDpi=420, smallestScreenWidthDp=411, displayWidth=1080, displayHeight=2400, xdpi=420.0, ydpi=420.0}; DisplayMetrics{density=2.625, width=1080, height=2400, scaledDensity=2.625, xdpi=420.0, ydpi=420.0}
07-27 05:15:05.739  1370  1370 I WindowMetricsNotification: WindowMetricsNotification.notifyWithWindow():113 
07-27 05:15:05.739  1370  1370 I WindowMetricsNotification: WindowMetricsNotification.notify():106 WindowMetricsNotification{bounds=Rect(0, 132 - 1080, 2400), insets=Rect(0, 0 - 0, 126), densityDpi=420, smallestScreenWidthDp=411, displayWidth=1080, displayHeight=2400, xdpi=420.0, ydpi=420.0}; DisplayMetrics{density=2.625, width=1080, height=2400, scaledDensity=2.625, xdpi=420.0, ydpi=420.0}
07-27 05:15:05.741  1370  1787 D EGL_emulation: app_time_stats: avg=492.40ms min=41.99ms max=942.80ms count=2
07-27 05:15:05.819  1370  1370 I StylusModule: StylusModule.onUpdateToolType():770 Update tool type = 0
07-27 05:15:05.854  1370  1370 I StylusModule: StylusModule.onUpdateToolType():770 Update tool type = 0
07-27 05:15:05.919  1370  1370 I StylusModule: StylusModule.onUpdateToolType():770 Update tool type = 0
07-27 05:15:05.925   576   938 W PresentationStatsEventLogger: Bad view state for: -1
07-27 05:15:05.940  3315  3346 D EGL_emulation: app_time_stats: avg=84.03ms min=43.48ms max=279.64ms count=12
07-27 05:15:06.011  1370  1370 I StylusModule: StylusModule.onUpdateToolType():770 Update tool type = 0
07-27 05:15:06.014   576   938 W PresentationStatsEventLogger: Bad view state for: -1
07-27 05:15:06.104  1370  1370 I StylusModule: StylusModule.onUpdateToolType():770 Update tool type = 0
07-27 05:15:06.140   576   938 W PresentationStatsEventLogger: Bad view state for: -1
07-27 05:15:06.170  1370  1370 I StylusModule: StylusModule.onUpdateToolType():770 Update tool type = 0
07-27 05:15:06.204   576   938 W PresentationStatsEventLogger: Bad view state for: -1
07-27 05:15:06.221  1370  1370 I StylusModule: StylusModule.onUpdateToolType():770 Update tool type = 0
07-27 05:15:06.227   576   593 W PresentationStatsEventLogger: Bad view state for: -1
07-27 05:15:06.271  1370  1370 I StylusModule: StylusModule.onUpdateToolType():770 Update tool type = 0
07-27 05:15:06.283   576   938 W PresentationStatsEventLogger: Bad view state for: -1
07-27 05:15:06.316  1370  1370 I StylusModule: StylusModule.onUpdateToolType():770 Update tool type = 0
07-27 05:15:06.319   576   938 W PresentationStatsEventLogger: Bad view state for: -1
07-27 05:15:06.368  1370  1370 I StylusModule: StylusModule.onUpdateToolType():770 Update tool type = 0
07-27 05:15:06.377   576   938 W PresentationStatsEventLogger: Bad view state for: -1
07-27 05:15:06.940  3315  3346 D EGL_emulation: app_time_stats: avg=70.94ms min=10.18ms max=451.87ms count=12
07-27 05:15:07.053  3936  3936 D AndroidRuntime: >>>>>> START com.android.internal.os.RuntimeInit uid 2000 <<<<<<
07-27 05:15:07.057  3936  3936 I AndroidRuntime: Using default boot image
07-27 05:15:07.057  3936  3936 I AndroidRuntime: Leaving lock profiling enabled
07-27 05:15:07.058  3936  3936 I app_process: Core platform API reporting enabled, enforcing=false
07-27 05:15:07.059  3936  3936 I app_process: Using CollectorTypeCMC GC.
07-27 05:15:07.117  3936  3936 D nativeloader: InitDefaultPublicLibraries for_preload=1: libandroid.so:libaaudio.so:libamidi.so:libbinder_ndk.so:libc.so:libcamera2ndk.so:libdl.so:libEGL.so:libGLESv1_CM.so:libGLESv2.so:libGLESv3.so:libicu.so:libicui18n.so:libicuuc.so:libjnigraphics.so:liblog.so:libmediandk.so:libm.so:libnativehelper.so:libnativewindow.so:libOpenMAXAL.so:libOpenSLES.so:libRS.so:libstdc++.so:libsync.so:libvulkan.so:libwebviewchromium_plat_support.so:libz.so
07-27 05:15:07.126  3936  3936 D nativeloader: Load libicu_jni.so using APEX ns com_android_art for caller /apex/com.android.art/javalib/core-oj.jar: ok
07-27 05:15:07.126  3936  3936 D app_process: u_setTimeZoneFilesDirectory("/apex/com.android.tzdata/etc/tz/versioned/8/icu") succeeded. 
07-27 05:15:07.126  3936  3936 D app_process: I18n APEX ICU file found: /apex/com.android.i18n/etc/icu/icudt75l.dat
07-27 05:15:07.127  3936  3936 D nativeloader: Load libjavacore.so using APEX ns com_android_art for caller /apex/com.android.art/javalib/core-oj.jar: ok
07-27 05:15:07.127  3936  3936 D nativeloader: Load libopenjdk.so using APEX ns com_android_art for caller /apex/com.android.art/javalib/core-oj.jar: ok
07-27 05:15:07.130  3936  3936 W app_process: ClassLoaderContext shared library size mismatch. Expected=2, found=0 (PCL[]{PCL[/system/framework/android.test.base.jar*724373495]#PCL[/system/framework/android.test.mock.jar*1452759902]} | PCL[])
07-27 05:15:07.130  3936  3936 W app_process: ClassLoaderContext classpath size mismatch. expected=0, found=1 (PCL[]{PCL[/system/framework/android.test.runner.jar*2496447986]#PCL[/system/framework/android.test.base.jar*724373495]} | PCL[/system/framework/android.test.runner.jar*2496447986])
07-27 05:15:07.145  3936  3936 D nativeloader: Load libframework-connectivity-tiramisu-jni.so using APEX ns com_android_tethering for caller /apex/com.android.tethering/javalib/framework-connectivity-t.jar: ok
07-27 05:15:07.145  3936  3936 D AndroidRuntime: Calling main entry com.android.commands.uiautomator.Launcher
07-27 05:15:07.147  3936  3936 D UiAutomationConnection: Created on user UserHandle{0}
07-27 05:15:07.147  3936  3936 I UiAutomation: Initialized for user 0 on display 0
07-27 05:15:07.147  3936  3936 W UiAutomation: Created with deprecatead constructor, assumes DEFAULT_DISPLAY
07-27 05:15:07.149   576  2023 D AccessibilityManagerService: changeCurrentUserForTestAutomationIfNeededLocked(0): ignoring because device doesn't support visible background users
07-27 05:15:07.149   576  2023 I UiAutomationManager: Registering UiTestAutomationService (id=com.android.server.accessibility/UiAutomation, flags=0x0) when called by user 0
07-27 05:15:07.150   576  2023 W MagnificationConnectionManager: requestConnection duplicated request: connect=false, mConnectionState=DISCONNECTED
07-27 05:15:07.151   576   576 W IPCThreadState: Sending oneway calls to frozen process.
07-27 05:15:07.152   576   576 W IPCThreadState: Sending oneway calls to frozen process.
07-27 05:15:07.152   576   576 W IPCThreadState: Sending oneway calls to frozen process.
07-27 05:15:07.152  3936  3948 V UiAutomation: Init UiAutomation@322ec12[id=12, displayId=0, flags=0]
07-27 05:15:07.152   576   576 W IPCThreadState: Sending oneway calls to frozen process.
07-27 05:15:07.152   576   576 W IPCThreadState: Sending oneway calls to frozen process.
07-27 05:15:07.152   576   576 W IPCThreadState: Sending oneway calls to frozen process.
07-27 05:15:07.152   576   576 W IPCThreadState: Sending oneway calls to frozen process.
07-27 05:15:07.152   576   576 W IPCThreadState: Sending oneway calls to frozen process.
07-27 05:15:07.152   576   576 W IPCThreadState: Sending oneway calls to frozen process.
07-27 05:15:07.152   576   576 W IPCThreadState: Sending oneway calls to frozen process.
07-27 05:15:07.153   576   576 W IPCThreadState: Sending oneway calls to frozen process.
07-27 05:15:07.153   576   576 W IPCThreadState: Sending oneway calls to frozen process.
07-27 05:15:07.153   576   576 W IPCThreadState: Sending oneway calls to frozen process.
07-27 05:15:07.153   576   576 W IPCThreadState: Sending oneway calls to frozen process.
07-27 05:15:07.153   576   576 W IPCThreadState: Sending oneway calls to frozen process.
07-27 05:15:07.153   576   576 W IPCThreadState: Sending oneway calls to frozen process.
07-27 05:15:07.153   576   576 W IPCThreadState: Sending oneway calls to frozen process.
07-27 05:15:07.153   576   576 W IPCThreadState: Sending oneway calls to frozen process.
07-27 05:15:07.153   576   576 W IPCThreadState: Sending oneway calls to frozen process.
07-27 05:15:07.153   576   576 W IPCThreadState: Sending oneway calls to frozen process.
07-27 05:15:07.153   576   576 W IPCThreadState: Sending oneway calls to frozen process.
07-27 05:15:07.153   576   576 D BatterySaverPolicy: accessibility changed to true, updating policy.
07-27 05:15:07.154   576  2023 W MagnificationConnectionManager: requestConnection duplicated request: connect=false, mConnectionState=DISCONNECTED
07-27 05:15:07.154   576   576 W IPCThreadState: Sending oneway calls to frozen process.
07-27 05:15:07.165   576   576 W IPCThreadState: Sending oneway calls to frozen process.
07-27 05:15:07.165   576   576 W IPCThreadState: Sending oneway calls to frozen process.
07-27 05:15:07.165   576   576 W IPCThreadState: Sending oneway calls to frozen process.
07-27 05:15:07.165   576   576 W IPCThreadState: Sending oneway calls to frozen process.
07-27 05:15:07.165   576   576 W IPCThreadState: Sending oneway calls to frozen process.
07-27 05:15:07.165   576   576 W IPCThreadState: Sending oneway calls to frozen process.
07-27 05:15:07.165   576   576 W IPCThreadState: Sending oneway calls to frozen process.
07-27 05:15:07.165   576   576 W IPCThreadState: Sending oneway calls to frozen process.
07-27 05:15:07.165   576   576 W IPCThreadState: Sending oneway calls to frozen process.
07-27 05:15:07.165   576   576 W IPCThreadState: Sending oneway calls to frozen process.
07-27 05:15:07.165   576   576 W IPCThreadState: Sending oneway calls to frozen process.
07-27 05:15:07.165   576   576 W IPCThreadState: Sending oneway calls to frozen process.
07-27 05:15:07.165   576   576 W IPCThreadState: Sending oneway calls to frozen process.
07-27 05:15:07.165  1436  1452 I AiAiEcho: Settings changed for uri: content://settings/secure/accessibility_enabled
07-27 05:15:07.166  1436  1452 I AiAiEcho: Settings changed for uri: content://settings/secure/accessibility_enabled
07-27 05:15:07.213  1436  1698 I AiAiEcho: Predicting[0]:  [CONTEXT sampling_count=5 ]
07-27 05:15:07.213  1436  1698 I AiAiEcho: EchoTargets: 
07-27 05:15:07.213  1436  1698 I AiAiEcho: Filtered by AiAi flag check: 
07-27 05:15:07.213  1436  1698 I AiAiEcho: [CONTEXT ratelimit_period="10 SECONDS" ]
07-27 05:15:07.213  1436  1698 I AiAiEcho: Ranked targets strategy: SORT, count: 0, ranking metadata:  [CONTEXT ratelimit_period="10 SECONDS" ]
07-27 05:15:07.213  1436  1698 I AiAiEcho: #remoteViewsTwiddler: feature disabled.
07-27 05:15:07.214  1436  1698 I AiAiEcho: Predicting[0]:  [CONTEXT sampling_count=5 ]
07-27 05:15:07.214  1436  1698 I AiAiEcho: EchoTargets: 
07-27 05:15:07.214  1436  1698 I AiAiEcho: Filtered by AiAi flag check: 
07-27 05:15:07.214  1436  1698 I AiAiEcho: [CONTEXT ratelimit_period="10 SECONDS" ]
07-27 05:15:07.214  1436  1698 I AiAiEcho: Ranked targets strategy: SORT, count: 0, ranking metadata:  [CONTEXT ratelimit_period="10 SECONDS" ]
07-27 05:15:07.214  1436  1698 I AiAiEcho: #remoteViewsTwiddler: feature disabled.
07-27 05:15:07.214  1436  1698 I AiAiEcho: Predicting[0]:  [CONTEXT sampling_count=5 ]
07-27 05:15:07.214  1436  1698 I AiAiEcho: EchoTargets: 
07-27 05:15:07.214  1436  1698 I AiAiEcho: Filtered by AiAi flag check: 
07-27 05:15:07.214  1436  1698 I AiAiEcho: [CONTEXT ratelimit_period="10 SECONDS" ]
07-27 05:15:07.214  1436  1698 I AiAiEcho: Ranked targets strategy: SORT, count: 0, ranking metadata:  [CONTEXT ratelimit_period="10 SECONDS" ]
07-27 05:15:07.214  1436  1698 I AiAiEcho: #remoteViewsTwiddler: feature disabled.
07-27 05:15:07.214  1436  1698 I AiAiEcho: Predicting[0]:  [CONTEXT sampling_count=5 ]
07-27 05:15:07.214  1436  1698 I AiAiEcho: EchoTargets: 
07-27 05:15:07.214  1436  1698 I AiAiEcho: Filtered by AiAi flag check: 
07-27 05:15:07.214  1436  1698 I AiAiEcho: [CONTEXT ratelimit_period="10 SECONDS" ]
07-27 05:15:07.214  1436  1698 I AiAiEcho: Ranked targets strategy: SORT, count: 0, ranking metadata:  [CONTEXT ratelimit_period="10 SECONDS" ]
07-27 05:15:07.214  1436  1698 I AiAiEcho: #remoteViewsTwiddler: feature disabled.
07-27 05:15:07.214  1436  1698 I AiAiEcho: Predicting[0]:  [CONTEXT sampling_count=5 ]
07-27 05:15:07.214  1436  1698 I AiAiEcho: EchoTargets: 
07-27 05:15:07.214  1436  1698 I AiAiEcho: Filtered by AiAi flag check: 
07-27 05:15:07.214  1436  1698 I AiAiEcho: [CONTEXT ratelimit_period="10 SECONDS" ]
07-27 05:15:07.214  1436  1698 I AiAiEcho: Ranked targets strategy: SORT, count: 0, ranking metadata:  [CONTEXT ratelimit_period="10 SECONDS" ]
07-27 05:15:07.214  1436  1698 I AiAiEcho: #remoteViewsTwiddler: feature disabled.
07-27 05:15:07.214  1436  1698 I AiAiEcho: Predicting[0]:  [CONTEXT sampling_count=5 ]
07-27 05:15:07.214  1436  1698 I AiAiEcho: EchoTargets: 
07-27 05:15:07.214  1436  1698 I AiAiEcho: Filtered by AiAi flag check: 
07-27 05:15:07.214  1436  1698 I AiAiEcho: [CONTEXT ratelimit_period="10 SECONDS" ]
07-27 05:15:07.214  1436  1698 I AiAiEcho: Ranked targets strategy: SORT, count: 0, ranking metadata:  [CONTEXT ratelimit_period="10 SECONDS" ]
07-27 05:15:07.214  1436  1698 I AiAiEcho: #remoteViewsTwiddler: feature disabled.
07-27 05:15:07.215  1436  1698 I AiAiEcho: #postPredictionTargets: Sending updates to UISurface media_data_manager with targets# 0 (types=[])
07-27 05:15:07.215   820   820 D SsMediaDataProvider: Forwarding Smartspace updates []
07-27 05:15:07.216  1436  1698 I AiAiEcho: #postPredictionTargets: Sending updates to UISurface lockscreen with targets# 0 (types=[])
07-27 05:15:07.216  1436  1698 I AiAiEcho: #postPredictionTargets: Sending updates to UISurface home with targets# 0 (types=[])
07-27 05:15:07.216  1436  1698 I AiAiEcho: #postPredictionTargets: Sending updates to UISurface media_data_manager with targets# 0 (types=[])
07-27 05:15:07.216  1436  1698 I AiAiEcho: #postPredictionTargets: Sending updates to UISurface lockscreen with targets# 0 (types=[])
07-27 05:15:07.216  1436  1698 I AiAiEcho: #postPredictionTargets: Sending updates to UISurface home with targets# 0 (types=[])
07-27 05:15:07.216   820   820 W PageIndicator: Total number of pages invalid: 0. Assuming 1 page.
07-27 05:15:07.216   820   820 D SsMediaDataProvider: Forwarding Smartspace updates []
07-27 05:15:07.217  1306  1306 D SsBaseTemplateCard: No text view can be set up
07-27 05:15:07.217  1306  1306 D SsBaseTemplateCard: Passed-in item info is null
07-27 05:15:07.217  1306  1306 D SsBaseTemplateCard: Passed-in item info is null
07-27 05:15:07.217  1306  1306 D SsBaseTemplateCard: Passed-in item info is null
07-27 05:15:07.217  1306  1306 I SsBaseTemplateCard: Secondary card pane is null
07-27 05:15:07.217  1306  1306 D SsBaseTemplateCard: No text view can be set up
07-27 05:15:07.217  1306  1306 D SsBaseTemplateCard: Passed-in item info is null
07-27 05:15:07.217  1306  1306 D SsBaseTemplateCard: Passed-in item info is null
07-27 05:15:07.217  1306  1306 D SsBaseTemplateCard: Passed-in item info is null
07-27 05:15:07.217  1306  1306 I SsBaseTemplateCard: Secondary card pane is null
07-27 05:15:07.217   820   820 W PageIndicator: Total number of pages invalid: 0. Assuming 1 page.
07-27 05:15:07.294   384  3508 D android.hardware.audio@7.1-impl.ranchu: threadLoop: entering standby, frames: 955264
07-27 05:15:07.942  3315  3346 D EGL_emulation: app_time_stats: avg=501.09ms min=500.26ms max=501.91ms count=2
07-27 05:15:08.161  3936  3936 I AccessibilityNodeInfoDumper: Skipping invisible child: android.view.accessibility.AccessibilityNodeInfo@11fa9d; boundsInParent: Rect(0, 0 - 1080, 0); boundsInScreen: Rect(0, 0 - 1080, 0); boundsInWindow: Rect(0, 0 - 1080, 0); packageName: com.mediology.sinsinapp; className: android.widget.LinearLayout; text: null; error: null; maxTextLength: -1; stateDescription: null; contentDescription: null; tooltipText: null; containerTitle: null; viewIdResName: null; uniqueId: null; checkable: false; checked: false; focusable: false; focused: false; selected: false; clickable: false; longClickable: false; contextClickable: false; enabled: true; password: false; scrollable: false; granularScrollingSupported: false; importantForAccessibility: false; visible: false; actions: [AccessibilityAction: ACTION_SELECT - null, AccessibilityAction: ACTION_CLEAR_SELECTION - null, AccessibilityAction: ACTION_ACCESSIBILITY_FOCUS - null, AccessibilityAction: ACTION_SHOW_ON_SCREEN - null]; isTextSelectable: false
07-27 05:15:08.161  3936  3936 I AccessibilityNodeInfoDumper: Skipping invisible child: android.view.accessibility.AccessibilityNodeInfo@11f6dc; boundsInParent: Rect(0, 0 - 1080, 0); boundsInScreen: Rect(0, 0 - 1080, 0); boundsInWindow: Rect(0, 0 - 1080, 0); packageName: com.mediology.sinsinapp; className: android.view.ViewGroup; text: null; error: null; maxTextLength: -1; stateDescription: null; contentDescription: null; tooltipText: null; containerTitle: null; viewIdResName: null; uniqueId: null; checkable: false; checked: false; focusable: false; focused: false; selected: false; clickable: false; longClickable: false; contextClickable: false; enabled: true; password: false; scrollable: false; granularScrollingSupported: false; importantForAccessibility: false; visible: false; actions: [AccessibilityAction: ACTION_SELECT - null, AccessibilityAction: ACTION_CLEAR_SELECTION - null, AccessibilityAction: ACTION_ACCESSIBILITY_FOCUS - null, AccessibilityAction: ACTION_SHOW_ON_SCREEN - null]; isTextSelectable: false
07-27 05:15:08.161  3936  3936 I AccessibilityNodeInfoDumper: Skipping invisible child: android.view.accessibility.AccessibilityNodeInfo@130524; boundsInParent: Rect(0, 0 - 1080, 0); boundsInScreen: Rect(0, 0 - 1080, 0); boundsInWindow: Rect(0, 0 - 1080, 0); packageName: com.mediology.sinsinapp; className: android.widget.LinearLayout; text: null; error: null; maxTextLength: -1; stateDescription: null; contentDescription: null; tooltipText: null; containerTitle: null; viewIdResName: null; uniqueId: null; checkable: false; checked: false; focusable: false; focused: false; selected: false; clickable: false; longClickable: false; contextClickable: false; enabled: true; password: false; scrollable: false; granularScrollingSupported: false; importantForAccessibility: false; visible: false; actions: [AccessibilityAction: ACTION_SELECT - null, AccessibilityAction: ACTION_CLEAR_SELECTION - null, AccessibilityAction: ACTION_ACCESSIBILITY_FOCUS - null, AccessibilityAction: ACTION_SHOW_ON_SCREEN - null]; isTextSelectable: false
07-27 05:15:08.161  3936  3936 I AccessibilityNodeInfoDumper: Skipping invisible child: android.view.accessibility.AccessibilityNodeInfo@130163; boundsInParent: Rect(0, 0 - 1080, 0); boundsInScreen: Rect(0, 0 - 1080, 0); boundsInWindow: Rect(0, 0 - 1080, 0); packageName: com.mediology.sinsinapp; className: android.view.ViewGroup; text: null; error: null; maxTextLength: -1; stateDescription: null; contentDescription: null; tooltipText: null; containerTitle: null; viewIdResName: null; uniqueId: null; checkable: false; checked: false; focusable: false; focused: false; selected: false; clickable: false; longClickable: false; contextClickable: false; enabled: true; password: false; scrollable: false; granularScrollingSupported: false; importantForAccessibility: false; visible: false; actions: [AccessibilityAction: ACTION_SELECT - null, AccessibilityAction: ACTION_CLEAR_SELECTION - null, AccessibilityAction: ACTION_ACCESSIBILITY_FOCUS - null, AccessibilityAction: ACTION_SHOW_ON_SCREEN - null]; isTextSelectable: false
07-27 05:15:08.169  3936  3936 I AccessibilityNodeInfoDumper: Skipping invisible child: android.view.accessibility.AccessibilityNodeInfo@a5313; boundsInParent: Rect(0, 0 - 1080, 121); boundsInScreen: Rect(0, 0 - 1080, -121); boundsInWindow: Rect(0, 0 - 1080, -121); packageName: com.mediology.sinsinapp; className: android.view.ViewGroup; text: null; error: null; maxTextLength: -1; stateDescription: null; contentDescription: null; tooltipText: null; containerTitle: null; viewIdResName: toastAnimatedContainer; uniqueId: null; checkable: false; checked: false; focusable: false; focused: false; selected: false; clickable: false; longClickable: false; contextClickable: false; enabled: true; password: false; scrollable: false; granularScrollingSupported: false; importantForAccessibility: true; visible: false; actions: [AccessibilityAction: ACTION_SELECT - null, AccessibilityAction: ACTION_CLEAR_SELECTION - null, AccessibilityAction: ACTION_ACCESSIBILITY_FOCUS - null, AccessibilityAction: ACTION_SHOW_ON_SCREEN - null]; isTextSelectable: false
07-27 05:15:08.169  3936  3936 I AccessibilityNodeInfoDumper: Skipping invisible child: android.view.accessibility.AccessibilityNodeInfo@a3c8d; boundsInParent: Rect(0, 0 - 1080, 0); boundsInScreen: Rect(0, 2400 - 1080, 2400); boundsInWindow: Rect(0, 2400 - 1080, 2400); packageName: com.mediology.sinsinapp; className: android.view.ViewGroup; text: null; error: null; maxTextLength: -1; stateDescription: null; contentDescription: null; tooltipText: null; containerTitle: null; viewIdResName: null; uniqueId: null; checkable: false; checked: false; focusable: false; focused: false; selected: false; clickable: false; longClickable: false; contextClickable: false; enabled: true; password: false; scrollable: false; granularScrollingSupported: false; importantForAccessibility: false; visible: false; actions: [AccessibilityAction: ACTION_SELECT - null, AccessibilityAction: ACTION_CLEAR_SELECTION - null, AccessibilityAction: ACTION_ACCESSIBILITY_FOCUS - null, AccessibilityAction: ACTION_SHOW_ON_SCREEN - null]; isTextSelectable: false
07-27 05:15:08.170  3936  3936 W AccessibilityNodeInfoDumper: Fetch time: 12ms
07-27 05:15:08.171  1436  1476 I AiAiEcho: Settings changed for uri: content://settings/secure/accessibility_enabled
07-27 05:15:08.171   576  1730 W MagnificationConnectionManager: requestConnection duplicated request: connect=false, mConnectionState=DISCONNECTED
07-27 05:15:08.171   576  1730 D AccessibilityManagerService: restoreCurrentUserForTestAutomationIfNeededLocked(): ignoring because device doesn't support visible background users
07-27 05:15:08.171   576   576 W IPCThreadState: Sending oneway calls to frozen process.
07-27 05:15:08.171   576   576 W IPCThreadState: Sending oneway calls to frozen process.
07-27 05:15:08.171   576   576 W IPCThreadState: Sending oneway calls to frozen process.
07-27 05:15:08.172  1436  1698 I AiAiEcho: Predicting[0]:  [CONTEXT sampling_count=5 ]
07-27 05:15:08.172  1436  1698 I AiAiEcho: EchoTargets: 
07-27 05:15:08.172  1436  1698 I AiAiEcho: Filtered by AiAi flag check: 
07-27 05:15:08.172  1436  1698 I AiAiEcho: [CONTEXT ratelimit_period="10 SECONDS" ]
07-27 05:15:08.172   576   576 W IPCThreadState: Sending oneway calls to frozen process.
07-27 05:15:08.172   576   576 W IPCThreadState: Sending oneway calls to frozen process.
07-27 05:15:08.172  1436  1698 I AiAiEcho: Ranked targets strategy: SORT, count: 0, ranking metadata:  [CONTEXT ratelimit_period="10 SECONDS" ]
07-27 05:15:08.173   576   576 W IPCThreadState: Sending oneway calls to frozen process.
07-27 05:15:08.173   576   576 W IPCThreadState: Sending oneway calls to frozen process.
07-27 05:15:08.173   576   576 W IPCThreadState: Sending oneway calls to frozen process.
07-27 05:15:08.173  1436  1698 I AiAiEcho: #remoteViewsTwiddler: feature disabled.
07-27 05:15:08.174   576   576 W IPCThreadState: Sending oneway calls to frozen process.
07-27 05:15:08.174   576   576 W IPCThreadState: Sending oneway calls to frozen process.
07-27 05:15:08.174  1436  1698 I AiAiEcho: Predicting[0]:  [CONTEXT sampling_count=5 ]
07-27 05:15:08.174  1436  1698 I AiAiEcho: EchoTargets: 
07-27 05:15:08.174  1436  1698 I AiAiEcho: Filtered by AiAi flag check: 
07-27 05:15:08.174  1436  1698 I AiAiEcho: [CONTEXT ratelimit_period="10 SECONDS" ]
07-27 05:15:08.174  1436  1698 I AiAiEcho: Ranked targets strategy: SORT, count: 0, ranking metadata:  [CONTEXT ratelimit_period="10 SECONDS" ]
07-27 05:15:08.174  1436  1698 I AiAiEcho: #remoteViewsTwiddler: feature disabled.
07-27 05:15:08.174  1436  1698 I AiAiEcho: Predicting[0]:  [CONTEXT sampling_count=5 ]
07-27 05:15:08.174  1436  1698 I AiAiEcho: EchoTargets: 
07-27 05:15:08.174  1436  1698 I AiAiEcho: Filtered by AiAi flag check: 
07-27 05:15:08.174  1436  1698 I AiAiEcho: [CONTEXT ratelimit_period="10 SECONDS" ]
07-27 05:15:08.174  1436  1698 I AiAiEcho: Ranked targets strategy: SORT, count: 0, ranking metadata:  [CONTEXT ratelimit_period="10 SECONDS" ]
07-27 05:15:08.174  1436  1698 I AiAiEcho: #remoteViewsTwiddler: feature disabled.
07-27 05:15:08.174  1436  1698 I AiAiEcho: #postPredictionTargets: Sending updates to UISurface media_data_manager with targets# 0 (types=[])
07-27 05:15:08.174  1436  1698 I AiAiEcho: #postPredictionTargets: Sending updates to UISurface lockscreen with targets# 0 (types=[])
07-27 05:15:08.174  1436  1698 I AiAiEcho: #postPredictionTargets: Sending updates to UISurface home with targets# 0 (types=[])
07-27 05:15:08.175  3936  3936 D AndroidRuntime: Shutting down VM
07-27 05:15:08.176  1306  1306 D SsBaseTemplateCard: No text view can be set up
07-27 05:15:08.176  1306  1306 D SsBaseTemplateCard: Passed-in item info is null
07-27 05:15:08.176  1306  1306 D SsBaseTemplateCard: Passed-in item info is null
07-27 05:15:08.176  1306  1306 D SsBaseTemplateCard: Passed-in item info is null
07-27 05:15:08.176  1306  1306 I SsBaseTemplateCard: Secondary card pane is null
07-27 05:15:08.177   820   820 W PageIndicator: Total number of pages invalid: 0. Assuming 1 page.
07-27 05:15:08.177   576   576 W IPCThreadState: Sending oneway calls to frozen process.
07-27 05:15:08.177   576   576 W IPCThreadState: Sending oneway calls to frozen process.
07-27 05:15:08.177   576   576 W IPCThreadState: Sending oneway calls to frozen process.
07-27 05:15:08.178   576   576 W IPCThreadState: Sending oneway calls to frozen process.
07-27 05:15:08.178   576   576 W IPCThreadState: Sending oneway calls to frozen process.
07-27 05:15:08.178   576   576 W IPCThreadState: Sending oneway calls to frozen process.
07-27 05:15:08.178   576   576 W IPCThreadState: Sending oneway calls to frozen process.
07-27 05:15:08.178   576   576 W IPCThreadState: Sending oneway calls to frozen process.
07-27 05:15:08.178   576   576 W IPCThreadState: Sending oneway calls to frozen process.
07-27 05:15:08.178   576   576 W IPCThreadState: Sending oneway calls to frozen process.
07-27 05:15:08.178   576   576 W IPCThreadState: Sending oneway calls to frozen process.
07-27 05:15:08.178   576   576 D BatterySaverPolicy: accessibility changed to false, updating policy.
07-27 05:15:08.178   820   820 D SsMediaDataProvider: Forwarding Smartspace updates []
07-27 05:15:08.962  3315  3346 D EGL_emulation: app_time_stats: avg=509.68ms min=502.14ms max=517.21ms count=2
07-27 05:15:09.075   422   509 D audioserver: logFgsApiBegin: FGS Logger Transaction failed, -129
07-27 05:15:09.075   576  2013 W AS.PlaybackActivityMon: No piid assigned for invalid/internal port id 15
07-27 05:15:09.077   422   539 D AudioFlinger: mixer(0xb400007e7f7558e0) throttle end: throttle time(43)
07-27 05:15:09.092  3315  3315 I ImeTracker: com.mediology.sinsinapp:ffce4de6: onRequestHide at ORIGIN_CLIENT reason HIDE_SOFT_INPUT fromUser false
07-27 05:15:09.093  1370  1370 I GoogleInputMethodService: GoogleInputMethodService.onFinishInputView():2393 
07-27 05:15:09.096  3315  3315 D InsetsController: hide(ime(), fromIme=true)
07-27 05:15:09.098  1370  1370 W TooltipLifecycleManager: TooltipLifecycleManager.dismissTooltips():152 Tooltip with id spell_check_add_to_dictionary not found in tooltipManager.
07-27 05:15:09.100  1370  1370 I AndroidIME: AbstractIme.onDeactivate():202 PasswordIme.onDeactivate()
07-27 05:15:09.102  1370  1370 I WindowMetricsNotification: WindowMetricsNotification.notifyWithWindow():113 
07-27 05:15:09.102  1370  1370 I WindowMetricsNotification: WindowMetricsNotification.notify():106 WindowMetricsNotification{bounds=Rect(0, 132 - 1080, 2400), insets=Rect(0, 0 - 0, 126), densityDpi=420, smallestScreenWidthDp=411, displayWidth=1080, displayHeight=2400, xdpi=420.0, ydpi=420.0}; DisplayMetrics{density=2.625, width=1080, height=2400, scaledDensity=2.625, xdpi=420.0, ydpi=420.0}
07-27 05:15:09.109   820   893 D WindowManagerShell: onKeepClearAreasChanged: restricted={}, unrestricted={}
07-27 05:15:09.126   422   539 D AudioFlinger: mixer(0xb400007e7f7558e0) throttle end: throttle time(33)
07-27 05:15:09.130  3315  3315 I ThemedReactContext: KeyboardController::keyboardWillHide
07-27 05:15:09.130  3315  3315 I com.reactnativekeyboardcontroller.listeners.KeyboardAnimationCallback: HEIGHT:: 0.0 TAG:: 1918
07-27 05:15:09.139  3315  3315 I com.reactnativekeyboardcontroller.listeners.KeyboardAnimationCallback: DiffY: 883.0 336.3809509277344 1.0 false 1918
07-27 05:15:09.162  3315  3315 I ImeTracker: com.mediology.sinsinapp:9fa40e20: onRequestHide at ORIGIN_CLIENT reason HIDE_SOFT_INPUT_ON_ANIMATION_STATE_CHANGED fromUser false
07-27 05:15:09.163   576   695 I ImeTracker: com.mediology.sinsinapp:9fa40e20: onCancelled at PHASE_SERVER_SHOULD_HIDE
07-27 05:15:09.163  3315  3315 I ImeTracker: com.mediology.sinsinapp:ffce4de6: onHidden
07-27 05:15:09.164  3315  3315 I com.reactnativekeyboardcontroller.listeners.KeyboardAnimationCallback: DiffY: 0.0 0.0 0.0 false 1918
07-27 05:15:09.166  3315  3315 I ThemedReactContext: KeyboardController::keyboardDidHide
07-27 05:15:09.167  3315  3315 I ThemedReactContext: onUserDrivenAnimationEnded
07-27 05:15:09.190  1370  1787 D EGL_emulation: app_time_stats: avg=1724.47ms min=184.73ms max=3264.22ms count=2
07-27 05:15:09.207   380   457 I netd    : tetherGetStats() -> {[]} <16.87ms>
07-27 05:15:09.240   422   539 D audioserver: logFgsApiEnd: FGS Logger Transaction failed, -129
07-27 05:15:09.528   576  2029 W PresentationStatsEventLogger: Bad view state for: -1
07-27 05:15:09.557   576   593 W PresentationStatsEventLogger: Bad view state for: -1
07-27 05:15:09.558   576   593 W PresentationStatsEventLogger: Bad view state for: -1
07-27 05:15:09.562   576   593 W PresentationStatsEventLogger: Bad view state for: -1
07-27 05:15:09.576   576   593 W PresentationStatsEventLogger: Bad view state for: -1
07-27 05:15:09.725  3315  3315 W [RNScreens]: backTitleFontFamily prop is not available on Android
07-27 05:15:09.726  3315  3315 W [RNScreens]: disableBackButtonMenu prop is not available on Android
07-27 05:15:09.726  3315  3315 W [RNScreens]: topInsetEnabled prop is not available on Android
07-27 05:15:09.726  3315  3315 W [RNScreens]: backTitleVisible prop is not available on Android
07-27 05:15:09.726  3315  3315 W [RNScreens]: largeTitleHideShadow prop is not available on Android
07-27 05:15:09.726  3315  3315 W [RNScreens]: largeTitleFontWeight prop is not available on Android
07-27 05:15:09.726  3315  3315 W [RNScreens]: userInterfaceStyle prop is not available on Android
07-27 05:15:09.726  3315  3315 W [RNScreens]: largeTitleFontFamily prop is not available on Android
07-27 05:15:09.966  3315  3346 D EGL_emulation: app_time_stats: avg=137.49ms min=18.54ms max=513.33ms count=7
07-27 05:15:10.422  3315  3315 I ImeTracker: com.mediology.sinsinapp:35b29347: onRequestHide at ORIGIN_CLIENT reason HIDE_SOFT_INPUT_CLOSE_CURRENT_SESSION fromUser false
07-27 05:15:10.422   576   695 I ImeTracker: com.mediology.sinsinapp:35b29347: onCancelled at PHASE_SERVER_SHOULD_HIDE
07-27 05:15:10.744   576   576 D OomAdjuster: Not killing cached processes
07-27 05:15:10.981  3315  3346 D EGL_emulation: app_time_stats: avg=46.06ms min=3.64ms max=110.07ms count=19
07-27 05:15:11.199  1044  3130 I NearbyMediums: No BLE Fast/GATT advertisements found in the latest cycle.
07-27 05:15:11.595  3315  3725 W com.reactnativekeyboardcontroller.modules.statusbar.StatusBarManagerCompatModuleImpl: StatusBarModule: Ignored status bar change, current activity is edge-to-edge.
07-27 05:15:11.639  3315  3315 I ThemedReactContext: KeyboardController::layoutDidSynchronize
07-27 05:15:11.798   576   593 D CoreBackPreview: Window{7bf8f07 u0 PopupWindow:3cea2e}: Setting back callback OnBackInvokedCallbackInfo{mCallback=android.window.IOnBackInvokedCallback$Stub$Proxy@de5f65d, mPriority=0, mIsAnimationCallback=false}
07-27 05:15:11.827  3315  3960 D TrafficStats: tagSocket(201) with statsTag=0xffffffff, statsUid=-1
07-27 05:15:11.831  3315  3961 D TrafficStats: tagSocket(203) with statsTag=0xffffffff, statsUid=-1
07-27 05:15:11.832  3315  3959 D TrafficStats: tagSocket(198) with statsTag=0xffffffff, statsUid=-1
07-27 05:15:11.836  3315  3315 W WindowOnBackDispatcher: sendCancelIfRunning: isInProgress=false callback=android.view.ViewRootImpl$$ExternalSyntheticLambda11@3b17b3a
07-27 05:15:11.849  3315  3962 D TrafficStats: tagSocket(205) with statsTag=0xffffffff, statsUid=-1
07-27 05:15:11.858  3315  3963 D TrafficStats: tagSocket(199) with statsTag=0xffffffff, statsUid=-1
07-27 05:15:11.859   576  2013 D CoreBackPreview: Window{7bf8f07 u0 PopupWindow:3cea2e}: Setting back callback null
07-27 05:15:11.861  3315  3964 D TrafficStats: tagSocket(202) with statsTag=0xffffffff, statsUid=-1
07-27 05:15:11.861   576   938 W InputManager-JNI: Input channel object '7bf8f07 PopupWindow:3cea2e (client)' was disposed without first being removed with the input manager!
07-27 05:15:12.011  3315  3346 D EGL_emulation: app_time_stats: avg=41.20ms min=2.08ms max=153.92ms count=19
07-27 05:15:12.129   384  3508 D android.hardware.audio@7.1-impl.ranchu: threadLoop: entering standby, frames: 1101056
07-27 05:15:12.691  3315  3724 I ReactNativeJS: '[api]', 'GET', '/food-camera/statistics/diary-existence', undefined, 'Network Error'
07-27 05:15:12.694  3315  3724 I ReactNativeJS: '[api]', 'GET', '/food-camera/date-analysis/2026-07-27', undefined, 'Network Error'
07-27 05:15:12.708  3315  3724 E ReactNativeJS: '[useDateAnalysis] error:', { [ApiError: Network Error]
07-27 05:15:12.708  3315  3724 E ReactNativeJS:   code: 'ERR_NETWORK',
07-27 05:15:12.708  3315  3724 E ReactNativeJS:   statusCode: undefined,
07-27 05:15:12.708  3315  3724 E ReactNativeJS:   isNetworkError: true,
07-27 05:15:12.708  3315  3724 E ReactNativeJS:   fieldErrors: undefined,
07-27 05:15:12.708  3315  3724 E ReactNativeJS:   result: undefined,
07-27 05:15:12.708  3315  3724 E ReactNativeJS:   name: 'ApiError' }
07-27 05:15:12.732  3315  3724 I ReactNativeJS: '[api]', 'GET', '/notices/active-popup', undefined, 'Network Error'
07-27 05:15:12.732  3315  3724 I ReactNativeJS: '[announcement] active popup check failed', { [ApiError: Network Error]
07-27 05:15:12.732  3315  3724 I ReactNativeJS:   code: 'ERR_NETWORK',
07-27 05:15:12.732  3315  3724 I ReactNativeJS:   statusCode: undefined,
07-27 05:15:12.732  3315  3724 I ReactNativeJS:   isNetworkError: true,
07-27 05:15:12.732  3315  3724 I ReactNativeJS:   fieldErrors: undefined,
07-27 05:15:12.732  3315  3724 I ReactNativeJS:   result: undefined,
07-27 05:15:12.732  3315  3724 I ReactNativeJS:   name: 'ApiError' }
07-27 05:15:12.733  3315  3724 I ReactNativeJS: '[api]', 'GET', '/food-camera/statistics/diary-existence', undefined, 'Network Error'
07-27 05:15:12.733  3315  3724 I ReactNativeJS: '[api]', 'GET', '/user/notification-settings', undefined, 'Network Error'
07-27 05:15:12.743  3315  3724 I ReactNativeJS: '[api]', 'GET', '/food-camera/statistics/diary-existence', undefined, 'Network Error'
07-27 05:15:12.850  3315  3962 D TrafficStats: tagSocket(166) with statsTag=0xffffffff, statsUid=-1
07-27 05:15:12.967  3315  3965 D TrafficStats: tagSocket(138) with statsTag=0xffffffff, statsUid=-1
07-27 05:15:13.028  3315  3346 D EGL_emulation: app_time_stats: avg=35.46ms min=2.53ms max=93.80ms count=23
07-27 05:15:14.036  3315  3346 D EGL_emulation: app_time_stats: avg=29.39ms min=3.46ms max=56.62ms count=27
07-27 05:15:14.078   576   576 I ResourceTimer: GetResourceValue count=2614 pvalues=2000,15000,25000,160000
07-27 05:15:14.078   576   576 I ResourceTimer: RetrieveAttributes count=3757 pvalues=1000,1000,3000,28000
07-27 05:15:14.200  3974  3974 W BpBinder: Linking to death on android.gui.ISurfaceComposer but there are no threads (yet?) listening to incoming transactions. See ProcessState::startThreadPool and ProcessState::setThreadPoolMaxThreadCount. Generally you should setup the binder threadpool before other initialization steps.
07-27 05:15:14.200  3974  3974 W ProcessState: Extra binder thread started, but 0 threads requested. Do not use *startThreadPool when zero threads are requested.
07-27 05:15:14.285   157   157 I servicemanager: Caller(pid=3974,uid=2000,sid=u:r:shell:s0) Could not find android.hardware.graphics.allocator.IAllocator/default in the VINTF manifest. No alternative instances declared in VINTF.
07-27 05:15:14.289   158   158 I hwservicemanager: getTransport: Cannot find entry android.hardware.graphics.mapper@4.0::IMapper/default in either framework or device VINTF manifest.
07-27 05:15:14.289  3974  3975 I Gralloc4: mapper 4.x is not supported
07-27 05:15:14.307   576  2013 D CoreBackPreview: Window{34c59cc u0 PopupWindow:bbbf72}: Setting back callback OnBackInvokedCallbackInfo{mCallback=android.window.IOnBackInvokedCallback$Stub$Proxy@749a32a, mPriority=0, mIsAnimationCallback=false}
07-27 05:15:14.356  3315  3315 W WindowOnBackDispatcher: sendCancelIfRunning: isInProgress=false callback=android.view.ViewRootImpl$$ExternalSyntheticLambda11@7043b79
07-27 05:15:14.356   576  2013 D CoreBackPreview: Window{34c59cc u0 PopupWindow:bbbf72}: Setting back callback null
07-27 05:15:14.407   576  2013 W InputManager-JNI: Input channel object '34c59cc PopupWindow:bbbf72 (client)' was disposed without first being removed with the input manager!
07-27 05:15:15.068  3315  3346 D EGL_emulation: app_time_stats: avg=36.37ms min=2.41ms max=105.57ms count=23
07-27 05:15:15.643   188  3910 I keystore2: system/security/keystore2/watchdog/src/lib.rs:319 - Watchdog thread idle -> terminating. Have a great day.
07-27 05:15:15.820  3977  3977 D AndroidRuntime: >>>>>> START com.android.internal.os.RuntimeInit uid 2000 <<<<<<
07-27 05:15:15.829  3977  3977 I AndroidRuntime: Using default boot image
07-27 05:15:15.829  3977  3977 I AndroidRuntime: Leaving lock profiling enabled
07-27 05:15:15.831  3977  3977 I app_process: Core platform API reporting enabled, enforcing=false
07-27 05:15:15.835  3977  3977 I app_process: Using CollectorTypeCMC GC.
07-27 05:15:15.866   576  2013 W InputManager-JNI: Input channel object '936c7f6 PopupWindow:c6f143b (client)' was disposed without first being removed with the input manager!
07-27 05:15:15.989  3977  3977 D nativeloader: InitDefaultPublicLibraries for_preload=1: libandroid.so:libaaudio.so:libamidi.so:libbinder_ndk.so:libc.so:libcamera2ndk.so:libdl.so:libEGL.so:libGLESv1_CM.so:libGLESv2.so:libGLESv3.so:libicu.so:libicui18n.so:libicuuc.so:libjnigraphics.so:liblog.so:libmediandk.so:libm.so:libnativehelper.so:libnativewindow.so:libOpenMAXAL.so:libOpenSLES.so:libRS.so:libstdc++.so:libsync.so:libvulkan.so:libwebviewchromium_plat_support.so:libz.so
07-27 05:15:16.010  3977  3977 D nativeloader: Load libicu_jni.so using APEX ns com_android_art for caller /apex/com.android.art/javalib/core-oj.jar: ok
07-27 05:15:16.010  3977  3977 D app_process: u_setTimeZoneFilesDirectory("/apex/com.android.tzdata/etc/tz/versioned/8/icu") succeeded. 
07-27 05:15:16.010  3977  3977 D app_process: I18n APEX ICU file found: /apex/com.android.i18n/etc/icu/icudt75l.dat
07-27 05:15:16.029  3977  3977 D nativeloader: Load libjavacore.so using APEX ns com_android_art for caller /apex/com.android.art/javalib/core-oj.jar: ok
07-27 05:15:16.033  3977  3977 D nativeloader: Load libopenjdk.so using APEX ns com_android_art for caller /apex/com.android.art/javalib/core-oj.jar: ok
07-27 05:15:16.042  3977  3977 W app_process: ClassLoaderContext shared library size mismatch. Expected=2, found=0 (PCL[]{PCL[/system/framework/android.test.base.jar*724373495]#PCL[/system/framework/android.test.mock.jar*1452759902]} | PCL[])
07-27 05:15:16.046  3977  3977 W app_process: ClassLoaderContext classpath size mismatch. expected=0, found=1 (PCL[]{PCL[/system/framework/android.test.runner.jar*2496447986]#PCL[/system/framework/android.test.base.jar*724373495]} | PCL[/system/framework/android.test.runner.jar*2496447986])
07-27 05:15:16.092  3315  3346 D EGL_emulation: app_time_stats: avg=31.70ms min=2.77ms max=77.18ms count=28
07-27 05:15:16.105  3977  3977 D nativeloader: Load libframework-connectivity-tiramisu-jni.so using APEX ns com_android_tethering for caller /apex/com.android.tethering/javalib/framework-connectivity-t.jar: ok
07-27 05:15:16.106  3977  3977 D AndroidRuntime: Calling main entry com.android.commands.uiautomator.Launcher
07-27 05:15:16.119  3977  3977 D UiAutomationConnection: Created on user UserHandle{0}
07-27 05:15:16.119  3977  3977 I UiAutomation: Initialized for user 0 on display 0
07-27 05:15:16.119  3977  3977 W UiAutomation: Created with deprecatead constructor, assumes DEFAULT_DISPLAY
07-27 05:15:16.121   576   593 D AccessibilityManagerService: changeCurrentUserForTestAutomationIfNeededLocked(0): ignoring because device doesn't support visible background users
07-27 05:15:16.127   576   593 I UiAutomationManager: Registering UiTestAutomationService (id=com.android.server.accessibility/UiAutomation, flags=0x0) when called by user 0
07-27 05:15:16.129   576   593 W MagnificationConnectionManager: requestConnection duplicated request: connect=false, mConnectionState=DISCONNECTED
07-27 05:15:16.139  1436  1476 I AiAiEcho: Settings changed for uri: content://settings/secure/accessibility_enabled
07-27 05:15:16.140  1436  1698 I AiAiEcho: Predicting[0]:  [CONTEXT sampling_count=5 ]
07-27 05:15:16.140  1436  1698 I AiAiEcho: EchoTargets: 
07-27 05:15:16.140  1436  1698 I AiAiEcho: Filtered by AiAi flag check: 
07-27 05:15:16.140  1436  1698 I AiAiEcho: [CONTEXT ratelimit_period="10 SECONDS" ]
07-27 05:15:16.140  1436  1698 I AiAiEcho: Ranked targets strategy: SORT, count: 0, ranking metadata:  [CONTEXT ratelimit_period="10 SECONDS" ]
07-27 05:15:16.140  1436  1698 I AiAiEcho: #remoteViewsTwiddler: feature disabled.
07-27 05:15:16.140  1436  1698 I AiAiEcho: Predicting[0]:  [CONTEXT sampling_count=5 ]
07-27 05:15:16.140  1436  1698 I AiAiEcho: EchoTargets: 
07-27 05:15:16.140  1436  1698 I AiAiEcho: Filtered by AiAi flag check: 
07-27 05:15:16.140  1436  1698 I AiAiEcho: [CONTEXT ratelimit_period="10 SECONDS" ]
07-27 05:15:16.140  1436  1698 I AiAiEcho: Ranked targets strategy: SORT, count: 0, ranking metadata:  [CONTEXT ratelimit_period="10 SECONDS" ]
07-27 05:15:16.140  1436  1698 I AiAiEcho: #remoteViewsTwiddler: feature disabled.
07-27 05:15:16.140  1436  1698 I AiAiEcho: Predicting[0]:  [CONTEXT sampling_count=5 ]
07-27 05:15:16.140  1436  1698 I AiAiEcho: EchoTargets: 
07-27 05:15:16.140  1436  1698 I AiAiEcho: Filtered by AiAi flag check: 
07-27 05:15:16.140  1436  1698 I AiAiEcho: [CONTEXT ratelimit_period="10 SECONDS" ]
07-27 05:15:16.140  1436  1698 I AiAiEcho: Ranked targets strategy: SORT, count: 0, ranking metadata:  [CONTEXT ratelimit_period="10 SECONDS" ]
07-27 05:15:16.140  1436  1698 I AiAiEcho: #remoteViewsTwiddler: feature disabled.
07-27 05:15:16.141  1436  1698 I AiAiEcho: #postPredictionTargets: Sending updates to UISurface media_data_manager with targets# 0 (types=[])
07-27 05:15:16.141  1436  1698 I AiAiEcho: #postPredictionTargets: Sending updates to UISurface lockscreen with targets# 0 (types=[])
07-27 05:15:16.142  1436  1698 I AiAiEcho: #postPredictionTargets: Sending updates to UISurface home with targets# 0 (types=[])
07-27 05:15:16.147   820   820 W PageIndicator: Total number of pages invalid: 0. Assuming 1 page.
07-27 05:15:16.147   820   820 D SsMediaDataProvider: Forwarding Smartspace updates []
07-27 05:15:16.147  1306  1306 D SsBaseTemplateCard: No text view can be set up
07-27 05:15:16.147  1306  1306 D SsBaseTemplateCard: Passed-in item info is null
07-27 05:15:16.147  1306  1306 D SsBaseTemplateCard: Passed-in item info is null
07-27 05:15:16.147  1306  1306 D SsBaseTemplateCard: Passed-in item info is null
07-27 05:15:16.147  1306  1306 I SsBaseTemplateCard: Secondary card pane is null
07-27 05:15:16.148   576   576 W IPCThreadState: Sending oneway calls to frozen process.
07-27 05:15:16.148   576   576 W IPCThreadState: Sending oneway calls to frozen process.
07-27 05:15:16.148   576   576 W IPCThreadState: Sending oneway calls to frozen process.
07-27 05:15:16.148   576   576 W IPCThreadState: Sending oneway calls to frozen process.
07-27 05:15:16.148   576   576 W IPCThreadState: Sending oneway calls to frozen process.
07-27 05:15:16.148   576   576 W IPCThreadState: Sending oneway calls to frozen process.
07-27 05:15:16.148   576   576 W IPCThreadState: Sending oneway calls to frozen process.
07-27 05:15:16.148   576   576 W IPCThreadState: Sending oneway calls to frozen process.
07-27 05:15:16.148   576   576 W IPCThreadState: Sending oneway calls to frozen process.
07-27 05:15:16.148   576   576 W IPCThreadState: Sending oneway calls to frozen process.
07-27 05:15:16.148   576   576 W IPCThreadState: Sending oneway calls to frozen process.
07-27 05:15:16.148   576   576 W IPCThreadState: Sending oneway calls to frozen process.
07-27 05:15:16.148   576   576 W IPCThreadState: Sending oneway calls to frozen process.
07-27 05:15:16.148   576   576 W IPCThreadState: Sending oneway calls to frozen process.
07-27 05:15:16.148   576   576 W IPCThreadState: Sending oneway calls to frozen process.
07-27 05:15:16.148   576   576 W IPCThreadState: Sending oneway calls to frozen process.
07-27 05:15:16.148   576   576 W IPCThreadState: Sending oneway calls to frozen process.
07-27 05:15:16.148   576   576 W IPCThreadState: Sending oneway calls to frozen process.
07-27 05:15:16.148   576   576 W IPCThreadState: Sending oneway calls to frozen process.
07-27 05:15:16.148   576   576 W IPCThreadState: Sending oneway calls to frozen process.
07-27 05:15:16.148   576   576 W IPCThreadState: Sending oneway calls to frozen process.
07-27 05:15:16.148   576   576 D BatterySaverPolicy: accessibility changed to true, updating policy.
07-27 05:15:16.149  3977  3990 V UiAutomation: Init UiAutomation@585a45a[id=13, displayId=0, flags=0]
07-27 05:15:16.150   576  2013 W MagnificationConnectionManager: requestConnection duplicated request: connect=false, mConnectionState=DISCONNECTED
07-27 05:15:16.151   576   576 W IPCThreadState: Sending oneway calls to frozen process.
07-27 05:15:16.152  1436  2427 I AiAiEcho: Settings changed for uri: content://settings/secure/accessibility_enabled
07-27 05:15:16.153   576   576 W IPCThreadState: Sending oneway calls to frozen process.
07-27 05:15:16.153   576   576 W IPCThreadState: Sending oneway calls to frozen process.
07-27 05:15:16.153   576   576 W IPCThreadState: Sending oneway calls to frozen process.
07-27 05:15:16.154   576   576 W IPCThreadState: Sending oneway calls to frozen process.
07-27 05:15:16.154  1436  1698 I AiAiEcho: Predicting[0]:  [CONTEXT sampling_count=5 ]
07-27 05:15:16.154   576   576 W IPCThreadState: Sending oneway calls to frozen process.
07-27 05:15:16.154   576   576 W IPCThreadState: Sending oneway calls to frozen process.
07-27 05:15:16.154   576   576 W IPCThreadState: Sending oneway calls to frozen process.
07-27 05:15:16.154   576   576 W IPCThreadState: Sending oneway calls to frozen process.
07-27 05:15:16.154   576   576 W IPCThreadState: Sending oneway calls to frozen process.
07-27 05:15:16.155  1436  1698 I AiAiEcho: EchoTargets: 
07-27 05:15:16.155  1436  1698 I AiAiEcho: Filtered by AiAi flag check: 
07-27 05:15:16.155  1436  1698 I AiAiEcho: [CONTEXT ratelimit_period="10 SECONDS" ]
07-27 05:15:16.156   576   576 W IPCThreadState: Sending oneway calls to frozen process.
07-27 05:15:16.159   576   576 W IPCThreadState: Sending oneway calls to frozen process.
07-27 05:15:16.159   576   576 W IPCThreadState: Sending oneway calls to frozen process.
07-27 05:15:16.159   576   576 W IPCThreadState: Sending oneway calls to frozen process.
07-27 05:15:16.159  1436  1698 I AiAiEcho: Ranked targets strategy: SORT, count: 0, ranking metadata:  [CONTEXT ratelimit_period="10 SECONDS" ]
07-27 05:15:16.160  1436  1698 I AiAiEcho: #remoteViewsTwiddler: feature disabled.
07-27 05:15:16.160  1436  1698 I AiAiEcho: Predicting[0]:  [CONTEXT sampling_count=5 ]
07-27 05:15:16.160  1436  1698 I AiAiEcho: EchoTargets: 
07-27 05:15:16.160  1436  1698 I AiAiEcho: Filtered by AiAi flag check: 
07-27 05:15:16.160  1436  1698 I AiAiEcho: [CONTEXT ratelimit_period="10 SECONDS" ]
07-27 05:15:16.160  1436  1698 I AiAiEcho: Ranked targets strategy: SORT, count: 0, ranking metadata:  [CONTEXT ratelimit_period="10 SECONDS" ]
07-27 05:15:16.160  1436  1698 I AiAiEcho: #remoteViewsTwiddler: feature disabled.
07-27 05:15:16.160  1436  1698 I AiAiEcho: Predicting[0]:  [CONTEXT sampling_count=5 ]
07-27 05:15:16.160  1436  1698 I AiAiEcho: EchoTargets: 
07-27 05:15:16.160  1436  1698 I AiAiEcho: Filtered by AiAi flag check: 
07-27 05:15:16.160  1436  1698 I AiAiEcho: [CONTEXT ratelimit_period="10 SECONDS" ]
07-27 05:15:16.160  1436  1698 I AiAiEcho: Ranked targets strategy: SORT, count: 0, ranking metadata:  [CONTEXT ratelimit_period="10 SECONDS" ]
07-27 05:15:16.160  1436  1698 I AiAiEcho: #remoteViewsTwiddler: feature disabled.
07-27 05:15:16.160  1436  1698 I AiAiEcho: #postPredictionTargets: Sending updates to UISurface media_data_manager with targets# 0 (types=[])
07-27 05:15:16.161  1436  1698 I AiAiEcho: #postPredictionTargets: Sending updates to UISurface lockscreen with targets# 0 (types=[])
07-27 05:15:16.161  1436  1698 I AiAiEcho: #postPredictionTargets: Sending updates to UISurface home with targets# 0 (types=[])
07-27 05:15:16.161  1306  1306 D SsBaseTemplateCard: No text view can be set up
07-27 05:15:16.161  1306  1306 D SsBaseTemplateCard: Passed-in item info is null
07-27 05:15:16.161  1306  1306 D SsBaseTemplateCard: Passed-in item info is null
07-27 05:15:16.161  1306  1306 D SsBaseTemplateCard: Passed-in item info is null
07-27 05:15:16.161  1306  1306 I SsBaseTemplateCard: Secondary card pane is null
07-27 05:15:16.163   820   820 W PageIndicator: Total number of pages invalid: 0. Assuming 1 page.
07-27 05:15:16.164   820   820 D SsMediaDataProvider: Forwarding Smartspace updates []
07-27 05:15:17.118  3315  3346 D EGL_emulation: app_time_stats: avg=26.64ms min=2.49ms max=74.01ms count=28
07-27 05:15:18.141  3315  3346 D EGL_emulation: app_time_stats: avg=33.34ms min=21.40ms max=46.36ms count=29
07-27 05:15:18.532   576   599 I DropBoxManagerService: add tag=system_server_strictmode isTagEnabled=true flags=0x2
07-27 05:15:18.542   576   599 I DropBoxManagerService: add tag=system_server_strictmode isTagEnabled=true flags=0x2
07-27 05:15:18.542   576   599 I DropBoxManagerService: add tag=system_server_strictmode isTagEnabled=true flags=0x2
07-27 05:15:18.542   576   599 I DropBoxManagerService: add tag=system_server_strictmode isTagEnabled=true flags=0x2
07-27 05:15:18.542   576   599 I DropBoxManagerService: add tag=system_server_strictmode isTagEnabled=true flags=0x2
07-27 05:15:18.542   576   599 I DropBoxManagerService: add tag=system_server_strictmode isTagEnabled=true flags=0x2
07-27 05:15:18.542   576   599 I DropBoxManagerService: add tag=system_server_strictmode isTagEnabled=true flags=0x2
07-27 05:15:18.542   576   599 I DropBoxManagerService: add tag=system_server_strictmode isTagEnabled=true flags=0x2
07-27 05:15:18.542   576   599 I DropBoxManagerService: add tag=system_server_strictmode isTagEnabled=true flags=0x2
07-27 05:15:18.542   576   599 I DropBoxManagerService: add tag=system_server_strictmode isTagEnabled=true flags=0x2
07-27 05:15:19.148  3315  3346 D EGL_emulation: app_time_stats: avg=37.94ms min=13.50ms max=187.49ms count=21
07-27 05:15:19.219  1370  1593 I ProtoXDBBufferWrapper: ProtoXDBBufferWrapper.flushToStorage():158 Flushed 7 data item(s) to storage.
07-27 05:15:19.489  3315  3315 E FrameTracker: force finish cuj, time out: J<IME_INSETS_HIDE_ANIMATION::1@1@com.mediology.sinsinapp>
07-27 05:15:19.733   576  2013 D OomAdjuster: Not killing cached processes
07-27 05:15:19.916   443   443 W adbd    : timeout expired while flushing socket, closing
07-27 05:15:20.018   443   443 W adbd    : timeout expired while flushing socket, closing
07-27 05:15:20.167  3315  3346 D EGL_emulation: app_time_stats: avg=33.05ms min=16.41ms max=44.73ms count=27
07-27 05:15:20.492  1044  1044 D BoundBrokerSvc: onUnbind: Intent { act=com.google.android.gms.auth.aang.events.services.START dat=chimera-action:/... cmp=com.google.android.gms/.chimera.PersistentApiService }
07-27 05:15:20.492  1571  1571 D BoundBrokerSvc: onUnbind: Intent { act=com.google.android.gms.wallet.service.BIND pkg=com.google.android.gms }
07-27 05:15:20.513  1571  1571 D BoundBrokerSvc: onUnbind: Intent { act=com.google.android.gms.chromesync.service.zeroparty.START dat=chimera-action:/... cmp=com.google.android.gms/.chimera.GmsApiService }
07-27 05:15:20.587  1571  1571 D BoundBrokerSvc: onUnbind: Intent { act=com.google.android.gms.auth.key.retrieval.service.START dat=chimera-action:/... cmp=com.google.android.gms/.chimera.GmsApiService }
07-27 05:15:20.740  1571  1571 D BoundBrokerSvc: onUnbind: Intent { act=com.google.android.mdd.service.START dat=chimera-action:/... cmp=com.google.android.gms/.chimera.GmsBoundBrokerService }
07-27 05:15:20.815  1571  1571 D BoundBrokerSvc: onUnbind: Intent { act=com.google.firebase.dynamiclinks.service.START pkg=com.google.android.gms }
07-27 05:15:21.182  3315  3346 D EGL_emulation: app_time_stats: avg=34.45ms min=18.03ms max=46.65ms count=26
07-27 05:15:21.200  1044  3895 I NearbyMediums: No BLE Fast/GATT advertisements found in the latest cycle.
07-27 05:15:22.264  3315  3346 D EGL_emulation: app_time_stats: avg=29.49ms min=4.57ms max=50.15ms count=27
07-27 05:15:22.419   576   597 I GnssLocationProvider: WakeLock acquired by handleDownloadPsdsData()
07-27 05:15:22.421   576  3993 E GnssPsdsDownloader: No Long-Term PSDS servers were specified in the GnssConfiguration
07-27 05:15:23.268  3315  3346 D EGL_emulation: app_time_stats: avg=34.79ms min=13.15ms max=108.21ms count=25
07-27 05:15:24.244  1370  1593 I VoiceInputManagerWrapper: VoiceInputManagerWrapper.shutdownVoiceInternal():140 shutdownVoiceInternal()
07-27 05:15:24.281  3315  3346 D EGL_emulation: app_time_stats: avg=34.88ms min=16.70ms max=81.77ms count=22
07-27 05:15:24.756   576   723 E WifiScoringParams: Invalid frequency(-1), using 5G as default rssi array
07-27 05:15:25.331  3315  3346 D EGL_emulation: app_time_stats: avg=40.03ms min=7.22ms max=118.29ms count=19
07-27 05:15:26.197   576   938 W MagnificationConnectionManager: requestConnection duplicated request: connect=false, mConnectionState=DISCONNECTED
07-27 05:15:26.197   576   938 D AccessibilityManagerService: restoreCurrentUserForTestAutomationIfNeededLocked(): ignoring because device doesn't support visible background users
07-27 05:15:26.198   576   576 W IPCThreadState: Sending oneway calls to frozen process.
07-27 05:15:26.198   576   576 W IPCThreadState: Sending oneway calls to frozen process.
07-27 05:15:26.198   576   576 W IPCThreadState: Sending oneway calls to frozen process.
07-27 05:15:26.198   576   576 W IPCThreadState: Sending oneway calls to frozen process.
07-27 05:15:26.199   576   576 W IPCThreadState: Sending oneway calls to frozen process.
07-27 05:15:26.199   576   576 W IPCThreadState: Sending oneway calls to frozen process.
07-27 05:15:26.199   576   576 W IPCThreadState: Sending oneway calls to frozen process.
07-27 05:15:26.199   576   576 W IPCThreadState: Sending oneway calls to frozen process.
07-27 05:15:26.199   576   576 W IPCThreadState: Sending oneway calls to frozen process.
07-27 05:15:26.199   576   576 W IPCThreadState: Sending oneway calls to frozen process.
07-27 05:15:26.201   576   576 W IPCThreadState: Sending oneway calls to frozen process.
07-27 05:15:26.201   576   576 W IPCThreadState: Sending oneway calls to frozen process.
07-27 05:15:26.201   576   576 W IPCThreadState: Sending oneway calls to frozen process.
07-27 05:15:26.201   576   576 W IPCThreadState: Sending oneway calls to frozen process.
07-27 05:15:26.201   576   576 W IPCThreadState: Sending oneway calls to frozen process.
07-27 05:15:26.201   576   576 W IPCThreadState: Sending oneway calls to frozen process.
07-27 05:15:26.201   576   576 W IPCThreadState: Sending oneway calls to frozen process.
07-27 05:15:26.201   576   576 W IPCThreadState: Sending oneway calls to frozen process.
07-27 05:15:26.201   576   576 W IPCThreadState: Sending oneway calls to frozen process.
07-27 05:15:26.201   576   576 W IPCThreadState: Sending oneway calls to frozen process.
07-27 05:15:26.201   576   576 W IPCThreadState: Sending oneway calls to frozen process.
07-27 05:15:26.201   576   576 D BatterySaverPolicy: accessibility changed to false, updating policy.
07-27 05:15:26.203  1436  1452 I AiAiEcho: Settings changed for uri: content://settings/secure/accessibility_enabled
07-27 05:15:26.204  3977  3977 D AndroidRuntime: Shutting down VM
07-27 05:15:26.205  1436  1698 I AiAiEcho: Predicting[0]:  [CONTEXT sampling_count=5 ]
07-27 05:15:26.206  1436  1698 I AiAiEcho: EchoTargets: 
07-27 05:15:26.206  1436  1698 I AiAiEcho: Filtered by AiAi flag check: 
07-27 05:15:26.206  1436  1698 I AiAiEcho: [CONTEXT ratelimit_period="10 SECONDS" ]
07-27 05:15:26.206  1436  1698 I AiAiEcho: Ranked targets strategy: SORT, count: 0, ranking metadata:  [CONTEXT ratelimit_period="10 SECONDS" ]
07-27 05:15:26.206  1436  1698 I AiAiEcho: #remoteViewsTwiddler: feature disabled.
07-27 05:15:26.213  1436  1698 I AiAiEcho: Predicting[0]:  [CONTEXT sampling_count=5 ]
07-27 05:15:26.213  1436  1698 I AiAiEcho: EchoTargets: 
07-27 05:15:26.213  1436  1698 I AiAiEcho: Filtered by AiAi flag check: 
07-27 05:15:26.213  1436  1698 I AiAiEcho: [CONTEXT ratelimit_period="10 SECONDS" ]
07-27 05:15:26.214  1436  1698 I AiAiEcho: Ranked targets strategy: SORT, count: 0, ranking metadata:  [CONTEXT ratelimit_period="10 SECONDS" ]
07-27 05:15:26.214  1436  1698 I AiAiEcho: #remoteViewsTwiddler: feature disabled.
07-27 05:15:26.214  1436  1698 I AiAiEcho: Predicting[0]:  [CONTEXT sampling_count=5 ]
07-27 05:15:26.214  1436  1698 I AiAiEcho: EchoTargets: 
07-27 05:15:26.214  1436  1698 I AiAiEcho: Filtered by AiAi flag check: 
07-27 05:15:26.214  1436  1698 I AiAiEcho: [CONTEXT ratelimit_period="10 SECONDS" ]
07-27 05:15:26.214  1436  1698 I AiAiEcho: Ranked targets strategy: SORT, count: 0, ranking metadata:  [CONTEXT ratelimit_period="10 SECONDS" ]
07-27 05:15:26.214  1436  1698 I AiAiEcho: #remoteViewsTwiddler: feature disabled.
07-27 05:15:26.214  1436  1698 I AiAiEcho: #postPredictionTargets: Sending updates to UISurface media_data_manager with targets# 0 (types=[])
07-27 05:15:26.214  1436  1698 I AiAiEcho: #postPredictionTargets: Sending updates to UISurface lockscreen with targets# 0 (types=[])
07-27 05:15:26.215  1436  1698 I AiAiEcho: #postPredictionTargets: Sending updates to UISurface home with targets# 0 (types=[])
07-27 05:15:26.226  1306  1306 D SsBaseTemplateCard: No text view can be set up
07-27 05:15:26.226  1306  1306 D SsBaseTemplateCard: Passed-in item info is null
07-27 05:15:26.226  1306  1306 D SsBaseTemplateCard: Passed-in item info is null
07-27 05:15:26.226  1306  1306 D SsBaseTemplateCard: Passed-in item info is null
07-27 05:15:26.226  1306  1306 I SsBaseTemplateCard: Secondary card pane is null
07-27 05:15:26.236   820   820 W PageIndicator: Total number of pages invalid: 0. Assuming 1 page.
07-27 05:15:26.237   820   820 D SsMediaDataProvider: Forwarding Smartspace updates []
07-27 05:15:26.335  3315  3346 D EGL_emulation: app_time_stats: avg=27.43ms min=14.93ms max=49.62ms count=26
