--------- beginning of main
07-27 05:11:24.499  1558  1816 I A       : NGA disabled due to not being eligible.
07-27 05:11:24.535  1571  3124 I ChimeraConfigurator: Detected pending changes for urgent request: [mlkit.barcode.ui]. Pending module sets: container:2423359190400+mlkit.barcode.ui+vision.barcode,tflite_dynamite:2605805025100400+tflite_dynamite
07-27 05:11:24.554   380  3133 I resolv  : GetAddrInfoHandler::run: {100 786532 100 983140 10144 0}
07-27 05:11:24.563  1044  2767 W DataCollectionRegistryC: missing CollectionDefinition for nearbysharing-pa.googleapis.com/location.nearby.sharing.v1.NearbySharingService/ListPublicCertificates
07-27 05:11:24.583   380  3136 I resolv  : res_nmkquery: (QUERY, IN, AAAA)
07-27 05:11:24.585   380  3137 I resolv  : res_nmkquery: (QUERY, IN, A)
07-27 05:11:24.590   576   723 E WifiScoringParams: Invalid frequency(-1), using 5G as default rssi array
07-27 05:11:24.595  1571  2694 I AlarmManager: setExactAndAllowWhileIdle [name: RemindersNSREFRESH_TIME_REMINDERS_ALARM type: 0 triggerAtMillis: 1785164400000]
07-27 05:11:24.597   380  3137 I resolv  : res_nsend: used send_dg 177 terrno: 0
07-27 05:11:24.597   380  3137 I resolv  : doQuery: rcode=0, ancount=8, return value=177
07-27 05:11:24.626   380  3136 I resolv  : res_nsend: used send_dg 273 terrno: 0
07-27 05:11:24.626   380  3136 I resolv  : doQuery: rcode=0, ancount=8, return value=273
07-27 05:11:24.644  1044  2766 D TrafficStats: tagSocket(127) with statsTag=0x20002604, statsUid=10144
07-27 05:11:24.693  1571  3105 I SemanticLocation: [Scheduler] Housekeeping Task com.google.android.gms.semanticlocation.mdd.MddDownloadScheduleService.schedule_mdd_task is scheduled to run at cadence bpjz@9333f04 [CONTEXT service_id=173 ]
07-27 05:11:24.712  2769  2774 I ology.sinsinapp: Compiler allocated 4206KB to compile void android.widget.TextView.<init>(android.content.Context, android.util.AttributeSet, int, int)
07-27 05:11:24.724  1044  3060 I NearbySharing: Stopping Fast Init advertisement because we're not scanning in the foreground. [CONTEXT service_id=194 ]
07-27 05:11:24.757  1571  3105 I SemanticLocation: [Scheduler] Housekeeping Task com.google.android.gms.semanticlocation.service.SemanticLocationCleanupJob.SemanticLocationRemovedAccountsCleanup is scheduled to run at cadence bpjz@f7aa5b3 [CONTEXT service_id=173 ]
07-27 05:11:24.760  1165  1193 D AccessibilitySourceService: enabled a11y services count 0
07-27 05:11:24.765  1165  1193 D AccessibilitySourceService: a11y source sending 0 issue to sc
07-27 05:11:24.830   576   730 D InetDiagMessage: Destroyed 0 sockets, proto=IPPROTO_TCP, family=AF_INET, states=14
07-27 05:11:24.831   576   730 D InetDiagMessage: Destroyed 0 sockets, proto=IPPROTO_TCP, family=AF_INET6, states=14
07-27 05:11:24.831   576   730 D InetDiagMessage: Destroyed live tcp sockets for uids={10096} in 1ms
07-27 05:11:24.839  1306  1332 W AllAppsList: updatePromiseInstallInfo: no Activities matched updated package, removing all apps from package=com.google.android.gms
07-27 05:11:24.869  1044  1849 W SystemServiceRegistry: No service published for: wifirtt
07-27 05:11:24.905  1436  1476 I AiAiEcho: Settings changed for uri: content://settings/secure/accessibility_enabled
07-27 05:11:24.963  1044  3060 I NearbySharing: Failed to advertise because we're already advertising with mode BACKGROUND, certificate visibility SELF_SHARE data usage preference ONLINE, and bt advertising false with vendorId 0 [CONTEXT service_id=194 ]
07-27 05:11:24.969  1044  1044 D BoundBrokerSvc: onUnbind: Intent { act=com.google.android.gms.instantapps.START pkg=com.google.android.gms }
07-27 05:11:24.972   576  1872 D SafetySourceDataValidat: No cert check requested for package com.google.android.permissioncontroller
07-27 05:11:24.989  1571  3124 I GmsDebugLogger: [73] 1801
07-27 05:11:24.998  1436  1698 I AiAiEcho: Predicting[0]:  [CONTEXT sampling_count=5 ]
07-27 05:11:24.998  1436  1698 I AiAiEcho: EchoTargets: 
07-27 05:11:24.998  1436  1698 I AiAiEcho: Filtered by AiAi flag check: 
07-27 05:11:24.998  1436  1698 I AiAiEcho: [CONTEXT ratelimit_period="10 SECONDS" ]
07-27 05:11:25.017  1571  3124 W ZappDownloader: No successful Zapp module downloads for requested modules [VisionBarcode.optional:242335100400:permitMetered, TfliteDynamiteDynamite.integ:260580502100400:permitMetered, MlkitBarcodeUi.optional:242335100400:permitMetered].
07-27 05:11:25.017  1571  3124 I GmsDebugLogger: [30] [VisionBarcode.optional:242335100400],[TfliteDynamiteDynamite.integ:260580502100400],[MlkitBarcodeUi.optional:242335100400]
07-27 05:11:25.068   576   592 W system_server: Long monitor contention with owner binder:576_20 (2029) at void com.android.internal.os.BinderCallsStats.processCallEnded(com.android.internal.os.BinderInternal$CallSession, int, int, int)(BinderCallsStats.java:358) waiters=5 in void com.android.internal.os.BinderCallsStats.processCallEnded(com.android.internal.os.BinderInternal$CallSession, int, int, int) for 103ms
07-27 05:11:25.086  1436  1698 I AiAiEcho: Ranked targets strategy: SORT, count: 0, ranking metadata:  [CONTEXT ratelimit_period="10 SECONDS" ]
07-27 05:11:25.089  1436  1698 I AiAiEcho: #remoteViewsTwiddler: feature disabled.
07-27 05:11:25.091  1436  1698 I AiAiEcho: Predicting[0]:  [CONTEXT sampling_count=5 ]
07-27 05:11:25.091  1436  1698 I AiAiEcho: EchoTargets: 
07-27 05:11:25.091  1436  1698 I AiAiEcho: Filtered by AiAi flag check: 
07-27 05:11:25.091  1436  1698 I AiAiEcho: [CONTEXT ratelimit_period="10 SECONDS" ]
07-27 05:11:25.091  1436  1698 I AiAiEcho: Ranked targets strategy: SORT, count: 0, ranking metadata:  [CONTEXT ratelimit_period="10 SECONDS" ]
07-27 05:11:25.091  1436  1698 I AiAiEcho: #remoteViewsTwiddler: feature disabled.
07-27 05:11:25.092  1436  1698 I AiAiEcho: Predicting[0]:  [CONTEXT sampling_count=5 ]
07-27 05:11:25.092  1436  1698 I AiAiEcho: EchoTargets: 
07-27 05:11:25.092  1436  1698 I AiAiEcho: Filtered by AiAi flag check: 
07-27 05:11:25.092  1436  1698 I AiAiEcho: [CONTEXT ratelimit_period="10 SECONDS" ]
07-27 05:11:25.092  1436  1698 I AiAiEcho: Ranked targets strategy: SORT, count: 0, ranking metadata:  [CONTEXT ratelimit_period="10 SECONDS" ]
07-27 05:11:25.092  1436  1698 I AiAiEcho: #remoteViewsTwiddler: feature disabled.
07-27 05:11:25.093  1436  1698 I AiAiEcho: #postPredictionTargets: Sending updates to UISurface media_data_manager with targets# 0 (types=[])
07-27 05:11:25.101  1436  1698 I AiAiEcho: #postPredictionTargets: Sending updates to UISurface lockscreen with targets# 0 (types=[])
07-27 05:11:25.103  1436  1698 I AiAiEcho: #postPredictionTargets: Sending updates to UISurface home with targets# 0 (types=[])
07-27 05:11:25.293   576   730 D InetDiagMessage: Destroyed 0 sockets, proto=IPPROTO_TCP, family=AF_INET, states=14
07-27 05:11:25.339  2769  2769 W ology.sinsinapp: Verification of androidx.compose.animation.core.TargetBasedAnimation androidx.compose.animation.core.AnimationKt.createAnimation(androidx.compose.animation.core.VectorizedAnimationSpec, androidx.compose.animation.core.AnimationVector, androidx.compose.animation.core.AnimationVector, androidx.compose.animation.core.AnimationVector) took 121.902ms (237.90 bytecodes/s) (2936B approximate peak alloc)
07-27 05:11:25.353   576   938 W system_server: Long monitor contention with owner binder:576_20 (2029) at void com.android.internal.os.BinderCallsStats.processCallEnded(com.android.internal.os.BinderInternal$CallSession, int, int, int)(BinderCallsStats.java:358) waiters=6 in void com.android.internal.os.BinderCallsStats.processCallEnded(com.android.internal.os.BinderInternal$CallSession, int, int, int) for 314ms
07-27 05:11:25.419  1306  1306 D SsBaseTemplateCard: No text view can be set up
07-27 05:11:25.420  1306  1306 D SsBaseTemplateCard: Passed-in item info is null
07-27 05:11:25.420  1306  1306 D SsBaseTemplateCard: Passed-in item info is null
07-27 05:11:25.420  1306  1306 D SsBaseTemplateCard: Passed-in item info is null
07-27 05:11:25.420  1306  1306 I SsBaseTemplateCard: Secondary card pane is null
07-27 05:11:25.422   576   730 D InetDiagMessage: Destroyed 0 sockets, proto=IPPROTO_TCP, family=AF_INET6, states=14
07-27 05:11:25.422   576   730 D InetDiagMessage: Destroyed live tcp sockets for uids={10123} in 130ms
07-27 05:11:25.423   576  2023 W system_server: Long monitor contention with owner binder:576_20 (2029) at void com.android.internal.os.BinderCallsStats.processCallEnded(com.android.internal.os.BinderInternal$CallSession, int, int, int)(BinderCallsStats.java:358) waiters=7 in void com.android.internal.os.BinderCallsStats.processCallEnded(com.android.internal.os.BinderInternal$CallSession, int, int, int) for 455ms
07-27 05:11:25.462  1571  3124 W ChimeraConfigService: Retry attempt was throttled. [CONTEXT service_id=264 ]
07-27 05:11:25.462  1571  3124 I GmsDebugLogger: [83] 1 [mlkit.barcode.ui]
07-27 05:11:25.708  1044  1839 W .gms.persistent: Long monitor contention with owner [com.google.android.gms.chimera.container.intentoperation.PersistentIntentOperationChimeraService] processing (1181) at void pkp.run()(:com.google.android.gms@242335038@24.23.35 (190400-646585959):162) waiters=0 in void pkr.i(int) for 607ms
07-27 05:11:25.764  1044  1044 D BoundBrokerSvc: onBind: Intent { act=com.google.android.gms.facs.cache.service.START dat=chimera-action:/... cmp=com.google.android.gms/.chimera.PersistentApiService }
07-27 05:11:25.764  1044  1044 D BoundBrokerSvc: Loading bound service for intent: Intent { act=com.google.android.gms.facs.cache.service.START dat=chimera-action:/... cmp=com.google.android.gms/.chimera.PersistentApiService }
07-27 05:11:25.777  1044  3060 I NearbySharing: Dismissing HUN as there's no device nearby. [CONTEXT service_id=194 ]
07-27 05:11:25.779  1044  3060 I NearbySharing: Broadcasting NearbySharing state change. [CONTEXT service_id=194 ]
07-27 05:11:25.865  1044  1849 I ActivityScheduler: nextTriggerTime: 317097, in 238100ms, detectorType: 39, FULL_TYPE alarmWindowMillis: 80000
07-27 05:11:25.877  1571  3084 W Pay     : Active account was null, notification task will be cancelled. [CONTEXT service_id=198 ]
07-27 05:11:25.878  1571  3084 I Pay     : Requested immediate check to see whether to show pay module downloading complete notification. [CONTEXT service_id=198 ]
07-27 05:11:25.889  1571  1571 D BoundBrokerSvc: onUnbind: Intent { act=com.google.android.gms.auth.service.START pkg=com.google.android.gms }
07-27 05:11:25.977   576   730 D InetDiagMessage: Destroyed 0 sockets, proto=IPPROTO_TCP, family=AF_INET, states=14
07-27 05:11:25.979   576   730 D InetDiagMessage: Destroyed 0 sockets, proto=IPPROTO_TCP, family=AF_INET6, states=14
07-27 05:11:25.979   576   730 D InetDiagMessage: Destroyed live tcp sockets for uids={10131} in 32ms
07-27 05:11:25.993  1044  2092 I FacsCacheGmsModule: Receiving API connection to FACS API from package 'com.google.android.gms'...
07-27 05:11:26.028  1044  2092 I FacsCacheGmsModule: API connection successful!
07-27 05:11:26.033  1044  2717 W .gms.persistent: Long monitor contention with owner [com.google.android.gms.chimera.container.intentoperation.PersistentIntentOperationChimeraService] processing (1181) at void pkp.run()(:com.google.android.gms@242335038@24.23.35 (190400-646585959):162) waiters=1 in void pkr.i(int) for 454ms
07-27 05:11:26.034   820   820 W PageIndicator: Total number of pages invalid: 0. Assuming 1 page.
07-27 05:11:26.041  1571  3084 W Pay     : Active account was null, notification task will be cancelled. [CONTEXT service_id=198 ]
07-27 05:11:26.042  1571  3084 W Pay     : [eMoney txn sync] exiting without init: active tapandpay account not found! [CONTEXT service_id=198 ]
07-27 05:11:26.056   820   820 D SsMediaDataProvider: Forwarding Smartspace updates []
07-27 05:11:26.063  1571  3123 I SemanticLocation: [Scheduler] Periodic Task com.google.android.gms.semanticlocationhistory.geller.GellerCleanupService.GellerCleanup is scheduled to run EVERY_DAY [CONTEXT service_id=173 ]
07-27 05:11:26.083  1044  2766 W Conscrypt: Could not set socket write timeout: java.net.SocketException: Socket closed
07-27 05:11:26.086  1044  3131 W NearbyMediums: Failed to retrieve default NfcAdapter, NFC is unsupported.
07-27 05:11:26.086  1044  2766 W Conscrypt: 	at com.google.android.gms.org.conscrypt.Platform.setSocketWriteTimeout(:com.google.android.gms@242335038@24.23.35 (190400-646585959):204)
07-27 05:11:26.086  1044  2766 W Conscrypt: 	at com.google.android.gms.org.conscrypt.ConscryptFileDescriptorSocket.setSoWriteTimeout(:com.google.android.gms@242335038@24.23.35 (190400-646585959):4)
07-27 05:11:26.087  1044  3038 I Nearby  : Beginning attempt #1 for RestoreDeviceName... [CONTEXT service_id=49 ]
07-27 05:11:26.119  1044  1050 W .gms.persistent: Missing inline cache for fkeq aldi.b(android.content.Context, byte[], int[], java.lang.String[], int[], byte[][], com.google.android.gms.phenotype.ExperimentTokens[], boolean, java.lang.String[], java.lang.String, boolean, java.lang.String, double, czub, alcy)
07-27 05:11:26.120  1044  1050 W .gms.persistent: Missing inline cache for fkeq aldi.b(android.content.Context, byte[], int[], java.lang.String[], int[], byte[][], com.google.android.gms.phenotype.ExperimentTokens[], boolean, java.lang.String[], java.lang.String, boolean, java.lang.String, double, czub, alcy)
07-27 05:11:26.120  1044  1050 W .gms.persistent: Missing inline cache for fkeq aldi.b(android.content.Context, byte[], int[], java.lang.String[], int[], byte[][], com.google.android.gms.phenotype.ExperimentTokens[], boolean, java.lang.String[], java.lang.String, boolean, java.lang.String, double, czub, alcy)
07-27 05:11:26.120  1044  1050 W .gms.persistent: Missing inline cache for fkeq aldi.b(android.content.Context, byte[], int[], java.lang.String[], int[], byte[][], com.google.android.gms.phenotype.ExperimentTokens[], boolean, java.lang.String[], java.lang.String, boolean, java.lang.String, double, czub, alcy)
07-27 05:11:26.120  1044  1050 W .gms.persistent: Missing inline cache for fkeq aldi.b(android.content.Context, byte[], int[], java.lang.String[], int[], byte[][], com.google.android.gms.phenotype.ExperimentTokens[], boolean, java.lang.String[], java.lang.String, boolean, java.lang.String, double, czub, alcy)
07-27 05:11:26.120  1044  1050 W .gms.persistent: Missing inline cache for fkeq aldi.b(android.content.Context, byte[], int[], java.lang.String[], int[], byte[][], com.google.android.gms.phenotype.ExperimentTokens[], boolean, java.lang.String[], java.lang.String, boolean, java.lang.String, double, czub, alcy)
07-27 05:11:26.127  1044  3131 D CompatChangeReporter: Compat change id reported: 270306772; UID 10144; state: ENABLED
07-27 05:11:26.158  1044  2766 W Conscrypt: Could not set socket write timeout: java.net.SocketException: Socket closed
07-27 05:11:26.158  1044  2766 W Conscrypt: 	at com.google.android.gms.org.conscrypt.Platform.setSocketWriteTimeout(:com.google.android.gms@242335038@24.23.35 (190400-646585959):204)
07-27 05:11:26.158  1044  2766 W Conscrypt: 	at com.google.android.gms.org.conscrypt.ConscryptFileDescriptorSocket.setSoWriteTimeout(:com.google.android.gms@242335038@24.23.35 (190400-646585959):4)
07-27 05:11:26.164  1165  1170 I ssioncontroller: Background concurrent mark compact GC freed 3400KB AllocSpace bytes, 0(0B) LOS objects, 49% free, 4670KB/9341KB, paused 438us,3.852ms total 2.174s
07-27 05:11:26.185  1571  3123 I SemanticLocation: [Scheduler] Periodic Task com.google.android.gms.semanticlocationhistory.settings.LocationHistoryActiveProcessingService.LocationHistoryActiveProcessing is scheduled to run EVERY_DAY [CONTEXT service_id=173 ]
07-27 05:11:26.193  1571  3123 I SemanticLocation: [Scheduler] Periodic Task com.google.android.gms.semanticlocationhistory.settings.SettingsSyncService.OdlhSettingsSyncTask is scheduled to run EVERY_DAY [CONTEXT service_id=173 ]
07-27 05:11:26.202  1571  3123 I SemanticLocation: [Scheduler] Periodic Task com.google.android.gms.semanticlocationhistory.settings.OdlhTombstonesCleanupJob.OdlhTombstonesCleanupJob is scheduled to run EVERY_DAY [CONTEXT service_id=173 ]
07-27 05:11:26.203  1571  3123 I SemanticLocation: [Scheduler] Periodic Task com.google.android.gms.semanticlocationhistory.db.OdlhDatabaseCleanupJob.OdlhDatabaseCleanup is scheduled to run EVERY_DAY [CONTEXT service_id=173 ]
07-27 05:11:26.215  1044  2062 I FacsCacheGmsModule: Received 'getActivityControlsSettings' request from package 'com.google.android.gms', instance id 'gmscoreinmemoryfacscache_contact_uploads', version '1'...
07-27 05:11:26.235  1571  3123 I SemanticLocation: [Scheduler] Periodic Task com.google.android.gms.semanticlocationhistory.edit.EditMergeJob.EditMergeJob is scheduled to run EVERY_DAY [CONTEXT service_id=173 ]
07-27 05:11:26.235  1571  3123 I SemanticLocation: [Scheduler] Periodic Task com.google.android.gms.semanticlocationhistory.db.OdlhRemovedAccountsCleanupJob.OdlhRemovedAccountsCleanup is scheduled to run EVERY_14_DAYS [CONTEXT service_id=173 ]
07-27 05:11:26.235  1044  2062 I FacsCacheGmsModule: Operation 'getActivityControlsSettings' dispatched!
07-27 05:11:26.239  1571  3123 I SemanticLocation: [Scheduler] Periodic Task com.google.android.gms.semanticlocationhistory.db.OdlhUserEditSyncJob.OdlhUserEditSync is scheduled to run EVERY_DAY [CONTEXT service_id=173 ]
07-27 05:11:26.243  1044  3038 I NearbyMediums: BluetoothAdapter's name was not set by Nearby Connections, ignoring call to restore default scan mode.
07-27 05:11:26.244  1044  3038 I NearbyMediums: BluetoothAdapter's name was not set by Nearby Connections, ignoring call to restore device name
07-27 05:11:26.248  1571  3123 I SemanticLocation: [Scheduler] Periodic Task com.google.android.gms.semanticlocationhistory.monitoring.MonitoringService.MonitoringService is scheduled to run EVERY_DAY [CONTEXT service_id=173 ]
07-27 05:11:26.248  1571  3123 I SemanticLocation: [Scheduler] Periodic Task com.google.android.gms.semanticlocationhistory.deidentifieddata.storevisits.StoreVisitsProcessingService.StoreVisitsProcessing is scheduled to run EVERY_6_HOURS [CONTEXT service_id=173 ]
07-27 05:11:26.248  1571  3123 I SemanticLocation: [Scheduler] Periodic Task com.google.android.gms.semanticlocationhistory.deidentifieddata.wifi.WifiPlaceVisitProcessingService.WifiPlaceVisit is scheduled to run EVERY_DAY [CONTEXT service_id=173 ]
07-27 05:11:26.249  1571  3123 I SemanticLocation: [Scheduler] Periodic Task com.google.android.gms.semanticlocationhistory.deidentifieddata.uploads.BatchDeidentifiedDataUploadService.BatchDeidentifiedDataUpload is scheduled to run EVERY_6_HOURS [CONTEXT service_id=173 ]
07-27 05:11:26.249  1571  3123 I SemanticLocation: [Scheduler] Periodic Task com.google.android.gms.semanticlocationhistory.deidentifieddata.historicalbusyness.HistoricalBusynessProcessingService.HistoricalBusyness is scheduled to run EVERY_DAY [CONTEXT service_id=173 ]
07-27 05:11:26.250  1571  3123 I SemanticLocation: [Scheduler] Periodic Task com.google.android.gms.semanticlocationhistory.pulp.PulpInferenceService.PulpInference is scheduled to run EVERY_7_DAYS [CONTEXT service_id=173 ]
07-27 05:11:26.250  1571  3123 I SemanticLocation: [Scheduler] Periodic Task com.google.android.gms.semanticlocationhistory.pulp.PulpMddDownloadScheduleService.PulpMddRefreshDownloadTask is scheduled to run EVERY_DAY [CONTEXT service_id=173 ]
07-27 05:11:26.250  1571  3123 I SemanticLocation: [Scheduler] Periodic Task com.google.android.gms.semanticlocationhistory.pulp.PulpMddMaintenanceService.PulpMddMaintenanceTask is scheduled to run EVERY_DAY [CONTEXT service_id=173 ]
07-27 05:11:26.251  1571  3123 I SemanticLocation: [Scheduler] Periodic Task com.google.android.gms.semanticlocationhistory.deidentifieddata.pulptraining.PulpTrainingService.PulpTraining is scheduled to run EVERY_7_DAYS [CONTEXT service_id=173 ]
07-27 05:11:26.251  1571  3123 I SemanticLocation: [Scheduler] Periodic Task com.google.android.gms.semanticlocationhistory.topplace.TopPlaceProcessingService.TopPlaceProcessing is scheduled to run EVERY_3_DAYS [CONTEXT service_id=173 ]
07-27 05:11:26.251  1571  3123 I SemanticLocation: [Scheduler] Periodic Task com.google.android.gms.semanticlocationhistory.federated.FederatedScheduleService.FederatedLocation is scheduled to run EVERY_DAY [CONTEXT service_id=173 ]
07-27 05:11:26.260  1571  3123 I SemanticLocation: [Scheduler] Periodic Task com.google.android.gms.semanticlocationhistory.federated.FederatedTaskIdentityDataService.FederatedTaskIdentityDataService is scheduled to run EVERY_DAY [CONTEXT service_id=173 ]
07-27 05:11:26.260  1571  3123 I SemanticLocation: [Scheduler] Periodic Task com.google.android.gms.semanticlocationhistory.federated.FederatedJobHistoryService.FederatedJobHistoryService is scheduled to run EVERY_DAY [CONTEXT service_id=173 ]
07-27 05:11:26.262  1571  3123 I SemanticLocation: [Scheduler] Periodic Task com.google.android.gms.semanticlocationhistory.federated.BrellaInvocationService.BrellaInvocationServiceFirstPopulation is scheduled to run EVERY_DAY [CONTEXT service_id=173 ]
07-27 05:11:26.263  1571  3123 I SemanticLocation: [Scheduler] Periodic Task com.google.android.gms.semanticlocationhistory.federated.BrellaInvocationService.BrellaInvocationServiceSecondPopulation is scheduled to run EVERY_DAY [CONTEXT service_id=173 ]
07-27 05:11:26.308  2769  2769 W ology.sinsinapp: Verification of java.util.List androidx.compose.ui.util.ListUtilsKt.fastFlatMap(java.util.List, kotlin.jvm.functions.Function1) took 103.239ms (484.31 bytecodes/s) (3120B approximate peak alloc)
07-27 05:11:26.339  1044  3128 I FacsCacheGmsModule: Executing operation 'GetActivityControlsSettingsOperation'...
07-27 05:11:26.350  1044  3131 W SystemServiceRegistry: No service published for: wifiaware
07-27 05:11:26.353  1044  3131 W SystemServiceRegistry: No service published for: wifiaware
--------- beginning of system
07-27 05:11:26.385   576   674 D ActivityManager: freezing 2389 com.google.android.apps.safetyhub
07-27 05:11:26.387   576   674 D ActivityManager: freezing 2627 com.google.android.settings.intelligence
07-27 05:11:26.471   576   730 D InetDiagMessage: Destroyed 0 sockets, proto=IPPROTO_TCP, family=AF_INET, states=14
07-27 05:11:26.471   576   730 D InetDiagMessage: Destroyed 0 sockets, proto=IPPROTO_TCP, family=AF_INET6, states=14
07-27 05:11:26.471   576   730 D InetDiagMessage: Destroyed live tcp sockets for uids={10145} in 0ms
07-27 05:11:26.471   576   730 D InetDiagMessage: Destroyed 0 sockets, proto=IPPROTO_TCP, family=AF_INET, states=14
07-27 05:11:26.471   576   730 D InetDiagMessage: Destroyed 0 sockets, proto=IPPROTO_TCP, family=AF_INET6, states=14
07-27 05:11:26.471   576   730 D InetDiagMessage: Destroyed live tcp sockets for uids={10198} in 0ms
07-27 05:11:26.473  1571  3123 I SemanticLocation: [Scheduler] Periodic Task com.google.android.gms.semanticlocationhistory.federated.BrellaInvocationService.BrellaInvocationServiceThirdPopulation is scheduled to run EVERY_DAY [CONTEXT service_id=173 ]
07-27 05:11:26.473  1571  3123 I SemanticLocation: [Scheduler] Periodic Task com.google.android.gms.semanticlocationhistory.federated.BrellaInvocationService.BrellaInvocationServiceFourthPopulation is scheduled to run EVERY_DAY [CONTEXT service_id=173 ]
07-27 05:11:26.473  1571  3123 I SemanticLocation: [Scheduler] Periodic Task com.google.android.gms.semanticlocationhistory.federated.BrellaInvocationService.BrellaInvocationServiceFifthPopulation is scheduled to run EVERY_DAY [CONTEXT service_id=173 ]
07-27 05:11:26.473  1571  3123 I SemanticLocation: [Scheduler] Periodic Task com.google.android.gms.semanticlocationhistory.federated.regionfetcher.RegionMddMaintenanceService.RegionMddMaintenanceTask is scheduled to run EVERY_DAY [CONTEXT service_id=173 ]
07-27 05:11:26.474  1571  3123 I SemanticLocation: [Scheduler] Periodic Task com.google.android.gms.semanticlocationhistory.federated.regionfetcher.RegionMddDownloadScheduleService.RegionMddRefreshDownloadTask is scheduled to run EVERY_6_HOURS [CONTEXT service_id=173 ]
07-27 05:11:26.474  1571  3123 I SemanticLocation: [Scheduler] Periodic Task com.google.android.gms.semanticlocationhistory.db.backup.OdlhBackupService.OdlhBackup is scheduled to run EVERY_DAY [CONTEXT service_id=173 ]
07-27 05:11:26.474  1571  3123 I SemanticLocation: [Scheduler] Periodic Task com.google.android.gms.semanticlocationhistory.edit.EditUploadJob.EditUploadJob is scheduled to run EVERY_DAY [CONTEXT service_id=173 ]
07-27 05:11:26.482  1571  3123 I LocationHistory: [ModuleInit] Triggering settings sync one off task [CONTEXT service_id=314 ]
07-27 05:11:26.492  1044  3128 I FacsCacheGmsModule: Operation 'GetActivityControlsSettingsOperation' successful!
07-27 05:11:26.527  1571  3142 V SmartDevice: [ModuleInitializer] ModuleInitializer got intent Intent { act=android.intent.action.BOOT_COMPLETED flg=0x89000010 pkg=com.google.android.gms cmp=com.google.android.gms/.chimera.GmsIntentOperationService (has extras) } with flag 2
07-27 05:11:26.549   576  1806 D OomAdjuster: Not killing cached processes
07-27 05:11:26.559  1571  1571 D BoundBrokerSvc: onBind: Intent { act=com.google.android.gms.facs.internal.service.START dat=chimera-action:/... cmp=com.google.android.gms/.chimera.GmsInternalApiService }
07-27 05:11:26.559  1571  1571 D BoundBrokerSvc: Loading bound service for intent: Intent { act=com.google.android.gms.facs.internal.service.START dat=chimera-action:/... cmp=com.google.android.gms/.chimera.GmsInternalApiService }
07-27 05:11:26.566   576   730 D ConnectivityService: NetReassign [no changes] [c 0] [a 0] [i 0]
07-27 05:11:26.567  1571  3084 W Pay     : Active account was null, notification task will be cancelled. [CONTEXT service_id=198 ]
07-27 05:11:26.567  1571  3084 I Pay     : PendingSeProvisioningTaskOperation: Active account not found! [CONTEXT service_id=198 ]
07-27 05:11:26.570  1044  3131 I TetheringManager: registerTetheringEventCallback caller:com.google.android.gms
07-27 05:11:26.572  1044  1050 W .gms.persistent: Missing inline cache for fowt anht.k(android.content.Context, boolean, int, java.lang.Integer, anic, eqdz)
07-27 05:11:26.572  1044  1050 W .gms.persistent: Missing inline cache for fowt anht.k(android.content.Context, boolean, int, java.lang.Integer, anic, eqdz)
07-27 05:11:26.572  1044  1050 W .gms.persistent: Missing inline cache for fowt anht.k(android.content.Context, boolean, int, java.lang.Integer, anic, eqdz)
07-27 05:11:26.572  1044  1050 W .gms.persistent: Missing inline cache for fowt anht.k(android.content.Context, boolean, int, java.lang.Integer, anic, eqdz)
07-27 05:11:26.572  1044  1050 W .gms.persistent: Missing inline cache for fowt anht.k(android.content.Context, boolean, int, java.lang.Integer, anic, eqdz)
07-27 05:11:26.572  1044  1050 W .gms.persistent: Missing inline cache for fowt anht.k(android.content.Context, boolean, int, java.lang.Integer, anic, eqdz)
07-27 05:11:26.572  1044  1050 W .gms.persistent: Missing inline cache for fowt anht.k(android.content.Context, boolean, int, java.lang.Integer, anic, eqdz)
07-27 05:11:26.572  1044  1050 W .gms.persistent: Missing inline cache for fowt anht.k(android.content.Context, boolean, int, java.lang.Integer, anic, eqdz)
07-27 05:11:26.572  1044  1050 W .gms.persistent: Missing inline cache for fowt anht.k(android.content.Context, boolean, int, java.lang.Integer, anic, eqdz)
07-27 05:11:26.572  1044  1050 W .gms.persistent: Missing inline cache for fowt anht.k(android.content.Context, boolean, int, java.lang.Integer, anic, eqdz)
07-27 05:11:26.572  1044  1050 W .gms.persistent: Missing inline cache for fowt anht.k(android.content.Context, boolean, int, java.lang.Integer, anic, eqdz)
07-27 05:11:26.572  1044  1050 W .gms.persistent: Missing inline cache for fowt anht.k(android.content.Context, boolean, int, java.lang.Integer, anic, eqdz)
07-27 05:11:26.572  1044  1050 W .gms.persistent: Missing inline cache for fowt anht.k(android.content.Context, boolean, int, java.lang.Integer, anic, eqdz)
07-27 05:11:26.572  1044  1050 W .gms.persistent: Missing inline cache for fowt anht.k(android.content.Context, boolean, int, java.lang.Integer, anic, eqdz)
07-27 05:11:26.572  1044  1050 W .gms.persistent: Missing inline cache for fowt anht.k(android.content.Context, boolean, int, java.lang.Integer, anic, eqdz)
07-27 05:11:26.572  1044  1050 W .gms.persistent: Missing inline cache for fowt anht.k(android.content.Context, boolean, int, java.lang.Integer, anic, eqdz)
07-27 05:11:26.572  1044  1050 W .gms.persistent: Missing inline cache for fowt anht.k(android.content.Context, boolean, int, java.lang.Integer, anic, eqdz)
07-27 05:11:26.572  1044  1050 W .gms.persistent: Missing inline cache for fowt anht.k(android.content.Context, boolean, int, java.lang.Integer, anic, eqdz)
07-27 05:11:26.572  1044  1050 W .gms.persistent: Missing inline cache for fowt anht.k(android.content.Context, boolean, int, java.lang.Integer, anic, eqdz)
07-27 05:11:26.572  1044  1050 W .gms.persistent: Missing inline cache for fowt anht.k(android.content.Context, boolean, int, java.lang.Integer, anic, eqdz)
07-27 05:11:26.572  1044  1050 W .gms.persistent: Missing inline cache for fowt anht.k(android.content.Context, boolean, int, java.lang.Integer, anic, eqdz)
07-27 05:11:26.572  1044  1050 W .gms.persistent: Missing inline cache for fowt anht.k(android.content.Context, boolean, int, java.lang.Integer, anic, eqdz)
07-27 05:11:26.572  1044  1050 W .gms.persistent: Missing inline cache for fowt anht.k(android.content.Context, boolean, int, java.lang.Integer, anic, eqdz)
07-27 05:11:26.572  1044  1050 W .gms.persistent: Missing inline cache for fowt anht.k(android.content.Context, boolean, int, java.lang.Integer, anic, eqdz)
07-27 05:11:26.572  1044  1050 W .gms.persistent: Missing inline cache for fowt anht.k(android.content.Context, boolean, int, java.lang.Integer, anic, eqdz)
07-27 05:11:26.572  1044  1050 W .gms.persistent: Missing inline cache for fowt anht.k(android.content.Context, boolean, int, java.lang.Integer, anic, eqdz)
07-27 05:11:26.572  1044  1050 W .gms.persistent: Missing inline cache for fowt anht.k(android.content.Context, boolean, int, java.lang.Integer, anic, eqdz)
07-27 05:11:26.574   576  1534 D ConnectivityService: requestNetwork for uid/pid:10144/1044 activeRequest: null callbackRequest: 120 [NetworkRequest [ REQUEST id=121, [ Capabilities: INTERNET&NOT_RESTRICTED&TRUSTED&NOT_VCN_MANAGED&NOT_BANDWIDTH_CONSTRAINED Uid: 10144 RequestorUid: 10144 RequestorPkg: com.google.android.gms UnderlyingNetworks: Null] ]] callback flags: 0 order: 2147483647 isUidTracked: false
07-27 05:11:26.589  1571  3142 W ChimeraUtils: Module com.google.android.gms.smartdevice missing resource null(0)
07-27 05:11:26.593   576   607 D ShortcutService: Getting shortcuts for launcher= com.google.android.apps.nexuslauncheruser=0 pkg=com.google.android.gms
07-27 05:11:26.594   576   607 D ShortcutService: Getting shortcuts for launcher= com.google.android.asuser=0 pkg=com.google.android.gms
07-27 05:11:26.594   576   607 D ShortcutService: Getting shortcuts for launcher= com.android.systemuiuser=0 pkg=com.google.android.gms
07-27 05:11:26.596   820   893 W Looper  : Drained
07-27 05:11:26.597  1571  1801 I FacsCacheGmsModule: Receiving API connection to internal FACS API...
07-27 05:11:26.597  1571  1801 I FacsCacheGmsModule: API connection successful!
07-27 05:11:26.620  1436  1476 I AiAiEcho: Settings changed for uri: content://settings/secure/accessibility_enabled
07-27 05:11:26.636  1436  1698 I AiAiEcho: Predicting[0]:  [CONTEXT sampling_count=5 ]
07-27 05:11:26.644  1436  1698 I AiAiEcho: EchoTargets: 
07-27 05:11:26.644  1436  1698 I AiAiEcho: Filtered by AiAi flag check: 
07-27 05:11:26.644  1436  1698 I AiAiEcho: [CONTEXT ratelimit_period="10 SECONDS" ]
07-27 05:11:26.645  1436  1698 I AiAiEcho: Ranked targets strategy: SORT, count: 0, ranking metadata:  [CONTEXT ratelimit_period="10 SECONDS" ]
07-27 05:11:26.647   576   730 D ConnectivityService: NetReassign [121 : null → 100] [c 0] [a 1] [i 70]
07-27 05:11:26.648   576   723 D WifiNetworkFactory: got request NetworkRequest [ REQUEST id=121, [ Capabilities: INTERNET&NOT_RESTRICTED&TRUSTED&NOT_VCN_MANAGED&NOT_BANDWIDTH_CONSTRAINED Uid: 10144 RequestorUid: 10144 RequestorPkg: com.google.android.gms UnderlyingNetworks: Null] ]
07-27 05:11:26.648   576   723 D UntrustedWifiNetworkFactory: got request NetworkRequest [ REQUEST id=121, [ Capabilities: INTERNET&NOT_RESTRICTED&TRUSTED&NOT_VCN_MANAGED&NOT_BANDWIDTH_CONSTRAINED Uid: 10144 RequestorUid: 10144 RequestorPkg: com.google.android.gms UnderlyingNetworks: Null] ]
07-27 05:11:26.649   576   723 D OemPaidWifiNetworkFactory: got request NetworkRequest [ REQUEST id=121, [ Capabilities: INTERNET&NOT_RESTRICTED&TRUSTED&NOT_VCN_MANAGED&NOT_BANDWIDTH_CONSTRAINED Uid: 10144 RequestorUid: 10144 RequestorPkg: com.google.android.gms UnderlyingNetworks: Null] ]
07-27 05:11:26.649   576   723 D MultiInternetWifiNetworkFactory: got request NetworkRequest [ REQUEST id=121, [ Capabilities: INTERNET&NOT_RESTRICTED&TRUSTED&NOT_VCN_MANAGED&NOT_BANDWIDTH_CONSTRAINED Uid: 10144 RequestorUid: 10144 RequestorPkg: com.google.android.gms UnderlyingNetworks: Null] ]
07-27 05:11:26.649  1436  1698 I AiAiEcho: #remoteViewsTwiddler: feature disabled.
07-27 05:11:26.650  1436  1698 I AiAiEcho: Predicting[0]:  [CONTEXT sampling_count=5 ]
07-27 05:11:26.650  1436  1698 I AiAiEcho: EchoTargets: 
07-27 05:11:26.650  1436  1698 I AiAiEcho: Filtered by AiAi flag check: 
07-27 05:11:26.650  1436  1698 I AiAiEcho: [CONTEXT ratelimit_period="10 SECONDS" ]
07-27 05:11:26.650  1436  1698 I AiAiEcho: Ranked targets strategy: SORT, count: 0, ranking metadata:  [CONTEXT ratelimit_period="10 SECONDS" ]
07-27 05:11:26.650  1436  1698 I AiAiEcho: #remoteViewsTwiddler: feature disabled.
07-27 05:11:26.651  1436  1698 I AiAiEcho: Predicting[0]:  [CONTEXT sampling_count=5 ]
07-27 05:11:26.651  1436  1698 I AiAiEcho: EchoTargets: 
07-27 05:11:26.651  1436  1698 I AiAiEcho: Filtered by AiAi flag check: 
07-27 05:11:26.651  1436  1698 I AiAiEcho: [CONTEXT ratelimit_period="10 SECONDS" ]
07-27 05:11:26.651  1436  1698 I AiAiEcho: Ranked targets strategy: SORT, count: 0, ranking metadata:  [CONTEXT ratelimit_period="10 SECONDS" ]
07-27 05:11:26.651  1436  1698 I AiAiEcho: #remoteViewsTwiddler: feature disabled.
07-27 05:11:26.657  1044  3060 I NearbySharing: Failed to log FAST_SHARE_SERVER_RESPONSE, due to checkbox consent is not opt in. [CONTEXT service_id=194 ]
07-27 05:11:26.657  1044  2767 W NearbySharing: 'listPublicCertificates' failed for parent: users/me/devices/285RGXEI0F with error: 4 [CONTEXT service_id=194 ]
07-27 05:11:26.657  1044  2767 W NearbySharing: gbzz: DEADLINE_EXCEEDED: CallOptions deadline exceeded after 1.969290119s. Name resolution delay 0.104935666 seconds. [closed=[], open=[[buffered_nanos=1531905918, remote_addr=nearbysharing-pa.googleapis.com/172.217.119.4:443]]]
07-27 05:11:26.657  1044  2767 W NearbySharing: 	at gbzy.h(:com.google.android.gms@242335038@24.23.35 (190400-646585959):3)
07-27 05:11:26.657  1044  2767 W NearbySharing: 	at anbi.u(:com.google.android.gms@242335038@24.23.35 (190400-646585959):29)
07-27 05:11:26.657  1044  2767 W NearbySharing: 	at anbi.g(:com.google.android.gms@242335038@24.23.35 (190400-646585959):97)
07-27 05:11:26.657  1044  2767 W NearbySharing: 	at cfuf.c(:com.google.android.gms@242335038@24.23.35 (190400-646585959):38)
07-27 05:11:26.657  1044  2767 W NearbySharing: 	at cfuu.c(:com.google.android.gms@242335038@24.23.35 (190400-646585959):206)
07-27 05:11:26.657  1044  2767 W NearbySharing: 	at cekc.run(:com.google.android.gms@242335038@24.23.35 (190400-646585959):16)
07-27 05:11:26.657  1044  2767 W NearbySharing: 	at angs.c(:com.google.android.gms@242335038@24.23.35 (190400-646585959):50)
07-27 05:11:26.657  1044  2767 W NearbySharing: 	at angs.run(:com.google.android.gms@242335038@24.23.35 (190400-646585959):76)
07-27 05:11:26.657  1044  2767 W NearbySharing: 	at java.util.concurrent.ThreadPoolExecutor.runWorker(ThreadPoolExecutor.java:1145)
07-27 05:11:26.657  1044  2767 W NearbySharing: 	at java.util.concurrent.ThreadPoolExecutor$Worker.run(ThreadPoolExecutor.java:644)
07-27 05:11:26.657  1044  2767 W NearbySharing: 	at anmg.run(:com.google.android.gms@242335038@24.23.35 (190400-646585959):8)
07-27 05:11:26.657  1044  2767 W NearbySharing: 	at java.lang.Thread.run(Thread.java:1012)
07-27 05:11:26.670  1044  2232 I NetworkScheduler: Using standalone scheduling engine [CONTEXT service_id=218 ]
07-27 05:11:26.683  1044  1146 W .gms.persistent: Long monitor contention with owner lowpool[13] (2767) at bwhn cfuu.c(android.accounts.Account, cder)(:com.google.android.gms@242335038@24.23.35 (190400-646585959):604) waiters=0 in boolean cfuu.q(android.accounts.Account, java.util.List, cder) for 15.098s
07-27 05:11:26.700  1436  1698 I AiAiEcho: #postPredictionTargets: Sending updates to UISurface media_data_manager with targets# 0 (types=[])
07-27 05:11:26.700  1436  1698 I AiAiEcho: #postPredictionTargets: Sending updates to UISurface lockscreen with targets# 0 (types=[])
07-27 05:11:26.700  1436  1698 I AiAiEcho: #postPredictionTargets: Sending updates to UISurface home with targets# 0 (types=[])
07-27 05:11:26.702  1044  1751 I NearbyMediums: WifiNetwork defaultNetworkCallback onAvailable netId:100
07-27 05:11:26.708   820   820 W PageIndicator: Total number of pages invalid: 0. Assuming 1 page.
07-27 05:11:26.709   820   820 D SsMediaDataProvider: Forwarding Smartspace updates []
07-27 05:11:26.716  1306  1306 D SsBaseTemplateCard: No text view can be set up
07-27 05:11:26.716  1306  1306 D SsBaseTemplateCard: Passed-in item info is null
07-27 05:11:26.717  1306  1306 D SsBaseTemplateCard: Passed-in item info is null
07-27 05:11:26.717  1306  1306 D SsBaseTemplateCard: Passed-in item info is null
07-27 05:11:26.717  1306  1306 I SsBaseTemplateCard: Secondary card pane is null
07-27 05:11:26.725  3086  3086 W AccessibilityNodeInfoDumper: Fetch time: 574ms
07-27 05:11:26.739   576  1805 W MagnificationConnectionManager: requestConnection duplicated request: connect=false, mConnectionState=DISCONNECTED
07-27 05:11:26.742   576  1805 D AccessibilityManagerService: restoreCurrentUserForTestAutomationIfNeededLocked(): ignoring because device doesn't support visible background users
07-27 05:11:26.786  3086  3086 D AndroidRuntime: Shutting down VM
07-27 05:11:26.849   576   576 W IPCThreadState: Sending oneway calls to frozen process.
07-27 05:11:26.850  1044  3127 I NearbyMediums: WifiNetwork setTelephonyIsDataConnected:true
07-27 05:11:26.851   576   576 W IPCThreadState: Sending oneway calls to frozen process.
07-27 05:11:26.853   576   576 W IPCThreadState: Sending oneway calls to frozen process.
07-27 05:11:26.853   576   576 W IPCThreadState: Sending oneway calls to frozen process.
07-27 05:11:26.853   576   576 W IPCThreadState: Sending oneway calls to frozen process.
07-27 05:11:26.853   576   576 W IPCThreadState: Sending oneway calls to frozen process.
07-27 05:11:26.853   576   576 W IPCThreadState: Sending oneway calls to frozen process.
07-27 05:11:26.853   576   576 W IPCThreadState: Sending oneway calls to frozen process.
07-27 05:11:26.853   576   576 W IPCThreadState: Sending oneway calls to frozen process.
07-27 05:11:26.853   576   576 W IPCThreadState: Sending oneway calls to frozen process.
07-27 05:11:26.853   576   576 W IPCThreadState: Sending oneway calls to frozen process.
07-27 05:11:26.853   576   576 W IPCThreadState: Sending oneway calls to frozen process.
07-27 05:11:26.854   576   576 D BatterySaverPolicy: accessibility changed to false, updating policy.
07-27 05:11:26.867  1044  1146 I NearbySharing: Incremented the RateLimitThrottler(uploadSenderCertificates) count to 1. [CONTEXT service_id=194 ]
07-27 05:11:26.877  1571  3084 W Pay     : Active account was null, notification task will be cancelled. [CONTEXT service_id=198 ]
07-27 05:11:26.877  1571  3084 W Pay     : [eMoney card recovery task] exiting without init: active tapandpay account not found! [CONTEXT service_id=198 ]
07-27 05:11:26.878  1571  3084 I Pay     : Requested check of feature migrations. [CONTEXT service_id=198 ]
07-27 05:11:26.904  1044  3127 I Nearby  : Note nearby client com.google.android.gms for operation android:bluetooth_advertise [CONTEXT service_id=49 ]
07-27 05:11:26.921  1044  3127 I NearbyConnections: Get local endpoint id from random generation STUO for client 134940964 from NC only.
07-27 05:11:26.921  1044  3127 I NearbyConnections: MediumsOwnership owner set to bwxn(127492274)
07-27 05:11:26.934   820   893 W Looper  : Slow dispatch took 55ms wmshell.main h=android.view.ViewRootImpl$ViewRootHandler c=android.view.accessibility.AccessibilityManager$$ExternalSyntheticLambda0@683a5e2 m=0
07-27 05:11:26.950   576   730 D InetDiagMessage: Destroyed 0 sockets, proto=IPPROTO_TCP, family=AF_INET, states=14
07-27 05:11:26.950   576   730 D InetDiagMessage: Destroyed 0 sockets, proto=IPPROTO_TCP, family=AF_INET6, states=14
07-27 05:11:26.950   576   730 D InetDiagMessage: Destroyed live tcp sockets for uids={10134} in 6ms
07-27 05:11:26.950  1436  1476 I AiAiEcho: Settings changed for uri: content://settings/secure/accessibility_enabled
07-27 05:11:26.951   898  2088 I BtSocketManagerBinder: createSocketChannel: type=1, serviceName=NearbySharing, uuid=a82efa21-ae5c-3dde-9bbc-f16da7b16c5a, port=-1, from uid/pid=10144/1044
07-27 05:11:26.957  1436  1698 I AiAiEcho: Predicting[0]:  [CONTEXT sampling_count=5 ]
07-27 05:11:26.958  1436  1698 I AiAiEcho: EchoTargets: 
07-27 05:11:26.958  1436  1698 I AiAiEcho: Filtered by AiAi flag check: 
07-27 05:11:26.958  1436  1698 I AiAiEcho: [CONTEXT ratelimit_period="10 SECONDS" ]
07-27 05:11:26.958  1436  1698 I AiAiEcho: Ranked targets strategy: SORT, count: 0, ranking metadata:  [CONTEXT ratelimit_period="10 SECONDS" ]
07-27 05:11:26.961   898  2088 I bt_btif_sock: system/btif/src/btif_sock.cc:164 btsock_listen: Attempting listen for socket connections for device: 00:00:00:00:00:00, type: 1, channel: -1, app_uid: 10144
07-27 05:11:26.965  1571  2692 I AppLinksModuleInit: onInitRuntimeState [CONTEXT service_id=244 ]
07-27 05:11:26.974   576   730 D InetDiagMessage: Destroyed 0 sockets, proto=IPPROTO_TCP, family=AF_INET, states=14
07-27 05:11:26.974   576   730 D InetDiagMessage: Destroyed 0 sockets, proto=IPPROTO_TCP, family=AF_INET6, states=14
07-27 05:11:26.974   576   730 D InetDiagMessage: Destroyed live tcp sockets for uids={10138} in 2ms
07-27 05:11:26.959  1436  1698 I AiAiEcho: #remoteViewsTwiddler: feature disabled.
07-27 05:11:26.983  1571  2692 I AppLinksModuleInit: verifying requested domain links post-boot [CONTEXT service_id=244 ]
07-27 05:11:26.994  1571  3142 D SmartDevice: [ModuleInitializer] Module init - scheduling buffered logs cleanup task
07-27 05:11:26.999  1571  3142 I SmartDevice: [CleanBufferedLogsService] Periodic task upload_buffered_logs_periodic scheduled!
07-27 05:11:27.012  1436  1698 I AiAiEcho: Predicting[0]:  [CONTEXT sampling_count=5 ]
07-27 05:11:27.012  1436  1698 I AiAiEcho: EchoTargets: 
07-27 05:11:27.012  1436  1698 I AiAiEcho: Filtered by AiAi flag check: 
07-27 05:11:27.012  1436  1698 I AiAiEcho: [CONTEXT ratelimit_period="10 SECONDS" ]
07-27 05:11:27.021  1436  1698 I AiAiEcho: Ranked targets strategy: SORT, count: 0, ranking metadata:  [CONTEXT ratelimit_period="10 SECONDS" ]
07-27 05:11:27.021  1436  1698 I AiAiEcho: #remoteViewsTwiddler: feature disabled.
07-27 05:11:27.021  1436  1698 I AiAiEcho: Predicting[0]:  [CONTEXT sampling_count=5 ]
07-27 05:11:27.021  1436  1698 I AiAiEcho: EchoTargets: 
07-27 05:11:27.021  1436  1698 I AiAiEcho: Filtered by AiAi flag check: 
07-27 05:11:27.021  1436  1698 I AiAiEcho: [CONTEXT ratelimit_period="10 SECONDS" ]
07-27 05:11:27.021  1436  1698 I AiAiEcho: Ranked targets strategy: SORT, count: 0, ranking metadata:  [CONTEXT ratelimit_period="10 SECONDS" ]
07-27 05:11:27.021  1436  1698 I AiAiEcho: #remoteViewsTwiddler: feature disabled.
07-27 05:11:27.021  1436  1698 I AiAiEcho: #postPredictionTargets: Sending updates to UISurface media_data_manager with targets# 0 (types=[])
07-27 05:11:27.022  1436  1698 I AiAiEcho: #postPredictionTargets: Sending updates to UISurface lockscreen with targets# 0 (types=[])
07-27 05:11:27.022  1436  1698 I AiAiEcho: #postPredictionTargets: Sending updates to UISurface home with targets# 0 (types=[])
07-27 05:11:27.022   820   820 W PageIndicator: Total number of pages invalid: 0. Assuming 1 page.
07-27 05:11:27.023  1306  1306 D SsBaseTemplateCard: No text view can be set up
07-27 05:11:27.023  1306  1306 D SsBaseTemplateCard: Passed-in item info is null
07-27 05:11:27.023  1306  1306 D SsBaseTemplateCard: Passed-in item info is null
07-27 05:11:27.023  1306  1306 D SsBaseTemplateCard: Passed-in item info is null
07-27 05:11:27.023  1306  1306 I SsBaseTemplateCard: Secondary card pane is null
07-27 05:11:27.117   820   820 D SsMediaDataProvider: Forwarding Smartspace updates []
07-27 05:11:27.121   898  2088 I bt_btif_sock_rfcomm: system/btif/src/btif_sock_rfc.cc:336 btsock_rfc_listen: Adding listening socket service_name: NearbySharing - channel: -1
07-27 05:11:27.202  1044  3134 D SharedPreferencesImpl: Time required to fsync /data/user/0/com.google.android.gms/shared_prefs/LogDropPref.xml: [<1: 0, <2: 1, <4: 9, <8: 39, <16: 40, <32: 26, <64: 35, <128: 33, <256: 31, <512: 14, <1024: 4, <2048: 1, <4096: 0, <8192: 0, <16384: 0, >=16384: 0]
07-27 05:11:27.213  1558  1867 I A       : NGA disabled due to not being eligible.
07-27 05:11:27.234  1044  1044 W .gms.persistent: Long monitor contention with owner lowpool[0] (1146) at boolean amqj.d(amqi, android.content.ServiceConnection, java.lang.String, java.util.concurrent.Executor)(:com.google.android.gms@242335038@24.23.35 (190400-646585959):80) waiters=0 in void amqk.onServiceConnected(android.content.ComponentName, android.os.IBinder) for 213ms
07-27 05:11:27.305   898  1077 I bt_btif_sock_rfcomm: system/btif/src/btif_sock_rfc.cc:750 jv_dm_cback: handling event:BTA_JV_GET_SCN_EVT, id:4
07-27 05:11:27.305   898  1077 I bt_btif_sock_rfcomm: system/btif/src/btif_sock_rfc.cc:750 jv_dm_cback: handling event:BTA_JV_CREATE_RECORD_EVT, id:4
07-27 05:11:27.323   898  1077 I bt_bta_dm: system/bta/dm/bta_dm_act.cc:1132 bta_dm_set_eir: Generating extended inquiry response packet EIR
07-27 05:11:27.329  1571  2692 I AppLinksRequestHandler: Processing 2 input requests [CONTEXT service_id=244 ]
07-27 05:11:27.333  1571  3152 E ActivityThread: Failed to find provider info for subscribedfeeds
07-27 05:11:27.339   898  1077 W rfcomm_port_utils: system/stack/rfcomm/port_utils.cc:290 port_find_mcb: not found, bd_addr:ff:ff:ff:ff:ff:ff
07-27 05:11:27.347   898  1077 I bt_port_api: system/stack/rfcomm/port_api.cc:223 RFCOMM_CreateConnectionWithSecurity: bd_addr=ff:ff:ff:ff:ff:ff, scn=7, is_server=true, mtu=990, uuid=0x0, dlci=14, signal_state=0xb, p_port=0x7b8e9f2148
07-27 05:11:27.366   898  1077 I bt_btif_sock_rfcomm: system/btif/src/btif_sock_rfc.cc:692 rfcomm_cback: handling BTA_JV_RFCOMM_START_EVT, rfcomm_slot_id:4
07-27 05:11:27.367   898  1077 I bt_btif_sock_rfcomm: system/btif/src/btif_sock_rfc.cc:548 on_srv_rfc_listen_started: listening for RFCOMM socket connections for device: 00:00:00:00:00:00, scn: 7, app_uid: 10144, id: 4
07-27 05:11:27.467  1571  2693 I TelephonySpamInit: On boot completed TelephonySpam module initialized [CONTEXT service_id=150 ]
07-27 05:11:27.468  1571  2693 I TelephonySpamInit: onModuleUpdated TelephonySpam module initialized [CONTEXT service_id=150 ]
07-27 05:11:27.702  1044  3127 I NearbyMediums: Started accepting Bluetooth Classic connections for NearbySharing.
07-27 05:11:27.794  1044  3038 D BluetoothSocket: accept(), timeout (ms):-1
07-27 05:11:27.850  1571  3084 I ThreadNetworkModuleInit: Initializing runtime states: 2 [CONTEXT service_id=305 ]
07-27 05:11:27.850  1571  3084 I ThreadNetworkModuleInit: Enable component com.google.android.gms.threadnetwork.ui.ShareCredentialsActivity [CONTEXT service_id=305 ]
07-27 05:11:27.878  1571  2692 I AppLinksUtilsV1: Legacy cross-profile verification enabled [CONTEXT service_id=244 ]
07-27 05:11:28.088  1571  2693 I SpamListSync: scheduleSyncTasks [CONTEXT service_id=150 ]
07-27 05:11:28.099  1044  3127 I NearbyMediums: Failed to get sharedGattServer for private gatt advertising.
07-27 05:11:28.099  1044  3127 D BluetoothAdapter: isLeEnabled(): ON
07-27 05:11:28.119  1044  3134 D SharedPreferencesImpl: Time required to fsync /data/user/0/com.google.android.gms/shared_prefs/LogDropPref.xml: [<1: 0, <2: 1, <4: 9, <8: 39, <16: 40, <32: 27, <64: 35, <128: 33, <256: 31, <512: 15, <1024: 4, <2048: 1, <4096: 0, <8192: 0, <16384: 0, >=16384: 0]
07-27 05:11:28.145  1044  1178 W .gms.persistent: Long monitor contention with owner lowpool[0] (1146) at boolean amqj.d(amqi, android.content.ServiceConnection, java.lang.String, java.util.concurrent.Executor)(:com.google.android.gms@242335038@24.23.35 (190400-646585959):80) waiters=0 in boolean amqj.d(amqi, android.content.ServiceConnection, java.lang.String, java.util.concurrent.Executor) for 877ms
07-27 05:11:28.152  1044  1146 W GLSUser : [DeviceKeyStore] Cannot load key: Device key file not found.
07-27 05:11:28.152  1044  1146 W GLSUser : [DeviceKeyStore] Cannot load key: Device key file not found.
07-27 05:11:28.201  1571  2693 I SpamListSync: schedulePeriodicTask [CONTEXT service_id=150 ]
07-27 05:11:28.207  1571  2693 I SpamListSync: scheduleOneTimeTask [CONTEXT service_id=150 ]
07-27 05:11:28.208  1571  3084 I ThreadBrSynchronizer: Scheduled periodic Border Router sync task: PeriodicBrSync [CONTEXT service_id=305 ]
07-27 05:11:28.222  1571  1716 W DataCollectionRegistryC: missing CollectionDefinition for digitalassetlinks.googleapis.com/google.digitalassetlinks.v1.AssetLinks/Check
07-27 05:11:28.224  1044  1146 W DataCollectionRegistryC: missing CollectionDefinition for nearbysharing-pa.googleapis.com/location.nearby.sharing.v1.NearbySharingService/UpdateDevice
07-27 05:11:28.233   380  3156 I resolv  : GetAddrInfoHandler::run: {100 786532 100 983140 10144 0}
07-27 05:11:28.235   380  3157 I resolv  : res_nmkquery: (QUERY, IN, AAAA)
07-27 05:11:28.236   380  3158 I resolv  : res_nmkquery: (QUERY, IN, A)
07-27 05:11:28.264   380  3158 I resolv  : res_nsend: used send_dg 178 terrno: 0
07-27 05:11:28.264   380  3158 I resolv  : doQuery: rcode=0, ancount=8, return value=178
07-27 05:11:28.292  1571  3123 I Trustlet_Onbody: onbodyAlreadySet: false [CONTEXT service_id=294 ]
07-27 05:11:28.293  1571  3123 I Trustlet_Onbody: isOnbodySuggestionEnabledByPhenotype: false [CONTEXT service_id=294 ]
07-27 05:11:28.294  1571  3123 I Trustlet_Onbody: isTrustAgentEnabled: etys@8bb8ac[status=SUCCESS, result=[true]] [CONTEXT service_id=294 ]
07-27 05:11:28.295   898  2088 E BtGatt.ContextMap: Context not found for ID 10144
07-27 05:11:28.296   898  2088 I bt_shim_advertiser: system/main/shim/le_advertising_manager.cc:149 StartAdvertisingSet: in shim layer
07-27 05:11:28.297   898  1082 I bluetooth: system/gd/hci/le_address_manager.cc:229 register_client: Client registered
07-27 05:11:28.299   898  2088 I bt_shim_advertiser: system/main/shim/le_advertising_manager.cc:169 StartAdvertisingSet: create advertising set, client_id:255, reg_id:-2
07-27 05:11:28.301  1571  3123 I Trustlet_Onbody: Trustlet onbody is supported. [CONTEXT service_id=294 ]
07-27 05:11:28.301  1571  3123 I Trustlet_Onbody: isSupported: true [CONTEXT service_id=294 ]
07-27 05:11:28.301  1571  3123 I Trustlet_Onbody: isChromeOsDevice: false [CONTEXT service_id=294 ]
07-27 05:11:28.311   380  3157 I resolv  : res_nsend: used send_dg 274 terrno: 0
07-27 05:11:28.311   380  3157 I resolv  : doQuery: rcode=0, ancount=8, return value=274
07-27 05:11:28.317  1571  2313 D TrafficStats: tagSocket(162) with statsTag=0x20002500, statsUid=-1
07-27 05:11:28.318   898  1082 I bluetooth: system/gd/hci/le_advertising_manager.cc:1744 on_set_advertising_set_random_address_complete: update random address for advertising set 0 : xx:xx:xx:xx:14:fb
07-27 05:11:28.360  1571  2693 I ActiveUnlock: Clearing old unlock triggers [CONTEXT service_id=327 ]
07-27 05:11:28.371  1571  2313 W Conscrypt: Could not set socket write timeout: java.net.SocketException: Socket closed
07-27 05:11:28.371  1571  2313 W Conscrypt: 	at com.google.android.gms.org.conscrypt.Platform.setSocketWriteTimeout(:com.google.android.gms@242335038@24.23.35 (190400-646585959):204)
07-27 05:11:28.371  1571  2313 W Conscrypt: 	at com.google.android.gms.org.conscrypt.ConscryptFileDescriptorSocket.setSoWriteTimeout(:com.google.android.gms@242335038@24.23.35 (190400-646585959):4)
07-27 05:11:28.429  1044  1044 I Thunderbird: starting outgoing sms listener [CONTEXT service_id=226 ]
07-27 05:11:28.431  1044  1044 D BoundBrokerSvc: onBind: Intent { act=com.google.android.gms.time.trustedtime.service.START dat=chimera-action:/... cmp=com.google.android.gms/.chimera.PersistentApiService }
07-27 05:11:28.431  1044  1044 D BoundBrokerSvc: Loading bound service for intent: Intent { act=com.google.android.gms.time.trustedtime.service.START dat=chimera-action:/... cmp=com.google.android.gms/.chimera.PersistentApiService }
07-27 05:11:28.461  1571  2693 I ActiveUnlock: Setting system trigger values from: active_unlock_on_unlock_intent [CONTEXT service_id=327 ]
07-27 05:11:28.463  1571  2693 I ActiveUnlock: Setting system trigger values from: active_unlock_on_face_errors=[-1] [CONTEXT service_id=327 ]
07-27 05:11:28.465  1571  2693 I ActiveUnlock: Setting system trigger values from: active_unlock_wakeups_considered_unlock_intents=[12] [CONTEXT service_id=327 ]
07-27 05:11:28.465  1571  2693 I ActiveUnlock: Setting system trigger values from: active_unlock_on_face_acquire_info=[25, 26] [CONTEXT service_id=327 ]
07-27 05:11:28.472  1571  2693 W ChimeraUtils: Module com.google.android.gms.activeunlock_primary missing resource null(0)
07-27 05:11:28.517  1436  1476 I AiAiEcho: Settings changed for uri: content://settings/secure/active_unlock_on_unlock_intent
07-27 05:11:28.518  1436  1698 I AiAiEcho: Predicting[0]:  [CONTEXT sampling_count=5 ]
07-27 05:11:28.518  1436  1698 I AiAiEcho: EchoTargets: 
07-27 05:11:28.518  1436  1698 I AiAiEcho: Filtered by AiAi flag check: 
07-27 05:11:28.518  1436  1698 I AiAiEcho: [CONTEXT ratelimit_period="10 SECONDS" ]
07-27 05:11:28.518  1436  1698 I AiAiEcho: Ranked targets strategy: SORT, count: 0, ranking metadata:  [CONTEXT ratelimit_period="10 SECONDS" ]
07-27 05:11:28.518  1436  1476 I AiAiEcho: Settings changed for uri: content://settings/secure/active_unlock_on_biometric_fail
07-27 05:11:28.518  1436  1698 I AiAiEcho: #remoteViewsTwiddler: feature disabled.
07-27 05:11:28.518  1436  1698 I AiAiEcho: Predicting[0]:  [CONTEXT sampling_count=5 ]
07-27 05:11:28.518  1436  1698 I AiAiEcho: EchoTargets: 
07-27 05:11:28.518  1436  1698 I AiAiEcho: Filtered by AiAi flag check: 
07-27 05:11:28.518  1436  1698 I AiAiEcho: [CONTEXT ratelimit_period="10 SECONDS" ]
07-27 05:11:28.518  1436  1698 I AiAiEcho: Ranked targets strategy: SORT, count: 0, ranking metadata:  [CONTEXT ratelimit_period="10 SECONDS" ]
07-27 05:11:28.519  1436  1698 I AiAiEcho: #remoteViewsTwiddler: feature disabled.
07-27 05:11:28.519  1436  1452 I AiAiEcho: Settings changed for uri: content://settings/secure/active_unlock_on_face_errors
07-27 05:11:28.519  1436  1698 I AiAiEcho: Predicting[0]:  [CONTEXT sampling_count=5 ]
07-27 05:11:28.519  1436  1452 I AiAiEcho: Settings changed for uri: content://settings/secure/active_unlock_on_face_acquire_info
07-27 05:11:28.519  1436  1698 I AiAiEcho: EchoTargets: 
07-27 05:11:28.519  1436  1698 I AiAiEcho: Filtered by AiAi flag check: 
07-27 05:11:28.519  1436  1698 I AiAiEcho: [CONTEXT ratelimit_period="10 SECONDS" ]
07-27 05:11:28.519  1436  1698 I AiAiEcho: Ranked targets strategy: SORT, count: 0, ranking metadata:  [CONTEXT ratelimit_period="10 SECONDS" ]
07-27 05:11:28.519  1436  1698 I AiAiEcho: #remoteViewsTwiddler: feature disabled.
07-27 05:11:28.519  1436  1698 I AiAiEcho: #postPredictionTargets: Sending updates to UISurface media_data_manager with targets# 0 (types=[])
07-27 05:11:28.520  1436  1698 I AiAiEcho: Predicting[0]:  [CONTEXT sampling_count=5 ]
07-27 05:11:28.520  1436  1698 I AiAiEcho: EchoTargets: 
07-27 05:11:28.520  1436  1698 I AiAiEcho: Filtered by AiAi flag check: 
07-27 05:11:28.520  1436  1698 I AiAiEcho: [CONTEXT ratelimit_period="10 SECONDS" ]
07-27 05:11:28.521  1436  1476 I AiAiEcho: Settings changed for uri: content://settings/secure/active_unlock_wakeups_considered_unlock_intents
07-27 05:11:28.521  1436  1698 I AiAiEcho: Ranked targets strategy: SORT, count: 0, ranking metadata:  [CONTEXT ratelimit_period="10 SECONDS" ]
07-27 05:11:28.522  1436  1698 I AiAiEcho: #remoteViewsTwiddler: feature disabled.
07-27 05:11:28.522  1436  1698 I AiAiEcho: Predicting[0]:  [CONTEXT sampling_count=5 ]
07-27 05:11:28.522  1436  1698 I AiAiEcho: EchoTargets: 
07-27 05:11:28.522  1436  1698 I AiAiEcho: Filtered by AiAi flag check: 
07-27 05:11:28.522  1436  1698 I AiAiEcho: [CONTEXT ratelimit_period="10 SECONDS" ]
07-27 05:11:28.522  1436  1698 I AiAiEcho: Ranked targets strategy: SORT, count: 0, ranking metadata:  [CONTEXT ratelimit_period="10 SECONDS" ]
07-27 05:11:28.522  1436  1698 I AiAiEcho: #remoteViewsTwiddler: feature disabled.
07-27 05:11:28.522  1436  1698 I AiAiEcho: Predicting[0]:  [CONTEXT sampling_count=5 ]
07-27 05:11:28.522  1436  1698 I AiAiEcho: EchoTargets: 
07-27 05:11:28.522  1436  1698 I AiAiEcho: Filtered by AiAi flag check: 
07-27 05:11:28.522  1436  1698 I AiAiEcho: [CONTEXT ratelimit_period="10 SECONDS" ]
07-27 05:11:28.522  1436  1698 I AiAiEcho: Ranked targets strategy: SORT, count: 0, ranking metadata:  [CONTEXT ratelimit_period="10 SECONDS" ]
07-27 05:11:28.522  1436  1698 I AiAiEcho: #remoteViewsTwiddler: feature disabled.
07-27 05:11:28.525  1436  1698 I AiAiEcho: #postPredictionTargets: Sending updates to UISurface lockscreen with targets# 0 (types=[])
07-27 05:11:28.529  1436  1476 I AiAiEcho: Settings changed for uri: content://settings/secure/active_unlock_on_unlock_intent
07-27 05:11:28.530  1436  1698 I AiAiEcho: Predicting[0]:  [CONTEXT sampling_count=5 ]
07-27 05:11:28.530  1436  1698 I AiAiEcho: EchoTargets: 
07-27 05:11:28.530  1436  1698 I AiAiEcho: Filtered by AiAi flag check: 
07-27 05:11:28.530  1436  1698 I AiAiEcho: [CONTEXT ratelimit_period="10 SECONDS" ]
07-27 05:11:28.530  1436  1698 I AiAiEcho: Ranked targets strategy: SORT, count: 0, ranking metadata:  [CONTEXT ratelimit_period="10 SECONDS" ]
07-27 05:11:28.530  1436  1698 I AiAiEcho: #remoteViewsTwiddler: feature disabled.
07-27 05:11:28.530  1436  1698 I AiAiEcho: Predicting[0]:  [CONTEXT sampling_count=5 ]
07-27 05:11:28.530  1436  1698 I AiAiEcho: EchoTargets: 
07-27 05:11:28.530  1436  1698 I AiAiEcho: Filtered by AiAi flag check: 
07-27 05:11:28.530  1436  1698 I AiAiEcho: [CONTEXT ratelimit_period="10 SECONDS" ]
07-27 05:11:28.530  1436  1698 I AiAiEcho: Ranked targets strategy: SORT, count: 0, ranking metadata:  [CONTEXT ratelimit_period="10 SECONDS" ]
07-27 05:11:28.530  1436  1698 I AiAiEcho: #remoteViewsTwiddler: feature disabled.
07-27 05:11:28.530  1436  1698 I AiAiEcho: Predicting[0]:  [CONTEXT sampling_count=5 ]
07-27 05:11:28.530  1436  1698 I AiAiEcho: EchoTargets: 
07-27 05:11:28.530  1436  1698 I AiAiEcho: Filtered by AiAi flag check: 
07-27 05:11:28.530  1436  1698 I AiAiEcho: [CONTEXT ratelimit_period="10 SECONDS" ]
07-27 05:11:28.530  1436  1698 I AiAiEcho: Ranked targets strategy: SORT, count: 0, ranking metadata:  [CONTEXT ratelimit_period="10 SECONDS" ]
07-27 05:11:28.530  1436  1698 I AiAiEcho: #remoteViewsTwiddler: feature disabled.
07-27 05:11:28.531  1436  1698 I AiAiEcho: Predicting[0]:  [CONTEXT sampling_count=5 ]
07-27 05:11:28.531  1436  1698 I AiAiEcho: EchoTargets: 
07-27 05:11:28.531  1436  1698 I AiAiEcho: Filtered by AiAi flag check: 
07-27 05:11:28.531  1436  1698 I AiAiEcho: [CONTEXT ratelimit_period="10 SECONDS" ]
07-27 05:11:28.531  1436  1698 I AiAiEcho: Ranked targets strategy: SORT, count: 0, ranking metadata:  [CONTEXT ratelimit_period="10 SECONDS" ]
07-27 05:11:28.531  1436  1698 I AiAiEcho: #remoteViewsTwiddler: feature disabled.
07-27 05:11:28.531  1436  1698 I AiAiEcho: Predicting[0]:  [CONTEXT sampling_count=5 ]
07-27 05:11:28.531  1436  1698 I AiAiEcho: EchoTargets: 
07-27 05:11:28.531  1436  1698 I AiAiEcho: Filtered by AiAi flag check: 
07-27 05:11:28.531  1436  1698 I AiAiEcho: [CONTEXT ratelimit_period="10 SECONDS" ]
07-27 05:11:28.531  1436  1698 I AiAiEcho: Ranked targets strategy: SORT, count: 0, ranking metadata:  [CONTEXT ratelimit_period="10 SECONDS" ]
07-27 05:11:28.531  1436  1698 I AiAiEcho: #remoteViewsTwiddler: feature disabled.
07-27 05:11:28.531  1436  1698 I AiAiEcho: Predicting[0]:  [CONTEXT sampling_count=5 ]
07-27 05:11:28.531  1436  1698 I AiAiEcho: EchoTargets: 
07-27 05:11:28.531  1436  1698 I AiAiEcho: Filtered by AiAi flag check: 
07-27 05:11:28.531  1436  1698 I AiAiEcho: [CONTEXT ratelimit_period="10 SECONDS" ]
07-27 05:11:28.531  1436  1698 I AiAiEcho: Ranked targets strategy: SORT, count: 0, ranking metadata:  [CONTEXT ratelimit_period="10 SECONDS" ]
07-27 05:11:28.531  1436  1698 I AiAiEcho: #remoteViewsTwiddler: feature disabled.
07-27 05:11:28.531  1436  1698 I AiAiEcho: #postPredictionTargets: Sending updates to UISurface home with targets# 0 (types=[])
07-27 05:11:28.532  1436  1698 I AiAiEcho: Predicting[0]:  [CONTEXT sampling_count=5 ]
07-27 05:11:28.532  1436  1698 I AiAiEcho: EchoTargets: 
07-27 05:11:28.532  1436  1698 I AiAiEcho: Filtered by AiAi flag check: 
07-27 05:11:28.532  1436  1698 I AiAiEcho: [CONTEXT ratelimit_period="10 SECONDS" ]
07-27 05:11:28.532  1436  1698 I AiAiEcho: Ranked targets strategy: SORT, count: 0, ranking metadata:  [CONTEXT ratelimit_period="10 SECONDS" ]
07-27 05:11:28.534  1436  1698 I AiAiEcho: #remoteViewsTwiddler: feature disabled.
07-27 05:11:28.535  1436  1698 I AiAiEcho: Predicting[0]:  [CONTEXT sampling_count=5 ]
07-27 05:11:28.535  1436  1698 I AiAiEcho: EchoTargets: 
07-27 05:11:28.535  1436  1698 I AiAiEcho: Filtered by AiAi flag check: 
07-27 05:11:28.535  1436  1698 I AiAiEcho: [CONTEXT ratelimit_period="10 SECONDS" ]
07-27 05:11:28.535  1436  1698 I AiAiEcho: Ranked targets strategy: SORT, count: 0, ranking metadata:  [CONTEXT ratelimit_period="10 SECONDS" ]
07-27 05:11:28.535  1436  1698 I AiAiEcho: #remoteViewsTwiddler: feature disabled.
07-27 05:11:28.536  1436  1698 I AiAiEcho: Predicting[0]:  [CONTEXT sampling_count=5 ]
07-27 05:11:28.536  1436  1698 I AiAiEcho: EchoTargets: 
07-27 05:11:28.536  1436  1698 I AiAiEcho: Filtered by AiAi flag check: 
07-27 05:11:28.536  1436  1698 I AiAiEcho: [CONTEXT ratelimit_period="10 SECONDS" ]
07-27 05:11:28.536  1436  1698 I AiAiEcho: Ranked targets strategy: SORT, count: 0, ranking metadata:  [CONTEXT ratelimit_period="10 SECONDS" ]
07-27 05:11:28.536  1436  1698 I AiAiEcho: #remoteViewsTwiddler: feature disabled.
07-27 05:11:28.536  1436  1698 I AiAiEcho: #postPredictionTargets: Sending updates to UISurface media_data_manager with targets# 0 (types=[])
07-27 05:11:28.536  1436  1698 I AiAiEcho: #postPredictionTargets: Sending updates to UISurface lockscreen with targets# 0 (types=[])
07-27 05:11:28.536  1436  1698 I AiAiEcho: #postPredictionTargets: Sending updates to UISurface home with targets# 0 (types=[])
07-27 05:11:28.537  1436  1698 I AiAiEcho: Predicting[0]:  [CONTEXT sampling_count=5 ]
07-27 05:11:28.537  1436  1698 I AiAiEcho: EchoTargets: 
07-27 05:11:28.537  1436  1698 I AiAiEcho: Filtered by AiAi flag check: 
07-27 05:11:28.537  1436  1698 I AiAiEcho: [CONTEXT ratelimit_period="10 SECONDS" ]
07-27 05:11:28.537  1436  1698 I AiAiEcho: Ranked targets strategy: SORT, count: 0, ranking metadata:  [CONTEXT ratelimit_period="10 SECONDS" ]
07-27 05:11:28.537  1436  1698 I AiAiEcho: #remoteViewsTwiddler: feature disabled.
07-27 05:11:28.537  1436  1698 I AiAiEcho: Predicting[0]:  [CONTEXT sampling_count=5 ]
07-27 05:11:28.537  1436  1698 I AiAiEcho: EchoTargets: 
07-27 05:11:28.537  1436  1698 I AiAiEcho: Filtered by AiAi flag check: 
07-27 05:11:28.537  1436  1698 I AiAiEcho: [CONTEXT ratelimit_period="10 SECONDS" ]
07-27 05:11:28.537  1436  1698 I AiAiEcho: Ranked targets strategy: SORT, count: 0, ranking metadata:  [CONTEXT ratelimit_period="10 SECONDS" ]
07-27 05:11:28.537  1436  1698 I AiAiEcho: #remoteViewsTwiddler: feature disabled.
07-27 05:11:28.537  1436  1698 I AiAiEcho: Predicting[0]:  [CONTEXT sampling_count=5 ]
07-27 05:11:28.537  1436  1698 I AiAiEcho: EchoTargets: 
07-27 05:11:28.537  1436  1698 I AiAiEcho: Filtered by AiAi flag check: 
07-27 05:11:28.537  1436  1698 I AiAiEcho: [CONTEXT ratelimit_period="10 SECONDS" ]
07-27 05:11:28.537  1436  1698 I AiAiEcho: Ranked targets strategy: SORT, count: 0, ranking metadata:  [CONTEXT ratelimit_period="10 SECONDS" ]
07-27 05:11:28.537  1436  1698 I AiAiEcho: #remoteViewsTwiddler: feature disabled.
07-27 05:11:28.537  1436  1698 I AiAiEcho: #postPredictionTargets: Sending updates to UISurface media_data_manager with targets# 0 (types=[])
07-27 05:11:28.538  1436  1698 I AiAiEcho: #postPredictionTargets: Sending updates to UISurface lockscreen with targets# 0 (types=[])
07-27 05:11:28.538  1436  1698 I AiAiEcho: #postPredictionTargets: Sending updates to UISurface home with targets# 0 (types=[])
07-27 05:11:28.538  1436  1698 I AiAiEcho: #postPredictionTargets: Sending updates to UISurface media_data_manager with targets# 0 (types=[])
07-27 05:11:28.538  1436  1698 I AiAiEcho: #postPredictionTargets: Sending updates to UISurface lockscreen with targets# 0 (types=[])
07-27 05:11:28.538  1436  1698 I AiAiEcho: #postPredictionTargets: Sending updates to UISurface home with targets# 0 (types=[])
07-27 05:11:28.538  1436  1698 I AiAiEcho: #postPredictionTargets: Sending updates to UISurface media_data_manager with targets# 0 (types=[])
07-27 05:11:28.538  1436  1476 I AiAiEcho: Settings changed for uri: content://settings/secure/active_unlock_on_biometric_fail
07-27 05:11:28.539  1436  1698 I AiAiEcho: #postPredictionTargets: Sending updates to UISurface lockscreen with targets# 0 (types=[])
07-27 05:11:28.539  1436  1476 I AiAiEcho: Settings changed for uri: content://settings/secure/active_unlock_on_face_errors
07-27 05:11:28.539  1436  1698 I AiAiEcho: #postPredictionTargets: Sending updates to UISurface home with targets# 0 (types=[])
07-27 05:11:28.540  1436  1698 I AiAiEcho: #postPredictionTargets: Sending updates to UISurface media_data_manager with targets# 0 (types=[])
07-27 05:11:28.540  1436  2067 I AiAiEcho: Settings changed for uri: content://settings/secure/active_unlock_wakeups_considered_unlock_intents
07-27 05:11:28.540  1436  2067 I AiAiEcho: Settings changed for uri: content://settings/secure/active_unlock_on_face_acquire_info
07-27 05:11:28.540  1436  1698 I AiAiEcho: #postPredictionTargets: Sending updates to UISurface lockscreen with targets# 0 (types=[])
07-27 05:11:28.540  1436  1698 I AiAiEcho: #postPredictionTargets: Sending updates to UISurface home with targets# 0 (types=[])
07-27 05:11:28.541  1436  1698 I AiAiEcho: Predicting[0]:  [CONTEXT sampling_count=5 ]
07-27 05:11:28.541  1436  1698 I AiAiEcho: EchoTargets: 
07-27 05:11:28.541  1436  1698 I AiAiEcho: Filtered by AiAi flag check: 
07-27 05:11:28.541  1436  1698 I AiAiEcho: [CONTEXT ratelimit_period="10 SECONDS" ]
07-27 05:11:28.541  1436  1698 I AiAiEcho: Ranked targets strategy: SORT, count: 0, ranking metadata:  [CONTEXT ratelimit_period="10 SECONDS" ]
07-27 05:11:28.541  1436  1698 I AiAiEcho: #remoteViewsTwiddler: feature disabled.
07-27 05:11:28.541  1436  1698 I AiAiEcho: Predicting[0]:  [CONTEXT sampling_count=5 ]
07-27 05:11:28.541  1436  1698 I AiAiEcho: EchoTargets: 
07-27 05:11:28.541  1436  1698 I AiAiEcho: Filtered by AiAi flag check: 
07-27 05:11:28.541  1436  1698 I AiAiEcho: [CONTEXT ratelimit_period="10 SECONDS" ]
07-27 05:11:28.541  1436  1698 I AiAiEcho: Ranked targets strategy: SORT, count: 0, ranking metadata:  [CONTEXT ratelimit_period="10 SECONDS" ]
07-27 05:11:28.541  1436  1698 I AiAiEcho: #remoteViewsTwiddler: feature disabled.
07-27 05:11:28.541  1436  1698 I AiAiEcho: Predicting[0]:  [CONTEXT sampling_count=5 ]
07-27 05:11:28.542  1436  1698 I AiAiEcho: EchoTargets: 
07-27 05:11:28.542  1436  1698 I AiAiEcho: Filtered by AiAi flag check: 
07-27 05:11:28.542  1436  1698 I AiAiEcho: [CONTEXT ratelimit_period="10 SECONDS" ]
07-27 05:11:28.542  1436  1698 I AiAiEcho: Ranked targets strategy: SORT, count: 0, ranking metadata:  [CONTEXT ratelimit_period="10 SECONDS" ]
07-27 05:11:28.542  1436  1698 I AiAiEcho: #remoteViewsTwiddler: feature disabled.
07-27 05:11:28.542  1436  1698 I AiAiEcho: Predicting[0]:  [CONTEXT sampling_count=5 ]
07-27 05:11:28.542  1436  1698 I AiAiEcho: EchoTargets: 
07-27 05:11:28.542  1436  1698 I AiAiEcho: Filtered by AiAi flag check: 
07-27 05:11:28.542  1436  1698 I AiAiEcho: [CONTEXT ratelimit_period="10 SECONDS" ]
07-27 05:11:28.542  1436  1698 I AiAiEcho: Ranked targets strategy: SORT, count: 0, ranking metadata:  [CONTEXT ratelimit_period="10 SECONDS" ]
07-27 05:11:28.542  1436  1698 I AiAiEcho: #remoteViewsTwiddler: feature disabled.
07-27 05:11:28.542  1436  1698 I AiAiEcho: Predicting[0]:  [CONTEXT sampling_count=5 ]
07-27 05:11:28.542  1436  1698 I AiAiEcho: EchoTargets: 
07-27 05:11:28.542  1436  1698 I AiAiEcho: Filtered by AiAi flag check: 
07-27 05:11:28.542  1436  1698 I AiAiEcho: [CONTEXT ratelimit_period="10 SECONDS" ]
07-27 05:11:28.542  1436  1698 I AiAiEcho: Ranked targets strategy: SORT, count: 0, ranking metadata:  [CONTEXT ratelimit_period="10 SECONDS" ]
07-27 05:11:28.542  1436  1698 I AiAiEcho: #remoteViewsTwiddler: feature disabled.
07-27 05:11:28.542  1436  1698 I AiAiEcho: Predicting[0]:  [CONTEXT sampling_count=5 ]
07-27 05:11:28.542  1436  1698 I AiAiEcho: EchoTargets: 
07-27 05:11:28.542  1436  1698 I AiAiEcho: Filtered by AiAi flag check: 
07-27 05:11:28.542  1436  1698 I AiAiEcho: [CONTEXT ratelimit_period="10 SECONDS" ]
07-27 05:11:28.542  1436  1698 I AiAiEcho: Ranked targets strategy: SORT, count: 0, ranking metadata:  [CONTEXT ratelimit_period="10 SECONDS" ]
07-27 05:11:28.542  1436  1698 I AiAiEcho: #remoteViewsTwiddler: feature disabled.
07-27 05:11:28.542  1436  1698 I AiAiEcho: Predicting[0]:  [CONTEXT sampling_count=5 ]
07-27 05:11:28.542  1436  1698 I AiAiEcho: EchoTargets: 
07-27 05:11:28.542  1436  1698 I AiAiEcho: Filtered by AiAi flag check: 
07-27 05:11:28.542  1436  1698 I AiAiEcho: [CONTEXT ratelimit_period="10 SECONDS" ]
07-27 05:11:28.542  1436  1698 I AiAiEcho: Ranked targets strategy: SORT, count: 0, ranking metadata:  [CONTEXT ratelimit_period="10 SECONDS" ]
07-27 05:11:28.542  1436  1698 I AiAiEcho: #remoteViewsTwiddler: feature disabled.
07-27 05:11:28.542  1436  1698 I AiAiEcho: Predicting[0]:  [CONTEXT sampling_count=5 ]
07-27 05:11:28.542  1436  1698 I AiAiEcho: EchoTargets: 
07-27 05:11:28.542  1436  1698 I AiAiEcho: Filtered by AiAi flag check: 
07-27 05:11:28.542  1436  1698 I AiAiEcho: [CONTEXT ratelimit_period="10 SECONDS" ]
07-27 05:11:28.543  1436  1698 I AiAiEcho: Ranked targets strategy: SORT, count: 0, ranking metadata:  [CONTEXT ratelimit_period="10 SECONDS" ]
07-27 05:11:28.543  1436  1698 I AiAiEcho: #remoteViewsTwiddler: feature disabled.
07-27 05:11:28.543  1436  1698 I AiAiEcho: Predicting[0]:  [CONTEXT sampling_count=5 ]
07-27 05:11:28.543  1436  1698 I AiAiEcho: EchoTargets: 
07-27 05:11:28.543  1436  1698 I AiAiEcho: Filtered by AiAi flag check: 
07-27 05:11:28.543  1436  1698 I AiAiEcho: [CONTEXT ratelimit_period="10 SECONDS" ]
07-27 05:11:28.543  1436  1698 I AiAiEcho: Ranked targets strategy: SORT, count: 0, ranking metadata:  [CONTEXT ratelimit_period="10 SECONDS" ]
07-27 05:11:28.543  1436  1698 I AiAiEcho: #remoteViewsTwiddler: feature disabled.
07-27 05:11:28.543  1436  1698 I AiAiEcho: Predicting[0]:  [CONTEXT sampling_count=5 ]
07-27 05:11:28.543  1436  1698 I AiAiEcho: EchoTargets: 
07-27 05:11:28.543  1436  1698 I AiAiEcho: Filtered by AiAi flag check: 
07-27 05:11:28.543  1436  1698 I AiAiEcho: [CONTEXT ratelimit_period="10 SECONDS" ]
07-27 05:11:28.543  1436  1698 I AiAiEcho: Ranked targets strategy: SORT, count: 0, ranking metadata:  [CONTEXT ratelimit_period="10 SECONDS" ]
07-27 05:11:28.543  1436  1698 I AiAiEcho: #remoteViewsTwiddler: feature disabled.
07-27 05:11:28.543  1436  1698 I AiAiEcho: Predicting[0]:  [CONTEXT sampling_count=5 ]
07-27 05:11:28.543  1436  1698 I AiAiEcho: EchoTargets: 
07-27 05:11:28.543  1436  1698 I AiAiEcho: Filtered by AiAi flag check: 
07-27 05:11:28.543  1436  1698 I AiAiEcho: [CONTEXT ratelimit_period="10 SECONDS" ]
07-27 05:11:28.543  1436  1698 I AiAiEcho: Ranked targets strategy: SORT, count: 0, ranking metadata:  [CONTEXT ratelimit_period="10 SECONDS" ]
07-27 05:11:28.543  1436  1698 I AiAiEcho: #remoteViewsTwiddler: feature disabled.
07-27 05:11:28.543  1436  1698 I AiAiEcho: Predicting[0]:  [CONTEXT sampling_count=5 ]
07-27 05:11:28.543  1436  1698 I AiAiEcho: EchoTargets: 
07-27 05:11:28.543  1436  1698 I AiAiEcho: Filtered by AiAi flag check: 
07-27 05:11:28.543  1436  1698 I AiAiEcho: [CONTEXT ratelimit_period="10 SECONDS" ]
07-27 05:11:28.543  1436  1698 I AiAiEcho: Ranked targets strategy: SORT, count: 0, ranking metadata:  [CONTEXT ratelimit_period="10 SECONDS" ]
07-27 05:11:28.543  1436  1698 I AiAiEcho: #remoteViewsTwiddler: feature disabled.
07-27 05:11:28.544  1436  1698 I AiAiEcho: #postPredictionTargets: Sending updates to UISurface media_data_manager with targets# 0 (types=[])
07-27 05:11:28.544  1436  1698 I AiAiEcho: #postPredictionTargets: Sending updates to UISurface lockscreen with targets# 0 (types=[])
07-27 05:11:28.544  1436  1698 I AiAiEcho: #postPredictionTargets: Sending updates to UISurface home with targets# 0 (types=[])
07-27 05:11:28.544  1436  1698 I AiAiEcho: #postPredictionTargets: Sending updates to UISurface media_data_manager with targets# 0 (types=[])
07-27 05:11:28.544  1436  1698 I AiAiEcho: #postPredictionTargets: Sending updates to UISurface lockscreen with targets# 0 (types=[])
07-27 05:11:28.544  1436  1698 I AiAiEcho: #postPredictionTargets: Sending updates to UISurface home with targets# 0 (types=[])
07-27 05:11:28.544  1436  1698 I AiAiEcho: #postPredictionTargets: Sending updates to UISurface media_data_manager with targets# 0 (types=[])
07-27 05:11:28.544  1436  1698 I AiAiEcho: #postPredictionTargets: Sending updates to UISurface lockscreen with targets# 0 (types=[])
07-27 05:11:28.544  1436  1698 I AiAiEcho: #postPredictionTargets: Sending updates to UISurface home with targets# 0 (types=[])
07-27 05:11:28.544  1436  1698 I AiAiEcho: #postPredictionTargets: Sending updates to UISurface media_data_manager with targets# 0 (types=[])
07-27 05:11:28.544  1436  1698 I AiAiEcho: #postPredictionTargets: Sending updates to UISurface lockscreen with targets# 0 (types=[])
07-27 05:11:28.544  1436  1698 I AiAiEcho: #postPredictionTargets: Sending updates to UISurface home with targets# 0 (types=[])
07-27 05:11:28.551  1044  1044 D BoundBrokerSvc: onBind: Intent { act=com.google.android.gms.udc.service.START dat=chimera-action:/... cmp=com.google.android.gms/.chimera.PersistentApiService }
07-27 05:11:28.552  1044  1044 D BoundBrokerSvc: Loading bound service for intent: Intent { act=com.google.android.gms.udc.service.START dat=chimera-action:/... cmp=com.google.android.gms/.chimera.PersistentApiService }
07-27 05:11:28.565  1044  3126 I UsageReportingOptionsSt: User 0 is opted-in? false [CONTEXT service_id=41 ]
07-27 05:11:28.566  1044  3126 I UsageReportingOptionsSt: Updating global setting to unknown [CONTEXT service_id=41 ]
07-27 05:11:28.611  1571  3142 I Vision  : Supported ABIS: [arm64-v8a]
07-27 05:11:28.619  1044  1044 D BoundBrokerSvc: onBind: Intent { act=com.google.android.gms.time.trustedtime.singleuserapi.service.START dat=chimera-action:/... cmp=com.google.android.gms/.chimera.PersistentSingleUserInternalApiService }
07-27 05:11:28.619  1044  1044 D BoundBrokerSvc: Loading bound service for intent: Intent { act=com.google.android.gms.time.trustedtime.singleuserapi.service.START dat=chimera-action:/... cmp=com.google.android.gms/.chimera.PersistentSingleUserInternalApiService }
07-27 05:11:28.628   820   820 D SsMediaDataProvider: Forwarding Smartspace updates []
07-27 05:11:28.629   820   820 W PageIndicator: Total number of pages invalid: 0. Assuming 1 page.
07-27 05:11:28.681  1044  1044 D BoundBrokerSvc: onBind: Intent { act=com.google.android.gms.common.telemetry.service.START dat=chimera-action:/... cmp=com.google.android.gms/.chimera.PersistentApiService }
07-27 05:11:28.681  1044  1044 D BoundBrokerSvc: Loading bound service for intent: Intent { act=com.google.android.gms.common.telemetry.service.START dat=chimera-action:/... cmp=com.google.android.gms/.chimera.PersistentApiService }
07-27 05:11:28.700  1306  1306 D SsBaseTemplateCard: No text view can be set up
07-27 05:11:28.700  1306  1306 D SsBaseTemplateCard: Passed-in item info is null
07-27 05:11:28.700  1306  1306 D SsBaseTemplateCard: Passed-in item info is null
07-27 05:11:28.700  1306  1306 D SsBaseTemplateCard: Passed-in item info is null
07-27 05:11:28.700  1306  1306 I SsBaseTemplateCard: Secondary card pane is null
07-27 05:11:28.700  1306  1306 D SsBaseTemplateCard: No text view can be set up
07-27 05:11:28.700  1306  1306 D SsBaseTemplateCard: Passed-in item info is null
07-27 05:11:28.700  1306  1306 D SsBaseTemplateCard: Passed-in item info is null
07-27 05:11:28.700  1306  1306 D SsBaseTemplateCard: Passed-in item info is null
07-27 05:11:28.700  1306  1306 I SsBaseTemplateCard: Secondary card pane is null
07-27 05:11:28.704  1306  1306 D SsBaseTemplateCard: No text view can be set up
07-27 05:11:28.704   820   820 W PageIndicator: Total number of pages invalid: 0. Assuming 1 page.
07-27 05:11:28.704  1306  1306 D SsBaseTemplateCard: Passed-in item info is null
07-27 05:11:28.704  1306  1306 D SsBaseTemplateCard: Passed-in item info is null
07-27 05:11:28.704  1306  1306 D SsBaseTemplateCard: Passed-in item info is null
07-27 05:11:28.704  1306  1306 I SsBaseTemplateCard: Secondary card pane is null
07-27 05:11:28.704   820   820 D SsMediaDataProvider: Forwarding Smartspace updates []
07-27 05:11:28.704  1306  1306 D SsBaseTemplateCard: No text view can be set up
07-27 05:11:28.704  1306  1306 D SsBaseTemplateCard: Passed-in item info is null
07-27 05:11:28.704  1306  1306 D SsBaseTemplateCard: Passed-in item info is null
07-27 05:11:28.704  1306  1306 D SsBaseTemplateCard: Passed-in item info is null
07-27 05:11:28.704  1306  1306 I SsBaseTemplateCard: Secondary card pane is null
07-27 05:11:28.704  1306  1306 D SsBaseTemplateCard: No text view can be set up
07-27 05:11:28.704  1306  1306 D SsBaseTemplateCard: Passed-in item info is null
07-27 05:11:28.704  1306  1306 D SsBaseTemplateCard: Passed-in item info is null
07-27 05:11:28.704  1306  1306 D SsBaseTemplateCard: Passed-in item info is null
07-27 05:11:28.704  1306  1306 I SsBaseTemplateCard: Secondary card pane is null
07-27 05:11:28.704   820   820 W PageIndicator: Total number of pages invalid: 0. Assuming 1 page.
07-27 05:11:28.704  1306  1306 D SsBaseTemplateCard: No text view can be set up
07-27 05:11:28.704  1306  1306 D SsBaseTemplateCard: Passed-in item info is null
07-27 05:11:28.704  1306  1306 D SsBaseTemplateCard: Passed-in item info is null
07-27 05:11:28.704  1306  1306 D SsBaseTemplateCard: Passed-in item info is null
07-27 05:11:28.704  1306  1306 I SsBaseTemplateCard: Secondary card pane is null
07-27 05:11:28.704   820   820 W PageIndicator: Total number of pages invalid: 0. Assuming 1 page.
07-27 05:11:28.704  1306  1306 D SsBaseTemplateCard: No text view can be set up
07-27 05:11:28.705  1306  1306 D SsBaseTemplateCard: Passed-in item info is null
07-27 05:11:28.705  1306  1306 D SsBaseTemplateCard: Passed-in item info is null
07-27 05:11:28.705  1306  1306 D SsBaseTemplateCard: Passed-in item info is null
07-27 05:11:28.705  1306  1306 I SsBaseTemplateCard: Secondary card pane is null
07-27 05:11:28.704   820   820 D SsMediaDataProvider: Forwarding Smartspace updates []
07-27 05:11:28.705  1306  1306 D SsBaseTemplateCard: No text view can be set up
07-27 05:11:28.705  1306  1306 D SsBaseTemplateCard: Passed-in item info is null
07-27 05:11:28.705  1306  1306 D SsBaseTemplateCard: Passed-in item info is null
07-27 05:11:28.705  1306  1306 D SsBaseTemplateCard: Passed-in item info is null
07-27 05:11:28.705  1306  1306 I SsBaseTemplateCard: Secondary card pane is null
07-27 05:11:28.705   820   820 D SsMediaDataProvider: Forwarding Smartspace updates []
07-27 05:11:28.705   820   820 D SsMediaDataProvider: Forwarding Smartspace updates []
07-27 05:11:28.705  1306  1306 D SsBaseTemplateCard: No text view can be set up
07-27 05:11:28.705   820   820 D SsMediaDataProvider: Forwarding Smartspace updates []
07-27 05:11:28.705  1306  1306 D SsBaseTemplateCard: Passed-in item info is null
07-27 05:11:28.705  1306  1306 D SsBaseTemplateCard: Passed-in item info is null
07-27 05:11:28.705  1306  1306 D SsBaseTemplateCard: Passed-in item info is null
07-27 05:11:28.705  1306  1306 I SsBaseTemplateCard: Secondary card pane is null
07-27 05:11:28.705  1306  1306 D SsBaseTemplateCard: No text view can be set up
07-27 05:11:28.705   820   820 W PageIndicator: Total number of pages invalid: 0. Assuming 1 page.
07-27 05:11:28.705  1306  1306 D SsBaseTemplateCard: Passed-in item info is null
07-27 05:11:28.705  1306  1306 D SsBaseTemplateCard: Passed-in item info is null
07-27 05:11:28.705  1306  1306 D SsBaseTemplateCard: Passed-in item info is null
07-27 05:11:28.705  1306  1306 I SsBaseTemplateCard: Secondary card pane is null
07-27 05:11:28.705   820   820 W PageIndicator: Total number of pages invalid: 0. Assuming 1 page.
07-27 05:11:28.705   820   820 W PageIndicator: Total number of pages invalid: 0. Assuming 1 page.
07-27 05:11:28.705   820   820 W PageIndicator: Total number of pages invalid: 0. Assuming 1 page.
07-27 05:11:28.705   820   820 W PageIndicator: Total number of pages invalid: 0. Assuming 1 page.
07-27 05:11:28.705   820   820 W PageIndicator: Total number of pages invalid: 0. Assuming 1 page.
07-27 05:11:28.705   820   820 D SsMediaDataProvider: Forwarding Smartspace updates []
07-27 05:11:28.705   820   820 D SsMediaDataProvider: Forwarding Smartspace updates []
07-27 05:11:28.705   820   820 D SsMediaDataProvider: Forwarding Smartspace updates []
07-27 05:11:28.705   820   820 D SsMediaDataProvider: Forwarding Smartspace updates []
07-27 05:11:28.842  1571  2313 W Conscrypt: Could not set socket write timeout: java.net.SocketException: Socket closed
07-27 05:11:28.842  1571  2313 W Conscrypt: 	at com.google.android.gms.org.conscrypt.Platform.setSocketWriteTimeout(:com.google.android.gms@242335038@24.23.35 (190400-646585959):204)
07-27 05:11:28.842  1571  2313 W Conscrypt: 	at com.google.android.gms.org.conscrypt.ConscryptFileDescriptorSocket.setSoWriteTimeout(:com.google.android.gms@242335038@24.23.35 (190400-646585959):4)
07-27 05:11:29.044  1044  3127 I NearbyMediums: Started fast BLE advertisement with: BleAdvertisingSetting{powerLevel= BALANCED_POWER, isConnectable= false, isPrivateGatt= true}
07-27 05:11:29.045  1044  3127 I NearbyMediums: Successfully started BLE advertising of size 23 for service NearbySharing, deviceToken : [ 0xfd 0xe5 ].
07-27 05:11:29.051  1571  2693 I Wear_Controller: Wearable module requires a companion app to be installed.
07-27 05:11:29.051  1571  2693 I Wear_Controller: onStartup - Wear is not available on this device.
07-27 05:11:29.181  1571  3084 I ChimeraConfigurator: Starting update, reason: 4 urgentFeatures: vision.ocr:-1
07-27 05:11:29.307  1044  1146 I NearbySharing: UPLOAD_SENDER_CERTIFICATES succeeded. [CONTEXT service_id=194 ]
07-27 05:11:29.352  1044  2100 I NearbySharing: Successfully started advertising over Nearby Connections: BACKGROUND, SELF_SHARE, ONLINE [CONTEXT service_id=194 ]
07-27 05:11:29.369  1044  1178 I NearbyConnections: Client 134940964 requested discovery to start.
07-27 05:11:29.406  1044  3127 I NearbySharing: Failed to log FAST_SHARE_SERVER_RESPONSE, due to checkbox consent is not opt in. [CONTEXT service_id=194 ]
07-27 05:11:29.478  1044  2017 W .gms.persistent: Long monitor contention with owner lowpool[13] (2767) at bwhn cfuu.c(android.accounts.Account, cder)(:com.google.android.gms@242335038@24.23.35 (190400-646585959):604) waiters=1 in boolean cfuu.p(android.accounts.Account, ccgq, java.util.List, cder) for 15.612s
07-27 05:11:29.514  1044  2017 I NearbySharing: Incremented the RateLimitThrottler(uploadContactsAndPublicCertsThrottler) count to 1. [CONTEXT service_id=194 ]
07-27 05:11:29.549   576  2029 W system_server: Long monitor contention with owner PackageManagerBg (632) at void com.android.server.pm.Settings.writePackageRestrictions(int, long, boolean)(Settings.java:2497) waiters=0 in void com.android.server.pm.PackageManagerService.setEnabledSettings(java.util.List, int, java.lang.String) for 152ms
07-27 05:11:29.571  1044  3131 I Nearby  : Note nearby client com.google.android.gms for operation android:bluetooth_scan [CONTEXT service_id=49 ]
07-27 05:11:29.585  1044  3131 I NearbyConnections: Get local endpoint id from ongoing localEndpointId STUO
07-27 05:11:29.585  1044  3131 I NearbyConnections: In startNfcDiscovery(), client 134940964 couldn't start scanning on NFC for serviceId NearbySharing.
07-27 05:11:29.594   380   457 I netd    : tetherGetStats() -> {[]} <4.16ms>
07-27 05:11:29.611  1044  2017 W GLSUser : [DeviceKeyStore] Cannot load key: Device key file not found.
07-27 05:11:29.629  1044  3131 I NearbyMediums: In ScanningCancellationFlag, service-id=NearbySharing has become the first scanner. The flag has been reset.
07-27 05:11:29.641  1044  3060 D BluetoothAdapter: isLeEnabled(): ON
07-27 05:11:29.648  1571  3084 I ChimeraConfigurator: Detected pending changes for urgent request: [vision.ocr]. Pending module sets: container:2423359190400+mlkit.ocr.common+vision.ocr,tflite_dynamite:2605805025100400+tflite_dynamite
07-27 05:11:29.672  1044  1146 I NearbySharing: Running sender certificates downloading task with force = true. [CONTEXT service_id=194 ]
07-27 05:11:29.702  1044  2017 W GLSUser : [DeviceKeyStore] Cannot load key: Device key file not found.
07-27 05:11:29.725   576  1534 D ShortcutService: Getting shortcuts for launcher= com.google.android.asuser=0 pkg=com.google.android.gms
07-27 05:11:29.793   576  1534 V SafetySourceDataValidat: Package: com.google.android.gms has expected signature
07-27 05:11:29.793   576  1534 V SafetySourceDataValidat: Package: com.google.android.gms has expected signature
07-27 05:11:29.809  1571  3084 I GmsDebugLogger: [73] 1801
07-27 05:11:29.811  1571  3084 W ZappDownloader: No successful Zapp module downloads for requested modules [VisionOcr.optional:242335100000:permitMetered, TfliteDynamiteDynamite.integ:260580502100400:permitMetered, MlkitOcrCommon.optional:242335100400:permitMetered].
07-27 05:11:29.811  1571  3084 I GmsDebugLogger: [30] [VisionOcr.optional:242335100000],[TfliteDynamiteDynamite.integ:260580502100400],[MlkitOcrCommon.optional:242335100400]
07-27 05:11:29.817  1571  3084 W ChimeraConfigService: Retry attempt was throttled. [CONTEXT service_id=264 ]
07-27 05:11:29.818  1571  3084 I GmsDebugLogger: [83] 1 [vision.ocr]
07-27 05:11:29.834   898  2088 I bt_shim_scanner: system/main/shim/le_scanning_manager.cc:166 RegisterScanner: in shim layer
07-27 05:11:29.837  1571  1716 I AppLinksAsyncVerifierV2: Verification result: checking for a statement with source https://sinsincare.kr, relation delegate_permission/common.handle_all_urls, and target com.mediology.sinsinapp --> false. [CONTEXT service_id=244 ]
07-27 05:11:29.857  1571  1571 D BoundBrokerSvc: onUnbind: Intent { act=com.google.android.gms.findmydevice.spot.service.management.START dat=chimera-action:/... cmp=com.google.android.gms/.chimera.GmsApiService }
07-27 05:11:29.859  1571  2692 I AppLinksHostsVerifierV2: Verification com.mediology.sinsinapp complete. Successful hosts: . Failed hosts: sinsincare.kr. Error hosts: . [CONTEXT service_id=244 ]
07-27 05:11:29.888  1044  1491 D BluetoothLeScanner: onScannerRegistered() - status=0 scannerId=3 mScannerId=0
07-27 05:11:29.966  1044  2717 W ChimeraUtils: Module com.google.android.gms.location__nonwearable missing resource location_module_display_name(0)
07-27 05:11:30.090  1450  1809 I BistoHotwordHelper: (REDACTED) getHotwordActive::active query: %s, watch: %s, devices connected: %s
07-27 05:11:30.156  1571  1576 W gle.android.gms: Suspending all threads took: 239.444ms
07-27 05:11:30.164  1571  3084 W gle.android.gms: Long monitor contention with owner [com.google.android.gms.chimera.container.intentoperation.GmsIntentOperationChimeraService] processing (1856) at void pkp.run()(:com.google.android.gms@242335038@24.23.35 (190400-646585959):162) waiters=0 in void pkr.i(int) for 276ms
07-27 05:11:30.167  1571  1576 W gle.android.gms: Cleared Reference was only reachable from finalizer (only reported once)
07-27 05:11:30.178  1571  3142 W Vision  : Request for optional module download of ocr failed. Request again.
07-27 05:11:30.180  1571  3142 W Vision  : Would have logged:
07-27 05:11:30.180  1571  3142 W Vision  : # fbxl@44f943d5
07-27 05:11:30.181  1571  3142 I Vision  : Schedule retrying download ocr at 83313 with backoff 10 seconds
07-27 05:11:30.247  1044  1178 W .gms.persistent: Long monitor contention with owner lowpool[4] (2017) at boolean amqj.d(amqi, android.content.ServiceConnection, java.lang.String, java.util.concurrent.Executor)(:com.google.android.gms@242335038@24.23.35 (190400-646585959):80) waiters=0 in boolean amqj.d(amqi, android.content.ServiceConnection, java.lang.String, java.util.concurrent.Executor) for 515ms
07-27 05:11:30.316  1044  1849 W AlarmManager: alarm window unlikely to be respected [CONTEXT service_id=231 ]
07-27 05:11:30.316  1044  1849 W AlarmManager: java.lang.IllegalArgumentException: alarm "NetworkLocationLocator" has short window length
07-27 05:11:30.316  1044  1849 W AlarmManager: 	at boaw.b(:com.google.android.gms@242335038@24.23.35 (190400-646585959):52)
07-27 05:11:30.316  1044  1849 W AlarmManager: 	at ehbk.f(:com.google.android.gms@242335038@24.23.35 (190400-646585959):119)
07-27 05:11:30.316  1044  1849 W AlarmManager: 	at egxu.q(:com.google.android.gms@242335038@24.23.35 (190400-646585959):107)
07-27 05:11:30.316  1044  1849 W AlarmManager: 	at egxu.j(:com.google.android.gms@242335038@24.23.35 (190400-646585959):1231)
07-27 05:11:30.316  1044  1849 W AlarmManager: 	at ehje.b(:com.google.android.gms@242335038@24.23.35 (190400-646585959):116)
07-27 05:11:30.316  1044  1849 W AlarmManager: 	at ehit.b(:com.google.android.gms@242335038@24.23.35 (190400-646585959):22)
07-27 05:11:30.316  1044  1849 W AlarmManager: 	at ehal.b(:com.google.android.gms@242335038@24.23.35 (190400-646585959):26)
07-27 05:11:30.316  1044  1849 W AlarmManager: 	at ehbh.run(:com.google.android.gms@242335038@24.23.35 (190400-646585959):9)
07-27 05:11:30.316  1044  1849 W AlarmManager: 	at ehah.handleMessage(:com.google.android.gms@242335038@24.23.35 (190400-646585959):740)
07-27 05:11:30.316  1044  1849 W AlarmManager: 	at android.os.Handler.dispatchMessage(Handler.java:107)
07-27 05:11:30.316  1044  1849 W AlarmManager: 	at bphk.nR(:com.google.android.gms@242335038@24.23.35 (190400-646585959):1)
07-27 05:11:30.316  1044  1849 W AlarmManager: 	at bphk.dispatchMessage(:com.google.android.gms@242335038@24.23.35 (190400-646585959):138)
07-27 05:11:30.316  1044  1849 W AlarmManager: 	at android.os.Looper.loopOnce(Looper.java:232)
07-27 05:11:30.316  1044  1849 W AlarmManager: 	at android.os.Looper.loop(Looper.java:317)
07-27 05:11:30.316  1044  1849 W AlarmManager: 	at android.os.HandlerThread.run(HandlerThread.java:85)
07-27 05:11:30.372   576   615 W system_server: Long monitor contention with owner binder:576_8 (877) at boolean android.os.MessageQueue.enqueueMessage(android.os.Message, long)(MessageQueue.java:695) waiters=0 in android.os.Message android.os.MessageQueue.next() for 331ms
07-27 05:11:30.372  2769  2960 D EGL_emulation: app_time_stats: avg=3768.16ms min=775.16ms max=6639.94ms count=3
07-27 05:11:30.637  1571  2692 I AppLinksUtilsV1: Legacy cross-profile verification enabled [CONTEXT service_id=244 ]
07-27 05:11:30.656   576   576 W system_server: Long monitor contention with owner AlarmManager (679) at void com.android.server.alarm.AlarmManagerService$AlarmThread.run()(AlarmManagerService.java:4599) waiters=0 in void com.android.server.alarm.AlarmManagerService$AlarmHandler.handleMessage(android.os.Message) for 505ms
07-27 05:11:30.657   576   576 W Looper  : Slow dispatch took 507ms main h=com.android.server.alarm.AlarmManagerService$AlarmHandler c=null m=7
07-27 05:11:30.658   576   576 W Looper  : Slow delivery took 492ms main h=com.android.server.alarm.AlarmManagerService$AlarmHandler c=null m=7
07-27 05:11:30.689   576   643 D WifiNl80211Manager: Scan result ready event
07-27 05:11:30.694   576  2029 W system_server: Long monitor contention with owner AlarmManager (679) at void com.android.server.alarm.AlarmManagerService$AlarmThread.run()(AlarmManagerService.java:4599) waiters=1 in void com.android.server.alarm.AlarmManagerService.setImpl(int, long, long, long, android.app.PendingIntent, android.app.IAlarmListener, java.lang.String, int, android.os.WorkSource, android.app.AlarmManager$AlarmClockInfo, int, java.lang.String, android.os.Bundle, int) for 407ms
07-27 05:11:30.714   576   643 D WifiNative: Scan result ready event
07-27 05:11:30.944  1571  1897 W DataCollectionRegistryC: missing CollectionDefinition for digitalassetlinks.googleapis.com/google.digitalassetlinks.v1.AssetLinks/Check
07-27 05:11:30.990   898  1107 I bt_shim_scanner: system/main/shim/le_scanning_manager.cc:279 ScanFilterEnable: in shim layer
07-27 05:11:30.991   576  1534 W system_server: Long monitor contention with owner AlarmManager (679) at void com.android.server.alarm.AlarmManagerService$AlarmThread.run()(AlarmManagerService.java:4599) waiters=2 in void com.android.server.alarm.AlarmManagerService.setImpl(int, long, long, long, android.app.PendingIntent, android.app.IAlarmListener, java.lang.String, int, android.os.WorkSource, android.app.AlarmManager$AlarmClockInfo, int, java.lang.String, android.os.Bundle, int) for 668ms
07-27 05:11:30.991   898  1107 I bt_shim_scanner: system/main/shim/le_scanning_manager.cc:254 ScanFilterAdd: in shim layer
07-27 05:11:30.991   898  1107 I bt_shim_scanner: system/main/shim/le_scanning_manager.cc:215 ScanFilterParamSetup: in shim layer
07-27 05:11:30.991   898  1107 I bt_shim_scanner: system/main/shim/le_scanning_manager.cc:254 ScanFilterAdd: in shim layer
07-27 05:11:30.991   898  1107 I bt_shim_scanner: system/main/shim/le_scanning_manager.cc:215 ScanFilterParamSetup: in shim layer
07-27 05:11:31.047   576   576 W Looper  : Drained
07-27 05:11:31.048   898  1082 I bluetooth: system/gd/hci/le_scanning_manager.cc:1439 on_advertising_filter_complete: Got a Command complete LE_ADV_FILTER(0xfd57), status UNKNOWN_CONNECTION(0x02)
07-27 05:11:31.068   898  1082 I bluetooth: system/gd/hci/le_scanning_manager.cc:1439 on_advertising_filter_complete: Got a Command complete LE_ADV_FILTER(0xfd57), status UNKNOWN_CONNECTION(0x02)
07-27 05:11:31.070  1044  1051 W .gms.persistent: Suspending all threads took: 708.984ms
07-27 05:11:31.071   576   723 I HalDevMgr: bestIfaceCreationProposal is null, requestIface=STA, existingIface=[name=wlan0 type=STA]
07-27 05:11:31.080   576   674 D ActivityManager: freezing 1388 com.google.android.apps.wellbeing
07-27 05:11:31.107  1044  1044 W .gms.persistent: Long monitor contention with owner lowpool[4] (2017) at boolean amqj.d(amqi, android.content.ServiceConnection, java.lang.String, java.util.concurrent.Executor)(:com.google.android.gms@242335038@24.23.35 (190400-646585959):80) waiters=1 in void amqk.onServiceConnected(android.content.ComponentName, android.os.IBinder) for 1.163s
07-27 05:11:31.109  1571  1897 I AppLinksAsyncVerifierV2: Verification result: checking for a statement with source https://g.co, relation delegate_permission/common.handle_all_urls, and target com.android.wallpaper --> false. [CONTEXT service_id=244 ]
07-27 05:11:31.109  1571  2692 I AppLinksHostsVerifierV2: Verification com.android.wallpaper complete. Successful hosts: . Failed hosts: g.co. Error hosts: . [CONTEXT service_id=244 ]
07-27 05:11:31.116   576   730 D InetDiagMessage: Destroyed 0 sockets, proto=IPPROTO_TCP, family=AF_INET, states=14
07-27 05:11:31.119   576   730 D InetDiagMessage: Destroyed 0 sockets, proto=IPPROTO_TCP, family=AF_INET6, states=14
07-27 05:11:31.119   576   730 D InetDiagMessage: Destroyed live tcp sockets for uids={10140} in 3ms
07-27 05:11:31.125  1044  3131 I NearbyMediums: Started BLE scanning, service-id=NearbySharing, is-extended-advert=true, power-level=1, scan-mode=3
07-27 05:11:31.223  1571  2692 I AppLinksModuleInit: Rerunning all WIP verifications [CONTEXT service_id=244 ]
07-27 05:11:31.231  1571  2692 I AppLinksRequestHandler: Processing 0 WIP requests. [CONTEXT service_id=244 ]
07-27 05:11:31.232  1571  2692 I AppLinksModuleInit: Scheduling regular retry verifications. [CONTEXT service_id=244 ]
07-27 05:11:31.234  1571  2692 I AppLinksVerRegularRetry: Retries scheduled. [CONTEXT service_id=244 ]
07-27 05:11:31.240   576   588 I system_server: Background concurrent mark compact GC freed 27MB AllocSpace bytes, 65(1300KB) LOS objects, 45% free, 28MB/52MB, paused 10.364ms,3.634ms total 4.218s
07-27 05:11:31.327  1571  1576 I gle.android.gms: Background concurrent mark compact GC freed 10MB AllocSpace bytes, 63(2404KB) LOS objects, 50% free, 14MB/29MB, paused 241.784ms,3.188ms total 2.651s
07-27 05:11:31.329  1044  3131 I NearbyConnections: Listening to visibility changes for client 134940964
07-27 05:11:31.344  1044  2092 I .gms.persistent: IncrementDisableThreadFlip blocked for 90.155ms
07-27 05:11:31.368  1571  1578 W gle.android.gms: ApkAssets: Deleting an ApkAssets object '<empty> and /system_ext/priv-app/GoogleServicesFramework/GoogleServicesFramework.apk' with 1 weak references
07-27 05:11:31.422  1571  1571 D BoundBrokerSvc: onRebind: Intent { act=com.google.android.gms.chimera.container.moduleinstall.ModuleInstallService.START dat=chimera-action:/... cmp=com.google.android.gms/.chimera.GmsApiService }
07-27 05:11:31.462  1044  1849 I ActivityScheduler: nextTriggerTime: 317097, in 232503ms, detectorType: 39, FULL_TYPE alarmWindowMillis: 80000
07-27 05:11:31.467  1044  1849 W AlarmManager: alarm window unlikely to be respected [CONTEXT service_id=231 ]
07-27 05:11:31.467  1044  1849 W AlarmManager: java.lang.IllegalArgumentException: alarm "NetworkLocationLocator" has short window length
07-27 05:11:31.467  1044  1849 W AlarmManager: 	at boaw.b(:com.google.android.gms@242335038@24.23.35 (190400-646585959):52)
07-27 05:11:31.467  1044  1849 W AlarmManager: 	at ehbk.f(:com.google.android.gms@242335038@24.23.35 (190400-646585959):119)
07-27 05:11:31.467  1044  1849 W AlarmManager: 	at egxu.q(:com.google.android.gms@242335038@24.23.35 (190400-646585959):107)
07-27 05:11:31.467  1044  1849 W AlarmManager: 	at egxu.j(:com.google.android.gms@242335038@24.23.35 (190400-646585959):1231)
07-27 05:11:31.467  1044  1849 W AlarmManager: 	at egxu.o(:com.google.android.gms@242335038@24.23.35 (190400-646585959):32)
07-27 05:11:31.467  1044  1849 W AlarmManager: 	at ehje.B(:com.google.android.gms@242335038@24.23.35 (190400-646585959):92)
07-27 05:11:31.467  1044  1849 W AlarmManager: 	at ehit.B(:com.google.android.gms@242335038@24.23.35 (190400-646585959):22)
07-27 05:11:31.467  1044  1849 W AlarmManager: 	at ehah.handleMessage(:com.google.android.gms@242335038@24.23.35 (190400-646585959):338)
07-27 05:11:31.467  1044  1849 W AlarmManager: 	at android.os.Handler.dispatchMessage(Handler.java:107)
07-27 05:11:31.467  1044  1849 W AlarmManager: 	at bphk.nR(:com.google.android.gms@242335038@24.23.35 (190400-646585959):1)
07-27 05:11:31.467  1044  1849 W AlarmManager: 	at bphk.dispatchMessage(:com.google.android.gms@242335038@24.23.35 (190400-646585959):138)
07-27 05:11:31.467  1044  1849 W AlarmManager: 	at android.os.Looper.loopOnce(Looper.java:232)
07-27 05:11:31.467  1044  1849 W AlarmManager: 	at android.os.Looper.loop(Looper.java:317)
07-27 05:11:31.467  1044  1849 W AlarmManager: 	at android.os.HandlerThread.run(HandlerThread.java:85)
07-27 05:11:31.577  1044  1849 I ActivityScheduler: nextTriggerTime: 317097, in 232388ms, detectorType: 39, FULL_TYPE alarmWindowMillis: 80000
07-27 05:11:31.603  1044  1234 W GLSUser : [DeviceKeyStore] Cannot load key: Device key file not found.
07-27 05:11:31.603  1044  1234 W GLSUser : [DeviceKeyStore] Cannot load key: Device key file not found.
07-27 05:11:31.604   576  1534 D OomAdjuster: Not killing cached processes
07-27 05:11:31.607   576   590 W system_server: ApkAssets: Deleting an ApkAssets object '<empty> and /product/app/LatinIMEGooglePrebuilt/LatinIMEGooglePrebuilt.apk' with 1 weak references
07-27 05:11:31.609   576   590 W system_server: ApkAssets: Deleting an ApkAssets object '<empty> and /product/app/GoogleTTS/GoogleTTS.apk' with 1 weak references
07-27 05:11:31.610   576   590 W system_server: ApkAssets: Deleting an ApkAssets object '<empty> and /system/priv-app/InputDevices/InputDevices.apk' with 1 weak references
07-27 05:11:31.615  1044  1051 I .gms.persistent: Background concurrent mark compact GC freed 12MB AllocSpace bytes, 91(4440KB) LOS objects, 49% free, 15MB/31MB, paused 733.229ms,31.145ms total 2.813s
07-27 05:11:31.617   576   590 W system_server: ApkAssets: Deleting an ApkAssets object '<empty> and /product/priv-app/WellbeingPrebuilt/WellbeingPrebuilt.apk' with 1 weak references
07-27 05:11:31.618   576   590 W system_server: ApkAssets: Deleting an ApkAssets object '<empty> and /system_ext/app/AccessibilityMenu/AccessibilityMenu.apk' with 1 weak references
07-27 05:11:31.618   576   590 W system_server: ApkAssets: Deleting an ApkAssets object '<empty> and /product/priv-app/Velvet/Velvet.apk' with 1 weak references
07-27 05:11:31.639   576   590 W system_server: ApkAssets: Deleting an ApkAssets object '/product/overlay/AccessibilityMenu__sdk_gphone64_arm64__auto_generated_rro_product.apk' with 1 weak references
07-27 05:11:31.646  1571  1571 D BoundBrokerSvc: onBind: Intent { act=com.google.android.mobstore.service.START dat=chimera-action:/... cmp=com.google.android.gms/.chimera.GmsBoundBrokerService }
07-27 05:11:31.646  1571  1571 D BoundBrokerSvc: Loading bound service for intent: Intent { act=com.google.android.mobstore.service.START dat=chimera-action:/... cmp=com.google.android.gms/.chimera.GmsBoundBrokerService }
07-27 05:11:31.650  1044  2100 I NearbySharing: Successfully started LOW_POWER discovery over Nearby Connections [CONTEXT service_id=194 ]
07-27 05:11:31.662   576   590 W system_server: ApkAssets: Deleting an ApkAssets object '<empty> and /product/app/talkback/talkback.apk' with 1 weak references
07-27 05:11:31.662   576   590 W system_server: ApkAssets: Deleting an ApkAssets object '/vendor/overlay/EmulatorTalkBackOverlay/EmulatorTalkBackOverlay.apk' with 1 weak references
07-27 05:11:31.663   576   590 W system_server: ApkAssets: Deleting an ApkAssets object '<empty> and /product/priv-app/PrebuiltGmsCore/PrebuiltGmsCore.apk' with 1 weak references
07-27 05:11:31.666   576   590 W system_server: ApkAssets: Deleting an ApkAssets object '<empty> and /product/app/PrebuiltGmail/PrebuiltGmail.apk' with 1 weak references
07-27 05:11:31.704   576   590 W system_server: ApkAssets: Deleting an ApkAssets object '<empty> and /product/app/Drive/Drive.apk' with 1 weak references
07-27 05:11:31.705  1044  2767 I GCoreUlr: Unbound from all signal providers.
07-27 05:11:31.729   576   590 W system_server: ApkAssets: Deleting an ApkAssets object '<empty> and /product/app/CalendarGooglePrebuilt/CalendarGooglePrebuilt.apk' with 1 weak references
07-27 05:11:31.736   576   590 W system_server: ApkAssets: Deleting an ApkAssets object '<empty> and /product/app/LicenseChecker/LicenseChecker.apk' with 1 weak references
07-27 05:11:31.736   576   590 W system_server: ApkAssets: Deleting an ApkAssets object '<empty> and /apex/com.android.permission/priv-app/GooglePermissionController@350820360/GooglePermissionController.apk' with 1 weak references
07-27 05:11:31.737   576   590 W system_server: ApkAssets: Deleting an ApkAssets object '/product/overlay/GooglePermissionControllerOverlay.apk' with 1 weak references
07-27 05:11:31.743  1044  2017 W DataCollectionRegistryC: missing CollectionDefinition for nearbysharing-pa.googleapis.com/location.nearby.sharing.v1.NearbySharingService/ListReachablePhoneNumbers
07-27 05:11:31.758  1044  2767 I GCoreUlr: DispatchingService ignoring Intent { act=android.net.wifi.WIFI_STATE_CHANGED flg=0x4000010 (has extras) } because ULR inactive
07-27 05:11:31.774  1044  1044 I GCoreUlr: Unbound from all signal providers.
07-27 05:11:31.797  1044  1044 I GCoreUlr: Stopping handler for UlrDispSvcFast
07-27 05:11:31.826  1044  3128 W .gms.persistent: Accessing hidden method Landroid/net/ConnectivityManager;->isNetworkSupported(I)Z (max-target-p, reflection, denied)
07-27 05:11:31.918  1044  2017 I NearbySharing: 'listReachablePhoneNumbers' succeeded. [CONTEXT service_id=194 ]
07-27 05:11:31.919  1044  2017 I NearbySharing: UPLOAD_CONTACTS_AND_CERTIFICATES trying to attach account for self share. [CONTEXT service_id=194 ]
07-27 05:11:31.922  1044  2017 I NearbySharing: Current account added in device update request for self share [CONTEXT service_id=194 ]
07-27 05:11:31.922  1044  2017 W GLSUser : [DeviceKeyStore] Cannot load key: Device key file not found.
07-27 05:11:31.923  1044  2017 W GLSUser : [DeviceKeyStore] Cannot load key: Device key file not found.
07-27 05:11:31.926  1044  2100 I NearbySharing: Failed to log FAST_SHARE_SERVER_RESPONSE, due to checkbox consent is not opt in. [CONTEXT service_id=194 ]
07-27 05:11:31.967  1044  1234 W GlsClientGrpc: Voilatile gRPC failure INVALID_ARGUMENT: Application credential header not valid. Please fix the client to pass a valid application credential header. [CONTEXT service_id=6 ]
07-27 05:11:31.967  1044  1234 W GlsClientGrpc: gbzz: INVALID_ARGUMENT: Application credential header not valid. Please fix the client to pass a valid application credential header.
07-27 05:11:31.967  1044  1234 W GlsClientGrpc: 	at gbzy.h(:com.google.android.gms@242335038@24.23.35 (190400-646585959):3)
07-27 05:11:31.967  1044  1234 W GlsClientGrpc: 	at anbi.u(:com.google.android.gms@242335038@24.23.35 (190400-646585959):29)
07-27 05:11:31.967  1044  1234 W GlsClientGrpc: 	at anbi.g(:com.google.android.gms@242335038@24.23.35 (190400-646585959):97)
07-27 05:11:31.967  1044  1234 W GlsClientGrpc: 	at efkz.b(:com.google.android.gms@242335038@24.23.35 (190400-646585959):39)
07-27 05:11:31.967  1044  1234 W GlsClientGrpc: 	at efkr.a(:com.google.android.gms@242335038@24.23.35 (190400-646585959):274)
07-27 05:11:31.967  1044  1234 W GlsClientGrpc: 	at ehaz.call(:com.google.android.gms@242335038@24.23.35 (190400-646585959):1026)
07-27 05:11:31.967  1044  1234 W GlsClientGrpc: 	at java.util.concurrent.FutureTask.run(FutureTask.java:264)
07-27 05:11:31.967  1044  1234 W GlsClientGrpc: 	at angs.c(:com.google.android.gms@242335038@24.23.35 (190400-646585959):50)
07-27 05:11:31.967  1044  1234 W GlsClientGrpc: 	at angs.run(:com.google.android.gms@242335038@24.23.35 (190400-646585959):76)
07-27 05:11:31.967  1044  1234 W GlsClientGrpc: 	at java.util.concurrent.ThreadPoolExecutor.runWorker(ThreadPoolExecutor.java:1145)
07-27 05:11:31.967  1044  1234 W GlsClientGrpc: 	at java.util.concurrent.ThreadPoolExecutor$Worker.run(ThreadPoolExecutor.java:644)
07-27 05:11:31.967  1044  1234 W GlsClientGrpc: 	at anmg.run(:com.google.android.gms@242335038@24.23.35 (190400-646585959):8)
07-27 05:11:31.967  1044  1234 W GlsClientGrpc: 	at java.lang.Thread.run(Thread.java:1012)
07-27 05:11:31.995  1044  1849 W AlarmManager: alarm window unlikely to be respected [CONTEXT service_id=231 ]
07-27 05:11:31.995  1044  1849 W AlarmManager: java.lang.IllegalArgumentException: alarm "NetworkLocationLocator" has short window length
07-27 05:11:31.995  1044  1849 W AlarmManager: 	at boaw.b(:com.google.android.gms@242335038@24.23.35 (190400-646585959):52)
07-27 05:11:31.995  1044  1849 W AlarmManager: 	at ehbk.f(:com.google.android.gms@242335038@24.23.35 (190400-646585959):119)
07-27 05:11:31.995  1044  1849 W AlarmManager: 	at egxu.q(:com.google.android.gms@242335038@24.23.35 (190400-646585959):107)
07-27 05:11:31.995  1044  1849 W AlarmManager: 	at egxu.e(:com.google.android.gms@242335038@24.23.35 (190400-646585959):27)
07-27 05:11:31.995  1044  1849 W AlarmManager: 	at egxq.apply(:com.google.android.gms@242335038@24.23.35 (190400-646585959):19)
07-27 05:11:31.995  1044  1849 W AlarmManager: 	at etvw.d(:com.google.android.gms@242335038@24.23.35 (190400-646585959):3)
07-27 05:11:31.995  1044  1849 W AlarmManager: 	at etvx.run(:com.google.android.gms@242335038@24.23.35 (190400-646585959):42)
07-27 05:11:31.995  1044  1849 W AlarmManager: 	at android.os.Handler.handleCallback(Handler.java:959)
07-27 05:11:31.995  1044  1849 W AlarmManager: 	at android.os.Handler.dispatchMessage(Handler.java:100)
07-27 05:11:31.995  1044  1849 W AlarmManager: 	at bphk.nR(:com.google.android.gms@242335038@24.23.35 (190400-646585959):1)
07-27 05:11:31.995  1044  1849 W AlarmManager: 	at bphk.dispatchMessage(:com.google.android.gms@242335038@24.23.35 (190400-646585959):138)
07-27 05:11:31.995  1044  1849 W AlarmManager: 	at android.os.Looper.loopOnce(Looper.java:232)
07-27 05:11:31.995  1044  1849 W AlarmManager: 	at android.os.Looper.loop(Looper.java:317)
07-27 05:11:31.995  1044  1849 W AlarmManager: 	at android.os.HandlerThread.run(HandlerThread.java:85)
07-27 05:11:31.997  1044  1849 I ActivityScheduler: nextTriggerTime: 317097, in 231968ms, detectorType: 39, FULL_TYPE alarmWindowMillis: 80000
07-27 05:11:32.010  1044  3128 W ChimeraUtils: Module com.google.android.gms.location_base missing resource location_module_display_name(0)
07-27 05:11:32.020  1044  2017 W DataCollectionRegistryC: missing CollectionDefinition for nearbysharing-pa.googleapis.com/location.nearby.sharing.v1.NearbySharingService/UpdateDevice
07-27 05:11:32.698  1044  2017 I NearbySharing: UPLOAD_CONTACTS_AND_CERTIFICATES succeeded. [CONTEXT service_id=194 ]
07-27 05:11:32.698  1044  1146 W .gms.persistent: Long monitor contention with owner lowpool[4] (2017) at bwhn cfuu.f(android.accounts.Account, cder)(:com.google.android.gms@242335038@24.23.35 (190400-646585959):128) waiters=0 in bwhn cfuu.d(android.accounts.Account, cder) for 3.026s
07-27 05:11:32.698  1044  1146 I NearbySharing: Incremented the RateLimitThrottler(downloadSenderCertificates) count to 1. [CONTEXT service_id=194 ]
07-27 05:11:32.717  1044  3127 I NearbySharing: Failed to log FAST_SHARE_SERVER_RESPONSE, due to checkbox consent is not opt in. [CONTEXT service_id=194 ]
07-27 05:11:32.791  1044  1146 W GLSUser : [DeviceKeyStore] Cannot load key: Device key file not found.
07-27 05:11:32.794  1044  1146 W GLSUser : [DeviceKeyStore] Cannot load key: Device key file not found.
07-27 05:11:32.800  1044  1146 W DataCollectionRegistryC: missing CollectionDefinition for nearbysharing-pa.googleapis.com/location.nearby.sharing.v1.NearbySharingService/ListSenderCertificates
07-27 05:11:33.136  1571  3123 E WorkSourceUtil: Could not find package: com.google.android.gms.westworld
07-27 05:11:33.212   576  1806 W ActivityManager: Unable to start service Intent { act=com.google.android.gms.credential.manager.tasks.PasswordSharingSubscriptionTaskBoundService.ACTION_TASK_READY pkg=com.google.android.gms } U=0: not found
07-27 05:11:33.212  1044  2017 E NetworkScheduler.TED: Unable to bind to task service: ComponentInfo{com.google.android.gms/com.google.android.gms.credential.manager.tasks.PasswordSharingSubscriptionTaskBoundService}
07-27 05:11:33.223  1571  1575 I gle.android.gms: Compiler allocated 5938KB to compile java.util.Map dsgo.c(android.content.Context, android.content.SharedPreferences)
07-27 05:11:33.283  1044  1146 I NearbySharing: 'listSenderCertificates' succeeded for parent: users/me/devices/285RGXEI0F, count = 6. [CONTEXT service_id=194 ]
07-27 05:11:33.288  1044  3127 I NearbySharing: Failed to log FAST_SHARE_SERVER_RESPONSE, due to checkbox consent is not opt in. [CONTEXT service_id=194 ]
07-27 05:11:33.296  1571  1571 D BoundBrokerSvc: onBind: Intent { act=com.google.android.gms.notifications.registration.service.NotificationsRegistrationTaskBoundService.ACTION_TASK_READY dat=chimera-action:/... cmp=com.google.android.gms/.chimera.GmsInternalBoundBrokerService }
07-27 05:11:33.296  1571  1571 D BoundBrokerSvc: Loading bound service for intent: Intent { act=com.google.android.gms.notifications.registration.service.NotificationsRegistrationTaskBoundService.ACTION_TASK_READY dat=chimera-action:/... cmp=com.google.android.gms/.chimera.GmsInternalBoundBrokerService }
07-27 05:11:33.297  1044  1146 I NearbySharing: Saved sender certificates to file nearby_sharing_sender_certificate_book_from_selected_contacts. [CONTEXT service_id=194 ]
07-27 05:11:33.336  1571  1571 I GmsCoreXrpcWrapper: Returning a channel provider with trafficStatsTag=67175169 trafficStatsUid=-1
07-27 05:11:33.340  1044  1146 I NearbySharing: Saved sender certificates to file nearby_sharing_sender_certificate_book_from_all_contacts. [CONTEXT service_id=194 ]
07-27 05:11:33.346  1044  1146 I NearbySharing: Saved sender certificates to file nearby_sharing_sender_certificate_book_from_self_share. [CONTEXT service_id=194 ]
07-27 05:11:33.392  1044  3149 W .gms.persistent: Long monitor contention with owner lowpool[14] (3125) at void dbyt.n(dbus, dbus, int)(:com.google.android.gms@242335038@24.23.35 (190400-646585959):49) waiters=0 in int dbyt.l(dbyf, bcsk) for 103ms
07-27 05:11:33.512  1571  2313 W ChimeraUtils: Module com.google.android.gms.notifications_registration missing resource null(0)
07-27 05:11:33.515  1571  2313 W ChimeraUtils: Module com.google.android.gms.notifications_registration missing resource null(0)
07-27 05:11:33.518  1571  2313 W ChimeraUtils: Module com.google.android.gms.notifications_registration missing resource null(0)
07-27 05:11:33.584  1571  1571 D BoundBrokerSvc: onBind: Intent { act=com.google.android.gms.auth.service.START pkg=com.google.android.gms }
07-27 05:11:33.585  1571  1571 D BoundBrokerSvc: Loading bound service for intent: Intent { act=com.google.android.gms.auth.service.START pkg=com.google.android.gms }
07-27 05:11:33.644  1044  2062 W GLSUser : [DeviceKeyStore] Cannot load key: Device key file not found.
07-27 05:11:33.644  1044  2062 W GLSUser : [DeviceKeyStore] Cannot load key: Device key file not found.
07-27 05:11:33.731  1571  2084 D nativeloader: Configuring clns-10 for other apk . target_sdk_version=34, uses_libraries=ALL, library_path=/data/user_de/0/com.google.android.gms/app_chimera/m/00000001/CronetDynamite.uncompressed.apk!/lib/arm64-v8a, permitted_path=/data:/mnt/expand
07-27 05:11:33.756  1571  2084 D nativeloader: Load /data/user_de/0/com.google.android.gms/app_chimera/m/00000001/CronetDynamite.uncompressed.apk!/lib/arm64-v8a/libcronet.126.0.6452.4.so using isolated ns clns-10 (caller=/data/user_de/0/com.google.android.gms/app_chimera/m/00000001/CronetDynamite.uncompressed.apk): ok
07-27 05:11:33.768  1571  2084 I cr_CronetLibraryLoader: Cronet version: 126.0.6452.4, arch: aarch64
07-27 05:11:33.780   576   643 D ConnectivityService: requestNetwork for uid/pid:10144/1571 activeRequest: null callbackRequest: 122 [NetworkRequest [ REQUEST id=123, [ Capabilities: INTERNET&NOT_RESTRICTED&TRUSTED&NOT_VCN_MANAGED&NOT_BANDWIDTH_CONSTRAINED Uid: 10144 RequestorUid: 10144 RequestorPkg: com.google.android.gms UnderlyingNetworks: Null] ]] callback flags: 0 order: 2147483647 isUidTracked: false
07-27 05:11:33.828   576   723 D WifiNetworkFactory: got request NetworkRequest [ REQUEST id=123, [ Capabilities: INTERNET&NOT_RESTRICTED&TRUSTED&NOT_VCN_MANAGED&NOT_BANDWIDTH_CONSTRAINED Uid: 10144 RequestorUid: 10144 RequestorPkg: com.google.android.gms UnderlyingNetworks: Null] ]
07-27 05:11:33.830   576   723 D UntrustedWifiNetworkFactory: got request NetworkRequest [ REQUEST id=123, [ Capabilities: INTERNET&NOT_RESTRICTED&TRUSTED&NOT_VCN_MANAGED&NOT_BANDWIDTH_CONSTRAINED Uid: 10144 RequestorUid: 10144 RequestorPkg: com.google.android.gms UnderlyingNetworks: Null] ]
07-27 05:11:33.830   576   723 D OemPaidWifiNetworkFactory: got request NetworkRequest [ REQUEST id=123, [ Capabilities: INTERNET&NOT_RESTRICTED&TRUSTED&NOT_VCN_MANAGED&NOT_BANDWIDTH_CONSTRAINED Uid: 10144 RequestorUid: 10144 RequestorPkg: com.google.android.gms UnderlyingNetworks: Null] ]
07-27 05:11:33.830   576   723 D MultiInternetWifiNetworkFactory: got request NetworkRequest [ REQUEST id=123, [ Capabilities: INTERNET&NOT_RESTRICTED&TRUSTED&NOT_VCN_MANAGED&NOT_BANDWIDTH_CONSTRAINED Uid: 10144 RequestorUid: 10144 RequestorPkg: com.google.android.gms UnderlyingNetworks: Null] ]
07-27 05:11:33.831   576   730 D ConnectivityService: NetReassign [123 : null → 100] [c 0] [a 45] [i 3]
07-27 05:11:33.866   576   730 D ConnectivityService: NetReassign [no changes] [c 0] [a 1] [i 7]
07-27 05:11:33.897  1044  3149 W .gms.persistent: Long monitor contention with owner lowpool[14] (3125) at void dbyt.n(dbus, dbus, int)(:com.google.android.gms@242335038@24.23.35 (190400-646585959):49) waiters=0 in int dbyt.l(dbyf, bcsk) for 237ms
07-27 05:11:34.513  1044  3149 W .gms.persistent: Long monitor contention with owner lowpool[14] (3125) at void dbyt.n(dbus, dbus, int)(:com.google.android.gms@242335038@24.23.35 (190400-646585959):49) waiters=0 in int dbyt.l(dbyf, bcsk) for 575ms
07-27 05:11:34.537   380  3177 I resolv  : GetAddrInfoHandler::run: {100 786532 100 983140 10144 0}
07-27 05:11:34.541   380  3178 I resolv  : res_nmkquery: (QUERY, IN, AAAA)
07-27 05:11:34.541   380  3178 I resolv  : resolv_cache_lookup: FOUND IN CACHE entry=0xb4000075fd284510
07-27 05:11:34.541   380  3178 I resolv  : doQuery: rcode=0, ancount=8, return value=273
07-27 05:11:34.549   380  3179 I resolv  : res_nmkquery: (QUERY, IN, A)
07-27 05:11:34.560   380  3179 I resolv  : res_nsend: used send_dg 177 terrno: 0
07-27 05:11:34.560   380  3179 I resolv  : doQuery: rcode=0, ancount=8, return value=177
07-27 05:11:34.563  1571  3173 D TrafficStats: tagSocket(191) with statsTag=0x2c010301, statsUid=-1
07-27 05:11:34.571  1571  3173 D TrafficStats: tagSocket(191) with statsTag=0x2c010301, statsUid=-1
07-27 05:11:34.595  1571  3173 D TrafficStats: tagSocket(191) with statsTag=0x2c010301, statsUid=-1
07-27 05:11:34.598  1571  3173 D TrafficStats: tagSocket(191) with statsTag=0x2c010301, statsUid=-1
07-27 05:11:34.600  1571  3173 D TrafficStats: tagSocket(191) with statsTag=0x2c010301, statsUid=-1
07-27 05:11:34.605  1571  3173 D TrafficStats: tagSocket(191) with statsTag=0x2c010301, statsUid=-1
07-27 05:11:34.607  1571  3173 D TrafficStats: tagSocket(191) with statsTag=0x2c010301, statsUid=-1
07-27 05:11:34.611  1571  3173 D TrafficStats: tagSocket(191) with statsTag=0x2c010301, statsUid=-1
07-27 05:11:34.622  1571  3173 D TrafficStats: tagSocket(191) with statsTag=0x2c010301, statsUid=-1
07-27 05:11:34.761  1044  3125 I NetworkScheduler.Stats: Task com.google.android.gms/com.google.android.gms.credential.manager.tasks.PasswordSharingSubscriptionTaskBoundService finished executing. cause:7 result: 7 elapsed_millis: 6 uptime_millis: 6 exec_start_elapsed_seconds: 86 [CONTEXT service_id=218 ]
07-27 05:11:34.777  1044  3125 I NetworkScheduler.Stats: Task com.google.android.gms/com.google.android.gms.notifications.registration.service.NotificationsRegistrationTaskBoundService started execution. cause:7 exec_start_elapsed_seconds: 86 [CONTEXT service_id=218 ]
07-27 05:11:35.144  1571  3173 I cr_CronetUrlRequestContext: destroyNativeStreamLocked org.chromium.net.impl.CronetBidirectionalStream@5d01c03
07-27 05:11:35.196  1571  2084 I NotificationsModuleTask: Registering accounts to Chime Failed & Rescheduled for later. [CONTEXT service_id=358 ]
07-27 05:11:35.228  1044  1146 I NetworkScheduler.Stats: Task com.google.android.gms/com.google.android.gms.notifications.registration.service.NotificationsRegistrationTaskBoundService finished executing. cause:7 result: 3 elapsed_millis: 1952 uptime_millis: 1952 exec_start_elapsed_seconds: 86 [CONTEXT service_id=218 ]
07-27 05:11:35.238  1571  1571 D BoundBrokerSvc: onUnbind: Intent { act=com.google.android.gms.notifications.registration.service.NotificationsRegistrationTaskBoundService.ACTION_TASK_READY dat=chimera-action:/... cmp=com.google.android.gms/.chimera.GmsInternalBoundBrokerService }
07-27 05:11:35.308  1044  3125 I NetworkScheduler.Stats: Task com.google.android.gms/com.google.android.gms.auth.proximity.firstparty.CryptauthDeviceSyncService started execution. cause:5 exec_start_elapsed_seconds: 88 [CONTEXT service_id=218 ]
07-27 05:11:35.330  1044  2232 I NetworkScheduler.Stats: Task com.google.android.gms/com.google.android.gms.romanesco.ContactsLoggerUploadService started execution. cause:5 exec_start_elapsed_seconds: 88 [CONTEXT service_id=218 ]
07-27 05:11:35.506  1044  2466 W GLSUser : [DeviceKeyStore] Cannot load key: Device key file not found.
07-27 05:11:35.506  1044  2466 W GLSUser : [DeviceKeyStore] Cannot load key: Device key file not found.
07-27 05:11:35.510   380  3182 I resolv  : GetAddrInfoHandler::run: {100 786532 100 983140 10144 0}
07-27 05:11:35.513   380  3184 I resolv  : res_nmkquery: (QUERY, IN, A)
07-27 05:11:35.513   380  3183 I resolv  : res_nmkquery: (QUERY, IN, AAAA)
07-27 05:11:35.550   380  3184 I resolv  : res_nsend: used send_dg 180 terrno: 0
07-27 05:11:35.550   380  3184 I resolv  : doQuery: rcode=0, ancount=8, return value=180
07-27 05:11:35.576   380  3183 I resolv  : res_nsend: used send_dg 276 terrno: 0
07-27 05:11:35.576   380  3183 I resolv  : doQuery: rcode=0, ancount=8, return value=276
07-27 05:11:35.594  1571  1571 D BoundBrokerSvc: onBind: Intent { act=com.google.android.gms.people.contactssync.service.START dat=chimera-action:/... cmp=com.google.android.gms/.chimera.GmsBoundBrokerService }
07-27 05:11:35.595  1571  1571 D BoundBrokerSvc: Loading bound service for intent: Intent { act=com.google.android.gms.people.contactssync.service.START dat=chimera-action:/... cmp=com.google.android.gms/.chimera.GmsBoundBrokerService }
07-27 05:11:35.595  1571  2312 D TrafficStats: tagSocket(192) with statsTag=0x2000040f, statsUid=-1
07-27 05:11:35.598  1571  1827 I PeopleChimeraService: onService. callbacks = boez@c23c95d, request = com.google.android.gms.common.internal.GetServiceRequest@d8542d2
07-27 05:11:35.690   380   457 I netd    : tetherGetStats() -> {[]} <8.09ms>
07-27 05:11:35.724  1571  3180 I DCU_ContactsLogger: Nothing to upload! [CONTEXT service_id=135 ]
07-27 05:11:35.901  1571  2313 E DCU_ContactsLogService: Failed to mark incremental upload successful [CONTEXT service_id=135 ]
07-27 05:11:35.901  1571  2313 E DCU_ContactsLogService: java.util.concurrent.ExecutionException: dxrd: sync policy is not enabled
07-27 05:11:35.901  1571  2313 E DCU_ContactsLogService: 	at etvr.s(:com.google.android.gms@242335038@24.23.35 (190400-646585959):21)
07-27 05:11:35.901  1571  2313 E DCU_ContactsLogService: 	at etvr.get(:com.google.android.gms@242335038@24.23.35 (190400-646585959):10)
07-27 05:11:35.901  1571  2313 E DCU_ContactsLogService: 	at com.google.android.gms.romanesco.service.ContactsLoggerUploadService.a(:com.google.android.gms@242335038@24.23.35 (190400-646585959):249)
07-27 05:11:35.901  1571  2313 E DCU_ContactsLogService: 	at bpjj.call(:com.google.android.gms@242335038@24.23.35 (190400-646585959):32)
07-27 05:11:35.901  1571  2313 E DCU_ContactsLogService: 	at java.util.concurrent.FutureTask.run(FutureTask.java:264)
07-27 05:11:35.901  1571  2313 E DCU_ContactsLogService: 	at angs.c(:com.google.android.gms@242335038@24.23.35 (190400-646585959):50)
07-27 05:11:35.901  1571  2313 E DCU_ContactsLogService: 	at angs.run(:com.google.android.gms@242335038@24.23.35 (190400-646585959):76)
07-27 05:11:35.901  1571  2313 E DCU_ContactsLogService: 	at java.util.concurrent.ThreadPoolExecutor.runWorker(ThreadPoolExecutor.java:1145)
07-27 05:11:35.901  1571  2313 E DCU_ContactsLogService: 	at java.util.concurrent.ThreadPoolExecutor$Worker.run(ThreadPoolExecutor.java:644)
07-27 05:11:35.901  1571  2313 E DCU_ContactsLogService: 	at anmg.run(:com.google.android.gms@242335038@24.23.35 (190400-646585959):8)
07-27 05:11:35.901  1571  2313 E DCU_ContactsLogService: 	at java.lang.Thread.run(Thread.java:1012)
07-27 05:11:35.901  1571  2313 E DCU_ContactsLogService: Caused by: dxrd: sync policy is not enabled
07-27 05:11:35.901  1571  2313 E DCU_ContactsLogService: 	at dxou.a(:com.google.android.gms@242335038@24.23.35 (190400-646585959):167)
07-27 05:11:35.901  1571  2313 E DCU_ContactsLogService: 	at emsv.a(:com.google.android.gms@242335038@24.23.35 (190400-646585959):13)
07-27 05:11:35.901  1571  2313 E DCU_ContactsLogService: 	at etvv.d(:com.google.android.gms@242335038@24.23.35 (190400-646585959):3)
07-27 05:11:35.901  1571  2313 E DCU_ContactsLogService: 	at etvx.run(:com.google.android.gms@242335038@24.23.35 (190400-646585959):42)
07-27 05:11:35.901  1571  2313 E DCU_ContactsLogService: 	at etxk.execute(:com.google.android.gms@242335038@24.23.35 (190400-646585959):1)
07-27 05:11:35.901  1571  2313 E DCU_ContactsLogService: 	at etvr.h(:com.google.android.gms@242335038@24.23.35 (190400-646585959):1)
07-27 05:11:35.901  1571  2313 E DCU_ContactsLogService: 	at etvr.l(:com.google.android.gms@242335038@24.23.35 (190400-646585959):101)
07-27 05:11:35.901  1571  2313 E DCU_ContactsLogService: 	at etvr.o(:com.google.android.gms@242335038@24.23.35 (190400-646585959):15)
07-27 05:11:35.901  1571  2313 E DCU_ContactsLogService: 	at etvw.e(:com.google.android.gms@242335038@24.23.35 (190400-646585959):1)
07-27 05:11:35.901  1571  2313 E DCU_ContactsLogService: 	at etvx.run(:com.google.android.gms@242335038@24.23.35 (190400-646585959):48)
07-27 05:11:35.901  1571  2313 E DCU_ContactsLogService: 	at etxk.execute(:com.google.android.gms@242335038@24.23.35 (190400-646585959):1)
07-27 05:11:35.901  1571  2313 E DCU_ContactsLogService: 	at etvr.h(:com.google.android.gms@242335038@24.23.35 (190400-646585959):1)
07-27 05:11:35.901  1571  2313 E DCU_ContactsLogService: 	at etvr.l(:com.google.android.gms@242335038@24.23.35 (190400-646585959):101)
07-27 05:11:35.901  1571  2313 E DCU_ContactsLogService: 	at etvr.o(:com.google.android.gms@242335038@24.23.35 (190400-646585959):15)
07-27 05:11:35.901  1571  2313 E DCU_ContactsLogService: 	at etvq.run(:com.google.android.gms@242335038@24.23.35 (190400-646585959):120)
07-27 05:11:35.901  1571  2313 E DCU_ContactsLogService: 	at etxk.execute(:com.google.android.gms@242335038@24.23.35 (190400-646585959):1)
07-27 05:11:35.901  1571  2313 E DCU_ContactsLogService: 	at etvr.h(:com.google.android.gms@242335038@24.23.35 (190400-646585959):1)
07-27 05:11:35.901  1571  2313 E DCU_ContactsLogService: 	at etvr.l(:com.google.android.gms@242335038@24.23.35 (190400-646585959):101)
07-27 05:11:35.901  1571  2313 E DCU_ContactsLogService: 	at etvr.o(:com.google.android.gms@242335038@24.23.35 (190400-646585959):15)
07-27 05:11:35.901  1571  2313 E DCU_ContactsLogService: 	at etvw.e(:com.google.android.gms@242335038@24.23.35 (190400-646585959):1)
07-27 05:11:35.901  1571  2313 E DCU_ContactsLogService: 	at etvx.run(:com.google.android.gms@242335038@24.23.35 (190400-646585959):48)
07-27 05:11:35.901  1571  2313 E DCU_ContactsLogService: 	at etxk.execute(:com.google.android.gms@242335038@24.23.35 (190400-646585959):1)
07-27 05:11:35.901  1571  2313 E DCU_ContactsLogService: 	at etvr.h(:com.google.android.gms@242335038@24.23.35 (190400-646585959):1)
07-27 05:11:35.901  1571  2313 E DCU_ContactsLogService: 	at etvr.l(:com.google.android.gms@242335038@24.23.35 (190400-646585959):101)
07-27 05:11:35.901  1571  2313 E DCU_ContactsLogService: 	at etvr.o(:com.google.android.gms@242335038@24.23.35 (190400-646585959):15)
07-27 05:11:35.901  1571  2313 E DCU_ContactsLogService: 	at etvw.e(:com.google.android.gms@242335038@24.23.35 (190400-646585959):1)
07-27 05:11:35.901  1571  2313 E DCU_ContactsLogService: 	at etvx.run(:com.google.android.gms@242335038@24.23.35 (190400-646585959):48)
07-27 05:11:35.901  1571  2313 E DCU_ContactsLogService: 	at etxk.execute(:com.google.android.gms@242335038@24.23.35 (190400-646585959):1)
07-27 05:11:35.901  1571  2313 E DCU_ContactsLogService: 	at etvr.h(:com.google.android.gms@242335038@24.23.35 (190400-646585959):1)
07-27 05:11:35.901  1571  2313 E DCU_ContactsLogService: 	at etvr.l(:com.google.android.gms@242335038@24.23.35 (190400-646585959):101)
07-27 05:11:35.901  1571  2313 E DCU_ContactsLogService: 	at etvr.r(:com.google.android.gms@242335038@24.23.35 (190400-646585959):28)
07-27 05:11:35.901  1571  2313 E DCU_ContactsLogService: 	at etyh.run(:com.google.android.gms@242335038@24.23.35 (190400-646585959):5)
07-27 05:11:35.901  1571  2313 E DCU_ContactsLogService: 	at etxk.execute(:com.google.android.gms@242335038@24.23.35 (190400-646585959):1)
07-27 05:11:35.901  1571  2313 E DCU_ContactsLogService: 	at etvr.h(:com.google.android.gms@242335038@24.23.35 (190400-646585959):1)
07-27 05:11:35.901  1571  2313 E DCU_ContactsLogService: 	at etvr.l(:com.google.android.gms@242335038@24.23.35 (190400-646585959):101)
07-27 05:11:35.901  1571  2313 E DCU_ContactsLogService: 	at etvr.r(:com.google.android.gms@242335038@24.23.35 (190400-646585959):28)
07-27 05:11:35.901  1571  2313 E DCU_ContactsLogService: 	at etyh.run(:com.google.android.gms@242335038@24.23.35 (190400-646585959):5)
07-27 05:11:35.901  1571  2313 E DCU_ContactsLogService: 	at etxk.execute(:com.google.android.gms@242335038@24.23.35 (190400-646585959):1)
07-27 05:11:35.901  1571  2313 E DCU_ContactsLogService: 	at etvr.h(:com.google.android.gms@242335038@24.23.35 (190400-646585959):1)
07-27 05:11:35.901  1571  2313 E DCU_ContactsLogService: 	at etvr.l(:com.google.android.gms@242335038@24.23.35 (190400-646585959):101)
07-27 05:11:35.901  1571  2313 E DCU_ContactsLogService: 	at etvr.r(:com.google.android.gms@242335038@24.23.35 (190400-646585959):28)
07-27 05:11:35.901  1571  2313 E DCU_ContactsLogService: 	at etzu.e(:com.google.android.gms@242335038@24.23.35 (190400-646585959):5)
07-27 05:11:35.901  1571  2313 E DCU_ContactsLogService: 	at etyv.run(:com.google.android.gms@242335038@24.23.35 (190400-646585959):75)
07-27 05:11:35.901  1571  2313 E DCU_ContactsLogService: 	at etzw.run(:com.google.android.gms@242335038@24.23.35 (190400-646585959):5)
07-27 05:11:35.901  1571  2313 E DCU_ContactsLogService: 	at etxt.run(:com.google.android.gms@242335038@24.23.35 (190400-646585959):20)
07-27 05:11:35.901  1571  2313 E DCU_ContactsLogService: 	... 6 more
07-27 05:11:35.908  1044  3125 I NetworkScheduler.Stats: Task com.google.android.gms/com.google.android.gms.romanesco.ContactsLoggerUploadService finished executing. cause:5 result: 1 elapsed_millis: 593 uptime_millis: 593 exec_start_elapsed_seconds: 88 [CONTEXT service_id=218 ]
07-27 05:11:35.994  1044  2232 I NetworkScheduler.Stats: Task com.google.android.gms/com.google.android.gms.tapandpay.gcmtask.TapAndPayGcmTaskService started execution. cause:5 exec_start_elapsed_seconds: 89 [CONTEXT service_id=218 ]
07-27 05:11:36.004  1044  1234 W TapAndPay: NfcAdapter is null while obtaining CardEmulation instance. [CONTEXT service_id=79 ]
07-27 05:11:36.004  1044  1234 W TapAndPay: java.lang.NullPointerException: NfcAdapter is null
07-27 05:11:36.004  1044  1234 W TapAndPay: 	at android.nfc.cardemulation.CardEmulation.getInstance(CardEmulation.java:170)
07-27 05:11:36.004  1044  1234 W TapAndPay: 	at dhwn.<init>(:com.google.android.gms@242335038@24.23.35 (190400-646585959):15)
07-27 05:11:36.004  1044  1234 W TapAndPay: 	at com.google.android.gms.tapandpay.hce.task.TapAndPayAidRegistrationTaskOperation.a(:com.google.android.gms@242335038@24.23.35 (190400-646585959):50)
07-27 05:11:36.004  1044  1234 W TapAndPay: 	at com.google.android.gms.tapandpay.gcmtask.TapAndPayGcmTaskChimeraService.a(:com.google.android.gms@242335038@24.23.35 (190400-646585959):32)
07-27 05:11:36.004  1044  1234 W TapAndPay: 	at bpjj.call(:com.google.android.gms@242335038@24.23.35 (190400-646585959):32)
07-27 05:11:36.004  1044  1234 W TapAndPay: 	at java.util.concurrent.FutureTask.run(FutureTask.java:264)
07-27 05:11:36.004  1044  1234 W TapAndPay: 	at angs.c(:com.google.android.gms@242335038@24.23.35 (190400-646585959):50)
07-27 05:11:36.004  1044  1234 W TapAndPay: 	at angs.run(:com.google.android.gms@242335038@24.23.35 (190400-646585959):76)
07-27 05:11:36.004  1044  1234 W TapAndPay: 	at java.util.concurrent.ThreadPoolExecutor.runWorker(ThreadPoolExecutor.java:1145)
07-27 05:11:36.004  1044  1234 W TapAndPay: 	at java.util.concurrent.ThreadPoolExecutor$Worker.run(ThreadPoolExecutor.java:644)
07-27 05:11:36.004  1044  1234 W TapAndPay: 	at anmg.run(:com.google.android.gms@242335038@24.23.35 (190400-646585959):8)
07-27 05:11:36.004  1044  1234 W TapAndPay: 	at java.lang.Thread.run(Thread.java:1012)
07-27 05:11:36.010  1044  1234 I NetworkScheduler.Stats: Task com.google.android.gms/com.google.android.gms.tapandpay.gcmtask.TapAndPayGcmTaskService finished executing. cause:5 result: 3 elapsed_millis: 38 uptime_millis: 38 exec_start_elapsed_seconds: 89 [CONTEXT service_id=218 ]
07-27 05:11:36.077  1044  2232 I NetworkScheduler.Stats: Task com.google.android.gms/com.google.android.gms.tapandpay.gcmtask.TapAndPayGcmTaskService started execution. cause:5 exec_start_elapsed_seconds: 89 [CONTEXT service_id=218 ]
07-27 05:11:36.082  1044  3125 I NetworkScheduler.Stats: Task com.google.android.gms/com.google.android.gms.tapandpay.gcmtask.TapAndPayGcmTaskService finished executing. cause:5 result: 1 elapsed_millis: 25 uptime_millis: 25 exec_start_elapsed_seconds: 89 [CONTEXT service_id=218 ]
07-27 05:11:36.122  1044  2232 I NetworkScheduler.Stats: Task com.google.android.gms/com.google.android.gms.tapandpay.gcmtask.TapAndPayGcmTaskService started execution. cause:5 exec_start_elapsed_seconds: 89 [CONTEXT service_id=218 ]
07-27 05:11:36.134  1044  1234 I TapAndPay: deviceSupportsHce has detected emulator [CONTEXT service_id=79 ]
07-27 05:11:36.138  1044  2232 I NetworkScheduler.Stats: Task com.google.android.gms/com.google.android.gms.tapandpay.gcmtask.TapAndPayGcmTaskService finished executing. cause:5 result: 1 elapsed_millis: 26 uptime_millis: 26 exec_start_elapsed_seconds: 89 [CONTEXT service_id=218 ]
07-27 05:11:36.164  1044  3125 I NetworkScheduler.Stats: Task com.google.android.gms/com.google.android.gms.tapandpay.gcmtask.TapAndPayGcmTaskService started execution. cause:5 exec_start_elapsed_seconds: 89 [CONTEXT service_id=218 ]
07-27 05:11:36.167  1044  3125 W ChimeraUtils: Module com.google.android.gms.tapandpay missing resource null(0)
07-27 05:11:36.191  1044  2232 I NetworkScheduler.Stats: Task com.google.android.gms/com.google.android.gms.tapandpay.gcmtask.TapAndPayGcmTaskService finished executing. cause:5 result: 1 elapsed_millis: 35 uptime_millis: 35 exec_start_elapsed_seconds: 89 [CONTEXT service_id=218 ]
07-27 05:11:36.192  1571  2313 I Pay     : External corp badge is enabled: true [CONTEXT service_id=198 ]
07-27 05:11:36.234  1044  2062 W GLSUser : [DeviceKeyStore] Cannot load key: Device key file not found.
07-27 05:11:36.234  1044  2062 W GLSUser : [DeviceKeyStore] Cannot load key: Device key file not found.
07-27 05:11:36.246  1044  3125 I NetworkScheduler.Stats: Task com.google.android.gms/com.google.android.gms.pay.gcmtask.PayGcmTaskService started execution. cause:5 exec_start_elapsed_seconds: 89 [CONTEXT service_id=218 ]
07-27 05:11:36.262  1044  2232 I NetworkScheduler.Stats: Task com.google.android.gms/com.google.android.gms.pay.gcmtask.PayGcmTaskService finished executing. cause:5 result: 1 elapsed_millis: 29 uptime_millis: 29 exec_start_elapsed_seconds: 89 [CONTEXT service_id=218 ]
07-27 05:11:36.294  1044  3125 I NetworkScheduler.Stats: Task com.google.android.gms/com.google.android.gms.pay.gcmtask.PayGcmTaskService started execution. cause:5 exec_start_elapsed_seconds: 89 [CONTEXT service_id=218 ]
07-27 05:11:36.296  1571  3180 W Pay     : Active account was null, notification task will be cancelled. [CONTEXT service_id=198 ]
07-27 05:11:36.296  1571  3180 W Pay     : No account found on the task or the device. Notification task will not be rescheduled. [CONTEXT service_id=198 ]
07-27 05:11:36.298  1044  2232 I NetworkScheduler.Stats: Task com.google.android.gms/com.google.android.gms.pay.gcmtask.PayGcmTaskService finished executing. cause:5 result: 2 elapsed_millis: 16 uptime_millis: 16 exec_start_elapsed_seconds: 89 [CONTEXT service_id=218 ]
07-27 05:11:36.325  1044  3125 I NetworkScheduler.Stats: Task com.google.android.gms/com.google.android.gms.pay.gcmtask.PayGcmTaskService started execution. cause:5 exec_start_elapsed_seconds: 89 [CONTEXT service_id=218 ]
07-27 05:11:36.332  1044  1234 I NetworkScheduler.Stats: Task com.google.android.gms/com.google.android.gms.pay.gcmtask.PayGcmTaskService finished executing. cause:5 result: 1 elapsed_millis: 16 uptime_millis: 16 exec_start_elapsed_seconds: 89 [CONTEXT service_id=218 ]
07-27 05:11:36.357  1044  3125 I NetworkScheduler.Stats: Task com.google.android.gms/com.google.android.gms.pay.gcmtask.PayGcmTaskService started execution. cause:5 exec_start_elapsed_seconds: 89 [CONTEXT service_id=218 ]
07-27 05:11:36.358  1571  3180 I Pay     : Device does not support HCE. [CONTEXT service_id=198 ]
07-27 05:11:36.368  1044  1234 I NetworkScheduler.Stats: Task com.google.android.gms/com.google.android.gms.pay.gcmtask.PayGcmTaskService finished executing. cause:5 result: 2 elapsed_millis: 20 uptime_millis: 20 exec_start_elapsed_seconds: 89 [CONTEXT service_id=218 ]
07-27 05:11:36.401  1044  3125 I NetworkScheduler.Stats: Task com.google.android.gms/com.google.android.gms.pay.gcmtask.PayGcmTaskService started execution. cause:5 exec_start_elapsed_seconds: 89 [CONTEXT service_id=218 ]
07-27 05:11:36.411  1571  2313 I AlarmManager: set [name: SystemMemoryCache type: 2 triggerAtMillis: 315360089542 windowMillis: -1 intervalMillis: 0]
07-27 05:11:36.554  1044  1051 I .gms.persistent: Background concurrent mark compact GC freed 15MB AllocSpace bytes, 24(1120KB) LOS objects, 49% free, 14MB/29MB, paused 530us,2.459ms total 205.442ms
07-27 05:11:36.577  1044  1234 I NetworkScheduler.Stats: Task com.google.android.gms/com.google.android.gms.pay.gcmtask.PayGcmTaskService finished executing. cause:5 result: 1 elapsed_millis: 183 uptime_millis: 183 exec_start_elapsed_seconds: 89 [CONTEXT service_id=218 ]
07-27 05:11:36.636   576   656 D OomAdjuster: Not killing cached processes
07-27 05:11:36.638  1044  3125 I NetworkScheduler.Stats: Task com.google.android.gms/com.google.android.gms.pay.gcmtask.PayGcmTaskService started execution. cause:5 exec_start_elapsed_seconds: 89 [CONTEXT service_id=218 ]
07-27 05:11:36.646  1571  3180 W Pay     : Active account was null, notification task will be cancelled. [CONTEXT service_id=198 ]
07-27 05:11:36.702  1571  1571 D BoundBrokerSvc: onBind: Intent { act=com.google.android.gms.audit.service.START dat=chimera-action:/... cmp=com.google.android.gms/.chimera.GmsBoundBrokerService }
07-27 05:11:36.702  1571  1571 D BoundBrokerSvc: Loading bound service for intent: Intent { act=com.google.android.gms.audit.service.START dat=chimera-action:/... cmp=com.google.android.gms/.chimera.GmsBoundBrokerService }
07-27 05:11:36.703  1571  3180 I Pay     : [SeTosMigration] walletJpEligibility is not enabled [CONTEXT service_id=198 ]
07-27 05:11:36.712  1571  3180 I Pay     : Wallet install state NOT_INSTALLED [CONTEXT service_id=198 ]
07-27 05:11:36.720  1571  3180 I Pay     : Migration flag not enabled. [CONTEXT service_id=198 ]
07-27 05:11:36.724  1044  1234 I NetworkScheduler.Stats: Task com.google.android.gms/com.google.android.gms.pay.gcmtask.PayGcmTaskService finished executing. cause:5 result: 1 elapsed_millis: 106 uptime_millis: 106 exec_start_elapsed_seconds: 89 [CONTEXT service_id=218 ]
07-27 05:11:36.762  1044  1044 D BoundBrokerSvc: onUnbind: Intent { act=com.google.android.gms.common.telemetry.service.START dat=chimera-action:/... cmp=com.google.android.gms/.chimera.PersistentApiService }
07-27 05:11:36.769  1571  1897 I CryptauthV2: [DeviceSyncController] Device sync completed, sending broadcast
07-27 05:11:36.979  1044  1146 I NetworkScheduler.Stats: Task com.google.android.gms/com.google.android.gms.auth.proximity.firstparty.CryptauthDeviceSyncService finished executing. cause:5 result: 1 elapsed_millis: 1687 uptime_millis: 1687 exec_start_elapsed_seconds: 88 [CONTEXT service_id=218 ]
07-27 05:11:37.054  1044  2717 I ProximityAuth: [FeatureEnabledController] Updating previously enabled features ([]) and with enabled features synced from Cryptauth ([]) [CONTEXT service_id=108 ]
07-27 05:11:37.083  1044  1146 I NetworkScheduler.Stats: Task com.google.android.gms/com.google.android.gms.udc.service.UdcContextInitService started execution. cause:5 exec_start_elapsed_seconds: 90 [CONTEXT service_id=218 ]
07-27 05:11:37.281  1044  2717 I ProximityAuth: [FeatureLoader] auth_easyunlock module load status: 2
07-27 05:11:37.303  1044  1044 I ProximityAuth: [PhoneHubService] Handling intent for PhoneHubChimeraService.
07-27 05:11:37.312  1044  1146 I ProximityAuth: [PhoneHubService] No enabled account, stopping service
07-27 05:11:37.364  1044  1044 I ProximityAuth: [PhoneHubService] Destroying PhoneHubChimeraService.
07-27 05:11:37.364  1044  1044 W ProximityAuth: [PhoneHubNotificationProcessor] shutdown(): context is null.
07-27 05:11:37.364  1044  1044 I ProximityAuth: [PhoneHubService] All devices have disconnected. Performing cleanup...
07-27 05:11:37.365  1044  1044 W ChimeraUtils: Module com.google.android.gms.auth_proximity missing resource null(0)
07-27 05:11:37.374  1044  2232 I NetworkScheduler.Stats: Task com.google.android.gms/com.google.android.gms.clearcut.uploader.QosUploaderService started execution. cause:5 exec_start_elapsed_seconds: 90 [CONTEXT service_id=218 ]
07-27 05:11:37.492  1044  2717 I AlarmManager: set [name: SystemMemoryCache type: 2 triggerAtMillis: 315360090624 windowMillis: -1 intervalMillis: 0]
07-27 05:11:37.618  1044  3125 I NetworkScheduler.Stats: Task com.google.android.gms/com.google.android.gms.clearcut.uploader.QosUploaderService finished executing. cause:5 result: 1 elapsed_millis: 320 uptime_millis: 320 exec_start_elapsed_seconds: 90 [CONTEXT service_id=218 ]
07-27 05:11:37.717  1044  3189 I ProximityAuth: [BetterTogetherSetup] Trying to disable
07-27 05:11:37.894  1044  2466 I FacsCacheGmsModule: Receiving API connection to FACS API from package 'com.google.android.gms'...
07-27 05:11:37.898  1571  3164 I FacsCacheGmsModule: Receiving API connection to internal FACS API...
07-27 05:11:37.900  1044  2466 I FacsCacheGmsModule: API connection successful!
07-27 05:11:37.900  1571  3164 I FacsCacheGmsModule: API connection successful!
07-27 05:11:37.901  1044  2466 I FacsCacheGmsModule: Received 'readDeviceLevelSettings' request from package 'com.google.android.gms'...
07-27 05:11:37.902  1044  2466 I FacsCacheGmsModule: Operation 'readDeviceLevelSettings' dispatched!
07-27 05:11:37.903  1044  2441 I FacsCacheGmsModule: Executing operation 'ReadDeviceLevelSettingsOperation'...
07-27 05:11:37.930  1044  2441 I FacsCacheGmsModule: Operation 'ReadDeviceLevelSettingsOperation' successful!
07-27 05:11:37.933  1571  2084 I GmsCoreXrpcWrapper: Returning a channel provider with trafficStatsTag=4097 trafficStatsUid=-1
07-27 05:11:37.983  1044  1044 I MagicTether: [AutoDisconnectIntentOperation] Canceling task. [CONTEXT service_id=276 ]
07-27 05:11:38.042  1044  2717 I MagicTether: [AutoDisconnectIntentOperation] Canceling task. [CONTEXT service_id=276 ]
07-27 05:11:38.129   380  3193 I resolv  : GetAddrInfoHandler::run: {100 786532 100 983140 10144 0}
07-27 05:11:38.130   380  3194 I resolv  : res_nmkquery: (QUERY, IN, AAAA)
07-27 05:11:38.131   380  3195 I resolv  : res_nmkquery: (QUERY, IN, A)
07-27 05:11:38.141   380  3194 I resolv  : res_nsend: used send_dg 270 terrno: 0
07-27 05:11:38.141   380  3194 I resolv  : doQuery: rcode=0, ancount=8, return value=270
07-27 05:11:38.144   380  3195 I resolv  : res_nsend: used send_dg 174 terrno: 0
07-27 05:11:38.146   380  3195 I resolv  : doQuery: rcode=0, ancount=8, return value=174
07-27 05:11:38.164  1571  3173 D TrafficStats: tagSocket(119) with statsTag=0x28001001, statsUid=-1
07-27 05:11:38.228  1571  3173 D TrafficStats: tagSocket(191) with statsTag=0x28001001, statsUid=-1
07-27 05:11:38.405  1571  3173 I cr_CronetUrlRequestContext: destroyNativeStreamLocked org.chromium.net.impl.CronetBidirectionalStream@6b8c46e
07-27 05:11:38.428  1044  2466 I FacsCacheGmsModule: Received 'writeDeviceLevelSettings' request from package 'com.google.android.gms'...
07-27 05:11:38.428  1044  2466 I FacsCacheGmsModule: Operation 'writeDeviceLevelSettings' dispatched!
07-27 05:11:38.429  1044  2017 I FacsCacheGmsModule: Executing operation 'WriteDeviceLevelSettingsOperation'...
07-27 05:11:38.450  1044  2017 I FacsCacheGmsModule: Operation 'WriteDeviceLevelSettingsOperation' successful!
07-27 05:11:38.470  1571  3191 I DCU_IntentOperation: handleUdcSettingChanged: Udc flag is enabled [CONTEXT service_id=135 ]
07-27 05:11:38.579  1571  3181 I DCU_IntentOperation: SPE one-time sync 2 scheduled [CONTEXT service_id=135 ]
07-27 05:11:38.612  1558  1558 W JobInfo : Job 'com.google.android.googlequicksearchbox/com.google.android.apps.gsa.tasks.BackgroundTasksJobService#-47' has a deadline with functional constraints and an extremely short time window of 0 ms (delay=10000, deadline=10000). The functional constraints are not likely to be satisfied when the job runs.
07-27 05:11:38.632   576   592 W JobInfo : Job 'com.google.android.googlequicksearchbox/com.google.android.apps.gsa.tasks.BackgroundTasksJobService#-47' has a deadline with functional constraints and an extremely short time window of 0 ms (delay=10000, deadline=10000). The functional constraints are not likely to be satisfied when the job runs.
07-27 05:11:38.689   576   592 W JobInfo : Job 'com.google.android.googlequicksearchbox/com.google.android.apps.gsa.tasks.BackgroundTasksJobService#-47' has a deadline with functional constraints and an extremely short time window of 0 ms (delay=10000, deadline=10000). The functional constraints are not likely to be satisfied when the job runs.
07-27 05:11:38.718  1044  3125 I NetworkScheduler.Stats: Task com.google.android.gms/com.google.android.gms.udc.service.UdcContextInitService finished executing. cause:5 result: 1 elapsed_millis: 1760 uptime_millis: 1760 exec_start_elapsed_seconds: 90 [CONTEXT service_id=218 ]
07-27 05:11:40.306  1571  3123 I ChimeraConfigurator: Starting update, reason: 4 urgentFeatures: vision.ocr:-1
07-27 05:11:40.362  1571  3123 I ChimeraConfigurator: Detected pending changes for urgent request: [vision.ocr]. Pending module sets: container:2423359190400+mlkit.ocr.common+vision.ocr,tflite_dynamite:2605805025100400+tflite_dynamite
07-27 05:11:40.380  1571  3123 I GmsDebugLogger: [73] 1801
07-27 05:11:40.386  1571  3123 W ZappDownloader: No successful Zapp module downloads for requested modules [VisionOcr.optional:242335100000:permitMetered, TfliteDynamiteDynamite.integ:260580502100400:permitMetered, MlkitOcrCommon.optional:242335100400:permitMetered].
07-27 05:11:40.386  1571  3123 I GmsDebugLogger: [30] [VisionOcr.optional:242335100000],[TfliteDynamiteDynamite.integ:260580502100400],[MlkitOcrCommon.optional:242335100400]
07-27 05:11:40.396  1571  3123 W ChimeraConfigService: Retry attempt was throttled. [CONTEXT service_id=264 ]
07-27 05:11:40.398  1571  3123 I GmsDebugLogger: [83] 1 [vision.ocr]
07-27 05:11:40.405  1571  3191 W Vision  : Request for optional module download of ocr failed. Request again.
07-27 05:11:40.406  1571  3191 W Vision  : Would have logged:
07-27 05:11:40.406  1571  3191 W Vision  : # fbxl@37884fe7
07-27 05:11:40.406  1571  3191 I Vision  : Schedule retrying download ocr at 93538 with backoff 20 seconds
--------- beginning of kernel
07-27 05:11:40.561  2828  2828 I logd    : start watching /data/system/packages.list ...
07-27 05:11:40.562  2828  2828 I logd    : ReadPackageList, total packages: 215
07-27 05:11:40.599  1571  1571 I NearbySharing: SharingTileService destroyed [CONTEXT service_id=194 ]
07-27 05:11:41.122  1044  3127 I NearbyMediums: No BLE Fast/GATT advertisements found in the latest cycle.
07-27 05:11:41.726   576   607 D OomAdjuster: Not killing cached processes
07-27 05:11:41.757   380   457 I netd    : tetherGetStats() -> {[]} <2.03ms>
07-27 05:11:42.177  1436  1476 I IPCThreadState: oneway function results for code 2 on binder at 0xb400007cc30d0180 will be dropped but finished with status UNKNOWN_TRANSACTION
07-27 05:11:44.757  1044  1044 D BoundBrokerSvc: onUnbind: Intent { act=com.google.android.gms.time.trustedtime.singleuserapi.service.START dat=chimera-action:/... cmp=com.google.android.gms/.chimera.PersistentSingleUserInternalApiService }
07-27 05:11:44.762  1044  1044 D BoundBrokerSvc: onUnbind: Intent { act=com.google.android.gms.time.trustedtime.service.START dat=chimera-action:/... cmp=com.google.android.gms/.chimera.PersistentApiService }
07-27 05:11:45.891   576   674 D ActivityManager: freezing 1165 com.google.android.permissioncontroller
07-27 05:11:45.906   576   730 D InetDiagMessage: Destroyed 0 sockets, proto=IPPROTO_TCP, family=AF_INET, states=14
07-27 05:11:45.907   576   730 D InetDiagMessage: Destroyed 0 sockets, proto=IPPROTO_TCP, family=AF_INET6, states=14
07-27 05:11:45.907   576   730 D InetDiagMessage: Destroyed live tcp sockets for uids={10205} in 1ms
07-27 05:11:46.898   188  3188 I keystore2: system/security/keystore2/watchdog/src/lib.rs:319 - Watchdog thread idle -> terminating. Have a great day.
07-27 05:11:46.959   576   592 D OomAdjuster: Not killing cached processes
07-27 05:11:47.222  1571  1571 D BoundBrokerSvc: onUnbind: Intent { act=com.google.android.gms.chimera.container.moduleinstall.ModuleInstallService.START dat=chimera-action:/... cmp=com.google.android.gms/.chimera.GmsApiService }
07-27 05:11:47.242   576   730 D InetDiagMessage: Destroyed 0 sockets, proto=IPPROTO_TCP, family=AF_INET, states=14
07-27 05:11:47.243   576   730 D InetDiagMessage: Destroyed 0 sockets, proto=IPPROTO_TCP, family=AF_INET6, states=14
07-27 05:11:47.243   576   730 D InetDiagMessage: Destroyed live tcp sockets for uids={10142} in 8ms
07-27 05:11:47.245   576   730 D InetDiagMessage: Destroyed 0 sockets, proto=IPPROTO_TCP, family=AF_INET, states=14
07-27 05:11:47.245   576   730 D InetDiagMessage: Destroyed 0 sockets, proto=IPPROTO_TCP, family=AF_INET6, states=14
07-27 05:11:47.246   576   730 D InetDiagMessage: Destroyed live tcp sockets for uids={20142} in 3ms
07-27 05:11:47.269  1571  1571 D BoundBrokerSvc: onUnbind: Intent { act=com.google.android.mobstore.service.START dat=chimera-action:/... cmp=com.google.android.gms/.chimera.GmsBoundBrokerService }
07-27 05:11:47.749  1044  1044 D BoundBrokerSvc: onUnbind: Intent { act=com.google.android.gms.udc.service.START dat=chimera-action:/... cmp=com.google.android.gms/.chimera.PersistentApiService }
07-27 05:11:48.612  1571  1571 D BoundBrokerSvc: onUnbind: Intent { act=com.google.android.gms.auth.service.START pkg=com.google.android.gms }
07-27 05:11:48.767  1558  1558 I BgTaskExecutorImpl: (REDACTED) Starting %s background task %s.
07-27 05:11:48.841  1450  1840 I IPCThreadState: oneway function results for code 2 on binder at 0xb400007cc30a4fe0 will be dropped but finished with status UNKNOWN_TRANSACTION
07-27 05:11:48.985  1044  2466 I FacsCacheGmsModule: Receiving API connection to FACS API from package 'com.google.android.googlequicksearchbox'...
07-27 05:11:48.986  1044  2466 I FacsCacheGmsModule: API connection successful!
07-27 05:11:49.017  1571  3164 I FacsCacheGmsModule: Receiving API connection to internal FACS API...
07-27 05:11:49.024  1571  3164 I FacsCacheGmsModule: API connection successful!
07-27 05:11:49.075  1044  2466 I FacsCacheGmsModule: Received 'getActivityControlsSettings' request from package 'com.google.android.googlequicksearchbox', instance id 'AGSA_UDC_INSTANCE', version '1'...
07-27 05:11:49.076  1044  2466 I FacsCacheGmsModule: Operation 'getActivityControlsSettings' dispatched!
07-27 05:11:49.076  1044  3060 I FacsCacheGmsModule: Executing operation 'GetActivityControlsSettingsOperation'...
07-27 05:11:49.093  1044  3060 I FacsCacheGmsModule: Operation 'GetActivityControlsSettingsOperation' successful!
07-27 05:11:49.116   576   592 W JobScheduler: Job didn't exist in JobStore: aa1eefd #u0a143/-47 com.google.android.googlequicksearchbox/com.google.android.apps.gsa.tasks.BackgroundTasksJobService
07-27 05:11:49.480  1558  1564 W System  : A resource failed to call CursorWindow.close. 
07-27 05:11:49.482  1558  1564 E DataBuffer: Internal data leak within a DataBuffer object detected!  Be sure to explicitly call release() on all DataBuffer extending objects when you are done with them. (internal object: com.google.android.gms.common.data.DataHolder@eec8ca5)
07-27 05:11:50.185   953   953 E PhoneInterfaceManager: queryModemActivityInfo: invalid response
07-27 05:11:50.186   576  1720 D TelephonyManager: requestModemActivityInfo: Sending result to app: ModemActivityInfo{ mTimestamp=70801 mSleepTimeMs=0 mIdleTimeMs=70358 mActivityStatsTechSpecificInfo=[{mRat=UNKNOWN,mFrequencyRange=UNKNOWN,mTxTimeMs[]=[0, 0, 0, 0, 0],mRxTimeMs=0}]}
07-27 05:11:50.219   380   457 I netd    : tetherGetStats() -> {[]} <10.78ms>
07-27 05:11:50.631  1571  1571 D BoundBrokerSvc: onUnbind: Intent { act=com.google.android.gms.people.contactssync.service.START dat=chimera-action:/... cmp=com.google.android.gms/.chimera.GmsBoundBrokerService }
07-27 05:11:51.148  1044  3060 I NearbyMediums: No BLE Fast/GATT advertisements found in the latest cycle.
07-27 05:11:51.737  1044  1044 D BoundBrokerSvc: onUnbind: Intent { act=com.google.android.gms.tapandpay.service.BIND dat=chimera-action:/... cmp=com.google.android.gms/.chimera.PersistentApiService }
07-27 05:11:51.964  1571  1571 D BoundBrokerSvc: onUnbind: Intent { act=com.google.android.gms.audit.service.START dat=chimera-action:/... cmp=com.google.android.gms/.chimera.GmsBoundBrokerService }
07-27 05:11:51.966   576  1720 D OomAdjuster: Not killing cached processes
07-27 05:11:52.002   820  1047 D EGL_emulation: app_time_stats: avg=16027.86ms min=110.00ms max=31945.72ms count=2
07-27 05:11:52.187   576   674 D ActivityManager: freezing 1876 com.google.android.as.oss
07-27 05:11:53.461  1044  1044 D BoundBrokerSvc: onUnbind: Intent { act=com.google.android.gms.facs.cache.service.START dat=chimera-action:/... cmp=com.google.android.gms/.chimera.PersistentApiService }
07-27 05:11:53.602  1044  1044 D BoundBrokerSvc: onUnbind: Intent { act=com.google.android.gms.libs.gmscorelogger.service.START dat=chimera-action:/... cmp=com.google.android.gms/.chimera.PersistentDirectBootAwareApiService }
07-27 05:11:54.366  2769  2775 I ology.sinsinapp: Background concurrent mark compact GC freed 4380KB AllocSpace bytes, 0(0B) LOS objects, 49% free, 6655KB/12MB, paused 477us,8.847ms total 280.985ms
07-27 05:11:58.337  1571  3180 I ChimeraPrvdrProxy: Shutting down chimera ContentProvider com.google.android.gms.reminders.provider.RemindersChimeraProvider
07-27 05:11:59.152   576   674 D ActivityManager: freezing 1558 com.google.android.googlequicksearchbox:search
07-27 05:12:00.106  1436  1698 I AiAiEcho: Predicting[0]:  [CONTEXT sampling_count=5 ]
07-27 05:12:00.107  1436  1698 I AiAiEcho: EchoTargets: 
07-27 05:12:00.107  1436  1698 I AiAiEcho: Filtered by AiAi flag check: 
07-27 05:12:00.107  1436  1698 I AiAiEcho: [CONTEXT ratelimit_period="10 SECONDS" ]
07-27 05:12:00.108  1436  1698 I AiAiEcho: Ranked targets strategy: SORT, count: 0, ranking metadata:  [CONTEXT ratelimit_period="10 SECONDS" ]
07-27 05:12:00.113  1436  1698 I AiAiEcho: #remoteViewsTwiddler: feature disabled.
07-27 05:12:00.114  1436  1698 I AiAiEcho: Predicting[0]:  [CONTEXT sampling_count=5 ]
07-27 05:12:00.114  1436  1698 I AiAiEcho: EchoTargets: 
07-27 05:12:00.114  1436  1698 I AiAiEcho: Filtered by AiAi flag check: 
07-27 05:12:00.114  1436  1698 I AiAiEcho: [CONTEXT ratelimit_period="10 SECONDS" ]
07-27 05:12:00.114  1436  1698 I AiAiEcho: Ranked targets strategy: SORT, count: 0, ranking metadata:  [CONTEXT ratelimit_period="10 SECONDS" ]
07-27 05:12:00.114  1436  1698 I AiAiEcho: #remoteViewsTwiddler: feature disabled.
07-27 05:12:00.115  1436  1698 I AiAiEcho: #postPredictionTargets: Sending updates to UISurface lockscreen with targets# 0 (types=[])
07-27 05:12:00.117  1436  1698 I AiAiEcho: #postPredictionTargets: Sending updates to UISurface home with targets# 0 (types=[])
07-27 05:12:00.122  1306  1306 D SsBaseTemplateCard: No text view can be set up
07-27 05:12:00.123  1306  1306 D SsBaseTemplateCard: Passed-in item info is null
07-27 05:12:00.123  1306  1306 D SsBaseTemplateCard: Passed-in item info is null
07-27 05:12:00.123  1306  1306 D SsBaseTemplateCard: Passed-in item info is null
07-27 05:12:00.123  1306  1306 I SsBaseTemplateCard: Secondary card pane is null
07-27 05:12:00.189   820   820 W PageIndicator: Total number of pages invalid: 0. Assuming 1 page.
07-27 05:12:00.223   820  1047 D EGL_emulation: app_time_stats: avg=8219.84ms min=8219.84ms max=8219.84ms count=1
07-27 05:12:01.151  1044  3060 I NearbyMediums: No BLE Fast/GATT advertisements found in the latest cycle.
07-27 05:12:02.894  1462  2209 I BugleRcsEngine: delay time out, reset attempts 1 and process SIM event [CONTEXT thread_id=62 ]
07-27 05:12:02.898  1462  2209 I BugleRcsEngine: process intent: android.intent.action.SIM_STATE_CHANGED [CONTEXT log_prefix="(Sim)" thread_id=62 ]
07-27 05:12:02.934  1462  2209 I BugleRcsEngine: Processing an intent [CONTEXT log_prefix="(Sim)" thread_id=62 ]
07-27 05:12:02.936  1462  2209 I BugleRcsEngine: Ignoring duplicate SIM state: LOADED [CONTEXT log_prefix="(Sim)" thread_id=62 ]
07-27 05:12:04.102   576   643 D OomAdjuster: Not killing cached processes
07-27 05:12:04.108  1571  1571 D BoundBrokerSvc: onUnbind: Intent { act=com.google.android.gms.facs.internal.service.START dat=chimera-action:/... cmp=com.google.android.gms/.chimera.GmsInternalApiService }
07-27 05:12:04.413  2769  3001 W unknown:BridgelessReact: ReactHost{0}.loadJSBundleFromMetro(): Creating BundleLoader
07-27 05:12:04.417  2769  3063 W unknown:BridgelessReact: ReactHost{0}.getOrCreateReactInstanceTask(): Creating BridgelessReactContext
07-27 05:12:04.422  2769  3063 W unknown:BridgelessReact: ReactHost{0}.getOrCreateReactInstanceTask(): Creating ReactInstance
07-27 05:12:04.607  2769  3063 I ExpoModulesCore: ✅ AppContext was initialized
07-27 05:12:04.683  2769  3063 W unknown:BridgelessReact: ReactHost{0}.getOrCreateReactInstanceTask(): Loading JS Bundle
07-27 05:12:04.684  2769  3063 W unknown:BridgelessReact: ReactHost{0}.getOrCreateReactInstanceTask(): DevSupportManager.onNewReactContextCreated()
07-27 05:12:04.692  2769  2769 W unknown:ReactNative: Packager connection already open, nooping.
07-27 05:12:04.693  2769  3063 W unknown:BridgelessReact: ReactHost{0}.startSurface(surfaceId = 0): Execute
07-27 05:12:04.693  2769  2769 W unknown:BridgelessReact: ReactHost{0}.ReactContext.onHostResume()
07-27 05:12:04.701  2769  2769 W unknown:BridgelessReact: ReactHost{0}.getOrCreateReactInstanceTask(): Executing ReactInstanceEventListeners
07-27 05:12:04.714  2769  3001 D TrafficStats: tagSocket(142) with statsTag=0xffffffff, statsUid=-1
07-27 05:12:05.051   380   457 I netd    : tetherGetStats() -> {[]} <4.76ms>
07-27 05:12:05.064   380   457 I netd    : bandwidthSetGlobalAlert(2097152) <0.60ms>
07-27 05:12:05.292  1044  1044 D BoundBrokerSvc: onBind: Intent { act=com.google.android.gms.time.trustedtime.singleuserapi.service.TrustedTimeMaintenanceTaskService.ACTION_TASK_READY dat=chimera-action:/... cmp=com.google.android.gms/.chimera.PersistentInternalBoundBrokerService }
07-27 05:12:05.293  1044  1044 D BoundBrokerSvc: Loading bound service for intent: Intent { act=com.google.android.gms.time.trustedtime.singleuserapi.service.TrustedTimeMaintenanceTaskService.ACTION_TASK_READY dat=chimera-action:/... cmp=com.google.android.gms/.chimera.PersistentInternalBoundBrokerService }
07-27 05:12:05.308  1044  2017 I NetworkScheduler.Stats: Task com.google.android.gms/com.google.android.gms.time.trustedtime.singleuserapi.service.TrustedTimeMaintenanceTaskService started execution. cause:4 exec_start_elapsed_seconds: 118 [CONTEXT service_id=218 ]
07-27 05:12:05.315  1044  3211 I TrustedTime: Trusted time maintenance task executing [CONTEXT service_id=326 ]
07-27 05:12:05.316  1044  3211 I TrustedTime: TrustedTimeStateMachine onRunOneOffNetworkTimeUpdateTask() [CONTEXT service_id=326 ]
07-27 05:12:05.327  1571  3209 I ChimeraConfigurator: Starting update, reason: 4 urgentFeatures: vision.ocr:-1
07-27 05:12:05.328   380  3212 I resolv  : GetAddrInfoHandler::run: {100 786532 100 983140 10144 0}
07-27 05:12:05.329   380  3214 I resolv  : res_nmkquery: (QUERY, IN, A)
07-27 05:12:05.330   380  3213 I resolv  : res_nmkquery: (QUERY, IN, AAAA)
07-27 05:12:05.330  1044  3201 I NetworkScheduler.Stats: Task com.google.android.gms/com.google.android.gms.ads.social.GcmSchedulerWakeupService started execution. cause:4 exec_start_elapsed_seconds: 118 [CONTEXT service_id=218 ]
07-27 05:12:05.335   576   730 D InetDiagMessage: Destroyed 0 sockets, proto=IPPROTO_TCP, family=AF_INET, states=14
07-27 05:12:05.337   576   730 D InetDiagMessage: Destroyed 0 sockets, proto=IPPROTO_TCP, family=AF_INET6, states=14
07-27 05:12:05.337   576   730 D InetDiagMessage: Destroyed live tcp sockets for uids={10142} in 4ms
07-27 05:12:05.339   380  3213 I resolv  : res_nsend: used send_dg 145 terrno: 0
07-27 05:12:05.340   380  3214 I resolv  : res_nsend: used send_dg 97 terrno: 0
07-27 05:12:05.340   380  3214 I resolv  : doQuery: rcode=0, ancount=4, return value=97
07-27 05:12:05.341   380  3213 I resolv  : doQuery: rcode=0, ancount=4, return value=145
07-27 05:12:05.348  1044  3211 D TrafficStats: tagSocket(101) with statsTag=0x20010101, statsUid=-1
07-27 05:12:05.365  1044  1044 D BoundBrokerSvc: onBind: Intent { act=com.google.android.gms.presencemanager.service.START dat=chimera-action:/... cmp=com.google.android.gms/.chimera.PersistentApiService }
07-27 05:12:05.365  1044  1044 D BoundBrokerSvc: Loading bound service for intent: Intent { act=com.google.android.gms.presencemanager.service.START dat=chimera-action:/... cmp=com.google.android.gms/.chimera.PersistentApiService }
07-27 05:12:05.377  1571  3209 I ChimeraConfigurator: Detected pending changes for urgent request: [vision.ocr]. Pending module sets: container:2423359190400+mlkit.ocr.common+vision.ocr,tflite_dynamite:2605805025100400+tflite_dynamite
07-27 05:12:05.428  1044  1044 D BoundBrokerSvc: onBind: Intent { act=com.google.android.gms.presencemanager.service.INTERNAL_IDENTITY dat=chimera-action:/... cmp=com.google.android.gms/.chimera.PersistentApiService }
07-27 05:12:05.428  1044  1044 D BoundBrokerSvc: Loading bound service for intent: Intent { act=com.google.android.gms.presencemanager.service.INTERNAL_IDENTITY dat=chimera-action:/... cmp=com.google.android.gms/.chimera.PersistentApiService }
07-27 05:12:05.431  1571  3209 I GmsDebugLogger: [73] 1801
07-27 05:12:05.447  1571  3209 W ZappDownloader: No successful Zapp module downloads for requested modules [VisionOcr.optional:242335100000:permitMetered, TfliteDynamiteDynamite.integ:260580502100400:permitMetered, MlkitOcrCommon.optional:242335100400:permitMetered].
07-27 05:12:05.448  1571  3209 I GmsDebugLogger: [30] [VisionOcr.optional:242335100000],[TfliteDynamiteDynamite.integ:260580502100400],[MlkitOcrCommon.optional:242335100400]
07-27 05:12:05.449  1044  3211 I TrustedTime: SntpTimeSignal: SntpTimeSignalImpl{serverSocketAddress=time.google.com/216.239.35.12:123, response=NtpMessage{header=NtpHeader{leapIndicator=0, versionNumber=3, mode=4, stratum=1, pollInterval=Duration{seconds=1, nanosOfSecond=0}, precisionExponent=-20, rootDelay=Duration{seconds=0, nanosOfSecond=0}, rootDispersion=Duration{seconds=0, nanosOfSecond=76293}, referenceIdentifier='GOOG', referenceTimestamp=ee10e896.58084d4c, originateTimestamp=8f2fbdbd.0b90a712, receiveTimestamp=ee10e896.58084d4d, transmitTimestamp=ee10e896.58084d4f}}, resultTicks=Ticks{originalTicker=PlatformTicker, value=118569006056}, resultInstant=Instant{seconds=1785096726, nanosOfSecond=387233136}, clientOffset=Duration{seconds=0, nanosOfSecond=951520219}, totalTransactionDuration=Duration{seconds=0, nanosOfSecond=86712917}, roundTripDuration=Duration{seconds=0, nanosOfSecond=86712917}, responseInstant=Instant{seconds=1785096725, nanosOfSecond=435712917}} [CONTEXT service_id=326 ]
07-27 05:12:05.450  1044  3211 I TrustedTime: Client ticker: PlatformTicker [CONTEXT service_id=326 ]
07-27 05:12:05.450  1044  3211 I TrustedTime: Client instant source: PlatformInstantSource [CONTEXT service_id=326 ]
07-27 05:12:05.450  1044  3211 I TrustedTime: Server instant: Instant{seconds=1785096726, nanosOfSecond=387233136} [CONTEXT service_id=326 ]
07-27 05:12:05.450  1044  3211 I TrustedTime: At ticks: Ticks{originalTicker=PlatformTicker, value=118569006056} [CONTEXT service_id=326 ]
07-27 05:12:05.450  1044  3211 I TrustedTime: Current ticks: Ticks{originalTicker=PlatformTicker, value=118582350389} [CONTEXT service_id=326 ]
07-27 05:12:05.450  1044  3211 I TrustedTime: Offset between client and server: Duration{seconds=0, nanosOfSecond=951520219} [CONTEXT service_id=326 ]
07-27 05:12:05.450  1044  3211 I TrustedTime: Client instant now: Instant{seconds=1785096725, nanosOfSecond=450000000} [CONTEXT service_id=326 ]
07-27 05:12:05.451  1044  3211 I TrustedTime: Network time update is successful. Scheduling next task. [CONTEXT service_id=326 ]
07-27 05:12:05.462  1571  3209 W ChimeraConfigService: Retry attempt was throttled. [CONTEXT service_id=264 ]
07-27 05:12:05.466  1571  3209 I GmsDebugLogger: [83] 1 [vision.ocr]
07-27 05:12:05.469  1571  3208 W Vision  : Request for optional module download of ocr failed. Request again.
07-27 05:12:05.470  1571  3208 W Vision  : Would have logged:
07-27 05:12:05.470  1571  3208 W Vision  : # fbxl@37884fe7
07-27 05:12:05.471  1571  3208 I Vision  : Schedule retrying download ocr at 118603 with backoff 40 seconds
07-27 05:12:05.543  1044  3211 I TrustedTime: Attempting to schedule one-off maintenance task [CONTEXT service_id=326 ]
07-27 05:12:05.543  1044  3211 I TrustedTime: Scheduling maintenance task 'OneOffTrustedTimeMaintenanceTask' [CONTEXT service_id=326 ]
07-27 05:12:05.551  1044  1044 D BoundBrokerSvc: onUnbind: Intent { act=com.google.android.gms.time.trustedtime.singleuserapi.service.TrustedTimeMaintenanceTaskService.ACTION_TASK_READY dat=chimera-action:/... cmp=com.google.android.gms/.chimera.PersistentInternalBoundBrokerService }
07-27 05:12:05.559  1044  1044 I TrustedTime: TrustedTimeMaintenanceTaskService destroyed [CONTEXT service_id=326 ]
07-27 05:12:05.565  1044  3211 I NetworkScheduler.Stats: Task com.google.android.gms/com.google.android.gms.time.trustedtime.singleuserapi.service.TrustedTimeMaintenanceTaskService finished executing. cause:4 result: 1 elapsed_millis: 266 uptime_millis: 266 exec_start_elapsed_seconds: 118 [CONTEXT service_id=218 ]
07-27 05:12:05.631   380  3221 I resolv  : GetAddrInfoHandler::run: {100 786532 100 983140 10144 0}
07-27 05:12:05.632   380  3222 I resolv  : res_nmkquery: (QUERY, IN, AAAA)
07-27 05:12:05.634   380  3223 I resolv  : res_nmkquery: (QUERY, IN, A)
07-27 05:12:05.640   380  3222 I resolv  : res_nsend: used send_dg 157 terrno: 0
07-27 05:12:05.640   380  3222 I resolv  : doQuery: rcode=0, ancount=4, return value=157
07-27 05:12:05.645   380  3223 I resolv  : res_nsend: used send_dg 109 terrno: 0
07-27 05:12:05.646   380  3223 I resolv  : doQuery: rcode=0, ancount=4, return value=109
07-27 05:12:05.651  1571  3173 D TrafficStats: tagSocket(85) with statsTag=0x10a, statsUid=-1
07-27 05:12:05.825  1044  2017 I NetworkScheduler.Stats: Task com.google.android.gms/com.google.android.gms.ads.social.GcmSchedulerWakeupService finished executing. cause:4 result: 1 elapsed_millis: 526 uptime_millis: 526 exec_start_elapsed_seconds: 118 [CONTEXT service_id=218 ]
07-27 05:12:06.091  2769  3203 I WebViewFactory: Loading com.google.android.webview version 124.0.6367.219 (code 636771932)
07-27 05:12:06.091  2769  3203 W ResourcesManager: Found a null ResourcesImpl, skipped.
07-27 05:12:06.099  2769  3203 V ResourcesManager: The following library key has been added: ResourcesKey{ mHash=52d11686 mResDir=null mSplitDirs=[] mOverlayDirs=[/product/overlay/EmulationPixel8/EmulationPixel8Overlay.apk,/product/overlay/NavigationBarModeGestural/NavigationBarModeGesturalOverlay.apk] mLibDirs=[/data/app/~~V8jWnHimbv_0cN1Ql8RorQ==/com.google.android.webview-gLDEjhnufxgMNAFZ6rwrXQ==/WebViewGoogle.apk,/data/app/~~j7XrDrOBfyXPaChKgCOlKw==/com.google.android.trichromelibrary_636771932-1ZyTS55ZreAXcKmASSpIgQ==/TrichromeLibrary.apk,/system_ext/framework/androidx.window.extensions.jar] mDisplayId=0 mOverrideConfig=v35 mCompatInfo={420dpi always-compat} mLoaders=[]}
07-27 05:12:06.111  2769  3203 W ziparchive: Unable to open '/data/app/~~j7XrDrOBfyXPaChKgCOlKw==/com.google.android.trichromelibrary_636771932-1ZyTS55ZreAXcKmASSpIgQ==/TrichromeLibrary.dm': No such file or directory
07-27 05:12:06.111  2769  3203 W ziparchive: Unable to open '/data/app/~~j7XrDrOBfyXPaChKgCOlKw==/com.google.android.trichromelibrary_636771932-1ZyTS55ZreAXcKmASSpIgQ==/TrichromeLibrary.dm': No such file or directory
07-27 05:12:06.112  2769  3203 W ology.sinsinapp: Entry not found
07-27 05:12:06.116  2769  3203 D nativeloader: Configuring clns-8 for other apk /data/app/~~j7XrDrOBfyXPaChKgCOlKw==/com.google.android.trichromelibrary_636771932-1ZyTS55ZreAXcKmASSpIgQ==/TrichromeLibrary.apk. target_sdk_version=34, uses_libraries=ALL, library_path=/data/app/~~V8jWnHimbv_0cN1Ql8RorQ==/com.google.android.webview-gLDEjhnufxgMNAFZ6rwrXQ==/lib/arm64:/data/app/~~V8jWnHimbv_0cN1Ql8RorQ==/com.google.android.webview-gLDEjhnufxgMNAFZ6rwrXQ==/WebViewGoogle.apk!/lib/arm64-v8a:/data/app/~~j7XrDrOBfyXPaChKgCOlKw==/com.google.android.trichromelibrary_636771932-1ZyTS55ZreAXcKmASSpIgQ==/TrichromeLibrary.apk!/lib/arm64-v8a, permitted_path=/data:/mnt/expand
07-27 05:12:06.117  2769  3203 D ApplicationLoaders: Returning zygote-cached class loader: /system_ext/framework/androidx.window.extensions.jar
07-27 05:12:06.127  2769  3203 D nativeloader: Configuring clns-9 for other apk /data/app/~~V8jWnHimbv_0cN1Ql8RorQ==/com.google.android.webview-gLDEjhnufxgMNAFZ6rwrXQ==/WebViewGoogle.apk. target_sdk_version=34, uses_libraries=, library_path=/data/app/~~V8jWnHimbv_0cN1Ql8RorQ==/com.google.android.webview-gLDEjhnufxgMNAFZ6rwrXQ==/lib/arm64:/data/app/~~V8jWnHimbv_0cN1Ql8RorQ==/com.google.android.webview-gLDEjhnufxgMNAFZ6rwrXQ==/WebViewGoogle.apk!/lib/arm64-v8a:/data/app/~~j7XrDrOBfyXPaChKgCOlKw==/com.google.android.trichromelibrary_636771932-1ZyTS55ZreAXcKmASSpIgQ==/TrichromeLibrary.apk!/lib/arm64-v8a, permitted_path=/data:/mnt/expand
07-27 05:12:06.127   576   592 I AppsFilter: interaction: PackageSetting{3a831e7 com.mediology.sinsinapp/10208} -> PackageSetting{d7bd194 com.android.cts.priv.ctsshim/10201} BLOCKED
07-27 05:12:06.127   576   592 I AppsFilter: interaction: PackageSetting{3a831e7 com.mediology.sinsinapp/10208} -> PackageSetting{40b843d com.android.internal.display.cutout.emulation.corner/10015} BLOCKED
07-27 05:12:06.127   576   592 I AppsFilter: interaction: PackageSetting{3a831e7 com.mediology.sinsinapp/10208} -> PackageSetting{f601432 com.android.internal.display.cutout.emulation.double/10076} BLOCKED
07-27 05:12:06.127   576   592 I AppsFilter: interaction: PackageSetting{3a831e7 com.mediology.sinsinapp/10208} -> PackageSetting{2bc0583 com.google.android.onetimeinitializer/10128} BLOCKED
07-27 05:12:06.127   576   592 I AppsFilter: interaction: PackageSetting{3a831e7 com.mediology.sinsinapp/10208} -> PackageSetting{a0e7300 com.google.android.ext.shared/10117} BLOCKED
07-27 05:12:06.127   576   592 I AppsFilter: interaction: PackageSetting{3a831e7 com.mediology.sinsinapp/10208} -> PackageSetting{1312739 com.android.virtualmachine.res/10194} BLOCKED
07-27 05:12:06.127   576   592 I AppsFilter: interaction: PackageSetting{3a831e7 com.mediology.sinsinapp/10208} -> PackageSetting{af7417e com.android.managedprovisioning.auto_generated_rro_product__/10016} BLOCKED
07-27 05:12:06.127   576   592 I AppsFilter: interaction: PackageSetting{3a831e7 com.mediology.sinsinapp/10208} -> PackageSetting{6af76df com.android.carrierconfig.auto_generated_rro_vendor__/10085} BLOCKED
07-27 05:12:06.127   576   592 I AppsFilter: interaction: PackageSetting{3a831e7 com.mediology.sinsinapp/10208} -> PackageSetting{e67bf2c com.google.android.server.deviceconfig.resources/10197} BLOCKED
07-27 05:12:06.127   576   592 I AppsFilter: interaction: PackageSetting{3a831e7 com.mediology.sinsinapp/10208} -> PackageSetting{673fdf5 com.android.systemui.emulation.pixel_3_xl/10010} BLOCKED
07-27 05:12:06.127   576   592 I AppsFilter: interaction: PackageSetting{3a831e7 com.mediology.sinsinapp/10208} -> PackageSetting{741f78a com.android.systemui.emulation.pixel_4_xl/10073} BLOCKED
07-27 05:12:06.127   576   592 I AppsFilter: interaction: PackageSetting{3a831e7 com.mediology.sinsinapp/10208} -> PackageSetting{f3ea1fb com.android.systemui.emulation.pixel_fold/10049} BLOCKED
07-27 05:12:06.127   576   592 I AppsFilter: interaction: PackageSetting{3a831e7 com.mediology.sinsinapp/10208} -> PackageSetting{627a218 com.android.providers.telephony.auto_generated_characteristics_rro/10066} BLOCKED
07-27 05:12:06.127   576   592 I AppsFilter: interaction: PackageSetting{3a831e7 com.mediology.sinsinapp/10208} -> PackageSetting{8d38471 com.android.simappdialog.auto_generated_rro_product__/10017} BLOCKED
07-27 05:12:06.127   576   592 I AppsFilter: interaction: PackageSetting{3a831e7 com.mediology.sinsinapp/10208} -> PackageSetting{4d00256 com.android.htmlviewer/10115} BLOCKED
07-27 05:12:06.128   576   592 I AppsFilter: interaction: PackageSetting{3a831e7 com.mediology.sinsinapp/10208} -> PackageSetting{1cb62d7 com.google.android.health.connect.backuprestore/10191} BLOCKED
07-27 05:12:06.128   576   592 I AppsFilter: interaction: PackageSetting{3a831e7 com.mediology.sinsinapp/10208} -> PackageSetting{500c7c4 com.android.systemui.auto_generated_rro_product__/10050} BLOCKED
07-27 05:12:06.128   576   592 I AppsFilter: interaction: PackageSetting{3a831e7 com.mediology.sinsinapp/10208} -> PackageSetting{3caf6ad com.google.android.soundpicker/10163} BLOCKED
07-27 05:12:06.128   576   592 I AppsFilter: interaction: PackageSetting{3a831e7 com.mediology.sinsinapp/10208} -> PackageSetting{b61ede2 com.google.android.marvin.talkbackoverlay/10090} BLOCKED
07-27 05:12:06.128   576   592 I AppsFilter: interaction: PackageSetting{3a831e7 com.mediology.sinsinapp/10208} -> PackageSetting{df95573 com.google.android.configupdater/10139} BLOCKED
07-27 05:12:06.128   576   592 I AppsFilter: interaction: PackageSetting{3a831e7 com.mediology.sinsinapp/10208} -> PackageSetting{5249c30 com.android.internal.emulation.pixel_3a_xl/10047} BLOCKED
07-27 05:12:06.128   576   592 I AppsFilter: interaction: PackageSetting{3a831e7 com.mediology.sinsinapp/10208} -> PackageSetting{54d50a9 com.android.internal.emulation.pixel_6_pro/10037} BLOCKED
07-27 05:12:06.128   576   592 I AppsFilter: interaction: PackageSetting{3a831e7 com.mediology.sinsinapp/10208} -> PackageSetting{c35062e com.android.internal.emulation.pixel_7_pro/10021} BLOCKED
07-27 05:12:06.128   576   592 I AppsFilter: interaction: PackageSetting{3a831e7 com.mediology.sinsinapp/10208} -> PackageSetting{9d5cf com.android.internal.emulation.pixel_8_pro/10038} BLOCKED
07-27 05:12:06.128   576   592 I AppsFilter: interaction: PackageSetting{3a831e7 com.mediology.sinsinapp/10208} -> PackageSetting{6f4b5c com.android.internal.emulation.pixel_9_pro/10009} BLOCKED
07-27 05:12:06.128   576   592 I AppsFilter: interaction: PackageSetting{3a831e7 com.mediology.sinsinapp/10208} -> PackageSetting{d814e65 com.android.internal.emulation.pixel_3a/10039} BLOCKED
07-27 05:12:06.128   576   592 I AppsFilter: interaction: PackageSetting{3a831e7 com.mediology.sinsinapp/10208} -> PackageSetting{d0f573a com.android.internal.emulation.pixel_4a/10024} BLOCKED
07-27 05:12:06.128   576   592 I AppsFilter: interaction: PackageSetting{3a831e7 com.mediology.sinsinapp/10208} -> PackageSetting{cf7ffeb com.android.internal.emulation.pixel_6a/10048} BLOCKED
07-27 05:12:06.128   576   592 I AppsFilter: interaction: PackageSetting{3a831e7 com.mediology.sinsinapp/10208} -> PackageSetting{53c148 com.android.internal.emulation.pixel_7a/10063} BLOCKED
07-27 05:12:06.128   576   592 I AppsFilter: interaction: PackageSetting{3a831e7 com.mediology.sinsinapp/10208} -> PackageSetting{e3d6be1 com.android.internal.emulation.pixel_8a/10007} BLOCKED
07-27 05:12:06.128   576   592 I AppsFilter: interaction: PackageSetting{3a831e7 com.mediology.sinsinapp/10208} -> PackageSetting{80bad06 com.google.android.overlay.googlewebview/10035} BLOCKED
07-27 05:12:06.128   576   592 I AppsFilter: interaction: PackageSetting{3a831e7 com.mediology.sinsinapp/10208} -> PackageSetting{454afc7 com.google.android.apps.safetyhub/10134} BLOCKED
07-27 05:12:06.128   576   592 I AppsFilter: interaction: PackageSetting{3a831e7 com.mediology.sinsinapp/10208} -> PackageSetting{87a9f4 com.google.android.hotspot2.osulogin/10188} BLOCKED
07-27 05:12:06.128   576   592 I AppsFilter: interaction: PackageSetting{3a831e7 com.mediology.sinsinapp/10208} -> PackageSetting{643e51d com.android.simappdialog/10120} BLOCKED
07-27 05:12:06.128   576   592 I AppsFilter: interaction: PackageSetting{3a831e7 com.mediology.sinsinapp/10208} -> PackageSetting{c259392 com.android.internal.display.cutout.emulation.hole/10032} BLOCKED
07-27 05:12:06.128   576   592 I AppsFilter: interaction: PackageSetting{3a831e7 com.mediology.sinsinapp/10208} -> PackageSetting{3e28163 com.android.internal.display.cutout.emulation.tall/10023} BLOCKED
07-27 05:12:06.128   576   592 I AppsFilter: interaction: PackageSetting{3a831e7 com.mediology.sinsinapp/10208} -> PackageSetting{6f7160 com.android.internal.systemui.navbar.threebutton/10078} BLOCKED
07-27 05:12:06.128   576   592 I AppsFilter: interaction: PackageSetting{3a831e7 com.mediology.sinsinapp/10208} -> PackageSetting{43eb619 com.android.internal.ranchu.commonoverlay/10060} BLOCKED
07-27 05:12:06.128   576   592 I AppsFilter: interaction: PackageSetting{3a831e7 com.mediology.sinsinapp/10208} -> PackageSetting{a8556de com.android.systemui.auto_generated_rro_vendor__/10086} BLOCKED
07-27 05:12:06.128   576   592 I AppsFilter: interaction: PackageSetting{3a831e7 com.mediology.sinsinapp/10208} -> PackageSetting{8f1d0bf com.google.android.deskclock/10151} BLOCKED
07-27 05:12:06.128   576   592 I AppsFilter: interaction: PackageSetting{3a831e7 com.mediology.sinsinapp/10208} -> PackageSetting{f4a438c com.android.internal.systemui.navbar.twobutton/10062} BLOCKED
07-27 05:12:06.128   576   592 I AppsFilter: interaction: PackageSetting{3a831e7 com.mediology.sinsinapp/10208} -> PackageSetting{d7b9ad5 com.google.android.as/10132} BLOCKED
07-27 05:12:06.128   576   592 I AppsFilter: interaction: PackageSetting{3a831e7 com.mediology.sinsinapp/10208} -> PackageSetting{c8c02ea com.android.systemui.emulation.pixel_3/10004} BLOCKED
07-27 05:12:06.128   576   592 I AppsFilter: interaction: PackageSetting{3a831e7 com.mediology.sinsinapp/10208} -> PackageSetting{b7cb9db com.android.systemui.emulation.pixel_4/10070} BLOCKED
07-27 05:12:06.128   576   592 I AppsFilter: interaction: PackageSetting{3a831e7 com.mediology.sinsinapp/10208} -> PackageSetting{f1e0c78 com.android.systemui.emulation.pixel_5/10065} BLOCKED
07-27 05:12:06.128   576   592 I AppsFilter: interaction: PackageSetting{3a831e7 com.mediology.sinsinapp/10208} -> PackageSetting{4680f51 com.android.systemui.emulation.pixel_6/10008} BLOCKED
07-27 05:12:06.128   576   592 I AppsFilter: interaction: PackageSetting{3a831e7 com.mediology.sinsinapp/10208} -> PackageSetting{e9f63b6 com.android.systemui.emulation.pixel_7/10080} BLOCKED
07-27 05:12:06.128   576   592 I AppsFilter: interaction: PackageSetting{3a831e7 com.mediology.sinsinapp/10208} -> PackageSetting{f0318b7 com.android.systemui.emulation.pixel_8/10074} BLOCKED
07-27 05:12:06.128   576   592 I AppsFilter: interaction: PackageSetting{3a831e7 com.mediology.sinsinapp/10208} -> PackageSetting{a637824 com.android.systemui.emulation.pixel_9/10058} BLOCKED
07-27 05:12:06.128   576   592 I AppsFilter: interaction: PackageSetting{3a831e7 com.mediology.sinsinapp/10208} -> PackageSetting{acd4f8d com.android.printspooler/10113} BLOCKED
07-27 05:12:06.128   576   592 I AppsFilter: interaction: PackageSetting{3a831e7 com.mediology.sinsinapp/10208} -> PackageSetting{bb60542 com.google.android.connectivity.resources.goldfish.overlay/10088} BLOCKED
07-27 05:12:06.128   576   592 I AppsFilter: interaction: PackageSetting{3a831e7 com.mediology.sinsinapp/10208} -> PackageSetting{5268953 com.android.dreams.basic/10127} BLOCKED
07-27 05:12:06.128   576   592 I AppsFilter: interaction: PackageSetting{3a831e7 com.mediology.sinsinapp/10208} -> PackageSetting{871f290 com.google.android.networkstack.tethering.emulator/10020} BLOCKED
07-27 05:12:06.128   576   592 I AppsFilter: interaction: PackageSetting{3a831e7 com.mediology.sinsinapp/10208} -> PackageSetting{bcc5789 com.android.providers.settings.auto_generated_rro_product__/10053} BLOCKED
07-27 05:12:06.128   576   592 I AppsFilter: interaction: PackageSetting{3a831e7 com.mediology.sinsinapp/10208} -> PackageSetting{5a3338e com.google.android.as.oss/10142} BLOCKED
07-27 05:12:06.128   576   592 I AppsFilter: interaction: PackageSetting{3a831e7 com.mediology.sinsinapp/10208} -> PackageSetting{e0667af com.android.traceur.auto_generated_rro_product__/10018} BLOCKED
07-27 05:12:06.128   576   592 I AppsFilter: interaction: PackageSetting{3a831e7 com.mediology.sinsinapp/10208} -> PackageSetting{caba7bc com.android.internal.emulation.pixel_9_pro_fold/10041} BLOCKED
07-27 05:12:06.128   576   592 I AppsFilter: interaction: PackageSetting{3a831e7 com.mediology.sinsinapp/10208} -> PackageSetting{999e345 com.google.android.devicelockcontroller/10203} BLOCKED
07-27 05:12:06.128   576   592 I AppsFilter: interaction: PackageSetting{3a831e7 com.mediology.sinsinapp/10208} -> PackageSetting{622fa9a com.google.android.dialer/10133} BLOCKED
07-27 05:12:06.128   576   592 I AppsFilter: interaction: PackageSetting{3a831e7 com.mediology.sinsinapp/10208} -> PackageSetting{25bcfcb com.android.internal.emulation.pixel_3/10061} BLOCKED
07-27 05:12:06.128   576   592 I AppsFilter: interaction: PackageSetting{3a831e7 com.mediology.sinsinapp/10208} -> PackageSetting{c6983a8 com.android.internal.emulation.pixel_4/10051} BLOCKED
07-27 05:12:06.128   576   592 I AppsFilter: interaction: PackageSetting{3a831e7 com.mediology.sinsinapp/10208} -> PackageSetting{afa6ec1 com.android.internal.emulation.pixel_5/10001} BLOCKED
07-27 05:12:06.128   576   592 I AppsFilter: interaction: PackageSetting{3a831e7 com.mediology.sinsinapp/10208} -> PackageSetting{4a62666 com.android.internal.emulation.pixel_6/10033} BLOCKED
07-27 05:12:06.128   576   592 I AppsFilter: interaction: PackageSetting{3a831e7 com.mediology.sinsinapp/10208} -> PackageSetting{3559da7 com.android.internal.emulation.pixel_7/10075} BLOCKED
07-27 05:12:06.128   576   592 I AppsFilter: interaction: PackageSetting{3a831e7 com.mediology.sinsinapp/10208} -> PackageSetting{7a73254 com.android.internal.emulation.pixel_8/10022} BLOCKED
07-27 05:12:06.128   576   592 I AppsFilter: interaction: PackageSetting{3a831e7 com.mediology.sinsinapp/10208} -> PackageSetting{47e35fd com.android.internal.emulation.pixel_9/10012} BLOCKED
07-27 05:12:06.128   576   592 I AppsFilter: interaction: PackageSetting{3a831e7 com.mediology.sinsinapp/10208} -> PackageSetting{cde42f2 com.google.android.captiveportallogin/10112} BLOCKED
07-27 05:12:06.128   576   592 I AppsFilter: interaction: PackageSetting{3a831e7 com.mediology.sinsinapp/10208} -> PackageSetting{c346d43 android.auto_generated_characteristics_rro/10011} BLOCKED
07-27 05:12:06.128   576   592 I AppsFilter: interaction: PackageSetting{3a831e7 com.mediology.sinsinapp/10208} -> PackageSetting{6f1fc0 com.google.android.appsearch.apk/10206} BLOCKED
07-27 05:12:06.128   576   592 I AppsFilter: interaction: PackageSetting{3a831e7 com.mediology.sinsinapp/10208} -> PackageSetting{97d34f9 com.android.musicfx/10093} BLOCKED
07-27 05:12:06.129   576   592 I AppsFilter: interaction: PackageSetting{3a831e7 com.mediology.sinsinapp/10208} -> PackageSetting{2099c3e com.google.android.markup/10155} BLOCKED
07-27 05:12:06.129   576   592 I AppsFilter: interaction: PackageSetting{3a831e7 com.mediology.sinsinapp/10208} -> PackageSetting{1a69a9f com.google.android.rkpdapp/10198} BLOCKED
07-27 05:12:06.129   576   592 I AppsFilter: interaction: PackageSetting{3a831e7 com.mediology.sinsinapp/10208} -> PackageSetting{d0677ec com.google.android.contacts/10156} BLOCKED
07-27 05:12:06.129   576   592 I AppsFilter: interaction: PackageSetting{3a831e7 com.mediology.sinsinapp/10208} -> PackageSetting{d327b5 com.android.server.telecom.auto_generated_rro_product__/10031} BLOCKED
07-27 05:12:06.129   576   592 I AppsFilter: interaction: PackageSetting{3a831e7 com.mediology.sinsinapp/10208} -> PackageSetting{aff3e4a com.android.phone.auto_generated_characteristics_rro/10072} BLOCKED
07-27 05:12:06.129   576   592 I AppsFilter: interaction: PackageSetting{3a831e7 com.mediology.sinsinapp/10208} -> PackageSetting{ae441bb com.google.android.overlay.googleconfig/10054} BLOCKED
07-27 05:12:06.129   576   592 I AppsFilter: interaction: PackageSetting{3a831e7 com.mediology.sinsinapp/10208} -> PackageSetting{d926d8 com.android.bips.auto_generated_rro_product__/10014} BLOCKED
07-27 05:12:06.129   576   592 I AppsFilter: interaction: PackageSetting{3a831e7 com.mediology.sinsinapp/10208} -> PackageSetting{95b8a31 com.google.android.apps.customization.pixel/10164} BLOCKED
07-27 05:12:06.129   576   592 I AppsFilter: interaction: PackageSetting{3a831e7 com.mediology.sinsinapp/10208} -> PackageSetting{2faf516 com.google.android.tag/10097} BLOCKED
07-27 05:12:06.129   576   592 I AppsFilter: interaction: PackageSetting{3a831e7 com.mediology.sinsinapp/10208} -> PackageSetting{8b3e97 com.google.android.overlay.permissioncontroller/10036} BLOCKED
07-27 05:12:06.129   576   592 I AppsFilter: interaction: PackageSetting{3a831e7 com.mediology.sinsinapp/10208} -> PackageSetting{825d884 com.google.android.partnersetup/10131} BLOCKED
07-27 05:12:06.129   576   592 I AppsFilter: interaction: PackageSetting{3a831e7 com.mediology.sinsinapp/10208} -> PackageSetting{a2d986d com.google.android.apps.wallpaper.nexus/10146} BLOCKED
07-27 05:12:06.129   576   592 I AppsFilter: interaction: PackageSetting{3a831e7 com.mediology.sinsinapp/10208} -> PackageSetting{b294ca2 com.google.android.apps.nexuslauncher/10177} BLOCKED
07-27 05:12:06.129   576   592 I AppsFilter: interaction: PackageSetting{3a831e7 com.mediology.sinsinapp/10208} -> PackageSetting{d3b2d33 com.android.theme.font.notoserifsource/10013} BLOCKED
07-27 05:12:06.129   576   592 I AppsFilter: interaction: PackageSetting{3a831e7 com.mediology.sinsinapp/10208} -> PackageSetting{269f8f0 com.google.android.safetycenter.resources/10204} BLOCKED
07-27 05:12:06.129   576   592 I AppsFilter: interaction: PackageSetting{3a831e7 com.mediology.sinsinapp/10208} -> PackageSetting{a984e69 com.android.internal.display.cutout.emulation.waterfall/10044} BLOCKED
07-27 05:12:06.129   576   592 I AppsFilter: interaction: PackageSetting{3a831e7 com.mediology.sinsinapp/10208} -> PackageSetting{8f390ee com.android.internal.systemui.navbar.transparent/10003} BLOCKED
07-27 05:12:06.129   576   592 I AppsFilter: interaction: PackageSetting{3a831e7 com.mediology.sinsinapp/10208} -> PackageSetting{bf1698f com.google.android.connectivity.resources/10186} BLOCKED
07-27 05:12:06.129   576   592 I AppsFilter: interaction: PackageSetting{3a831e7 com.mediology.sinsinapp/10208} -> PackageSetting{78db41c com.android.providers.contacts.auto_generated_rro_product__/10071} BLOCKED
07-27 05:12:06.129   576   592 I AppsFilter: interaction: PackageSetting{3a831e7 com.mediology.sinsinapp/10208} -> PackageSetting{dde6825 com.google.android.feedback/10175} BLOCKED
07-27 05:12:06.129   576   592 I AppsFilter: interaction: PackageSetting{3a831e7 com.mediology.sinsinapp/10208} -> PackageSetting{d0bcdfa com.google.android.printservice.recommendation/10121} BLOCKED
07-27 05:12:06.129   576   592 I AppsFilter: interaction: PackageSetting{3a831e7 com.mediology.sinsinapp/10208} -> PackageSetting{6f6aa8e com.google.android.calendar/10161} BLOCKED
07-27 05:12:06.129   576   592 I AppsFilter: interaction: PackageSetting{3a831e7 com.mediology.sinsinapp/10208} -> PackageSetting{250fab com.android.systemui.emulation.pixel_3a_xl/10002} BLOCKED
07-27 05:12:06.129   576   592 I AppsFilter: interaction: PackageSetting{3a831e7 com.mediology.sinsinapp/10208} -> PackageSetting{3cff608 com.android.systemui.emulation.pixel_6_pro/10026} BLOCKED
07-27 05:12:06.129   576   592 I AppsFilter: interaction: PackageSetting{3a831e7 com.mediology.sinsinapp/10208} -> PackageSetting{eb261a1 com.android.systemui.emulation.pixel_7_pro/10025} BLOCKED
07-27 05:12:06.129   576   592 I AppsFilter: interaction: PackageSetting{3a831e7 com.mediology.sinsinapp/10208} -> PackageSetting{f38cfc6 com.android.systemui.emulation.pixel_8_pro/10000} BLOCKED
07-27 05:12:06.129   576   592 I AppsFilter: interaction: PackageSetting{3a831e7 com.mediology.sinsinapp/10208} -> PackageSetting{3a2fb87 com.android.systemui.emulation.pixel_9_pro/10057} BLOCKED
07-27 05:12:06.129   576   592 I AppsFilter: interaction: PackageSetting{3a831e7 com.mediology.sinsinapp/10208} -> PackageSetting{6726ab4 com.android.carrierconfig.auto_generated_rro_product__/10084} BLOCKED
07-27 05:12:06.129   576   592 I AppsFilter: interaction: PackageSetting{3a831e7 com.mediology.sinsinapp/10208} -> PackageSetting{67276dd com.android.devicediagnostics.auto_generated_rro_product__/10027} BLOCKED
07-27 05:12:06.129   576   592 I AppsFilter: interaction: PackageSetting{3a831e7 com.mediology.sinsinapp/10208} -> PackageSetting{ae22252 com.android.providers.partnerbookmarks/10124} BLOCKED
07-27 05:12:06.129   576   592 I AppsFilter: interaction: PackageSetting{3a831e7 com.mediology.sinsinapp/10208} -> PackageSetting{629c923 com.android.wallpaper.livepicker/10103} BLOCKED
07-27 05:12:06.129   576   592 I AppsFilter: interaction: PackageSetting{3a831e7 com.mediology.sinsinapp/10208} -> PackageSetting{f257e20 com.android.providers.telephony.auto_generated_rro_product__/10006} BLOCKED
07-27 05:12:06.129   576   592 I AppsFilter: interaction: PackageSetting{3a831e7 com.mediology.sinsinapp/10208} -> PackageSetting{c24a3d9 com.android.phone.auto_generated_rro_vendor__/10087} BLOCKED
07-27 05:12:06.129   576   592 I AppsFilter: interaction: PackageSetting{3a831e7 com.mediology.sinsinapp/10208} -> PackageSetting{85c119e com.android.imsserviceentitlement/10141} BLOCKED
07-27 05:12:06.129   576   592 I AppsFilter: interaction: PackageSetting{3a831e7 com.mediology.sinsinapp/10208} -> PackageSetting{ac5d47f com.android.internal.emulation.pixel_9_pro_xl/10079} BLOCKED
07-27 05:12:06.129   576   592 I AppsFilter: interaction: PackageSetting{3a831e7 com.mediology.sinsinapp/10208} -> PackageSetting{6345c4c com.google.android.healthconnect.controller/10190} BLOCKED
07-27 05:12:06.129   576   592 I AppsFilter: interaction: PackageSetting{3a831e7 com.mediology.sinsinapp/10208} -> PackageSetting{732a495 com.android.internal.emulation.pixel_2_xl/10019} BLOCKED
07-27 05:12:06.129   576   592 I AppsFilter: interaction: PackageSetting{3a831e7 com.mediology.sinsinapp/10208} -> PackageSetting{ef3a9aa com.android.internal.emulation.pixel_3_xl/10042} BLOCKED
07-27 05:12:06.129   576   592 I AppsFilter: interaction: PackageSetting{3a831e7 com.mediology.sinsinapp/10208} -> PackageSetting{eed399b com.android.internal.emulation.pixel_4_xl/10077} BLOCKED
07-27 05:12:06.129   576   592 I AppsFilter: interaction: PackageSetting{3a831e7 com.mediology.sinsinapp/10208} -> PackageSetting{b70f138 com.android.internal.emulation.pixel_fold/10067} BLOCKED
07-27 05:12:06.129   576   592 I AppsFilter: interaction: PackageSetting{3a831e7 com.mediology.sinsinapp/10208} -> PackageSetting{1e5f511 com.android.bookmarkprovider/10118} BLOCKED
07-27 05:12:06.129   576   592 I AppsFilter: interaction: PackageSetting{3a831e7 com.mediology.sinsinapp/10208} -> PackageSetting{bbab676 com.google.android.overlay.pixelconfigcommon/10030} BLOCKED
07-27 05:12:06.129   576   592 I AppsFilter: interaction: PackageSetting{3a831e7 com.mediology.sinsinapp/10208} -> PackageSetting{75bd477 com.android.systemui.accessibility.accessibilitymenu.auto_generated_rro_product__/10082} BLOCKED
07-27 05:12:06.129   576   592 I AppsFilter: interaction: PackageSetting{3a831e7 com.mediology.sinsinapp/10208} -> PackageSetting{7dfe8e4 com.android.systemui.emulation.pixel_3a/10081} BLOCKED
07-27 05:12:06.129   576   592 I AppsFilter: interaction: PackageSetting{3a831e7 com.mediology.sinsinapp/10208} -> PackageSetting{7a3d14d com.android.systemui.emulation.pixel_4a/10040} BLOCKED
07-27 05:12:06.129   576   592 I AppsFilter: interaction: PackageSetting{3a831e7 com.mediology.sinsinapp/10208} -> PackageSetting{913c402 com.android.systemui.emulation.pixel_6a/10045} BLOCKED
07-27 05:12:06.129   576   592 I AppsFilter: interaction: PackageSetting{3a831e7 com.mediology.sinsinapp/10208} -> PackageSetting{eaf4113 com.android.systemui.emulation.pixel_7a/10034} BLOCKED
07-27 05:12:06.129   576   592 I AppsFilter: interaction: PackageSetting{3a831e7 com.mediology.sinsinapp/10208} -> PackageSetting{e24af50 com.android.systemui.emulation.pixel_8a/10046} BLOCKED
07-27 05:12:06.129   576   592 I AppsFilter: interaction: PackageSetting{3a831e7 com.mediology.sinsinapp/10208} -> PackageSetting{ae93549 com.google.android.settings.intelligence/10138} BLOCKED
07-27 05:12:06.129   576   592 I AppsFilter: interaction: PackageSetting{3a831e7 com.mediology.sinsinapp/10208} -> PackageSetting{b4e87ee com.google.android.projection.gearhead/10136} BLOCKED
07-27 05:12:06.129   576   592 I AppsFilter: interaction: PackageSetting{3a831e7 com.mediology.sinsinapp/10208} -> PackageSetting{2fe1e4e com.google.android.uwb.resources/10193} BLOCKED
07-27 05:12:06.129   576   592 I AppsFilter: interaction: PackageSetting{3a831e7 com.mediology.sinsinapp/10208} -> PackageSetting{dee948f com.android.cts.ctsshim/10202} BLOCKED
07-27 05:12:06.129   576   592 I AppsFilter: interaction: PackageSetting{3a831e7 com.mediology.sinsinapp/10208} -> PackageSetting{1c2db6f com.google.android.wifi.resources/10187} BLOCKED
07-27 05:12:06.129   576   592 I AppsFilter: interaction: PackageSetting{3a831e7 com.mediology.sinsinapp/10208} -> PackageSetting{5ad707c com.google.android.wifi.dialog/10189} BLOCKED
07-27 05:12:06.130   576   592 I AppsFilter: interaction: PackageSetting{3a831e7 com.mediology.sinsinapp/10208} -> PackageSetting{f06dd05 com.android.wallpaper/10174} BLOCKED
07-27 05:12:06.130   576   592 I AppsFilter: interaction: PackageSetting{3a831e7 com.mediology.sinsinapp/10208} -> PackageSetting{421d15a com.google.android.apps.wallpaper/10180} BLOCKED
07-27 05:12:06.130   576   592 I AppsFilter: interaction: PackageSetting{3a831e7 com.mediology.sinsinapp/10208} -> PackageSetting{5cbbf8b com.google.android.odad/10129} BLOCKED
07-27 05:12:06.130   576   592 I AppsFilter: interaction: PackageSetting{3a831e7 com.mediology.sinsinapp/10208} -> PackageSetting{c9f1868 com.android.settings.auto_generated_rro_product__/10029} BLOCKED
07-27 05:12:06.130   576   592 I AppsFilter: interaction: PackageSetting{3a831e7 com.mediology.sinsinapp/10208} -> PackageSetting{19d4481 com.android.systemui.emulation.pixel_9_pro_xl/10064} BLOCKED
07-27 05:12:06.130   576   592 I AppsFilter: interaction: PackageSetting{3a831e7 com.mediology.sinsinapp/10208} -> PackageSetting{79ba926 com.android.companiondevicemanager.auto_generated_characteristics_rro/10056} BLOCKED
07-27 05:12:06.130   576   592 I AppsFilter: interaction: PackageSetting{3a831e7 com.mediology.sinsinapp/10208} -> PackageSetting{434c967 com.android.internal.systemui.navbar.gestural/10059} BLOCKED
07-27 05:12:06.130   576   592 I AppsFilter: interaction: PackageSetting{3a831e7 com.mediology.sinsinapp/10208} -> PackageSetting{c815314 com.google.android.apps.youtube.music/10158} BLOCKED
07-27 05:12:06.130   576   592 I AppsFilter: interaction: PackageSetting{3a831e7 com.mediology.sinsinapp/10208} -> PackageSetting{fd8a7bd com.android.bluetoothmidiservice/10110} BLOCKED
07-27 05:12:06.130   576   592 I AppsFilter: interaction: PackageSetting{3a831e7 com.mediology.sinsinapp/10208} -> PackageSetting{b8931b2 com.android.storagemanager.auto_generated_rro_product__/10083} BLOCKED
07-27 05:12:06.130   576   592 I AppsFilter: interaction: PackageSetting{3a831e7 com.mediology.sinsinapp/10208} -> PackageSetting{83a9503 com.google.android.cellbroadcastreceiver/10200} BLOCKED
07-27 05:12:06.130   576   592 I AppsFilter: interaction: PackageSetting{3a831e7 com.mediology.sinsinapp/10208} -> PackageSetting{daa8c80 com.android.phone.auto_generated_rro_product__/10055} BLOCKED
07-27 05:12:06.130   576   592 I AppsFilter: interaction: PackageSetting{3a831e7 com.mediology.sinsinapp/10208} -> PackageSetting{36d02b9 com.android.systemui.emulation.pixel_9_pro_fold/10052} BLOCKED
07-27 05:12:06.130   576   592 I AppsFilter: interaction: PackageSetting{3a831e7 com.mediology.sinsinapp/10208} -> PackageSetting{54b6fe android.auto_generated_rro_product__/10068} BLOCKED
07-27 05:12:06.130   576   592 I AppsFilter: interaction: PackageSetting{3a831e7 com.mediology.sinsinapp/10208} -> PackageSetting{a477e5f com.google.android.inputmethod.latin/10165} BLOCKED
07-27 05:12:06.130   576   592 I AppsFilter: interaction: PackageSetting{3a831e7 com.mediology.sinsinapp/10208} -> PackageSetting{56bf0ac android.auto_generated_rro_vendor__/10089} BLOCKED
07-27 05:12:06.130   576   592 I AppsFilter: interaction: PackageSetting{3a831e7 com.mediology.sinsinapp/10208} -> PackageSetting{3521175 com.google.android.apps.restore/10135} BLOCKED
07-27 05:12:06.196  2769  3203 I cr_WVCFactoryProvider: Loaded version=124.0.6367.219 minSdkVersion=29 isBundle=false multiprocess=true packageId=2
07-27 05:12:06.198  2769  3202 D nativeloader: Load /data/app/~~T93ezTjbxBbsJRS8KOfcCA==/com.mediology.sinsinapp-3n8TehE9cPS1H3Ob-w8QRA==/base.apk!/lib/arm64-v8a/libworklets.so using ns clns-7 from class loader (caller=/data/app/~~T93ezTjbxBbsJRS8KOfcCA==/com.mediology.sinsinapp-3n8TehE9cPS1H3Ob-w8QRA==/base.apk!classes7.dex): ok
07-27 05:12:06.210  2769  3202 D nativeloader: Load /data/app/~~T93ezTjbxBbsJRS8KOfcCA==/com.mediology.sinsinapp-3n8TehE9cPS1H3Ob-w8QRA==/base.apk!/lib/arm64-v8a/libexpo-modules-core.so using ns clns-7 from class loader (caller=/data/app/~~T93ezTjbxBbsJRS8KOfcCA==/com.mediology.sinsinapp-3n8TehE9cPS1H3Ob-w8QRA==/base.apk!classes7.dex): ok
07-27 05:12:06.212  2769  3202 W BridgelessReactContext: [WARNING] Bridgeless doesn't support CatalystInstance. Accessing an API that's not part of the new architecture is not encouraged usage.
07-27 05:12:06.215  2769  3203 D nativeloader: Load /data/app/~~j7XrDrOBfyXPaChKgCOlKw==/com.google.android.trichromelibrary_636771932-1ZyTS55ZreAXcKmASSpIgQ==/TrichromeLibrary.apk!/lib/arm64-v8a/libmonochrome_64.so using ns clns-9 from class loader (caller=/data/app/~~V8jWnHimbv_0cN1Ql8RorQ==/com.google.android.webview-gLDEjhnufxgMNAFZ6rwrXQ==/WebViewGoogle.apk): ok
07-27 05:12:06.221  2769  3203 D nativeloader: Load /system/lib64/libwebviewchromium_plat_support.so using ns clns-9 from class loader (caller=/data/app/~~V8jWnHimbv_0cN1Ql8RorQ==/com.google.android.webview-gLDEjhnufxgMNAFZ6rwrXQ==/WebViewGoogle.apk): ok
07-27 05:12:06.223  2769  3202 I ExpoModulesCore: ✅ JSI interop was installed
07-27 05:12:06.243  2769  3227 E chromium: [0727/051206.240351:ERROR:variations_seed_loader.cc(37)] Seed missing signature.
07-27 05:12:06.246  2769  3227 I cr_VariationsUtils: Failed reading seed file "/data/user/0/com.mediology.sinsinapp/app_webview/variations_seed_new"
07-27 05:12:06.251  2769  3227 I chromium: [0727/051206.246867:INFO:variations_seed_loader.cc(66)] Failed to open file for reading.: No such file or directory (2)
07-27 05:12:06.251  2769  3227 I cr_VariationsUtils: Failed reading seed file "/data/user/0/com.mediology.sinsinapp/app_webview/variations_seed"
07-27 05:12:06.262  2769  3203 I cr_LibraryLoader: Successfully loaded native library
07-27 05:12:06.262  2769  3202 I ExpoModulesCore: ✅ Constants were exported
07-27 05:12:06.262  2769  3203 I cr_CachingUmaRecorder: Flushed 6 samples from 6 histograms, 0 samples were dropped.
07-27 05:12:06.304  2769  2777 W ology.sinsinapp: ApkAssets: Deleting an ApkAssets object '<empty> and /data/app/~~V8jWnHimbv_0cN1Ql8RorQ==/com.google.android.webview-gLDEjhnufxgMNAFZ6rwrXQ==/WebViewGoogle.apk' with 2 weak references
07-27 05:12:06.333   380   457 I netd    : tetherGetStats() -> {[]} <4.06ms>
07-27 05:12:06.353  2769  3233 D TrafficStats: tagSocket(157) with statsTag=0xffffffff, statsUid=-1
07-27 05:12:06.376  2769  3202 W unknown:ViewManagerPropertyUpdater: Could not find generated setter for class com.reactnativekeyboardcontroller.OverKeyboardViewManager
07-27 05:12:06.379  2769  3202 W unknown:ViewManagerPropertyUpdater: Could not find generated setter for class com.reactnativekeyboardcontroller.views.overlay.OverKeyboardHostShadowNode
07-27 05:12:06.381  2769  3202 W unknown:ViewManagerPropertyUpdater: Could not find generated setter for class com.swmansion.rnscreens.ScreenFooterManager
07-27 05:12:06.381  2769  3202 W unknown:ViewManagerPropertyUpdater: Could not find generated setter for class com.facebook.react.uimanager.LayoutShadowNode
07-27 05:12:06.381  2769  3202 W unknown:ViewManagerPropertyUpdater: Could not find generated setter for class com.swmansion.rnscreens.gamma.tabs.TabScreenViewManager
07-27 05:12:06.382  2769  3202 W unknown:ViewManagerPropertyUpdater: Could not find generated setter for class expo.modules.kotlin.views.GroupViewManagerWrapper
07-27 05:12:06.384  2769  3202 W unknown:ViewManagerPropertyUpdater: Could not find generated setter for class com.swmansion.rnscreens.ScreenContainerViewManager
07-27 05:12:06.384  2769  3202 W unknown:ViewManagerPropertyUpdater: Could not find generated setter for class com.reactnativecommunity.slider.ReactSliderManager
07-27 05:12:06.387  2769  3202 W unknown:ViewManagerPropertyUpdater: Could not find generated setter for class com.swmansion.rnscreens.gamma.tabs.TabsHostViewManager
07-27 05:12:06.390  2769  3202 W unknown:ViewManagerPropertyUpdater: Could not find generated setter for class com.swmansion.rnscreens.ModalScreenViewManager
07-27 05:12:06.391  2769  3202 W unknown:ViewManagerPropertyUpdater: Could not find generated setter for class com.teleport.portal.PortalViewManager
07-27 05:12:06.392  2769  3202 W unknown:ViewManagerPropertyUpdater: Could not find generated setter for class com.reactnativekeyboardcontroller.KeyboardGestureAreaViewManager
07-27 05:12:06.392  2769  3202 W unknown:ViewManagerPropertyUpdater: Could not find generated setter for class com.th3rdwave.safeareacontext.SafeAreaViewManager
07-27 05:12:06.392  2769  3202 W unknown:ViewManagerPropertyUpdater: Could not find generated setter for class com.th3rdwave.safeareacontext.SafeAreaViewShadowNode
07-27 05:12:06.393  2769  3202 W unknown:ViewManagerPropertyUpdater: Could not find generated setter for class com.swmansion.rnscreens.safearea.SafeAreaViewManager
07-27 05:12:06.393  2769  3202 W unknown:ViewManagerPropertyUpdater: Could not find generated setter for class com.swmansion.rnscreens.safearea.paper.SafeAreaViewShadowNode
07-27 05:12:06.393  2769  3202 W unknown:ViewManagerPropertyUpdater: Could not find generated setter for class com.swmansion.rnscreens.ScreenViewManager
07-27 05:12:06.394  2769  3202 W unknown:ViewManagerPropertyUpdater: Could not find generated setter for class expo.modules.kotlin.views.SimpleViewManagerWrapper
07-27 05:12:06.394  2769  3202 W unknown:ViewManagerPropertyUpdater: Could not find generated setter for class com.reactnativemenu.MenuViewManager
07-27 05:12:06.396  2769  3202 W unknown:ViewManagerPropertyUpdater: Could not find generated setter for class com.swmansion.rnscreens.ScreenStackViewManager
07-27 05:12:06.396  2769  3202 W unknown:ViewManagerPropertyUpdater: Could not find generated setter for class com.th3rdwave.safeareacontext.SafeAreaProviderManager
07-27 05:12:06.396  2769  3202 W unknown:ViewManagerPropertyUpdater: Could not find generated setter for class com.swmansion.rnscreens.SearchBarManager
07-27 05:12:06.400  2769  3202 W unknown:ViewManagerPropertyUpdater: Could not find generated setter for class com.iosutilities.IosUtilitiesViewManager
07-27 05:12:06.400  2769  3202 W unknown:ViewManagerPropertyUpdater: Could not find generated setter for class com.teleport.host.PortalHostViewManager
07-27 05:12:06.401  2769  3202 W unknown:ViewManagerPropertyUpdater: Could not find generated setter for class com.reactnativecommunity.webview.RNCWebViewManager
07-27 05:12:06.402  2769  3202 W unknown:ViewManagerPropertyUpdater: Could not find generated setter for class com.reactnativekeyboardcontroller.KeyboardControllerViewManager
07-27 05:12:06.402  2769  3202 W unknown:ViewManagerPropertyUpdater: Could not find generated setter for class com.swmansion.rnscreens.ScreenStackHeaderConfigViewManager
07-27 05:12:06.402  2769  3202 W unknown:ViewManagerPropertyUpdater: Could not find generated setter for class com.swmansion.rnscreens.ScreenContentWrapperManager
07-27 05:12:06.403  2769  3202 W unknown:ViewManagerPropertyUpdater: Could not find generated setter for class com.swmansion.rnscreens.gamma.stack.host.StackHostViewManager
07-27 05:12:06.403  2769  3202 W unknown:ViewManagerPropertyUpdater: Could not find generated setter for class com.reactnativegooglesignin.RNGoogleSigninButtonViewManager
07-27 05:12:06.403  2769  3202 W unknown:ViewManagerPropertyUpdater: Could not find generated setter for class com.swmansion.rnscreens.ScreenStackHeaderSubviewManager
07-27 05:12:06.404  2769  3202 W unknown:ViewManagerPropertyUpdater: Could not find generated setter for class com.swmansion.rnscreens.gamma.stack.screen.StackScreenViewManager
07-27 05:12:06.404  2769  3202 W unknown:ViewManagerPropertyUpdater: Could not find generated setter for class com.reactnativekeyboardcontroller.KeyboardBackgroundViewManager
07-27 05:12:06.467  2769  3202 W unknown:ViewManagerPropertyUpdater: Could not find generated setter for class com.horcrux.svg.RenderableViewManager$DefsViewManager
07-27 05:12:06.468  2769  3202 W unknown:ViewManagerPropertyUpdater: Could not find generated setter for class com.horcrux.svg.VirtualViewManager$RenderableShadowNode
07-27 05:12:06.472  2769  3202 W unknown:ViewManagerPropertyUpdater: Could not find generated setter for class com.facebook.react.views.debuggingoverlay.DebuggingOverlayManager
07-27 05:12:06.476  2769  3202 W unknown:ViewManagerPropertyUpdater: Could not find generated setter for class com.horcrux.svg.RenderableViewManager$FeMergeManager
07-27 05:12:06.477  2769  3202 W unknown:ViewManagerPropertyUpdater: Could not find generated setter for class com.facebook.react.views.safeareaview.ReactSafeAreaViewManager
07-27 05:12:06.480  2769  3202 W unknown:ViewManagerPropertyUpdater: Could not find generated setter for class com.horcrux.svg.RenderableViewManager$LinearGradientManager
07-27 05:12:06.482  2769  3202 W unknown:ViewManagerPropertyUpdater: Could not find generated setter for class com.horcrux.svg.RenderableViewManager$FeGaussianBlurManager
07-27 05:12:06.485  2769  3202 W unknown:ViewManagerPropertyUpdater: Could not find generated setter for class com.facebook.react.views.progressbar.ReactProgressBarViewManager
07-27 05:12:06.486  2769  3202 W unknown:ViewManagerPropertyUpdater: Could not find generated setter for class com.facebook.react.views.progressbar.ProgressBarShadowNode
07-27 05:12:06.488  2769  3202 W unknown:ViewManagerPropertyUpdater: Could not find generated setter for class com.facebook.react.views.scroll.ReactHorizontalScrollViewManager
07-27 05:12:06.492  2769  3202 W unknown:ViewManagerPropertyUpdater: Could not find generated setter for class com.facebook.react.views.text.ReactTextViewManager
07-27 05:12:06.493  2769  3202 W unknown:ViewManagerPropertyUpdater: Could not find generated setter for class com.facebook.react.views.text.ReactTextShadowNode
07-27 05:12:06.496  2769  3202 W unknown:ViewManagerPropertyUpdater: Could not find generated setter for class com.horcrux.svg.RenderableViewManager$FeColorMatrixManager
07-27 05:12:06.498  2769  3202 W unknown:ViewManagerPropertyUpdater: Could not find generated setter for class com.facebook.react.views.scroll.ReactHorizontalScrollContainerViewManager
07-27 05:12:06.501  2769  3202 W unknown:ViewManagerPropertyUpdater: Could not find generated setter for class com.horcrux.svg.RenderableViewManager$ClipPathViewManager
07-27 05:12:06.504  2769  3202 W unknown:ViewManagerPropertyUpdater: Could not find generated setter for class com.horcrux.svg.RenderableViewManager$SymbolManager
07-27 05:12:06.507  2769  3202 W unknown:ViewManagerPropertyUpdater: Could not find generated setter for class com.horcrux.svg.RenderableViewManager$PatternManager
07-27 05:12:06.509  2769  3202 W unknown:ViewManagerPropertyUpdater: Could not find generated setter for class com.horcrux.svg.RenderableViewManager$FeBlendManager
07-27 05:12:06.511  2769  3202 W unknown:ViewManagerPropertyUpdater: Could not find generated setter for class com.facebook.react.views.view.ReactViewManager
07-27 05:12:06.514  2769  3202 W unknown:ViewManagerPropertyUpdater: Could not find generated setter for class com.horcrux.svg.SvgViewManager
07-27 05:12:06.517  2769  3202 W unknown:ViewManagerPropertyUpdater: Could not find generated setter for class com.facebook.react.views.switchview.ReactSwitchManager
07-27 05:12:06.518  2769  3202 W unknown:ViewManagerPropertyUpdater: Could not find generated setter for class com.facebook.react.views.switchview.ReactSwitchShadowNode
07-27 05:12:06.520  2769  3202 W unknown:ViewManagerPropertyUpdater: Could not find generated setter for class com.horcrux.svg.RenderableViewManager$UseViewManager
07-27 05:12:06.523  2769  3202 W unknown:ViewManagerPropertyUpdater: Could not find generated setter for class com.horcrux.svg.RenderableViewManager$CircleViewManager
07-27 05:12:06.526  2769  3202 W unknown:ViewManagerPropertyUpdater: Could not find generated setter for class com.horcrux.svg.RenderableViewManager$TSpanViewManager
07-27 05:12:06.528  2769  3202 W unknown:ViewManagerPropertyUpdater: Could not find generated setter for class com.horcrux.svg.RenderableViewManager$FilterManager
07-27 05:12:06.532  2769  3202 W unknown:ViewManagerPropertyUpdater: Could not find generated setter for class com.horcrux.svg.RenderableViewManager$MarkerManager
07-27 05:12:06.534  2769  3202 W unknown:ViewManagerPropertyUpdater: Could not find generated setter for class com.swmansion.gesturehandler.react.RNGestureHandlerButtonViewManager
07-27 05:12:06.536  2769  3202 W unknown:ViewManagerPropertyUpdater: Could not find generated setter for class com.facebook.react.views.modal.ReactModalHostManager
07-27 05:12:06.539  2769  3202 W unknown:ViewManagerPropertyUpdater: Could not find generated setter for class com.horcrux.svg.RenderableViewManager$ForeignObjectManager
07-27 05:12:06.543  2769  3202 W unknown:ViewManagerPropertyUpdater: Could not find generated setter for class com.horcrux.svg.RenderableViewManager$EllipseViewManager
07-27 05:12:06.545  2769  3202 W unknown:ViewManagerPropertyUpdater: Could not find generated setter for class com.horcrux.svg.RenderableViewManager$LineViewManager
07-27 05:12:06.549  2769  3202 W unknown:ViewManagerPropertyUpdater: Could not find generated setter for class com.facebook.react.views.text.frescosupport.FrescoBasedReactTextInlineImageViewManager
07-27 05:12:06.549  2769  3202 W unknown:ViewManagerPropertyUpdater: Could not find generated setter for class com.facebook.react.views.text.frescosupport.FrescoBasedReactTextInlineImageShadowNode
07-27 05:12:06.551  2769  3202 W unknown:ViewManagerPropertyUpdater: Could not find generated setter for class com.horcrux.svg.RenderableViewManager$FeFloodManager
07-27 05:12:06.553  2769  3202 W unknown:ViewManagerPropertyUpdater: Could not find generated setter for class com.horcrux.svg.RenderableViewManager$GroupViewManager
07-27 05:12:06.557  2769  3202 W unknown:ViewManagerPropertyUpdater: Could not find generated setter for class com.horcrux.svg.RenderableViewManager$TextViewManager
07-27 05:12:06.559  2769  3202 W unknown:ViewManagerPropertyUpdater: Could not find generated setter for class com.horcrux.svg.RenderableViewManager$ImageViewManager
07-27 05:12:06.562  2769  3202 W unknown:ViewManagerPropertyUpdater: Could not find generated setter for class com.horcrux.svg.RenderableViewManager$FeCompositeManager
07-27 05:12:06.568  2769  3202 W unknown:ViewManagerPropertyUpdater: Could not find generated setter for class com.facebook.react.views.image.ReactImageManager
07-27 05:12:06.570  2769  3202 W unknown:ViewManagerPropertyUpdater: Could not find generated setter for class com.horcrux.svg.RenderableViewManager$RadialGradientManager
07-27 05:12:06.573  2769  3202 W unknown:ViewManagerPropertyUpdater: Could not find generated setter for class com.horcrux.svg.RenderableViewManager$MaskManager
07-27 05:12:06.577  2769  3202 W unknown:ViewManagerPropertyUpdater: Could not find generated setter for class com.facebook.react.views.unimplementedview.ReactUnimplementedViewManager
07-27 05:12:06.579  2769  3202 W unknown:ViewManagerPropertyUpdater: Could not find generated setter for class com.horcrux.svg.RenderableViewManager$RectViewManager
07-27 05:12:06.581  2769  3202 W unknown:ViewManagerPropertyUpdater: Could not find generated setter for class com.horcrux.svg.RenderableViewManager$TextPathViewManager
07-27 05:12:06.584  2769  3202 W unknown:ViewManagerPropertyUpdater: Could not find generated setter for class com.facebook.react.views.scroll.ReactScrollViewManager
07-27 05:12:06.588  2769  3202 W unknown:ViewManagerPropertyUpdater: Could not find generated setter for class com.horcrux.svg.RenderableViewManager$FeOffsetManager
07-27 05:12:06.590  2769  3202 W unknown:ViewManagerPropertyUpdater: Could not find generated setter for class com.horcrux.svg.RenderableViewManager$PathViewManager
07-27 05:12:06.592  2769  3202 W unknown:ViewManagerPropertyUpdater: Could not find generated setter for class com.facebook.react.views.drawer.ReactDrawerLayoutManager
07-27 05:12:06.595  2769  3202 W unknown:ViewManagerPropertyUpdater: Could not find generated setter for class com.facebook.react.views.swiperefresh.SwipeRefreshLayoutManager
07-27 05:12:06.600  2769  3202 W unknown:ViewManagerPropertyUpdater: Could not find generated setter for class com.facebook.react.views.textinput.ReactTextInputManager
07-27 05:12:06.601  2769  3202 W unknown:ViewManagerPropertyUpdater: Could not find generated setter for class com.facebook.react.views.textinput.ReactTextInputShadowNode
07-27 05:12:06.604  2769  3202 W unknown:ViewManagerPropertyUpdater: Could not find generated setter for class com.swmansion.gesturehandler.react.RNGestureHandlerRootViewManager
07-27 05:12:06.645  2769  3233 D TrafficStats: tagSocket(157) with statsTag=0xffffffff, statsUid=-1
07-27 05:12:06.804  2769  3202 D nativeloader: Load /data/app/~~T93ezTjbxBbsJRS8KOfcCA==/com.mediology.sinsinapp-3n8TehE9cPS1H3Ob-w8QRA==/base.apk!/lib/arm64-v8a/librnscreens.so using ns clns-7 from class loader (caller=/data/app/~~T93ezTjbxBbsJRS8KOfcCA==/com.mediology.sinsinapp-3n8TehE9cPS1H3Ob-w8QRA==/base.apk!classes2.dex): ok
07-27 05:12:06.878  2769  3202 I ReactNativeJS: Running "main" with {"rootTag":1,"initialProps":{},"fabric":true}
07-27 05:12:06.960  2769  3234 D TrafficStats: tagSocket(143) with statsTag=0xffffffff, statsUid=-1
07-27 05:12:07.126  2769  3202 D nativeloader: Load /data/app/~~T93ezTjbxBbsJRS8KOfcCA==/com.mediology.sinsinapp-3n8TehE9cPS1H3Ob-w8QRA==/base.apk!/lib/arm64-v8a/libreanimated.so using ns clns-7 from class loader (caller=/data/app/~~T93ezTjbxBbsJRS8KOfcCA==/com.mediology.sinsinapp-3n8TehE9cPS1H3Ob-w8QRA==/base.apk!classes7.dex): ok
07-27 05:12:07.170  2769  3202 W ReactNativeJS: '[Reanimated] Reduced motion setting is enabled on this device. This warning is visible only in the development mode. Some animations will be disabled by default. You can override the behavior for individual animations, see https://docs.swmansion.com/react-native-reanimated/docs/guides/troubleshooting#reduced-motion-setting-is-enabled-on-this-device.', { [Stack] name: 'Stack' }
07-27 05:12:07.568  1571  1571 D BoundBrokerSvc: onBind: Intent { act=com.google.android.gms.auth.api.signin.service.START pkg=com.google.android.gms }
07-27 05:12:07.568  1571  1571 D BoundBrokerSvc: Loading bound service for intent: Intent { act=com.google.android.gms.auth.api.signin.service.START pkg=com.google.android.gms }
07-27 05:12:07.595  2769  3202 W ReactNativeJS: 'Require cycle: src/services/index.ts -> src/services/data/index.ts -> src/services/data/bloodMetricsService.ts -> src/services/index.ts\n\nRequire cycles are allowed, but can result in uninitialized values. Consider refactoring to remove the need for a cycle.', { [Stack] name: 'Stack' }
07-27 05:12:07.608  1571  2626 W Auth.Api.SignIn: [Service,SignInChimeraService] **************************** WARNING ***************************
07-27 05:12:07.608  1571  2626 W Auth.Api.SignIn: You are using the deprecated legacy Google Sign-In APIs from
07-27 05:12:07.608  1571  2626 W Auth.Api.SignIn: play-services-auth SDK. Please migrate to the Credential Manager
07-27 05:12:07.608  1571  2626 W Auth.Api.SignIn: APIs, see https://goo.gle/gsi-migration.
07-27 05:12:07.608  1571  2626 W Auth.Api.SignIn: ****************************************************************
07-27 05:12:07.713  2769  3202 W ReactNativeJS: 'Warning: Must call import \'@tamagui/native/setup-zeego\' at your app entry point to use native menus', { [Stack] name: 'Stack' }
07-27 05:12:07.717  2769  3202 W ReactNativeJS: 'Warning: Must call import \'@tamagui/native/setup-zeego\' at your app entry point to use native menus', { [Stack] name: 'Stack' }
07-27 05:12:09.134  2769  2960 D EGL_emulation: app_time_stats: avg=19380.80ms min=319.18ms max=38442.43ms count=2
07-27 05:12:09.559  2769  2769 I ThemedReactContext: KeyboardController::windowDidResize
07-27 05:12:09.609  2769  2769 I ReactNative: [GESTURE HANDLER] Initialize gesture handler for root view com.facebook.react.runtime.ReactSurfaceView{cb11df7 V.E...... .......D 0,0-1080,2400 #1}
07-27 05:12:09.773  2769  3237 D TrafficStats: tagSocket(100) with statsTag=0xffffffff, statsUid=-1
07-27 05:12:09.836  2769  3237 D TrafficStats: tagSocket(128) with statsTag=0xffffffff, statsUid=-1
07-27 05:12:09.854  2769  3202 D nativeloader: Load /data/app/~~T93ezTjbxBbsJRS8KOfcCA==/com.mediology.sinsinapp-3n8TehE9cPS1H3Ob-w8QRA==/base.apk!/lib/arm64-v8a/libgesturehandler.so using ns clns-7 from class loader (caller=/data/app/~~T93ezTjbxBbsJRS8KOfcCA==/com.mediology.sinsinapp-3n8TehE9cPS1H3Ob-w8QRA==/base.apk!classes7.dex): ok
07-27 05:12:09.855  2769  3202 D jni_lib_merge: Entering merged library JNI_OnLoad.
07-27 05:12:09.855  2769  3202 D jni_lib_merge: Preparing 12 pre-merged libs (including stub)
07-27 05:12:09.855  2769  3202 D jni_lib_merge: Preparing to register libfabricjni_so.  onload_func: 0x7b86d31a5c
07-27 05:12:09.855  2769  3202 D jni_lib_merge: Preparing to register libreact_devsupportjni_so.  onload_func: 0x7b86f4e720
07-27 05:12:09.855  2769  3202 D jni_lib_merge: Preparing to register libreact_featureflagsjni_so.  onload_func: 0x7b86f60f88
07-27 05:12:09.855  2769  3202 D jni_lib_merge: Preparing to register libreact_newarchdefaults_so.  onload_func: 0x7b87006320
07-27 05:12:09.855  2769  3202 D jni_lib_merge: Preparing to register libreactnativeblob_so.  onload_func: 0x7b872184c4
07-27 05:12:09.855  2769  3202 D jni_lib_merge: Preparing to register libreactnativejni_so.  onload_func: 0x7b8725b438
07-27 05:12:09.855  2769  3202 D jni_lib_merge: Preparing to register libreactnativejni_common_so.  onload_func: 0x7b8726be2c
07-27 05:12:09.855  2769  3202 D jni_lib_merge: Preparing to register librninstance_so.  onload_func: 0x7b872b5c58
07-27 05:12:09.855  2769  3202 D jni_lib_merge: Preparing to register libturbomodulejsijni_so.  onload_func: 0x7b87412d60
07-27 05:12:09.855  2769  3202 D jni_lib_merge: Preparing to register libuimanagerjni_so.  onload_func: 0x7b8742bb00
07-27 05:12:09.855  2769  3202 D jni_lib_merge: Preparing to register libyoga_so.  onload_func: 0x7b8743b584
07-27 05:12:09.855  2769  3202 D jni_lib_merge: About to register 11 actual methods.
07-27 05:12:09.888   576   608 D OomAdjuster: Not killing cached processes
07-27 05:12:10.259  2769  2769 W [RNScreens]: backTitleFontFamily prop is not available on Android
07-27 05:12:10.259  2769  2769 W [RNScreens]: disableBackButtonMenu prop is not available on Android
07-27 05:12:10.259  2769  2769 W [RNScreens]: topInsetEnabled prop is not available on Android
07-27 05:12:10.259  2769  2769 W [RNScreens]: backTitleVisible prop is not available on Android
07-27 05:12:10.261  2769  2769 W [RNScreens]: largeTitleHideShadow prop is not available on Android
07-27 05:12:10.261  2769  2769 W [RNScreens]: largeTitleFontWeight prop is not available on Android
07-27 05:12:10.261  2769  2769 W [RNScreens]: userInterfaceStyle prop is not available on Android
07-27 05:12:10.261  2769  2769 W [RNScreens]: largeTitleFontFamily prop is not available on Android
07-27 05:12:10.777  2769  3202 D CompatChangeReporter: Compat change id reported: 303326708; UID 10208; state: ENABLED
07-27 05:12:10.892  1044  2017 I NetworkScheduler.Stats: Task com.google.android.gms/com.google.android.gms.tapandpay.gcmtask.TapAndPayGcmTaskService started execution. cause:4 exec_start_elapsed_seconds: 124 [CONTEXT service_id=218 ]
07-27 05:12:10.901  1044  2017 W TapAndPay: NfcAdapter is null while obtaining CardEmulation instance. [CONTEXT service_id=79 ]
07-27 05:12:10.901  1044  2017 W TapAndPay: java.lang.NullPointerException: NfcAdapter is null
07-27 05:12:10.901  1044  2017 W TapAndPay: 	at android.nfc.cardemulation.CardEmulation.getInstance(CardEmulation.java:170)
07-27 05:12:10.901  1044  2017 W TapAndPay: 	at dhwn.<init>(:com.google.android.gms@242335038@24.23.35 (190400-646585959):15)
07-27 05:12:10.901  1044  2017 W TapAndPay: 	at com.google.android.gms.tapandpay.hce.task.TapAndPayAidRegistrationTaskOperation.a(:com.google.android.gms@242335038@24.23.35 (190400-646585959):50)
07-27 05:12:10.901  1044  2017 W TapAndPay: 	at com.google.android.gms.tapandpay.gcmtask.TapAndPayGcmTaskChimeraService.a(:com.google.android.gms@242335038@24.23.35 (190400-646585959):32)
07-27 05:12:10.901  1044  2017 W TapAndPay: 	at bpjj.call(:com.google.android.gms@242335038@24.23.35 (190400-646585959):32)
07-27 05:12:10.901  1044  2017 W TapAndPay: 	at java.util.concurrent.FutureTask.run(FutureTask.java:264)
07-27 05:12:10.901  1044  2017 W TapAndPay: 	at angs.c(:com.google.android.gms@242335038@24.23.35 (190400-646585959):50)
07-27 05:12:10.901  1044  2017 W TapAndPay: 	at angs.run(:com.google.android.gms@242335038@24.23.35 (190400-646585959):76)
07-27 05:12:10.901  1044  2017 W TapAndPay: 	at java.util.concurrent.ThreadPoolExecutor.runWorker(ThreadPoolExecutor.java:1145)
07-27 05:12:10.901  1044  2017 W TapAndPay: 	at java.util.concurrent.ThreadPoolExecutor$Worker.run(ThreadPoolExecutor.java:644)
07-27 05:12:10.901  1044  2017 W TapAndPay: 	at anmg.run(:com.google.android.gms@242335038@24.23.35 (190400-646585959):8)
07-27 05:12:10.901  1044  2017 W TapAndPay: 	at java.lang.Thread.run(Thread.java:1012)
07-27 05:12:10.918  1044  3211 I NetworkScheduler.Stats: Task com.google.android.gms/com.google.android.gms.tapandpay.gcmtask.TapAndPayGcmTaskService finished executing. cause:4 result: 3 elapsed_millis: 40 uptime_millis: 40 exec_start_elapsed_seconds: 124 [CONTEXT service_id=218 ]
07-27 05:12:11.128  2769  3202 I ReactNativeJS: ┘ [tamagui] Warning: missing token backgroundColor in category color - $gray4 (open for details)
07-27 05:12:11.131  2769  3202 I ReactNativeJS: │ Note: this could just be due to you not setting all the theme tokens Tamagui expects, which is harmless, but
07-27 05:12:11.131  2769  3202 I ReactNativeJS:                     it also often can be because you have a duplicated Tamagui in your bundle, which can cause tricky bugs.
07-27 05:12:11.134  2769  3202 I ReactNativeJS: │ To see if you have duplicated dependencies, in Chrome DevTools hit CMD+P and type TamaguiProvider.
07-27 05:12:11.134  2769  3202 I ReactNativeJS:                     If you see both a .cjs and a .mjs entry, it's duplicated.
07-27 05:12:11.135  2769  3202 I ReactNativeJS: │ You can debug that issue by opening the .mjs and .cjs files and setting a breakpoint at the top of each.
07-27 05:12:11.139  2769  2769 W ology.sinsinapp: Accessing hidden field Landroid/widget/ScrollView;->mScroller:Landroid/widget/OverScroller; (unsupported, reflection, allowed)
07-27 05:12:11.143  2769  3202 I ReactNativeJS: │ We only log this warning one time as it's sometimes harmless, to disable this log entirely set process.env.TAMAGUI_DISABLE_MISSING_TOKEN_LOG=1.
07-27 05:12:11.144  2769  3202 I ReactNativeJS: ┘ 
07-27 05:12:11.155  1044  3127 I NearbyMediums: No BLE Fast/GATT advertisements found in the latest cycle.
07-27 05:12:11.162   443   443 W adbd    : timeout expired while flushing socket, closing
07-27 05:12:11.519  2769  2769 W ology.sinsinapp: Accessing hidden field Landroid/widget/HorizontalScrollView;->mScroller:Landroid/widget/OverScroller; (unsupported, reflection, allowed)
07-27 05:12:11.712  2769  2769 W [RNScreens]: backTitleFontFamily prop is not available on Android
07-27 05:12:11.712  2769  2769 W [RNScreens]: disableBackButtonMenu prop is not available on Android
07-27 05:12:11.712  2769  2769 W [RNScreens]: topInsetEnabled prop is not available on Android
07-27 05:12:11.713  2769  2769 W [RNScreens]: backTitleVisible prop is not available on Android
07-27 05:12:11.713  2769  2769 W [RNScreens]: largeTitleHideShadow prop is not available on Android
07-27 05:12:11.713  2769  2769 W [RNScreens]: largeTitleFontWeight prop is not available on Android
07-27 05:12:11.713  2769  2769 W [RNScreens]: userInterfaceStyle prop is not available on Android
07-27 05:12:11.713  2769  2769 W [RNScreens]: largeTitleFontFamily prop is not available on Android
07-27 05:12:12.006  2769  2960 D EGL_emulation: app_time_stats: avg=358.85ms min=39.37ms max=2064.57ms count=8
07-27 05:12:12.118  2769  3241 D nativeloader: Load /data/app/~~T93ezTjbxBbsJRS8KOfcCA==/com.mediology.sinsinapp-3n8TehE9cPS1H3Ob-w8QRA==/base.apk!/lib/arm64-v8a/libimagepipeline.so using ns clns-7 from class loader (caller=/data/app/~~T93ezTjbxBbsJRS8KOfcCA==/com.mediology.sinsinapp-3n8TehE9cPS1H3Ob-w8QRA==/base.apk!classes7.dex): ok
07-27 05:12:12.186  2769  2769 D RenderScript HIDL Adaptation: IRenderScriptDevice::getService()
07-27 05:12:12.188   158   158 I hwservicemanager: getTransport: Cannot find entry android.hardware.renderscript@1.0::IDevice/default in either framework or device VINTF manifest.
07-27 05:12:12.188  2769  2769 D RenderScript HIDL Adaptation: IRenderScriptDevice::getService() returned 0x0
07-27 05:12:12.188  2769  2769 D RenderScript HIDL Adaptation: Using Fallback Path.
07-27 05:12:12.270  2769  2769 D ology.sinsinapp: Successfully queried cache dir: /data/user_de/0/com.mediology.sinsinapp/code_cache
07-27 05:12:12.270  2769  2769 D RenderScript: Setting cache dir: /data/user_de/0/com.mediology.sinsinapp/code_cache
07-27 05:12:12.352  2769  2775 I ology.sinsinapp: NativeAlloc concurrent mark compact GC freed 4220KB AllocSpace bytes, 13(2484KB) LOS objects, 49% free, 15MB/31MB, paused 862us,3.311ms total 139.387ms
07-27 05:12:13.143  2769  2960 D EGL_emulation: app_time_stats: avg=283.99ms min=61.82ms max=518.24ms count=4
07-27 05:12:13.237  2769  3203 W com.reactnativekeyboardcontroller.modules.statusbar.StatusBarManagerCompatModuleImpl: StatusBarModule: Ignored status bar change, current activity is edge-to-edge.
07-27 05:12:13.240  2769  3203 W com.reactnativekeyboardcontroller.modules.statusbar.StatusBarManagerCompatModuleImpl: StatusBarModule: Ignored status bar change, current activity is edge-to-edge.
07-27 05:12:13.281  2769  3237 D TrafficStats: tagSocket(123) with statsTag=0xffffffff, statsUid=-1
07-27 05:12:13.289  2769  3202 I ReactNativeJS: '[api]', 'GET', '/notices/active-popup', undefined, 'Network Error'
07-27 05:12:13.303  1596  2442 I BugleRcsEngine: delay time out, reset attempts 1 and process SIM event [CONTEXT thread_id=85 ]
07-27 05:12:13.307  1596  2442 I BugleRcsEngine: process intent: android.intent.action.SIM_STATE_CHANGED [CONTEXT log_prefix="(Sim)" thread_id=85 ]
07-27 05:12:13.374  1596  2442 I BugleRcsEngine: Processing an intent [CONTEXT log_prefix="(Sim)" thread_id=85 ]
07-27 05:12:13.384  1596  2442 I BugleRcsEngine: Ignoring duplicate SIM state: LOADED [CONTEXT log_prefix="(Sim)" thread_id=85 ]
07-27 05:12:13.402  2769  2769 I ThemedReactContext: KeyboardController::layoutDidSynchronize
07-27 05:12:13.514  2769  3138 I HWUI    : Davey! duration=765ms; Flags=0, FrameTimelineVsyncId=7620, IntendedVsync=125820875441, Vsync=126237542091, InputEventId=0, HandleInputStart=126239324309, AnimationStart=126239326184, PerformTraversalsStart=126249661726, DrawStart=126249818101, FrameDeadline=126520875413, FrameInterval=126237802226, FrameStartTime=16666666, SyncQueued=126250105601, SyncStart=126275818434, IssueDrawCommandsStart=126276307018, SwapBuffers=126523514476, FrameCompleted=126612483101, DequeueBufferDuration=2042, QueueBufferDuration=220875, GpuCompleted=126612483101, SwapBuffersCompleted=126526335976, DisplayPresentTime=-52775286835227557, CommandSubmissionCompleted=126523514476, 
07-27 05:12:13.569  2769  2769 W [RNScreens]: backTitleFontFamily prop is not available on Android
07-27 05:12:13.569  2769  2769 W [RNScreens]: disableBackButtonMenu prop is not available on Android
07-27 05:12:13.569  2769  2769 W [RNScreens]: topInsetEnabled prop is not available on Android
07-27 05:12:13.569  2769  2769 W [RNScreens]: backTitleVisible prop is not available on Android
07-27 05:12:13.569  2769  2769 W [RNScreens]: largeTitleHideShadow prop is not available on Android
07-27 05:12:13.569  2769  2769 W [RNScreens]: largeTitleFontWeight prop is not available on Android
07-27 05:12:13.569  2769  2769 W [RNScreens]: userInterfaceStyle prop is not available on Android
07-27 05:12:13.569  2769  2769 W [RNScreens]: largeTitleFontFamily prop is not available on Android
07-27 05:12:13.571  2769  2769 W [RNScreens]: backTitleFontFamily prop is not available on Android
07-27 05:12:13.571  2769  2769 W [RNScreens]: disableBackButtonMenu prop is not available on Android
07-27 05:12:13.571  2769  2769 W [RNScreens]: topInsetEnabled prop is not available on Android
07-27 05:12:13.571  2769  2769 W [RNScreens]: backTitleVisible prop is not available on Android
07-27 05:12:13.571  2769  2769 W [RNScreens]: largeTitleHideShadow prop is not available on Android
07-27 05:12:13.571  2769  2769 W [RNScreens]: largeTitleFontWeight prop is not available on Android
07-27 05:12:13.571  2769  2769 W [RNScreens]: userInterfaceStyle prop is not available on Android
07-27 05:12:13.571  2769  2769 W [RNScreens]: largeTitleFontFamily prop is not available on Android
07-27 05:12:13.770   820  1047 D EGL_emulation: app_time_stats: avg=13547.05ms min=13547.05ms max=13547.05ms count=1
07-27 05:12:14.177  2769  2775 W ology.sinsinapp: Cleared Reference was only reachable from finalizer (only reported once)
07-27 05:12:14.209  2769  2960 D EGL_emulation: app_time_stats: avg=129.34ms min=26.51ms max=250.78ms count=8
07-27 05:12:14.334  2769  2775 I ology.sinsinapp: NativeAlloc concurrent mark compact GC freed 3268KB AllocSpace bytes, 14(7732KB) LOS objects, 49% free, 17MB/34MB, paused 590us,2.847ms total 194.468ms
07-27 05:12:14.349  2769  2777 W System  : A resource failed to call destroy. 
07-27 05:12:15.955   576   608 D OomAdjuster: Not killing cached processes
07-27 05:12:15.989  1571  1571 D BoundBrokerSvc: onRebind: Intent { act=com.google.android.gms.notifications.registration.service.NotificationsRegistrationTaskBoundService.ACTION_TASK_READY dat=chimera-action:/... cmp=com.google.android.gms/.chimera.GmsInternalBoundBrokerService }
07-27 05:12:15.992  1044  2017 I NetworkScheduler.Stats: Task com.google.android.gms/com.google.android.gms.notifications.registration.service.NotificationsRegistrationTaskBoundService started execution. cause:4 exec_start_elapsed_seconds: 129 [CONTEXT service_id=218 ]
07-27 05:12:15.993  1571  1571 I GmsCoreXrpcWrapper: Returning a channel provider with trafficStatsTag=67175169 trafficStatsUid=-1
07-27 05:12:16.014  1571  3180 W ChimeraUtils: Module com.google.android.gms.notifications_registration missing resource null(0)
07-27 05:12:16.015  1571  3180 W ChimeraUtils: Module com.google.android.gms.notifications_registration missing resource null(0)
07-27 05:12:16.016  1571  3180 W ChimeraUtils: Module com.google.android.gms.notifications_registration missing resource null(0)
07-27 05:12:16.037  1571  1571 D BoundBrokerSvc: onBind: Intent { act=com.google.android.gms.auth.service.START pkg=com.google.android.gms }
07-27 05:12:16.037  1571  1571 D BoundBrokerSvc: Loading bound service for intent: Intent { act=com.google.android.gms.auth.service.START pkg=com.google.android.gms }
07-27 05:12:16.048  1044  3078 W GLSUser : [DeviceKeyStore] Cannot load key: Device key file not found.
07-27 05:12:16.131  2740  2796 W libc    : Access denied finding property "persist.adb.tls_server.enable"
07-27 05:12:16.131  2740  2796 W libc    : Access denied finding property "service.adb.tls.port"
07-27 05:12:16.128  2740  2740 W binder:2740_4: type=1400 audit(0.0:35): avc:  denied  { read } for  name="u:object_r:system_adbd_prop:s0" dev="tmpfs" ino=309 scontext=u:r:gmscore_app:s0:c512,c768 tcontext=u:object_r:system_adbd_prop:s0 tclass=file permissive=0 app=com.google.android.gms
07-27 05:12:16.128  2740  2740 W binder:2740_4: type=1400 audit(0.0:36): avc:  denied  { read } for  name="u:object_r:adbd_prop:s0" dev="tmpfs" ino=54 scontext=u:r:gmscore_app:s0:c512,c768 tcontext=u:object_r:adbd_prop:s0 tclass=file permissive=0 app=com.google.android.gms
07-27 05:12:16.135   576   592 D FileUtils: Rounded bytes from 2070597632 to 4000000000
07-27 05:12:16.142   380  3253 I resolv  : GetAddrInfoHandler::run: {100 786532 100 983140 10144 0}
07-27 05:12:16.148  2740  2796 D TrafficStats: tagSocket(96) with statsTag=0x1809, statsUid=-1
07-27 05:12:16.161  1044  3078 W GmsUrlRequestImpl: Content-Type header is overwritten.
07-27 05:12:16.169   380  3254 I resolv  : GetAddrInfoHandler::run: {100 786532 100 983140 10144 0}
07-27 05:12:16.170   380  3255 I resolv  : res_nmkquery: (QUERY, IN, AAAA)
07-27 05:12:16.170   380  3255 I resolv  : resolv_cache_lookup: FOUND IN CACHE entry=0xb4000075fd287ed0
07-27 05:12:16.170   380  3255 I resolv  : doQuery: rcode=0, ancount=8, return value=264
07-27 05:12:16.170   380  3256 I resolv  : res_nmkquery: (QUERY, IN, A)
07-27 05:12:16.170   380  3256 I resolv  : resolv_cache_lookup: FOUND IN CACHE entry=0xb40000744d284fb0
07-27 05:12:16.170   380  3256 I resolv  : doQuery: rcode=0, ancount=8, return value=168
07-27 05:12:16.171  1044  3034 D TrafficStats: tagSocket(107) with statsTag=0x401, statsUid=10144
07-27 05:12:16.300  1044  3078 W GLSUser : [AppCertManager] Exception while requesting key: 
07-27 05:12:16.300  1044  3078 W GLSUser : java.util.concurrent.ExecutionException: bpcw: Parse Proto Exception with response code 400
07-27 05:12:16.300  1044  3078 W GLSUser : 	at etvr.s(:com.google.android.gms@242335038@24.23.35 (190400-646585959):21)
07-27 05:12:16.300  1044  3078 W GLSUser : 	at etvr.get(:com.google.android.gms@242335038@24.23.35 (190400-646585959):10)
07-27 05:12:16.300  1044  3078 W GLSUser : 	at yfw.b(:com.google.android.gms@242335038@24.23.35 (190400-646585959):477)
07-27 05:12:16.300  1044  3078 W GLSUser : 	at yfu.a(:com.google.android.gms@242335038@24.23.35 (190400-646585959):70)
07-27 05:12:16.300  1044  3078 W GLSUser : 	at yfu.hf(:com.google.android.gms@242335038@24.23.35 (190400-646585959):16)
07-27 05:12:16.300  1044  3078 W GLSUser : 	at oxh.onTransact(:com.google.android.gms@242335038@24.23.35 (190400-646585959):96)
07-27 05:12:16.300  1044  3078 W GLSUser : 	at android.os.Binder.transact(Binder.java:1345)
07-27 05:12:16.300  1044  3078 W GLSUser : 	at bjld.onTransact(:com.google.android.gms@242335038@24.23.35 (190400-646585959):18)
07-27 05:12:16.300  1044  3078 W GLSUser : 	at android.os.Binder.transact(Binder.java:1345)
07-27 05:12:16.300  1044  3078 W GLSUser : 	at bbqp.onTransact(:com.google.android.gms@242335038@24.23.35 (190400-646585959):147)
07-27 05:12:16.300  1044  3078 W GLSUser : 	at android.os.Binder.execTransactInternal(Binder.java:1500)
07-27 05:12:16.300  1044  3078 W GLSUser : 	at android.os.Binder.execTransact(Binder.java:1444)
07-27 05:12:16.300  1044  3078 W GLSUser : Caused by: bpcw: Parse Proto Exception with response code 400
07-27 05:12:16.300  1044  3078 W GLSUser : 	at bpdw.b(:com.google.android.gms@242335038@24.23.35 (190400-646585959):80)
07-27 05:12:16.300  1044  3078 W GLSUser : 	at bpgb.e(:com.google.android.gms@242335038@24.23.35 (190400-646585959):17)
07-27 05:12:16.300  1044  3078 W GLSUser : 	at bpgp.onSucceeded(:com.google.android.gms@242335038@24.23.35 (190400-646585959):7)
07-27 05:12:16.300  1044  3078 W GLSUser : 	at m.mw.onSucceeded(:com.google.android.gms.dynamite_cronetdynamite@242335038@24.23.35 (190400-0):3)
07-27 05:12:16.300  1044  3078 W GLSUser : 	at m.lt.run(:com.google.android.gms.dynamite_cronetdynamite@242335038@24.23.35 (190400-0):25)
07-27 05:12:16.300  1044  3078 W GLSUser : 	at angs.c(:com.google.android.gms@242335038@24.23.35 (190400-646585959):50)
07-27 05:12:16.300  1044  3078 W GLSUser : 	at angs.run(:com.google.android.gms@242335038@24.23.35 (190400-646585959):76)
07-27 05:12:16.300  1044  3078 W GLSUser : 	at java.util.concurrent.ThreadPoolExecutor.runWorker(ThreadPoolExecutor.java:1145)
07-27 05:12:16.300  1044  3078 W GLSUser : 	at java.util.concurrent.ThreadPoolExecutor$Worker.run(ThreadPoolExecutor.java:644)
07-27 05:12:16.300  1044  3078 W GLSUser : 	at anmg.run(:com.google.android.gms@242335038@24.23.35 (190400-646585959):8)
07-27 05:12:16.300  1044  3078 W GLSUser : 	at java.lang.Thread.run(Thread.java:1012)
07-27 05:12:16.300  1044  3078 W GLSUser : Caused by: fkhe: Protocol message contained an invalid tag (zero).
07-27 05:12:16.300  1044  3078 W GLSUser : 	at fkea.k(:com.google.android.gms@242335038@24.23.35 (190400-646585959):39)
07-27 05:12:16.300  1044  3078 W GLSUser : 	at fkid.c(:com.google.android.gms@242335038@24.23.35 (190400-646585959):309)
07-27 05:12:16.300  1044  3078 W GLSUser : 	at fkid.i(:com.google.android.gms@242335038@24.23.35 (190400-646585959):8)
07-27 05:12:16.300  1044  3078 W GLSUser : 	at fkgi.fe(:com.google.android.gms@242335038@24.23.35 (190400-646585959):25)
07-27 05:12:16.300  1044  3078 W GLSUser : 	at fkgc.g(:com.google.android.gms@242335038@24.23.35 (190400-646585959):3)
07-27 05:12:16.300  1044  3078 W GLSUser : 	at fkdw.e(:com.google.android.gms@242335038@24.23.35 (190400-646585959):1)
07-27 05:12:16.300  1044  3078 W GLSUser : 	at fkdw.d(:com.google.android.gms@242335038@24.23.35 (190400-646585959):3)
07-27 05:12:16.300  1044  3078 W GLSUser : 	at fkdw.p(:com.google.android.gms@242335038@24.23.35 (190400-646585959):1)
07-27 05:12:16.300  1044  3078 W GLSUser : 	at bpdw.g(:com.google.android.gms@242335038@24.23.35 (190400-646585959):68)
07-27 05:12:16.300  1044  3078 W GLSUser : 	at bpdw.b(:com.google.android.gms@242335038@24.23.35 (190400-646585959):11)
07-27 05:12:16.300  1044  3078 W GLSUser : 	... 10 more
07-27 05:12:16.303  1044  3078 W GLSUser : [DeviceKeyStore] Cannot load key: Device key file not found.
07-27 05:12:16.313  1571  3173 D TrafficStats: tagSocket(119) with statsTag=0x2c010301, statsUid=-1
07-27 05:12:16.732  1571  3173 I cr_CronetUrlRequestContext: destroyNativeStreamLocked org.chromium.net.impl.CronetBidirectionalStream@7ccfc47
07-27 05:12:16.733  1571  2084 I NotificationsModuleTask: Registering accounts to Chime Failed & Rescheduled for later. [CONTEXT service_id=358 ]
07-27 05:12:16.736  1571  1571 D BoundBrokerSvc: onUnbind: Intent { act=com.google.android.gms.notifications.registration.service.NotificationsRegistrationTaskBoundService.ACTION_TASK_READY dat=chimera-action:/... cmp=com.google.android.gms/.chimera.GmsInternalBoundBrokerService }
07-27 05:12:16.736  1044  3211 I NetworkScheduler.Stats: Task com.google.android.gms/com.google.android.gms.notifications.registration.service.NotificationsRegistrationTaskBoundService finished executing. cause:4 result: 3 elapsed_millis: 749 uptime_millis: 749 exec_start_elapsed_seconds: 129 [CONTEXT service_id=218 ]
07-27 05:12:20.561  1044  1044 D BoundBrokerSvc: onUnbind: Intent { act=com.google.android.gms.presencemanager.service.START dat=chimera-action:/... cmp=com.google.android.gms/.chimera.PersistentApiService }
07-27 05:12:20.562  1044  1044 D BoundBrokerSvc: onUnbind: Intent { act=com.google.android.gms.presencemanager.service.INTERNAL_IDENTITY dat=chimera-action:/... cmp=com.google.android.gms/.chimera.PersistentApiService }
07-27 05:12:21.029   576   592 D OomAdjuster: Not killing cached processes
07-27 05:12:21.174  1044  3060 I NearbyMediums: No BLE Fast/GATT advertisements found in the latest cycle.
07-27 05:12:21.178   576   592 D CoreBackPreview: Window{1ebda41 u0 PopupWindow:6418409}: Setting back callback OnBackInvokedCallbackInfo{mCallback=android.window.IOnBackInvokedCallback$Stub$Proxy@e05b527, mPriority=0, mIsAnimationCallback=false}
07-27 05:12:21.238  2769  2769 W WindowOnBackDispatcher: sendCancelIfRunning: isInProgress=false callback=android.view.ViewRootImpl$$ExternalSyntheticLambda11@8b21e3c
07-27 05:12:21.240   576   643 D CoreBackPreview: Window{1ebda41 u0 PopupWindow:6418409}: Setting back callback null
07-27 05:12:21.251   576   592 W InputManager-JNI: Input channel object '1ebda41 PopupWindow:6418409 (client)' was disposed without first being removed with the input manager!
07-27 05:12:21.493  3259  3259 W BpBinder: Linking to death on android.gui.ISurfaceComposer but there are no threads (yet?) listening to incoming transactions. See ProcessState::startThreadPool and ProcessState::setThreadPoolMaxThreadCount. Generally you should setup the binder threadpool before other initialization steps.
07-27 05:12:21.494  3259  3259 W ProcessState: Extra binder thread started, but 0 threads requested. Do not use *startThreadPool when zero threads are requested.
07-27 05:12:21.509   158   158 I hwservicemanager: getTransport: Cannot find entry android.hardware.graphics.mapper@4.0::IMapper/default in either framework or device VINTF manifest.
07-27 05:12:21.510  3259  3261 I Gralloc4: mapper 4.x is not supported
07-27 05:12:21.513   157   157 I servicemanager: Caller(pid=3259,uid=2000,sid=u:r:shell:s0) Could not find android.hardware.graphics.allocator.IAllocator/default in the VINTF manifest. No alternative instances declared in VINTF.
07-27 05:12:21.806  3262  3262 D AndroidRuntime: >>>>>> START com.android.internal.os.RuntimeInit uid 2000 <<<<<<
07-27 05:12:21.836  3262  3262 I AndroidRuntime: Using default boot image
07-27 05:12:21.836  3262  3262 I AndroidRuntime: Leaving lock profiling enabled
07-27 05:12:21.842  3262  3262 I app_process: Core platform API reporting enabled, enforcing=false
07-27 05:12:21.842  3262  3262 I app_process: Using CollectorTypeCMC GC.
07-27 05:12:21.845   576   592 D CoreBackPreview: Window{a80b940 u0 PopupWindow:f34e8e6}: Setting back callback OnBackInvokedCallbackInfo{mCallback=android.window.IOnBackInvokedCallback$Stub$Proxy@c9891be, mPriority=0, mIsAnimationCallback=false}
07-27 05:12:21.867  2769  2769 W WindowOnBackDispatcher: sendCancelIfRunning: isInProgress=false callback=android.view.ViewRootImpl$$ExternalSyntheticLambda11@ac3ba7d
07-27 05:12:21.874   576   592 D CoreBackPreview: Window{a80b940 u0 PopupWindow:f34e8e6}: Setting back callback null
07-27 05:12:21.879   576   643 W InputManager-JNI: Input channel object 'a80b940 PopupWindow:f34e8e6 (client)' was disposed without first being removed with the input manager!
07-27 05:12:22.028  3262  3262 D nativeloader: InitDefaultPublicLibraries for_preload=1: libandroid.so:libaaudio.so:libamidi.so:libbinder_ndk.so:libc.so:libcamera2ndk.so:libdl.so:libEGL.so:libGLESv1_CM.so:libGLESv2.so:libGLESv3.so:libicu.so:libicui18n.so:libicuuc.so:libjnigraphics.so:liblog.so:libmediandk.so:libm.so:libnativehelper.so:libnativewindow.so:libOpenMAXAL.so:libOpenSLES.so:libRS.so:libstdc++.so:libsync.so:libvulkan.so:libwebviewchromium_plat_support.so:libz.so
07-27 05:12:22.046  3262  3262 D nativeloader: Load libicu_jni.so using APEX ns com_android_art for caller /apex/com.android.art/javalib/core-oj.jar: ok
07-27 05:12:22.046  3262  3262 D app_process: u_setTimeZoneFilesDirectory("/apex/com.android.tzdata/etc/tz/versioned/8/icu") succeeded. 
07-27 05:12:22.047  3262  3262 D app_process: I18n APEX ICU file found: /apex/com.android.i18n/etc/icu/icudt75l.dat
07-27 05:12:22.053  3262  3262 D nativeloader: Load libjavacore.so using APEX ns com_android_art for caller /apex/com.android.art/javalib/core-oj.jar: ok
07-27 05:12:22.057  3262  3262 D nativeloader: Load libopenjdk.so using APEX ns com_android_art for caller /apex/com.android.art/javalib/core-oj.jar: ok
07-27 05:12:22.063  3262  3262 W app_process: ClassLoaderContext shared library size mismatch. Expected=2, found=0 (PCL[]{PCL[/system/framework/android.test.base.jar*724373495]#PCL[/system/framework/android.test.mock.jar*1452759902]} | PCL[])
07-27 05:12:22.066  3262  3262 W app_process: ClassLoaderContext classpath size mismatch. expected=0, found=1 (PCL[]{PCL[/system/framework/android.test.runner.jar*2496447986]#PCL[/system/framework/android.test.base.jar*724373495]} | PCL[/system/framework/android.test.runner.jar*2496447986])
07-27 05:12:22.098  3262  3262 D nativeloader: Load libframework-connectivity-tiramisu-jni.so using APEX ns com_android_tethering for caller /apex/com.android.tethering/javalib/framework-connectivity-t.jar: ok
07-27 05:12:22.098  3262  3262 D AndroidRuntime: Calling main entry com.android.commands.uiautomator.Launcher
07-27 05:12:22.103  3262  3262 D UiAutomationConnection: Created on user UserHandle{0}
07-27 05:12:22.103  3262  3262 I UiAutomation: Initialized for user 0 on display 0
07-27 05:12:22.103  3262  3262 W UiAutomation: Created with deprecatead constructor, assumes DEFAULT_DISPLAY
07-27 05:12:22.105   576   643 D AccessibilityManagerService: changeCurrentUserForTestAutomationIfNeededLocked(0): ignoring because device doesn't support visible background users
07-27 05:12:22.105   576   643 I UiAutomationManager: Registering UiTestAutomationService (id=com.android.server.accessibility/UiAutomation, flags=0x0) when called by user 0
07-27 05:12:22.107   576   643 W MagnificationConnectionManager: requestConnection duplicated request: connect=false, mConnectionState=DISCONNECTED
07-27 05:12:22.108   576   576 W IPCThreadState: Sending oneway calls to frozen process.
07-27 05:12:22.109   576   576 W IPCThreadState: Sending oneway calls to frozen process.
07-27 05:12:22.109   576   576 W IPCThreadState: Sending oneway calls to frozen process.
07-27 05:12:22.109   576   576 W IPCThreadState: Sending oneway calls to frozen process.
07-27 05:12:22.109  1436  1476 I AiAiEcho: Settings changed for uri: content://settings/secure/accessibility_enabled
07-27 05:12:22.110   576   576 W IPCThreadState: Sending oneway calls to frozen process.
07-27 05:12:22.110   576   576 W IPCThreadState: Sending oneway calls to frozen process.
07-27 05:12:22.110   576   576 W IPCThreadState: Sending oneway calls to frozen process.
07-27 05:12:22.110   576   576 W IPCThreadState: Sending oneway calls to frozen process.
07-27 05:12:22.110   576   576 W IPCThreadState: Sending oneway calls to frozen process.
07-27 05:12:22.110   576   576 W IPCThreadState: Sending oneway calls to frozen process.
07-27 05:12:22.111  3262  3275 V UiAutomation: Init UiAutomation@9a27c3c[id=2, displayId=0, flags=0]
07-27 05:12:22.112   576   576 W IPCThreadState: Sending oneway calls to frozen process.
07-27 05:12:22.112   576   576 W IPCThreadState: Sending oneway calls to frozen process.
07-27 05:12:22.112   576   576 W IPCThreadState: Sending oneway calls to frozen process.
07-27 05:12:22.112   576   576 W IPCThreadState: Sending oneway calls to frozen process.
07-27 05:12:22.112   576   576 W IPCThreadState: Sending oneway calls to frozen process.
07-27 05:12:22.112   576   576 W IPCThreadState: Sending oneway calls to frozen process.
07-27 05:12:22.112   576   576 W IPCThreadState: Sending oneway calls to frozen process.
07-27 05:12:22.112   576   576 W IPCThreadState: Sending oneway calls to frozen process.
07-27 05:12:22.112   576   576 W IPCThreadState: Sending oneway calls to frozen process.
07-27 05:12:22.112   576   576 W IPCThreadState: Sending oneway calls to frozen process.
07-27 05:12:22.112   576   576 W IPCThreadState: Sending oneway calls to frozen process.
07-27 05:12:22.112   576   576 D BatterySaverPolicy: accessibility changed to true, updating policy.
07-27 05:12:22.113  1436  1698 I AiAiEcho: Predicting[0]:  [CONTEXT sampling_count=5 ]
07-27 05:12:22.114  1436  1698 I AiAiEcho: EchoTargets: 
07-27 05:12:22.114  1436  1698 I AiAiEcho: Filtered by AiAi flag check: 
07-27 05:12:22.114  1436  1698 I AiAiEcho: [CONTEXT ratelimit_period="10 SECONDS" ]
07-27 05:12:22.114  1436  1698 I AiAiEcho: Ranked targets strategy: SORT, count: 0, ranking metadata:  [CONTEXT ratelimit_period="10 SECONDS" ]
07-27 05:12:22.114  1436  1698 I AiAiEcho: #remoteViewsTwiddler: feature disabled.
07-27 05:12:22.115  1436  1698 I AiAiEcho: Predicting[0]:  [CONTEXT sampling_count=5 ]
07-27 05:12:22.115  1436  1698 I AiAiEcho: EchoTargets: 
07-27 05:12:22.115  1436  1698 I AiAiEcho: Filtered by AiAi flag check: 
07-27 05:12:22.115  1436  1698 I AiAiEcho: [CONTEXT ratelimit_period="10 SECONDS" ]
07-27 05:12:22.115  1436  1698 I AiAiEcho: Ranked targets strategy: SORT, count: 0, ranking metadata:  [CONTEXT ratelimit_period="10 SECONDS" ]
07-27 05:12:22.115  1436  1698 I AiAiEcho: #remoteViewsTwiddler: feature disabled.
07-27 05:12:22.115  1436  1698 I AiAiEcho: Predicting[0]:  [CONTEXT sampling_count=5 ]
07-27 05:12:22.115  1436  1698 I AiAiEcho: EchoTargets: 
07-27 05:12:22.115  1436  1698 I AiAiEcho: Filtered by AiAi flag check: 
07-27 05:12:22.115  1436  1698 I AiAiEcho: [CONTEXT ratelimit_period="10 SECONDS" ]
07-27 05:12:22.115   576  1720 W MagnificationConnectionManager: requestConnection duplicated request: connect=false, mConnectionState=DISCONNECTED
07-27 05:12:22.115  1436  1698 I AiAiEcho: Ranked targets strategy: SORT, count: 0, ranking metadata:  [CONTEXT ratelimit_period="10 SECONDS" ]
07-27 05:12:22.115  1436  1698 I AiAiEcho: #remoteViewsTwiddler: feature disabled.
07-27 05:12:22.116  1436  1698 I AiAiEcho: #postPredictionTargets: Sending updates to UISurface media_data_manager with targets# 0 (types=[])
07-27 05:12:22.118  1436  1698 I AiAiEcho: #postPredictionTargets: Sending updates to UISurface lockscreen with targets# 0 (types=[])
07-27 05:12:22.119  1436  1698 I AiAiEcho: #postPredictionTargets: Sending updates to UISurface home with targets# 0 (types=[])
07-27 05:12:22.120   576   576 W IPCThreadState: Sending oneway calls to frozen process.
07-27 05:12:22.120   576   576 W IPCThreadState: Sending oneway calls to frozen process.
07-27 05:12:22.120   576   576 W IPCThreadState: Sending oneway calls to frozen process.
07-27 05:12:22.120   576   576 W IPCThreadState: Sending oneway calls to frozen process.
07-27 05:12:22.120   576   576 W IPCThreadState: Sending oneway calls to frozen process.
07-27 05:12:22.138   576   576 W IPCThreadState: Sending oneway calls to frozen process.
07-27 05:12:22.138   576   576 W IPCThreadState: Sending oneway calls to frozen process.
07-27 05:12:22.138   576   576 W IPCThreadState: Sending oneway calls to frozen process.
07-27 05:12:22.139   576   576 W IPCThreadState: Sending oneway calls to frozen process.
07-27 05:12:22.139   576   576 W IPCThreadState: Sending oneway calls to frozen process.
07-27 05:12:22.139   576   576 W IPCThreadState: Sending oneway calls to frozen process.
07-27 05:12:22.139   576   576 W IPCThreadState: Sending oneway calls to frozen process.
07-27 05:12:22.139   576   576 W IPCThreadState: Sending oneway calls to frozen process.
07-27 05:12:22.139   576   576 W IPCThreadState: Sending oneway calls to frozen process.
07-27 05:12:22.140  1436  1476 I AiAiEcho: Settings changed for uri: content://settings/secure/accessibility_enabled
07-27 05:12:22.143  1436  1698 I AiAiEcho: Predicting[0]:  [CONTEXT sampling_count=5 ]
07-27 05:12:22.143  1436  1698 I AiAiEcho: EchoTargets: 
07-27 05:12:22.143  1436  1698 I AiAiEcho: Filtered by AiAi flag check: 
07-27 05:12:22.143  1436  1698 I AiAiEcho: [CONTEXT ratelimit_period="10 SECONDS" ]
07-27 05:12:22.143  1436  1698 I AiAiEcho: Ranked targets strategy: SORT, count: 0, ranking metadata:  [CONTEXT ratelimit_period="10 SECONDS" ]
07-27 05:12:22.144  1436  1698 I AiAiEcho: #remoteViewsTwiddler: feature disabled.
07-27 05:12:22.144  1436  1698 I AiAiEcho: Predicting[0]:  [CONTEXT sampling_count=5 ]
07-27 05:12:22.144  1436  1698 I AiAiEcho: EchoTargets: 
07-27 05:12:22.144  1436  1698 I AiAiEcho: Filtered by AiAi flag check: 
07-27 05:12:22.144  1436  1698 I AiAiEcho: [CONTEXT ratelimit_period="10 SECONDS" ]
07-27 05:12:22.144  1436  1698 I AiAiEcho: Ranked targets strategy: SORT, count: 0, ranking metadata:  [CONTEXT ratelimit_period="10 SECONDS" ]
07-27 05:12:22.144  1436  1698 I AiAiEcho: #remoteViewsTwiddler: feature disabled.
07-27 05:12:22.144  1436  1698 I AiAiEcho: Predicting[0]:  [CONTEXT sampling_count=5 ]
07-27 05:12:22.144  1436  1698 I AiAiEcho: EchoTargets: 
07-27 05:12:22.144  1436  1698 I AiAiEcho: Filtered by AiAi flag check: 
07-27 05:12:22.144  1436  1698 I AiAiEcho: [CONTEXT ratelimit_period="10 SECONDS" ]
07-27 05:12:22.144  1436  1698 I AiAiEcho: Ranked targets strategy: SORT, count: 0, ranking metadata:  [CONTEXT ratelimit_period="10 SECONDS" ]
07-27 05:12:22.144  1436  1698 I AiAiEcho: #remoteViewsTwiddler: feature disabled.
07-27 05:12:22.146  1436  1698 I AiAiEcho: #postPredictionTargets: Sending updates to UISurface media_data_manager with targets# 0 (types=[])
07-27 05:12:22.148  1436  1698 I AiAiEcho: #postPredictionTargets: Sending updates to UISurface lockscreen with targets# 0 (types=[])
07-27 05:12:22.148  1436  1698 I AiAiEcho: #postPredictionTargets: Sending updates to UISurface home with targets# 0 (types=[])
07-27 05:12:22.152  1306  1306 D SsBaseTemplateCard: No text view can be set up
07-27 05:12:22.152  1306  1306 D SsBaseTemplateCard: Passed-in item info is null
07-27 05:12:22.152  1306  1306 D SsBaseTemplateCard: Passed-in item info is null
07-27 05:12:22.153  1306  1306 D SsBaseTemplateCard: Passed-in item info is null
07-27 05:12:22.153  1306  1306 I SsBaseTemplateCard: Secondary card pane is null
07-27 05:12:22.153  1306  1306 D SsBaseTemplateCard: No text view can be set up
07-27 05:12:22.153  1306  1306 D SsBaseTemplateCard: Passed-in item info is null
07-27 05:12:22.153  1306  1306 D SsBaseTemplateCard: Passed-in item info is null
07-27 05:12:22.153  1306  1306 D SsBaseTemplateCard: Passed-in item info is null
07-27 05:12:22.153  1306  1306 I SsBaseTemplateCard: Secondary card pane is null
07-27 05:12:22.154   820   820 D SsMediaDataProvider: Forwarding Smartspace updates []
07-27 05:12:22.156   820   820 W PageIndicator: Total number of pages invalid: 0. Assuming 1 page.
07-27 05:12:22.156   820   820 D SsMediaDataProvider: Forwarding Smartspace updates []
07-27 05:12:22.156   820   820 W PageIndicator: Total number of pages invalid: 0. Assuming 1 page.
07-27 05:12:22.649  1370  1374 W putmethod.latin: Missing inline cache for int rto.a(java.lang.Object)
07-27 05:12:23.132  3262  3262 I AccessibilityNodeInfoDumper: Skipping invisible child: android.view.accessibility.AccessibilityNodeInfo@88c72; boundsInParent: Rect(0, 0 - 1080, 0); boundsInScreen: Rect(0, 0 - 1080, 0); boundsInWindow: Rect(0, 0 - 1080, 0); packageName: com.mediology.sinsinapp; className: android.widget.LinearLayout; text: null; error: null; maxTextLength: -1; stateDescription: null; contentDescription: null; tooltipText: null; containerTitle: null; viewIdResName: null; uniqueId: null; checkable: false; checked: false; focusable: false; focused: false; selected: false; clickable: false; longClickable: false; contextClickable: false; enabled: true; password: false; scrollable: false; granularScrollingSupported: false; importantForAccessibility: false; visible: false; actions: [AccessibilityAction: ACTION_SELECT - null, AccessibilityAction: ACTION_CLEAR_SELECTION - null, AccessibilityAction: ACTION_ACCESSIBILITY_FOCUS - null, AccessibilityAction: ACTION_SHOW_ON_SCREEN - null]; isTextSelectable: false
07-27 05:12:23.132  3262  3262 I AccessibilityNodeInfoDumper: Skipping invisible child: android.view.accessibility.AccessibilityNodeInfo@888b1; boundsInParent: Rect(0, 0 - 1080, 0); boundsInScreen: Rect(0, 0 - 1080, 0); boundsInWindow: Rect(0, 0 - 1080, 0); packageName: com.mediology.sinsinapp; className: android.view.ViewGroup; text: null; error: null; maxTextLength: -1; stateDescription: null; contentDescription: null; tooltipText: null; containerTitle: null; viewIdResName: null; uniqueId: null; checkable: false; checked: false; focusable: false; focused: false; selected: false; clickable: false; longClickable: false; contextClickable: false; enabled: true; password: false; scrollable: false; granularScrollingSupported: false; importantForAccessibility: false; visible: false; actions: [AccessibilityAction: ACTION_SELECT - null, AccessibilityAction: ACTION_CLEAR_SELECTION - null, AccessibilityAction: ACTION_ACCESSIBILITY_FOCUS - null, AccessibilityAction: ACTION_SHOW_ON_SCREEN - null]; isTextSelectable: false
07-27 05:12:23.132  3262  3262 I AccessibilityNodeInfoDumper: Skipping invisible child: android.view.accessibility.AccessibilityNodeInfo@91396; boundsInParent: Rect(0, 0 - 1080, 0); boundsInScreen: Rect(0, 0 - 1080, 0); boundsInWindow: Rect(0, 0 - 1080, 0); packageName: com.mediology.sinsinapp; className: android.widget.LinearLayout; text: null; error: null; maxTextLength: -1; stateDescription: null; contentDescription: null; tooltipText: null; containerTitle: null; viewIdResName: null; uniqueId: null; checkable: false; checked: false; focusable: false; focused: false; selected: false; clickable: false; longClickable: false; contextClickable: false; enabled: true; password: false; scrollable: false; granularScrollingSupported: false; importantForAccessibility: false; visible: false; actions: [AccessibilityAction: ACTION_SELECT - null, AccessibilityAction: ACTION_CLEAR_SELECTION - null, AccessibilityAction: ACTION_ACCESSIBILITY_FOCUS - null, AccessibilityAction: ACTION_SHOW_ON_SCREEN - null]; isTextSelectable: false
07-27 05:12:23.132  3262  3262 I AccessibilityNodeInfoDumper: Skipping invisible child: android.view.accessibility.AccessibilityNodeInfo@90fd5; boundsInParent: Rect(0, 0 - 1080, 0); boundsInScreen: Rect(0, 0 - 1080, 0); boundsInWindow: Rect(0, 0 - 1080, 0); packageName: com.mediology.sinsinapp; className: android.view.ViewGroup; text: null; error: null; maxTextLength: -1; stateDescription: null; contentDescription: null; tooltipText: null; containerTitle: null; viewIdResName: null; uniqueId: null; checkable: false; checked: false; focusable: false; focused: false; selected: false; clickable: false; longClickable: false; contextClickable: false; enabled: true; password: false; scrollable: false; granularScrollingSupported: false; importantForAccessibility: false; visible: false; actions: [AccessibilityAction: ACTION_SELECT - null, AccessibilityAction: ACTION_CLEAR_SELECTION - null, AccessibilityAction: ACTION_ACCESSIBILITY_FOCUS - null, AccessibilityAction: ACTION_SHOW_ON_SCREEN - null]; isTextSelectable: false
07-27 05:12:23.145  3262  3262 I AccessibilityNodeInfoDumper: Skipping invisible child: android.view.accessibility.AccessibilityNodeInfo@e4e8; boundsInParent: Rect(0, 0 - 1080, 121); boundsInScreen: Rect(0, 0 - 1080, -121); boundsInWindow: Rect(0, 0 - 1080, -121); packageName: com.mediology.sinsinapp; className: android.view.ViewGroup; text: null; error: null; maxTextLength: -1; stateDescription: null; contentDescription: null; tooltipText: null; containerTitle: null; viewIdResName: toastAnimatedContainer; uniqueId: null; checkable: false; checked: false; focusable: false; focused: false; selected: false; clickable: false; longClickable: false; contextClickable: false; enabled: true; password: false; scrollable: false; granularScrollingSupported: false; importantForAccessibility: true; visible: false; actions: [AccessibilityAction: ACTION_SELECT - null, AccessibilityAction: ACTION_CLEAR_SELECTION - null, AccessibilityAction: ACTION_ACCESSIBILITY_FOCUS - null, AccessibilityAction: ACTION_SHOW_ON_SCREEN - null]; isTextSelectable: false
07-27 05:12:23.145  3262  3262 I AccessibilityNodeInfoDumper: Skipping invisible child: android.view.accessibility.AccessibilityNodeInfo@ce62; boundsInParent: Rect(0, 0 - 1080, 0); boundsInScreen: Rect(0, 2400 - 1080, 2400); boundsInWindow: Rect(0, 2400 - 1080, 2400); packageName: com.mediology.sinsinapp; className: android.view.ViewGroup; text: null; error: null; maxTextLength: -1; stateDescription: null; contentDescription: null; tooltipText: null; containerTitle: null; viewIdResName: null; uniqueId: null; checkable: false; checked: false; focusable: false; focused: false; selected: false; clickable: false; longClickable: false; contextClickable: false; enabled: true; password: false; scrollable: false; granularScrollingSupported: false; importantForAccessibility: false; visible: false; actions: [AccessibilityAction: ACTION_SELECT - null, AccessibilityAction: ACTION_CLEAR_SELECTION - null, AccessibilityAction: ACTION_ACCESSIBILITY_FOCUS - null, AccessibilityAction: ACTION_SHOW_ON_SCREEN - null]; isTextSelectable: false
07-27 05:12:23.146  3262  3262 W AccessibilityNodeInfoDumper: Fetch time: 20ms
07-27 05:12:23.152  1436  1476 I AiAiEcho: Settings changed for uri: content://settings/secure/accessibility_enabled
07-27 05:12:23.152   576   643 W MagnificationConnectionManager: requestConnection duplicated request: connect=false, mConnectionState=DISCONNECTED
07-27 05:12:23.152   576   643 D AccessibilityManagerService: restoreCurrentUserForTestAutomationIfNeededLocked(): ignoring because device doesn't support visible background users
07-27 05:12:23.152   576   576 W IPCThreadState: Sending oneway calls to frozen process.
07-27 05:12:23.152   576   576 W IPCThreadState: Sending oneway calls to frozen process.
07-27 05:12:23.152  1436  1698 I AiAiEcho: Predicting[0]:  [CONTEXT sampling_count=5 ]
07-27 05:12:23.152   576   576 W IPCThreadState: Sending oneway calls to frozen process.
07-27 05:12:23.152  1436  1698 I AiAiEcho: EchoTargets: 
07-27 05:12:23.152  1436  1698 I AiAiEcho: Filtered by AiAi flag check: 
07-27 05:12:23.152  1436  1698 I AiAiEcho: [CONTEXT ratelimit_period="10 SECONDS" ]
07-27 05:12:23.152  1436  1698 I AiAiEcho: Ranked targets strategy: SORT, count: 0, ranking metadata:  [CONTEXT ratelimit_period="10 SECONDS" ]
07-27 05:12:23.152  1436  1698 I AiAiEcho: #remoteViewsTwiddler: feature disabled.
07-27 05:12:23.152  1436  1698 I AiAiEcho: Predicting[0]:  [CONTEXT sampling_count=5 ]
07-27 05:12:23.152  1436  1698 I AiAiEcho: EchoTargets: 
07-27 05:12:23.152  1436  1698 I AiAiEcho: Filtered by AiAi flag check: 
07-27 05:12:23.152  1436  1698 I AiAiEcho: [CONTEXT ratelimit_period="10 SECONDS" ]
07-27 05:12:23.152   576   576 W IPCThreadState: Sending oneway calls to frozen process.
07-27 05:12:23.152   576   576 W IPCThreadState: Sending oneway calls to frozen process.
07-27 05:12:23.152   576   576 W IPCThreadState: Sending oneway calls to frozen process.
07-27 05:12:23.152   576   576 W IPCThreadState: Sending oneway calls to frozen process.
07-27 05:12:23.152   576   576 W IPCThreadState: Sending oneway calls to frozen process.
07-27 05:12:23.152   576   576 W IPCThreadState: Sending oneway calls to frozen process.
07-27 05:12:23.152   576   576 W IPCThreadState: Sending oneway calls to frozen process.
07-27 05:12:23.153   576   576 W IPCThreadState: Sending oneway calls to frozen process.
07-27 05:12:23.153   576   576 W IPCThreadState: Sending oneway calls to frozen process.
07-27 05:12:23.153   576   576 W IPCThreadState: Sending oneway calls to frozen process.
07-27 05:12:23.153   576   576 W IPCThreadState: Sending oneway calls to frozen process.
07-27 05:12:23.153   576   576 W IPCThreadState: Sending oneway calls to frozen process.
07-27 05:12:23.153   576   576 W IPCThreadState: Sending oneway calls to frozen process.
07-27 05:12:23.153   576   576 W IPCThreadState: Sending oneway calls to frozen process.
07-27 05:12:23.153   576   576 W IPCThreadState: Sending oneway calls to frozen process.
07-27 05:12:23.153   576   576 W IPCThreadState: Sending oneway calls to frozen process.
07-27 05:12:23.153   576   576 W IPCThreadState: Sending oneway calls to frozen process.
07-27 05:12:23.153   576   576 W IPCThreadState: Sending oneway calls to frozen process.
07-27 05:12:23.153   576   576 D BatterySaverPolicy: accessibility changed to false, updating policy.
07-27 05:12:23.156  3262  3262 D AndroidRuntime: Shutting down VM
07-27 05:12:23.152  1436  1698 I AiAiEcho: Ranked targets strategy: SORT, count: 0, ranking metadata:  [CONTEXT ratelimit_period="10 SECONDS" ]
07-27 05:12:23.157  1436  1698 I AiAiEcho: #remoteViewsTwiddler: feature disabled.
07-27 05:12:23.157  1436  1698 I AiAiEcho: Predicting[0]:  [CONTEXT sampling_count=5 ]
07-27 05:12:23.157  1436  1698 I AiAiEcho: EchoTargets: 
07-27 05:12:23.157  1436  1698 I AiAiEcho: Filtered by AiAi flag check: 
07-27 05:12:23.157  1436  1698 I AiAiEcho: [CONTEXT ratelimit_period="10 SECONDS" ]
07-27 05:12:23.157  1436  1698 I AiAiEcho: Ranked targets strategy: SORT, count: 0, ranking metadata:  [CONTEXT ratelimit_period="10 SECONDS" ]
07-27 05:12:23.157  1436  1698 I AiAiEcho: #remoteViewsTwiddler: feature disabled.
07-27 05:12:23.157  1436  1698 I AiAiEcho: #postPredictionTargets: Sending updates to UISurface media_data_manager with targets# 0 (types=[])
07-27 05:12:23.157  1436  1698 I AiAiEcho: #postPredictionTargets: Sending updates to UISurface lockscreen with targets# 0 (types=[])
07-27 05:12:23.158  1436  1698 I AiAiEcho: #postPredictionTargets: Sending updates to UISurface home with targets# 0 (types=[])
07-27 05:12:23.159  1306  1306 D SsBaseTemplateCard: No text view can be set up
07-27 05:12:23.159   820   820 D SsMediaDataProvider: Forwarding Smartspace updates []
07-27 05:12:23.159  1306  1306 D SsBaseTemplateCard: Passed-in item info is null
07-27 05:12:23.159  1306  1306 D SsBaseTemplateCard: Passed-in item info is null
07-27 05:12:23.159  1306  1306 D SsBaseTemplateCard: Passed-in item info is null
07-27 05:12:23.159  1306  1306 I SsBaseTemplateCard: Secondary card pane is null
07-27 05:12:23.159   820   820 W PageIndicator: Total number of pages invalid: 0. Assuming 1 page.
