Timestamp               Ty Process[PID:TID]
2026-07-27 05:09:52.683 Df app[19104:4f144d] [com.apple.network:connection] nw_socket_handle_socket_event [C1417:1] Socket received CONNRESET event
2026-07-27 05:09:52.684 Df app[19104:4f144d] [com.apple.network:connection] nw_socket_handle_socket_event [C1417:1] Socket received DISCONNECTED event
2026-07-27 05:09:52.684 E  app[19104:4f144d] [com.apple.network:connection] nw_socket_handle_socket_event [C1417:1] Socket SO_ERROR [54: Connection reset by peer]
2026-07-27 05:09:52.684 Df app[19104:4f1452] [com.apple.TextInputUI:CandidateGeneration] Performing delayed generation for token=D31D5772
2026-07-27 05:09:52.685 E  app[19104:4f1452] [com.apple.CFNetwork:Default] SocketStream read error [0x13b793e80]: 1 54
2026-07-27 05:09:52.685 Df app[19104:4f1452] [com.apple.CFNetwork:Default] TCP Conn 0x13b793e80 canceled
2026-07-27 05:09:52.685 E  app[19104:4fd324] [com.apple.CFNetwork:Default] SocketStream read error [0x13b7908c0]: 1 54
2026-07-27 05:09:52.686 E  app[19104:4fd325] [com.apple.CFNetwork:Default] SocketStream read error [0x13b793840]: 1 54
2026-07-27 05:09:52.687 Df app[19104:4fd325] [com.apple.CFNetwork:Default] TCP Conn 0x13b793840 canceled
2026-07-27 05:09:52.687 Df app[19104:4fd324] [com.apple.CFNetwork:Default] TCP Conn 0x13b7908c0 canceled
2026-07-27 05:09:52.687 Df app[19104:4f144d] [com.apple.network:connection] [C1419 237F792D-0290-4AC8-94EE-15D52B795BD5 IPv4#d88bd194:8087 tcp, legacy-socket, definite, attribution: developer] cancel
2026-07-27 05:09:52.687 Df app[19104:4f144d] [com.apple.network:connection] [C1419 237F792D-0290-4AC8-94EE-15D52B795BD5 IPv4#d88bd194:8087 tcp, legacy-socket, definite, attribution: developer] cancelled
	[C1419 E5D89930-9B94-447A-B457-D9D0CFF094E8 172.30.1.90:60565<->IPv4#d88bd194:8087]
	Connected Path: satisfied (Path is satisfied), interface: lo0
	Privacy Stance: Not Eligible
	Duration: 805.694s, TCP @0.000s took 0.002s
	bytes in/out: 129/204, packets in/out: 2/1, rtt: 0.001s, retransmitted bytes: 0, out-of-order bytes: 0
	ecn packets sent/acked/marked/lost: 0/0/0/0
2026-07-27 05:09:52.687 Df app[19104:4f144d] [com.apple.network:connection] nw_connection_report_state_with_handler_on_nw_queue [C1419] reporting state cancelled
2026-07-27 05:09:52.687 Df app[19104:4f144d] [com.apple.network:connection] [C1420 412AB20B-E9EF-45FA-9C72-C29BA79B550B IPv4#d88bd194:8087 tcp, legacy-socket, definite, attribution: developer] cancel
2026-07-27 05:09:52.687 Df app[19104:4f144d] [com.apple.network:connection] [C1420 412AB20B-E9EF-45FA-9C72-C29BA79B550B IPv4#d88bd194:8087 tcp, legacy-socket, definite, attribution: developer] cancelled
	[C1420 E5D89930-9B94-447A-B457-D9D0CFF094E8 172.30.1.90:60566<->IPv4#d88bd194:8087]
	Connected Path: satisfied (Path is satisfied), interface: lo0
	Privacy Stance: Not Eligible
	Duration: 805.693s, TCP @0.000s took 0.002s
	bytes in/out: 129/205, packets in/out: 2/1, rtt: 0.001s, retransmitted bytes: 0, out-of-order bytes: 0
	ecn packets sent/acked/marked/lost: 0/0/0/0
2026-07-27 05:09:52.687 E  app[19104:4fd324] [com.apple.CFNetwork:Default] SocketStream read error [0x13b793980]: 1 54
2026-07-27 05:09:52.687 Df app[19104:4f144d] [com.apple.network:connection] nw_connection_report_state_with_handler_on_nw_queue [C1420] reporting state cancelled
2026-07-27 05:09:52.688 Df app[19104:4d7118] [com.apple.UIKit:AppLifecycle] sceneOfRecord: sceneID: sceneID:com.mediology.sinsin-care-default  persistentID: 6E797257-08E7-48F7-A749-DFECC04BF5BA
2026-07-27 05:09:52.688 Df app[19104:4d7159] [com.apple.CFNetwork:Default] TCP Conn 0x13b791cc0 canceled
2026-07-27 05:09:52.688 Df app[19104:4fd324] [com.apple.CFNetwork:Default] TCP Conn 0x13b793980 canceled
2026-07-27 05:09:52.688 Df app[19104:4f144d] [com.apple.network:connection] [C1423 4135ED3C-C95F-45A3-863E-0117B76AF3AE IPv4#d88bd194:8087 tcp, legacy-socket, definite, attribution: developer] cancel
2026-07-27 05:09:52.688 Df app[19104:4d7118] [com.apple.UIKit:InterfaceStyle] Scene did update interface style to 1, <UIWindowScene: 0x102b40200> (6E797257-08E7-48F7-A749-DFECC04BF5BA)
2026-07-27 05:09:52.688 Df app[19104:4f144d] [com.apple.network:connection] [C1423 4135ED3C-C95F-45A3-863E-0117B76AF3AE IPv4#d88bd194:8087 tcp, legacy-socket, definite, attribution: developer] cancelled
	[C1423 E5D89930-9B94-447A-B457-D9D0CFF094E8 172.30.1.90:60579<->IPv4#d88bd194:8087]
	Connected Path: satisfied (Path is satisfied), interface: lo0
	Privacy Stance: Not Eligible
	Duration: 784.396s, TCP @0.000s took 0.001s
	bytes in/out: 129/195, packets in/out: 2/1, rtt: 0.001s, retransmitted bytes: 0, out-of-order bytes: 0
	ecn packets sent/acked/marked/lost: 0/0/0/0
2026-07-27 05:09:52.688 Df app[19104:4f144d] [com.apple.network:connection] nw_connection_report_state_with_handler_on_nw_queue [C1423] reporting state cancelled
2026-07-27 05:09:52.688 Df app[19104:4f144d] [com.apple.network:connection] [C1417 BF0A47EA-F882-4230-8C20-C087C7EA755B IPv4#d88bd194:8087 tcp, legacy-socket, definite, attribution: developer] cancel
2026-07-27 05:09:52.688 Df app[19104:4f144d] [com.apple.network:connection] [C1417 BF0A47EA-F882-4230-8C20-C087C7EA755B IPv4#d88bd194:8087 tcp, legacy-socket, definite, attribution: developer] cancelled
	[C1417 E5D89930-9B94-447A-B457-D9D0CFF094E8 172.30.1.90:60563<->IPv4#d88bd194:8087]
	Connected Path: satisfied (Path is satisfied), interface: lo0
	Privacy Stance: Not Eligible
	Duration: 805.796s, TCP @0.000s took 0.003s
	bytes in/out: 2995/32126, packets in/out: 145/82, rtt: 0.001s, retransmitted bytes: 0, out-of-order bytes: 0
	ecn packets sent/acked/marked/lost: 0/0/0/0
2026-07-27 05:09:52.688 Df app[19104:4f144d] [com.apple.network:connection] nw_connection_report_state_with_handler_on_nw_queue [C1417] reporting state cancelled
2026-07-27 05:09:52.689 Df app[19104:4f144d] [com.apple.network:connection] [C1424 CC17646D-9672-4D5D-A6F7-FEA8CCF412AF IPv4#d88bd194:8087 tcp, legacy-socket, definite, attribution: developer] cancel
2026-07-27 05:09:52.689 Df app[19104:4f144d] [com.apple.network:connection] [C1424 CC17646D-9672-4D5D-A6F7-FEA8CCF412AF IPv4#d88bd194:8087 tcp, legacy-socket, definite, attribution: developer] cancelled
	[C1424 E5D89930-9B94-447A-B457-D9D0CFF094E8 172.30.1.90:60580<->IPv4#d88bd194:8087]
	Connected Path: satisfied (Path is satisfied), interface: lo0
	Privacy Stance: Not Eligible
	Duration: 784.302s, TCP @0.000s took 0.000s
	bytes in/out: 375/2389, packets in/out: 13/15, rtt: 0.001s, retransmitted bytes: 0, out-of-order bytes: 0
	ecn packets sent/acked/marked/lost: 0/0/0/0
2026-07-27 05:09:52.690 Df app[19104:4f144d] [com.apple.network:connection] nw_connection_report_state_with_handler_on_nw_queue [C1424] reporting state cancelled
2026-07-27 05:09:52.693 Df app[19104:4d7118] [com.apple.UIKit:InterfaceStyle] Not push traits update to screen for new style 1, <UIWindowScene: 0x102b40200> (6E797257-08E7-48F7-A749-DFECC04BF5BA)
2026-07-27 05:09:52.696 Df app[19104:4d7118] [com.apple.UIKit:InterfaceStyle] Push traits update to screen for new style 1, <UIWindowScene: 0x102b40200> (6E797257-08E7-48F7-A749-DFECC04BF5BA)
2026-07-27 05:09:52.709 Df app[19104:4d7118] [com.apple.Accessibility:AXSupportCommon] Read CategoryName: per-app = 1, category name = (null)
2026-07-27 05:09:52.709 Df app[19104:4d7118] [com.apple.Accessibility:AXSupportCommon] Read CategoryName: per-app = 0, category name = UICTContentSizeCategoryL
2026-07-27 05:09:52.710 Df app[19104:4d7118] [com.apple.UIKit:InterfaceStyle] Not push traits update to screen for new style 1, <UIWindowScene: 0x102b40200> (6E797257-08E7-48F7-A749-DFECC04BF5BA)
2026-07-27 05:09:52.725 A  app[19104:4f1452] (RunningBoardServices) didChangeInheritances
2026-07-27 05:09:52.758 Df app[19104:4d7118] [com.apple.Accessibility:AXSupportCommon] Read CategoryName: per-app = 1, category name = (null)
2026-07-27 05:09:52.758 Df app[19104:4d7118] [com.apple.Accessibility:AXSupportCommon] Read CategoryName: per-app = 0, category name = UICTContentSizeCategoryL
2026-07-27 05:09:52.765 Df app[19104:4d7118] [com.apple.UIKit:AppLifecycle] sceneOfRecord: sceneID: sceneID:com.mediology.sinsin-care-default  persistentID: 6E797257-08E7-48F7-A749-DFECC04BF5BA
2026-07-27 05:09:52.765 Df app[19104:4d7118] [com.apple.UIKit:Application] Deactivation reason added: 5; deactivation reasons: 6144 -> 6176; animating application lifecycle event: 1
2026-07-27 05:09:52.765 Df app[19104:4d7118] [com.apple.UIKit:Application] Ignoring already applied deactivation reason: 12; deactivation reasons: 6176
2026-07-27 05:09:52.766 Df app[19104:4d7118] [com.apple.UIKit:UIKBFeedbackGenerator] <_UIKBFeedbackGenerator: 0x13b5b4b40>: -[_UIKBFeedbackGenerator activateWithCompletionBlock:]
2026-07-27 05:09:52.766 Df app[19104:4d7118] [com.apple.UIKit:UIKBFeedbackGenerator] <_UIKBFeedbackGenerator: 0x13b5b4b40>: Cannot activate engine while suspended.
2026-07-27 05:09:52.768 Df app[19104:4d7118] [com.apple.UIKit:UIPeripheralHost] endPlacementForInputViewSet: <<UIInputViewSet: 0x13b5b7900>; keyboard = <UIKeyboardAutomatic: 0x139f74c80; frame = (0 0; 402 250); opaque = NO; layer = <CALayer: 0x1320896e0>>%; assistant = <TUISystemInputAssistantView: 0x1392f0c00; frame = (0 0; 402 78); >; usesKeyClicks = NO;  (not visible)> windowScene: <_UIKeyboardWindowScene: 0x13a858000; role: _UIScreenBasedSceneSession; persistentIdentifier: 1984CC79-F43E-41B4-BB91-2C476B30F56B; activationState: UISceneActivationStateForegroundActive>
2026-07-27 05:09:52.769 Df app[19104:4d7118] [com.apple.UIKit:UIPeripheralHost] endPlacementForInputViewSet: <<UIInputViewSet: 0x13b5b7900>; keyboard = <UIKeyboardAutomatic: 0x139f74c80; frame = (0 0; 402 250); opaque = NO; layer = <CALayer: 0x1320896e0>>%; assistant = <TUISystemInputAssistantView: 0x1392f0c00; frame = (0 0; 402 78); >; usesKeyClicks = NO;  (not visible)> windowScene: <_UIKeyboardWindowScene: 0x13a858000; role: _UIScreenBasedSceneSession; persistentIdentifier: 1984CC79-F43E-41B4-BB91-2C476B30F56B; activationState: UISceneActivationStateForegroundActive>
2026-07-27 05:09:52.769 Df app[19104:4d7118] [com.apple.UIKit:UIPeripheralHost] endPlacementForInputViewSet: <<UIInputViewSet: 0x13b5b7900>; keyboard = <UIKeyboardAutomatic: 0x139f74c80; frame = (0 0; 402 250); opaque = NO; layer = <CALayer: 0x1320896e0>>%; assistant = <TUISystemInputAssistantView: 0x1392f0c00; frame = (0 0; 402 78); >; usesKeyClicks = NO;  (not visible)> windowScene: <_UIKeyboardWindowScene: 0x13a858000; role: _UIScreenBasedSceneSession; persistentIdentifier: 1984CC79-F43E-41B4-BB91-2C476B30F56B; activationState: UISceneActivationStateForegroundActive>
2026-07-27 05:09:52.769 Df app[19104:4d7118] [com.apple.UIKit:UIPeripheralHost] endPlacementForInputViewSet: <<UIInputViewSet: 0x13b5b7900>; keyboard = <UIKeyboardAutomatic: 0x139f74c80; frame = (0 0; 402 250); opaque = NO; layer = <CALayer: 0x1320896e0>>%; assistant = <TUISystemInputAssistantView: 0x1392f0c00; frame = (0 0; 402 78); >; usesKeyClicks = NO;  (not visible)> windowScene: <_UIKeyboardWindowScene: 0x13a858000; role: _UIScreenBasedSceneSession; persistentIdentifier: 1984CC79-F43E-41B4-BB91-2C476B30F56B; activationState: UISceneActivationStateForegroundActive>
2026-07-27 05:09:52.770 Df app[19104:4d7118] [com.apple.BackBoard:Keyboard] currently observing: YES
2026-07-27 05:09:52.770 Df app[19104:4d7118] [com.apple.BackBoard:Keyboard] connected: (
    "<BKSHIDKeyboardDevice: 0x13d6094a0> {\134n    senderID: 0xACEFADE00000003;\134n    transport: <nil>;\134n    language: <nil>;\134n    layout: US;\134n    countryCode: 0;\134n    standardType: 4294967295;\134n    subinterfaceID: 0;\134n    capsLockKeyHasLanguageSwitchLabel: NO;\134n    globeKeyLabelHasGlobeSymbol: NO;\134n}"
)
2026-07-27 05:09:52.770 Df app[19104:4d7118] [com.apple.BackBoard:Keyboard] currently observing: NO
2026-07-27 05:09:52.770 Df app[19104:4d7118] [com.apple.BackBoard:Keyboard] disconnected: (
    "<BKSHIDKeyboardDevice: 0x13d6094a0> {\134n    senderID: 0xACEFADE00000003;\134n    transport: <nil>;\134n    language: <nil>;\134n    layout: US;\134n    countryCode: 0;\134n    standardType: 4294967295;\134n    subinterfaceID: 0;\134n    capsLockKeyHasLanguageSwitchLabel: NO;\134n    globeKeyLabelHasGlobeSymbol: NO;\134n}"
)
2026-07-27 05:09:52.770 Df app[19104:4d7118] [com.apple.UIKit:InputSessionChange] -_teardownExistingDelegate:<RCTUITextField: 0x13e791e00> forSetDelegate:(nil) force:NO delayEndInputSession:NO
2026-07-27 05:09:52.770 Df app[19104:4f1452] [com.apple.network:path] nw_path_evaluator_cancel [0E55E3C0-8668-46A2-91EF-8D20D2C12589] cancel
2026-07-27 05:09:52.770 Df app[19104:4d7118] [com.apple.RemoteTextInput:InputSessionChange] -[RTIInputSystemClient endRemoteTextInputSessionWithID:options:completion:]  Ending text input session. sessionID = AF938410-D2A3-4945-B624-BEA676A8B112, options = <RTISessionOptions: 0x13d60ace0; shouldResign = YES; animated = YES; offscreenDirection = 0; enhancedWindowingModeEnabled = NO
2026-07-27 05:09:52.771 Df app[19104:4d7118] [com.apple.RemoteTextInput:InputSessionChange] -[RTIInputSystemClient _endSessionWithID:forServices:options:completion:]  End input session: AF938410-D2A3-4945-B624-BEA676A8B112
2026-07-27 05:09:52.771 Df app[19104:4d7118] [com.apple.RemoteTextInput:InputSessionChange] -[RTIInputSystemClient endAllowingRemoteTextInput:completion:]  End allowing remote text input: AF938410-D2A3-4945-B624-BEA676A8B112
2026-07-27 05:09:52.780 Df app[19104:4d7118] [com.apple.UIKit:SmartReply] Handling responseContextDidChange - existing: (null), new: (null)
2026-07-27 05:09:52.781 Df app[19104:4d7118] [com.apple.UIKit:UIKeyboardExtended] Requesting scene for autofill UI
2026-07-27 05:09:52.782 Df app[19104:4d7118] [com.apple.BackBoard:Keyboard] currently observing: YES
2026-07-27 05:09:52.782 Df app[19104:4d7118] [com.apple.BackBoard:Keyboard] connected: (
    "<BKSHIDKeyboardDevice: 0x13c83e9c0> {\134n    senderID: 0xACEFADE00000003;\134n    transport: <nil>;\134n    language: <nil>;\134n    layout: US;\134n    countryCode: 0;\134n    standardType: 4294967295;\134n    subinterfaceID: 0;\134n    capsLockKeyHasLanguageSwitchLabel: NO;\134n    globeKeyLabelHasGlobeSymbol: NO;\134n}"
)
2026-07-27 05:09:52.782 Df app[19104:4d7118] [com.apple.BackBoard:Keyboard] currently observing: NO
2026-07-27 05:09:52.783 Df app[19104:4d7118] [com.apple.BackBoard:Keyboard] disconnected: (
    "<BKSHIDKeyboardDevice: 0x13c83e9c0> {\134n    senderID: 0xACEFADE00000003;\134n    transport: <nil>;\134n    language: <nil>;\134n    layout: US;\134n    countryCode: 0;\134n    standardType: 4294967295;\134n    subinterfaceID: 0;\134n    capsLockKeyHasLanguageSwitchLabel: NO;\134n    globeKeyLabelHasGlobeSymbol: NO;\134n}"
)
2026-07-27 05:09:52.783 Df app[19104:4d7118] [com.apple.UIKit:InputSessionChange] -_teardownExistingDelegate:(nil) forSetDelegate:<RCTUITextField: 0x13e791e00> force:NO delayEndInputSession:NO
2026-07-27 05:09:52.784 Df app[19104:4f1452] [com.apple.network:path] nw_path_evaluator_start [02E2ABA6-9191-4E23-B5C1-028C629C5EBE <NULL> generic, multipath service: handover, attribution: developer]
	path: satisfied (Path is satisfied), interface: en0[802.11], uses wifi, LQM: unknown
2026-07-27 05:09:52.787 Df app[19104:4d7118] [com.apple.UIKit:SmartReply] Handling responseContextDidChange - existing: (null), new: (null)
2026-07-27 05:09:52.789 Df app[19104:4d7118] [com.apple.UIKit:UIPeripheralHost] endPlacementForInputViewSet: <<UIInputViewSet: 0x13b5b7900>; keyboard = <UIKeyboardAutomatic: 0x139f74c80; frame = (0 0; 402 250); opaque = NO; layer = <CALayer: 0x1320896e0>>%; assistant = <TUISystemInputAssistantView: 0x1392f0c00; frame = (0 0; 402 78); hidden = YES; >; usesKeyClicks = NO;  (not visible)> windowScene: <_UIKeyboardWindowScene: 0x13a858000; role: _UIScreenBasedSceneSession; persistentIdentifier: 1984CC79-F43E-41B4-BB91-2C476B30F56B; activationState: UISceneActivationStateForegroundActive>
2026-07-27 05:09:52.790 Df app[19104:4d7118] [com.apple.UIKit:UIPeripheralHost] endPlacementForInputViewSet: <<UIInputViewSet: 0x13b5b7900>; keyboard = <UIKeyboardAutomatic: 0x139f74c80; frame = (0 0; 402 250); opaque = NO; layer = <CALayer: 0x1320896e0>>%; assistant = <TUISystemInputAssistantView: 0x1392f0c00; frame = (0 0; 402 78); hidden = YES; >; usesKeyClicks = NO;  (not visible)> windowScene: <_UIKeyboardWindowScene: 0x13a858000; role: _UIScreenBasedSceneSession; persistentIdentifier: 1984CC79-F43E-41B4-BB91-2C476B30F56B; activationState: UISceneActivationStateForegroundActive>
2026-07-27 05:09:52.790 Df app[19104:4d7118] [com.apple.UIKit:UIPeripheralHost] endPlacementForInputViewSet: <<UIInputViewSet: 0x13b5b7900>; keyboard = <UIKeyboardAutomatic: 0x139f74c80; frame = (0 0; 402 250); opaque = NO; layer = <CALayer: 0x1320896e0>>%; assistant = <TUISystemInputAssistantView: 0x1392f0c00; frame = (0 0; 402 78); hidden = YES; >; usesKeyClicks = NO;  (not visible)> windowScene: <_UIKeyboardWindowScene: 0x13a858000; role: _UIScreenBasedSceneSession; persistentIdentifier: 1984CC79-F43E-41B4-BB91-2C476B30F56B; activationState: UISceneActivationStateForegroundActive>
2026-07-27 05:09:52.790 Df app[19104:4d7118] [com.apple.UIKit:UIPeripheralHost] endPlacementForInputViewSet: <<UIInputViewSet: 0x13b5b7900>; keyboard = <UIKeyboardAutomatic: 0x139f74c80; frame = (0 0; 402 250); opaque = NO; layer = <CALayer: 0x1320896e0>>%; assistant = <TUISystemInputAssistantView: 0x1392f0c00; frame = (0 0; 402 78); hidden = YES; >; usesKeyClicks = NO;  (not visible)> windowScene: <_UIKeyboardWindowScene: 0x13a858000; role: _UIScreenBasedSceneSession; persistentIdentifier: 1984CC79-F43E-41B4-BB91-2C476B30F56B; activationState: UISceneActivationStateForegroundActive>
2026-07-27 05:09:52.790 Df app[19104:4d7118] [com.apple.UIKit:UIPeripheralHost] endPlacementForInputViewSet: <<UIInputViewSet: 0x13b5b7900>; keyboard = <UIKeyboardAutomatic: 0x139f74c80; frame = (0 0; 402 250); opaque = NO; layer = <CALayer: 0x1320896e0>>%; assistant = <TUISystemInputAssistantView: 0x1392f0c00; frame = (0 0; 402 78); hidden = YES; >; usesKeyClicks = NO;  (not visible)> windowScene: <_UIKeyboardWindowScene: 0x13a858000; role: _UIScreenBasedSceneSession; persistentIdentifier: 1984CC79-F43E-41B4-BB91-2C476B30F56B; activationState: UISceneActivationStateForegroundActive>
2026-07-27 05:09:52.790 Df app[19104:4d7118] [com.apple.UIKit:UIPeripheralHost] endPlacementForInputViewSet: <<UIInputViewSet: 0x13b5b7900>; keyboard = <UIKeyboardAutomatic: 0x139f74c80; frame = (0 0; 402 250); opaque = NO; layer = <CALayer: 0x1320896e0>>%; assistant = <TUISystemInputAssistantView: 0x1392f0c00; frame = (0 0; 402 78); hidden = YES; >; usesKeyClicks = NO;  (not visible)> windowScene: <_UIKeyboardWindowScene: 0x13a858000; role: _UIScreenBasedSceneSession; persistentIdentifier: 1984CC79-F43E-41B4-BB91-2C476B30F56B; activationState: UISceneActivationStateForegroundActive>
2026-07-27 05:09:52.790 Df app[19104:4d7118] [com.apple.UIKit:UIPeripheralHost] endPlacementForInputViewSet: <<UIInputViewSet: 0x13b5b7900>; keyboard = <UIKeyboardAutomatic: 0x139f74c80; frame = (0 0; 402 250); opaque = NO; layer = <CALayer: 0x1320896e0>>%; assistant = <TUISystemInputAssistantView: 0x1392f0c00; frame = (0 0; 402 78); hidden = YES; >; usesKeyClicks = NO;  (not visible)> windowScene: <_UIKeyboardWindowScene: 0x13a858000; role: _UIScreenBasedSceneSession; persistentIdentifier: 1984CC79-F43E-41B4-BB91-2C476B30F56B; activationState: UISceneActivationStateForegroundActive>
2026-07-27 05:09:52.790 Df app[19104:4d7118] [com.apple.UIKit:UIPeripheralHost] endPlacementForInputViewSet: <<UIInputViewSet: 0x13b5b7900>; keyboard = <UIKeyboardAutomatic: 0x139f74c80; frame = (0 0; 402 250); opaque = NO; layer = <CALayer: 0x1320896e0>>%; assistant = <TUISystemInputAssistantView: 0x1392f0c00; frame = (0 0; 402 78); hidden = YES; >; usesKeyClicks = NO;  (not visible)> windowScene: <_UIKeyboardWindowScene: 0x13a858000; role: _UIScreenBasedSceneSession; persistentIdentifier: 1984CC79-F43E-41B4-BB91-2C476B30F56B; activationState: UISceneActivationStateForegroundActive>
2026-07-27 05:09:52.810 Df app[19104:4d7118] [com.apple.BackBoard:Keyboard] currently observing: YES
2026-07-27 05:09:52.812 Df app[19104:4d7118] [com.apple.BackBoard:Keyboard] connected: (
    "<BKSHIDKeyboardDevice: 0x105e35b40> {\134n    senderID: 0xACEFADE00000003;\134n    transport: <nil>;\134n    language: <nil>;\134n    layout: US;\134n    countryCode: 0;\134n    standardType: 4294967295;\134n    subinterfaceID: 0;\134n    capsLockKeyHasLanguageSwitchLabel: NO;\134n    globeKeyLabelHasGlobeSymbol: NO;\134n}"
)
2026-07-27 05:09:52.812 Df app[19104:4d7118] [com.apple.BackBoard:Keyboard] currently observing: NO
2026-07-27 05:09:52.813 Df app[19104:4d7118] [com.apple.BackBoard:Keyboard] disconnected: (
    "<BKSHIDKeyboardDevice: 0x105e35b40> {\134n    senderID: 0xACEFADE00000003;\134n    transport: <nil>;\134n    language: <nil>;\134n    layout: US;\134n    countryCode: 0;\134n    standardType: 4294967295;\134n    subinterfaceID: 0;\134n    capsLockKeyHasLanguageSwitchLabel: NO;\134n    globeKeyLabelHasGlobeSymbol: NO;\134n}"
)
2026-07-27 05:09:52.813 Df app[19104:4d7118] [com.apple.UIKit:HardwareKeyboard] -[UIApplication GSKeyboardForHWLayout:senderID:forceRebuild:createIfNeeded:], New hardware layout is created with 2SetHangul layout and 0 standardType.
2026-07-27 05:09:52.813 Df app[19104:4d7118] [com.apple.BackBoard:Keyboard] currently observing: YES
2026-07-27 05:09:52.814 Df app[19104:4d7118] [com.apple.BackBoard:Keyboard] connected: (
    "<BKSHIDKeyboardDevice: 0x105e356c0> {\134n    senderID: 0xACEFADE00000003;\134n    transport: <nil>;\134n    language: <nil>;\134n    layout: 2SetHangul;\134n    countryCode: 0;\134n    standardType: 4294967295;\134n    subinterfaceID: 0;\134n    capsLockKeyHasLanguageSwitchLabel: NO;\134n    globeKeyLabelHasGlobeSymbol: NO;\134n}"
)
2026-07-27 05:09:52.815 Df app[19104:4d7118] [com.apple.BackBoard:Keyboard] currently observing: NO
2026-07-27 05:09:52.815 Df app[19104:4d7118] [com.apple.BackBoard:Keyboard] disconnected: (
    "<BKSHIDKeyboardDevice: 0x105e356c0> {\134n    senderID: 0xACEFADE00000003;\134n    transport: <nil>;\134n    language: <nil>;\134n    layout: 2SetHangul;\134n    countryCode: 0;\134n    standardType: 4294967295;\134n    subinterfaceID: 0;\134n    capsLockKeyHasLanguageSwitchLabel: NO;\134n    globeKeyLabelHasGlobeSymbol: NO;\134n}"
)
2026-07-27 05:09:52.818 Df app[19104:4d7118] [com.apple.UIKit:UIPeripheralHost] endPlacementForInputViewSet: <<UIInputViewSet: 0x13b5b7900>; keyboard = <UIKeyboardAutomatic: 0x139f74c80; frame = (0 0; 402 250); opaque = NO; layer = <CALayer: 0x1320896e0>>%; assistant = <TUISystemInputAssistantView: 0x1392f0c00; frame = (0 0; 402 78); hidden = YES; >; usesKeyClicks = NO;  (not visible)> windowScene: <_UIKeyboardWindowScene: 0x13a858000; role: _UIScreenBasedSceneSession; persistentIdentifier: 1984CC79-F43E-41B4-BB91-2C476B30F56B; activationState: UISceneActivationStateForegroundActive>
2026-07-27 05:09:52.818 Df app[19104:4d7118] [com.apple.UIKit:UIPeripheralHost] endPlacementForInputViewSet: <<UIInputViewSet: 0x13b5b7900>; keyboard = <UIKeyboardAutomatic: 0x139f74c80; frame = (0 0; 402 250); opaque = NO; layer = <CALayer: 0x1320896e0>>%; assistant = <TUISystemInputAssistantView: 0x1392f0c00; frame = (0 0; 402 78); hidden = YES; >; usesKeyClicks = NO;  (not visible)> windowScene: <_UIKeyboardWindowScene: 0x13a858000; role: _UIScreenBasedSceneSession; persistentIdentifier: 1984CC79-F43E-41B4-BB91-2C476B30F56B; activationState: UISceneActivationStateForegroundActive>
2026-07-27 05:09:52.818 Df app[19104:4d7118] [com.apple.UIKit:UIPeripheralHost] endPlacementForInputViewSet: <<UIInputViewSet: 0x13b5b7900>; keyboard = <UIKeyboardAutomatic: 0x139f74c80; frame = (0 0; 402 250); opaque = NO; layer = <CALayer: 0x1320896e0>>%; assistant = <TUISystemInputAssistantView: 0x1392f0c00; frame = (0 0; 402 78); hidden = YES; >; usesKeyClicks = NO;  (not visible)> windowScene: <_UIKeyboardWindowScene: 0x13a858000; role: _UIScreenBasedSceneSession; persistentIdentifier: 1984CC79-F43E-41B4-BB91-2C476B30F56B; activationState: UISceneActivationStateForegroundActive>
2026-07-27 05:09:52.818 Df app[19104:4d7118] [com.apple.UIKit:UIPeripheralHost] endPlacementForInputViewSet: <<UIInputViewSet: 0x13b5b7900>; keyboard = <UIKeyboardAutomatic: 0x139f74c80; frame = (0 0; 402 250); opaque = NO; layer = <CALayer: 0x1320896e0>>%; assistant = <TUISystemInputAssistantView: 0x1392f0c00; frame = (0 0; 402 78); hidden = YES; >; usesKeyClicks = NO;  (not visible)> windowScene: <_UIKeyboardWindowScene: 0x13a858000; role: _UIScreenBasedSceneSession; persistentIdentifier: 1984CC79-F43E-41B4-BB91-2C476B30F56B; activationState: UISceneActivationStateForegroundActive>
2026-07-27 05:09:52.818 Df app[19104:4d7118] [com.apple.UIKit:UIPeripheralHost] endPlacementForInputViewSet: <<UIInputViewSet: 0x13b5b7900>; keyboard = <UIKeyboardAutomatic: 0x139f74c80; frame = (0 0; 402 250); opaque = NO; layer = <CALayer: 0x1320896e0>>%; assistant = <TUISystemInputAssistantView: 0x1392f0c00; frame = (0 0; 402 78); hidden = YES; >; usesKeyClicks = NO;  (not visible)> windowScene: <_UIKeyboardWindowScene: 0x13a858000; role: _UIScreenBasedSceneSession; persistentIdentifier: 1984CC79-F43E-41B4-BB91-2C476B30F56B; activationState: UISceneActivationStateForegroundActive>
2026-07-27 05:09:52.818 Df app[19104:4d7118] [com.apple.UIKit:UIPeripheralHost] endPlacementForInputViewSet: <<UIInputViewSet: 0x13b5b7900>; keyboard = <UIKeyboardAutomatic: 0x139f74c80; frame = (0 0; 402 250); opaque = NO; layer = <CALayer: 0x1320896e0>>%; assistant = <TUISystemInputAssistantView: 0x1392f0c00; frame = (0 0; 402 78); hidden = YES; >; usesKeyClicks = NO;  (not visible)> windowScene: <_UIKeyboardWindowScene: 0x13a858000; role: _UIScreenBasedSceneSession; persistentIdentifier: 1984CC79-F43E-41B4-BB91-2C476B30F56B; activationState: UISceneActivationStateForegroundActive>
2026-07-27 05:09:52.819 Df app[19104:4d7118] [com.apple.UIKit:UIPeripheralHost] endPlacementForInputViewSet: <<UIInputViewSet: 0x13b5b7900>; keyboard = <UIKeyboardAutomatic: 0x139f74c80; frame = (0 0; 402 250); opaque = NO; layer = <CALayer: 0x1320896e0>>%; assistant = <TUISystemInputAssistantView: 0x1392f0c00; frame = (0 0; 402 78); hidden = YES; >; usesKeyClicks = NO;  (not visible)> windowScene: <_UIKeyboardWindowScene: 0x13a858000; role: _UIScreenBasedSceneSession; persistentIdentifier: 1984CC79-F43E-41B4-BB91-2C476B30F56B; activationState: UISceneActivationStateForegroundActive>
2026-07-27 05:09:52.819 Df app[19104:4d7118] [com.apple.UIKit:UIPeripheralHost] endPlacementForInputViewSet: <<UIInputViewSet: 0x13b5b7900>; keyboard = <UIKeyboardAutomatic: 0x139f74c80; frame = (0 0; 402 250); opaque = NO; layer = <CALayer: 0x1320896e0>>%; assistant = <TUISystemInputAssistantView: 0x1392f0c00; frame = (0 0; 402 78); hidden = YES; >; usesKeyClicks = NO;  (not visible)> windowScene: <_UIKeyboardWindowScene: 0x13a858000; role: _UIScreenBasedSceneSession; persistentIdentifier: 1984CC79-F43E-41B4-BB91-2C476B30F56B; activationState: UISceneActivationStateForegroundActive>
2026-07-27 05:09:52.826 Df app[19104:4d7118] [com.apple.BackBoard:Keyboard] currently observing: YES
2026-07-27 05:09:52.826 Df app[19104:4d7118] [com.apple.BackBoard:Keyboard] connected: (
    "<BKSHIDKeyboardDevice: 0x105e35e00> {\134n    senderID: 0xACEFADE00000003;\134n    transport: <nil>;\134n    language: <nil>;\134n    layout: 2SetHangul;\134n    countryCode: 0;\134n    standardType: 4294967295;\134n    subinterfaceID: 0;\134n    capsLockKeyHasLanguageSwitchLabel: NO;\134n    globeKeyLabelHasGlobeSymbol: NO;\134n}"
)
2026-07-27 05:09:52.826 Df app[19104:4d7118] [com.apple.BackBoard:Keyboard] currently observing: NO
2026-07-27 05:09:52.827 Df app[19104:4d7118] [com.apple.BackBoard:Keyboard] disconnected: (
    "<BKSHIDKeyboardDevice: 0x105e35e00> {\134n    senderID: 0xACEFADE00000003;\134n    transport: <nil>;\134n    language: <nil>;\134n    layout: 2SetHangul;\134n    countryCode: 0;\134n    standardType: 4294967295;\134n    subinterfaceID: 0;\134n    capsLockKeyHasLanguageSwitchLabel: NO;\134n    globeKeyLabelHasGlobeSymbol: NO;\134n}"
)
2026-07-27 05:09:52.831 Df app[19104:4d7118] [com.apple.UIKit:HardwareKeyboard] -[UIApplication GSKeyboardForHWLayout:senderID:forceRebuild:createIfNeeded:], New hardware layout is created with US layout and 0 standardType.
2026-07-27 05:09:52.831 Df app[19104:4d7118] [com.apple.BackBoard:Keyboard] currently observing: YES
2026-07-27 05:09:52.832 Df app[19104:4d7118] [com.apple.BackBoard:Keyboard] connected: (
    "<BKSHIDKeyboardDevice: 0x105e37d20> {\134n    senderID: 0xACEFADE00000003;\134n    transport: <nil>;\134n    language: <nil>;\134n    layout: US;\134n    countryCode: 0;\134n    standardType: 4294967295;\134n    subinterfaceID: 0;\134n    capsLockKeyHasLanguageSwitchLabel: NO;\134n    globeKeyLabelHasGlobeSymbol: NO;\134n}"
)
2026-07-27 05:09:52.833 Df app[19104:4d7118] [com.apple.BackBoard:Keyboard] currently observing: NO
2026-07-27 05:09:52.833 Df app[19104:4d7118] [com.apple.BackBoard:Keyboard] disconnected: (
    "<BKSHIDKeyboardDevice: 0x105e37d20> {\134n    senderID: 0xACEFADE00000003;\134n    transport: <nil>;\134n    language: <nil>;\134n    layout: US;\134n    countryCode: 0;\134n    standardType: 4294967295;\134n    subinterfaceID: 0;\134n    capsLockKeyHasLanguageSwitchLabel: NO;\134n    globeKeyLabelHasGlobeSymbol: NO;\134n}"
)
2026-07-27 05:09:52.852 Df app[19104:4d7118] [com.apple.UIKit:UIPeripheralHost] endPlacementForInputViewSet: <<UIInputViewSet: 0x13b5b7900>; keyboard = <UIKeyboardAutomatic: 0x139f74c80; frame = (0 0; 402 250); opaque = NO; layer = <CALayer: 0x1320896e0>>%; assistant = <TUISystemInputAssistantView: 0x1392f0c00; frame = (0 0; 402 78); hidden = YES; >; usesKeyClicks = NO;  (not visible)> windowScene: <_UIKeyboardWindowScene: 0x13a858000; role: _UIScreenBasedSceneSession; persistentIdentifier: 1984CC79-F43E-41B4-BB91-2C476B30F56B; activationState: UISceneActivationStateForegroundActive>
2026-07-27 05:09:52.852 Df app[19104:4d7118] [com.apple.UIKit:UIPeripheralHost] endPlacementForInputViewSet: <<UIInputViewSet: 0x13b5b7900>; keyboard = <UIKeyboardAutomatic: 0x139f74c80; frame = (0 0; 402 250); opaque = NO; layer = <CALayer: 0x1320896e0>>%; assistant = <TUISystemInputAssistantView: 0x1392f0c00; frame = (0 0; 402 78); hidden = YES; >; usesKeyClicks = NO;  (not visible)> windowScene: <_UIKeyboardWindowScene: 0x13a858000; role: _UIScreenBasedSceneSession; persistentIdentifier: 1984CC79-F43E-41B4-BB91-2C476B30F56B; activationState: UISceneActivationStateForegroundActive>
2026-07-27 05:09:52.853 Df app[19104:4d7118] [com.apple.UIKit:UIPeripheralHost] endPlacementForInputViewSet: <<UIInputViewSet: 0x13b5b7900>; keyboard = <UIKeyboardAutomatic: 0x139f74c80; frame = (0 0; 402 250); opaque = NO; layer = <CALayer: 0x1320896e0>>%; assistant = <TUISystemInputAssistantView: 0x1392f0c00; frame = (0 0; 402 78); hidden = YES; >; usesKeyClicks = NO;  (not visible)> windowScene: <_UIKeyboardWindowScene: 0x13a858000; role: _UIScreenBasedSceneSession; persistentIdentifier: 1984CC79-F43E-41B4-BB91-2C476B30F56B; activationState: UISceneActivationStateForegroundActive>
2026-07-27 05:09:52.854 Df app[19104:4d7118] [com.apple.UIKit:UIPeripheralHost] endPlacementForInputViewSet: <<UIInputViewSet: 0x13b5b7900>; keyboard = <UIKeyboardAutomatic: 0x139f74c80; frame = (0 0; 402 250); opaque = NO; layer = <CALayer: 0x1320896e0>>%; assistant = <TUISystemInputAssistantView: 0x1392f0c00; frame = (0 0; 402 78); hidden = YES; >; usesKeyClicks = NO;  (not visible)> windowScene: <_UIKeyboardWindowScene: 0x13a858000; role: _UIScreenBasedSceneSession; persistentIdentifier: 1984CC79-F43E-41B4-BB91-2C476B30F56B; activationState: UISceneActivationStateForegroundActive>
2026-07-27 05:09:52.856 Df app[19104:4d7118] [com.apple.UIKit:KeyboardArbiterClientLog] -[_UIRemoteKeyboardPlaceholderView refreshPlaceholder]  refreshPlaceholder: size={402, 0} [previous size={402, 0}]
2026-07-27 05:09:52.868 Df app[19104:4d7118] [com.apple.UIKit:UIPeripheralHost] endPlacementForInputViewSet: <<UIInputViewSet: 0x13b5b7900>; keyboard = <UIKeyboardAutomatic: 0x139f74c80; frame = (0 0; 402 233); opaque = NO; layer = <CALayer: 0x1320896e0>>%; assistant = <TUISystemInputAssistantView: 0x1392f0c00; frame = (0 0; 402 0); hidden = YES; >; usesKeyClicks = NO;  (not visible)> windowScene: <_UIKeyboardWindowScene: 0x13a858000; role: _UIScreenBasedSceneSession; persistentIdentifier: 1984CC79-F43E-41B4-BB91-2C476B30F56B; activationState: UISceneActivationStateForegroundActive>
2026-07-27 05:09:52.868 Df app[19104:4d7118] [com.apple.UIKit:UIPeripheralHost] endPlacementForInputViewSet: <<UIInputViewSet: 0x13b5b7900>; keyboard = <UIKeyboardAutomatic: 0x139f74c80; frame = (0 0; 402 233); opaque = NO; layer = <CALayer: 0x1320896e0>>%; assistant = <TUISystemInputAssistantView: 0x1392f0c00; frame = (0 0; 402 0); hidden = YES; >; usesKeyClicks = NO;  (not visible)> windowScene: <_UIKeyboardWindowScene: 0x13a858000; role: _UIScreenBasedSceneSession; persistentIdentifier: 1984CC79-F43E-41B4-BB91-2C476B30F56B; activationState: UISceneActivationStateForegroundActive>
2026-07-27 05:09:52.868 Df app[19104:4d7118] [com.apple.UIKit:UIPeripheralHost] endPlacementForInputViewSet: <<UIInputViewSet: 0x13b5b7900>; keyboard = <UIKeyboardAutomatic: 0x139f74c80; frame = (0 0; 402 233); opaque = NO; layer = <CALayer: 0x1320896e0>>%; assistant = <TUISystemInputAssistantView: 0x1392f0c00; frame = (0 0; 402 0); hidden = YES; >; usesKeyClicks = NO;  (not visible)> windowScene: <_UIKeyboardWindowScene: 0x13a858000; role: _UIScreenBasedSceneSession; persistentIdentifier: 1984CC79-F43E-41B4-BB91-2C476B30F56B; activationState: UISceneActivationStateForegroundActive>
2026-07-27 05:09:52.868 Df app[19104:4d7118] [com.apple.UIKit:UIPeripheralHost] endPlacementForInputViewSet: <<UIInputViewSet: 0x13b5b7900>; keyboard = <UIKeyboardAutomatic: 0x139f74c80; frame = (0 0; 402 233); opaque = NO; layer = <CALayer: 0x1320896e0>>%; assistant = <TUISystemInputAssistantView: 0x1392f0c00; frame = (0 0; 402 0); hidden = YES; >; usesKeyClicks = NO;  (not visible)> windowScene: <_UIKeyboardWindowScene: 0x13a858000; role: _UIScreenBasedSceneSession; persistentIdentifier: 1984CC79-F43E-41B4-BB91-2C476B30F56B; activationState: UISceneActivationStateForegroundActive>
2026-07-27 05:09:52.868 Df app[19104:4d7118] [com.apple.UIKit:UIPeripheralHost] endPlacementForInputViewSet: <<UIInputViewSet: 0x13b5b7900>; keyboard = <UIKeyboardAutomatic: 0x139f74c80; frame = (0 0; 402 233); opaque = NO; layer = <CALayer: 0x1320896e0>>%; assistant = <TUISystemInputAssistantView: 0x1392f0c00; frame = (0 0; 402 0); hidden = YES; >; usesKeyClicks = NO;  (not visible)> windowScene: <_UIKeyboardWindowScene: 0x13a858000; role: _UIScreenBasedSceneSession; persistentIdentifier: 1984CC79-F43E-41B4-BB91-2C476B30F56B; activationState: UISceneActivationStateForegroundActive>
2026-07-27 05:09:52.868 Df app[19104:4d7118] [com.apple.UIKit:UIPeripheralHost] endPlacementForInputViewSet: <<UIInputViewSet: 0x13b5b7900>; keyboard = <UIKeyboardAutomatic: 0x139f74c80; frame = (0 0; 402 233); opaque = NO; layer = <CALayer: 0x1320896e0>>%; assistant = <TUISystemInputAssistantView: 0x1392f0c00; frame = (0 0; 402 0); hidden = YES; >; usesKeyClicks = NO;  (not visible)> windowScene: <_UIKeyboardWindowScene: 0x13a858000; role: _UIScreenBasedSceneSession; persistentIdentifier: 1984CC79-F43E-41B4-BB91-2C476B30F56B; activationState: UISceneActivationStateForegroundActive>
2026-07-27 05:09:52.868 Df app[19104:4d7118] [com.apple.UIKit:UIPeripheralHost] endPlacementForInputViewSet: <<UIInputViewSet: 0x13b5b7900>; keyboard = <UIKeyboardAutomatic: 0x139f74c80; frame = (0 0; 402 233); opaque = NO; layer = <CALayer: 0x1320896e0>>%; assistant = <TUISystemInputAssistantView: 0x1392f0c00; frame = (0 0; 402 0); hidden = YES; >; usesKeyClicks = NO;  (not visible)> windowScene: <_UIKeyboardWindowScene: 0x13a858000; role: _UIScreenBasedSceneSession; persistentIdentifier: 1984CC79-F43E-41B4-BB91-2C476B30F56B; activationState: UISceneActivationStateForegroundActive>
2026-07-27 05:09:52.868 Df app[19104:4d7118] [com.apple.UIKit:UIPeripheralHost] endPlacementForInputViewSet: <<UIInputViewSet: 0x13b5b7900>; keyboard = <UIKeyboardAutomatic: 0x139f74c80; frame = (0 0; 402 233); opaque = NO; layer = <CALayer: 0x1320896e0>>%; assistant = <TUISystemInputAssistantView: 0x1392f0c00; frame = (0 0; 402 0); hidden = YES; >; usesKeyClicks = NO;  (not visible)> windowScene: <_UIKeyboardWindowScene: 0x13a858000; role: _UIScreenBasedSceneSession; persistentIdentifier: 1984CC79-F43E-41B4-BB91-2C476B30F56B; activationState: UISceneActivationStateForegroundActive>
2026-07-27 05:09:52.869 Df app[19104:4d7118] [com.apple.UIKit:UIKeyboardExtended] Requesting scene for autofill UI
2026-07-27 05:09:52.869 Df app[19104:4d7118] [com.apple.RemoteTextInput:InputSessionChange] -[RTIInputSystemClient beginAllowingRemoteTextInput:]  Begin allowing remote text input: AF938410-D2A3-4945-B624-BEA676A8B112
2026-07-27 05:09:52.885 Df app[19104:4d7118] [com.apple.RemoteTextInput:InputSessionChange] -[RTIInputSystemClient beginRemoteTextInputSessionWithID:options:documentTraits:initialDocumentState:]_block_invoke  Connection to service with mach name com.apple.rti-screencontinuity was invalidated. Attempting to create a new connection.
2026-07-27 05:09:52.886 Df app[19104:4fd325] [com.apple.FrontBoard:Common] [FBSSystemService][0x4246] Sending request to open "com.apple.iMessageAppsViewService"
2026-07-27 05:09:52.886 Df app[19104:4d7118] [com.apple.xpc:connection] [0x10620fac0] activating connection: mach=true listener=false peer=false name=com.apple.rti-screencontinuity
2026-07-27 05:09:52.886 Df app[19104:4d7118] [com.apple.xpc:connection] [0x10620fac0] failed to do a bootstrap look-up: xpc_error=[3: No such process]
2026-07-27 05:09:52.886 Df app[19104:4d7118] [com.apple.xpc:connection] [0x10620fac0] invalidated after a failed init
2026-07-27 05:09:52.886 Df app[19104:4f1452] [com.apple.RemoteTextInput:InputSessionChange] -[RTIInputSystemClient _configureConnection:withMachName:]_block_invoke_2  Client connection to service was invalidated: <NSXPCConnection: 0x1061c6940> connection to service named com.apple.rti-screencontinuity
2026-07-27 05:09:52.887 Df app[19104:4d7118] [com.apple.KeyboardArbiter:Client] TX setWindowContextID:1860720845 windowState:Enabled level:5.0
    focusContext:<contextID:0 sceneID:com.mediology.sinsin-care-default>
2026-07-27 05:09:52.888 Df app[19104:4d7118] [com.apple.UIKit:UIPeripheralHost] endPlacementForInputViewSet: <<UIInputViewSet: 0x13b54fd80>; keyboard = <UIKeyboardAutomatic: 0x139f74c80; frame = (0 0; 402 233); opaque = NO; layer = <CALayer: 0x1320896e0>>%; assistant = <TUISystemInputAssistantView: 0x1392f0c00; frame = (0 0; 402 0); hidden = YES; >; usesKeyClicks = NO;  (not visible)> windowScene: <UIWindowScene: 0x102b40200; role: UIWindowSceneSessionRoleApplication; persistentIdentifier: 6E797257-08E7-48F7-A749-DFECC04BF5BA; activationState: UISceneActivationStateForegroundInactive>
2026-07-27 05:09:52.889 Df app[19104:4d7118] [com.apple.UIKit:KeyboardArbiterClientLog] -[_UIRemoteKeyboards prepareToMoveKeyboard:withIAV:isIAVRelevant:showing:notifyRemote:forScene:] position: {{0, 0}, {402, 0}} visible: 1; notifyRemote: 1; isMinimized: YES
2026-07-27 05:09:52.889 Df app[19104:4f1452] [com.apple.FrontBoard:Common] [FBSSystemService][0x4246] Request successful: <BSProcessHandle: 0x13a927a80; iMessageAppsVie:12406; valid: YES>
2026-07-27 05:09:52.889 Df app[19104:4d7118] [com.apple.KeyboardArbiter:Client] prepareToMoveKeyboard: set currentKeyboard:Y
2026-07-27 05:09:52.889 Df app[19104:4d7118] [com.apple.KeyboardArbiter:Client] TX signalKeyboardChanged
2026-07-27 05:09:52.889 Df app[19104:4d7118] [com.apple.UIKit:KeyboardArbiterClientLog] -[_UIRemoteKeyboards signalToProxyKeyboardChanged:onCompletion:]  Signaling keyboard changed <<<_UIKeyboardChangedInformation: 0x13c598180>; appId (null) bundleId (null) animation fence (null); position {{0, 874}, {402, 0}}; animated YES; on screen YES; tracking NO; resizing NO; local NO, dock state: Unknown, hasValidNotif: NO>; source canvas com.apple.frontboard.systemappservices/FBSceneManager:sceneID%3Acom.mediology.sinsin-care-default; source display Main; source bundle com.mediology.sinsin-care; host bundle (null); animation fence (null); position {{0, 874}, {402, 0}} (with IAV same); floating 0; on screen YES;  intersectable YES; snapshot YES>
2026-07-27 05:09:52.890 Df app[19104:4d7118] [com.apple.KeyboardArbiter:Client] startConnection
2026-07-27 05:09:52.890 Df app[19104:4d7118] [com.apple.xpc:connection] [0x13ca0c000] activating connection: mach=true listener=false peer=false name=com.apple.UIKit.KeyboardManagement.hosted
2026-07-27 05:09:52.890 Df app[19104:4fd325] [com.apple.xpc:connection] [0x13c598180] activating connection: mach=true listener=false peer=false name=com.apple.iMessageAppsViewService.warmup-connection
2026-07-27 05:09:52.890 Df app[19104:4d7118] [com.apple.UIKit:KeyboardVisualMode] Show keyboard with visual mode windowed (0)
2026-07-27 05:09:52.890 Df app[19104:4d7118] [com.apple.UIKit:InputWindowController] Setting input views: <<UIInputViewSet: 0x13b54fc00>; keyboard = [uninitialized]; assistant = <TUISystemInputAssistantView: 0x1392f0c00; frame = (0 0; 402 0); hidden = YES; >; usesKeyClicks = NO;  (not visible)>
2026-07-27 05:09:52.890 Df app[19104:4d7118] [com.apple.UIKit:UIPeripheralHost] endPlacementForInputViewSet: <<UIInputViewSet: 0x13b5b7900>; keyboard = <UIKeyboardAutomatic: 0x139f74c80; frame = (0 0; 402 233); opaque = NO; layer = <CALayer: 0x1320896e0>>%; assistant = <TUISystemInputAssistantView: 0x1392f0c00; frame = (0 0; 402 0); hidden = YES; >; usesKeyClicks = NO;  (not visible)> windowScene: <_UIKeyboardWindowScene: 0x13a858000; role: _UIScreenBasedSceneSession; persistentIdentifier: 1984CC79-F43E-41B4-BB91-2C476B30F56B; activationState: UISceneActivationStateForegroundActive>
2026-07-27 05:09:52.891 Df app[19104:4d7118] [com.apple.UIKit:UIPeripheralHost] endPlacementForInputViewSet: <<UIInputViewSet: 0x13b5b7900>; keyboard = <UIKeyboardAutomatic: 0x139f74c80; frame = (0 0; 402 233); opaque = NO; layer = <CALayer: 0x1320896e0>>%; assistant = <TUISystemInputAssistantView: 0x1392f0c00; frame = (0 0; 402 0); hidden = YES; >; usesKeyClicks = NO;  (not visible)> windowScene: <_UIKeyboardWindowScene: 0x13a858000; role: _UIScreenBasedSceneSession; persistentIdentifier: 1984CC79-F43E-41B4-BB91-2C476B30F56B; activationState: UISceneActivationStateForegroundActive>
2026-07-27 05:09:52.891 Df app[19104:4d7118] [com.apple.UIKit:UIPeripheralHost] endPlacementForInputViewSet: <<UIInputViewSet: 0x13b5b7900>; keyboard = <UIKeyboardAutomatic: 0x139f74c80; frame = (0 0; 402 233); opaque = NO; layer = <CALayer: 0x1320896e0>>%; assistant = <TUISystemInputAssistantView: 0x1392f0c00; frame = (0 0; 402 0); hidden = YES; >; usesKeyClicks = NO;  (not visible)> windowScene: <_UIKeyboardWindowScene: 0x13a858000; role: _UIScreenBasedSceneSession; persistentIdentifier: 1984CC79-F43E-41B4-BB91-2C476B30F56B; activationState: UISceneActivationStateForegroundActive>
2026-07-27 05:09:52.891 Df app[19104:4d7118] [com.apple.UIKit:UIPeripheralHost] endPlacementForInputViewSet: <<UIInputViewSet: 0x13b5b7900>; keyboard = <UIKeyboardAutomatic: 0x139f74c80; frame = (0 0; 402 233); opaque = NO; layer = <CALayer: 0x1320896e0>>%; assistant = <TUISystemInputAssistantView: 0x1392f0c00; frame = (0 0; 402 0); hidden = YES; >; usesKeyClicks = NO;  (not visible)> windowScene: <_UIKeyboardWindowScene: 0x13a858000; role: _UIScreenBasedSceneSession; persistentIdentifier: 1984CC79-F43E-41B4-BB91-2C476B30F56B; activationState: UISceneActivationStateForegroundActive>
2026-07-27 05:09:52.901 Df app[19104:4d7118] [com.apple.UIKit:UIPeripheralHost] endPlacementForInputViewSet: <<UIInputViewSet: 0x13b5b7900>; keyboard = <UIKeyboardAutomatic: 0x139f74c80; frame = (0 0; 402 233); opaque = NO; layer = <CALayer: 0x1320896e0>>%; assistant = <TUISystemInputAssistantView: 0x1392f0c00; frame = (0 0; 402 0); hidden = YES; >; usesKeyClicks = NO;  (not visible)> windowScene: <_UIKeyboardWindowScene: 0x13a858000; role: _UIScreenBasedSceneSession; persistentIdentifier: 1984CC79-F43E-41B4-BB91-2C476B30F56B; activationState: UISceneActivationStateForegroundActive>
2026-07-27 05:09:52.901 Df app[19104:4d7118] [com.apple.UIKit:UIPeripheralHost] endPlacementForInputViewSet: <<UIInputViewSet: 0x13b5b7900>; keyboard = <UIKeyboardAutomatic: 0x139f74c80; frame = (0 0; 402 233); opaque = NO; layer = <CALayer: 0x1320896e0>>%; assistant = <TUISystemInputAssistantView: 0x1392f0c00; frame = (0 0; 402 0); hidden = YES; >; usesKeyClicks = NO;  (not visible)> windowScene: <_UIKeyboardWindowScene: 0x13a858000; role: _UIScreenBasedSceneSession; persistentIdentifier: 1984CC79-F43E-41B4-BB91-2C476B30F56B; activationState: UISceneActivationStateForegroundActive>
2026-07-27 05:09:52.901 Df app[19104:4d7118] [com.apple.UIKit:UIPeripheralHost] endPlacementForInputViewSet: <<UIInputViewSet: 0x13b5b7900>; keyboard = <UIKeyboardAutomatic: 0x139f74c80; frame = (0 0; 402 233); opaque = NO; layer = <CALayer: 0x1320896e0>>%; assistant = <TUISystemInputAssistantView: 0x1392f0c00; frame = (0 0; 402 0); hidden = YES; >; usesKeyClicks = NO;  (not visible)> windowScene: <_UIKeyboardWindowScene: 0x13a858000; role: _UIScreenBasedSceneSession; persistentIdentifier: 1984CC79-F43E-41B4-BB91-2C476B30F56B; activationState: UISceneActivationStateForegroundActive>
2026-07-27 05:09:52.901 Df app[19104:4d7118] [com.apple.UIKit:UIPeripheralHost] endPlacementForInputViewSet: <<UIInputViewSet: 0x13b5b7900>; keyboard = <UIKeyboardAutomatic: 0x139f74c80; frame = (0 0; 402 233); opaque = NO; layer = <CALayer: 0x1320896e0>>%; assistant = <TUISystemInputAssistantView: 0x1392f0c00; frame = (0 0; 402 0); hidden = YES; >; usesKeyClicks = NO;  (not visible)> windowScene: <_UIKeyboardWindowScene: 0x13a858000; role: _UIScreenBasedSceneSession; persistentIdentifier: 1984CC79-F43E-41B4-BB91-2C476B30F56B; activationState: UISceneActivationStateForegroundActive>
2026-07-27 05:09:52.901 Df app[19104:4d7118] [com.apple.UIKit:UIPeripheralHost] endPlacementForInputViewSet: <<UIInputViewSet: 0x13b54fc00>; keyboard = <UIKeyboardAutomatic: 0x139f74c80; frame = (0 0; 402 233); opaque = NO; layer = <CALayer: 0x1320896e0>>%; assistant = <TUISystemInputAssistantView: 0x1392f0c00; frame = (0 0; 402 0); hidden = YES; >; usesKeyClicks = NO;  (not visible)> windowScene: <_UIKeyboardWindowScene: 0x13a858000; role: _UIScreenBasedSceneSession; persistentIdentifier: 1984CC79-F43E-41B4-BB91-2C476B30F56B; activationState: UISceneActivationStateForegroundActive>
2026-07-27 05:09:52.901 Df app[19104:4d7118] [com.apple.UIKit:InputWindowController] Moving from placement: <UIInputViewSetPlacementOffScreenDown> to placement: <UIInputViewSetPlacementOffScreenDown> (currentPlacement: <UIInputViewSetPlacementOffScreenDown>)
2026-07-27 05:09:52.901 Df app[19104:4d7118] [com.apple.UIKit:InputWindowController] Change from input view set: <<UIInputViewSet: 0x13b5b7900>; keyboard = <UIKeyboardAutomatic: 0x139f74c80; frame = (0 0; 402 233); opaque = NO; layer = <CALayer: 0x1320896e0>>%; assistant = <TUISystemInputAssistantView: 0x1392f0c00; frame = (0 0; 402 0); hidden = YES; >; usesKeyClicks = NO;  (not visible)>
2026-07-27 05:09:52.901 Df app[19104:4d7118] [com.apple.UIKit:InputWindowController] Change to input view set: <<UIInputViewSet: 0x13b54fc00>; keyboard = <UIKeyboardAutomatic: 0x139f74c80; frame = (0 0; 402 233); opaque = NO; layer = <CALayer: 0x1320896e0>>%; assistant = <TUISystemInputAssistantView: 0x1392f0c00; frame = (0 0; 402 0); hidden = YES; >; usesKeyClicks = NO;  (not visible)>
2026-07-27 05:09:52.902 Df app[19104:4d7118] [com.apple.UIKit:UIPeripheralHost] endPlacementForInputViewSet: <<UIInputViewSet: 0x13b54fc00>; keyboard = <UIKeyboardAutomatic: 0x139f74c80; frame = (0 0; 402 233); opaque = NO; layer = <CALayer: 0x1320896e0>>%; assistant = <TUISystemInputAssistantView: 0x1392f0c00; frame = (0 0; 402 0); hidden = YES; >; usesKeyClicks = NO;  (not visible)> windowScene: <_UIKeyboardWindowScene: 0x13a858000; role: _UIScreenBasedSceneSession; persistentIdentifier: 1984CC79-F43E-41B4-BB91-2C476B30F56B; activationState: UISceneActivationStateForegroundActive>
2026-07-27 05:09:52.902 Df app[19104:4d7118] [com.apple.UIKit:UIPeripheralHost] endPlacementForInputViewSet: <<UIInputViewSet: 0x13b54fc00>; keyboard = <UIKeyboardAutomatic: 0x139f74c80; frame = (0 0; 402 233); opaque = NO; layer = <CALayer: 0x1320896e0>>%; assistant = <TUISystemInputAssistantView: 0x1392f0c00; frame = (0 0; 402 0); hidden = YES; >; usesKeyClicks = NO;  (not visible)> windowScene: <_UIKeyboardWindowScene: 0x13a858000; role: _UIScreenBasedSceneSession; persistentIdentifier: 1984CC79-F43E-41B4-BB91-2C476B30F56B; activationState: UISceneActivationStateForegroundActive>
2026-07-27 05:09:52.902 Df app[19104:4d7118] [com.apple.UIKit:UIPeripheralHost] endPlacementForInputViewSet: <<UIInputViewSet: 0x13b54fc00>; keyboard = <UIKeyboardAutomatic: 0x139f74c80; frame = (0 0; 402 233); opaque = NO; layer = <CALayer: 0x1320896e0>>%; assistant = <TUISystemInputAssistantView: 0x1392f0c00; frame = (0 0; 402 0); hidden = YES; >; usesKeyClicks = NO;  (not visible)> windowScene: <_UIKeyboardWindowScene: 0x13a858000; role: _UIScreenBasedSceneSession; persistentIdentifier: 1984CC79-F43E-41B4-BB91-2C476B30F56B; activationState: UISceneActivationStateForegroundActive>
2026-07-27 05:09:52.902 Df app[19104:4d7118] [com.apple.UIKit:UIPeripheralHost] endPlacementForInputViewSet: <<UIInputViewSet: 0x13b54fc00>; keyboard = <UIKeyboardAutomatic: 0x139f74c80; frame = (0 0; 402 233); opaque = NO; layer = <CALayer: 0x1320896e0>>%; assistant = <TUISystemInputAssistantView: 0x1392f0c00; frame = (0 0; 402 0); hidden = YES; >; usesKeyClicks = NO;  (not visible)> windowScene: <_UIKeyboardWindowScene: 0x13a858000; role: _UIScreenBasedSceneSession; persistentIdentifier: 1984CC79-F43E-41B4-BB91-2C476B30F56B; activationState: UISceneActivationStateForegroundActive>
2026-07-27 05:09:52.904 Df app[19104:4d7118] [com.apple.UIKit:KeyboardArbiterClientLog] -[_UIRemoteKeyboardPlaceholderView refreshPlaceholder]  refreshPlaceholder: size={402, 0} [previous size={402, 0}]
2026-07-27 05:09:52.905 Df app[19104:4d7118] [com.apple.UIKit:InputWindowController] chainPlacementsIfNecessaryFrom, from: <UIInputViewSetPlacementOffScreenDown>, to: <UIInputViewSetPlacementOffScreenDown> transition: <UIInputViewPlacementTransition: 0x13d5e0d20>
2026-07-27 05:09:52.905 Df app[19104:4d7118] [com.apple.UIKit:InputWindowController] updatePlacementWithPlacement: <UIInputViewSetPlacementOffScreenDown>
2026-07-27 05:09:52.905 Df app[19104:4d7118] [com.apple.UIKit:UIPeripheralHost] endPlacementForInputViewSet: <<UIInputViewSet: 0x13b54fc00>; keyboard = <UIKeyboardAutomatic: 0x139f74c80; frame = (0 0; 402 233); opaque = NO; layer = <CALayer: 0x1320896e0>>%; assistant = <TUISystemInputAssistantView: 0x1392f0c00; frame = (0 0; 402 0); hidden = YES; >; usesKeyClicks = NO;  (not visible)> windowScene: <_UIKeyboardWindowScene: 0x13a858000; role: _UIScreenBasedSceneSession; persistentIdentifier: 1984CC79-F43E-41B4-BB91-2C476B30F56B; activationState: UISceneActivationStateForegroundActive>
2026-07-27 05:09:52.905 Df app[19104:4d7118] [com.apple.UIKit:UIPeripheralHost] endPlacementForInputViewSet: <<UIInputViewSet: 0x13b54fc00>; keyboard = <UIKeyboardAutomatic: 0x139f74c80; frame = (0 0; 402 233); opaque = NO; layer = <CALayer: 0x1320896e0>>%; assistant = <TUISystemInputAssistantView: 0x1392f0c00; frame = (0 0; 402 0); hidden = YES; >; usesKeyClicks = NO;  (not visible)> windowScene: <_UIKeyboardWindowScene: 0x13a858000; role: _UIScreenBasedSceneSession; persistentIdentifier: 1984CC79-F43E-41B4-BB91-2C476B30F56B; activationState: UISceneActivationStateForegroundActive>
2026-07-27 05:09:52.905 Df app[19104:4d7118] [com.apple.UIKit:UIPeripheralHost] endPlacementForInputViewSet: <<UIInputViewSet: 0x13b54fc00>; keyboard = <UIKeyboardAutomatic: 0x139f74c80; frame = (0 0; 402 233); opaque = NO; layer = <CALayer: 0x1320896e0>>%; assistant = <TUISystemInputAssistantView: 0x1392f0c00; frame = (0 0; 402 0); hidden = YES; >; usesKeyClicks = NO;  (not visible)> windowScene: <_UIKeyboardWindowScene: 0x13a858000; role: _UIScreenBasedSceneSession; persistentIdentifier: 1984CC79-F43E-41B4-BB91-2C476B30F56B; activationState: UISceneActivationStateForegroundActive>
2026-07-27 05:09:52.905 Df app[19104:4d7118] [com.apple.UIKit:UIPeripheralHost] endPlacementForInputViewSet: <<UIInputViewSet: 0x13b54fc00>; keyboard = <UIKeyboardAutomatic: 0x139f74c80; frame = (0 0; 402 233); opaque = NO; layer = <CALayer: 0x1320896e0>>%; assistant = <TUISystemInputAssistantView: 0x1392f0c00; frame = (0 0; 402 0); hidden = YES; >; usesKeyClicks = NO;  (not visible)> windowScene: <_UIKeyboardWindowScene: 0x13a858000; role: _UIScreenBasedSceneSession; persistentIdentifier: 1984CC79-F43E-41B4-BB91-2C476B30F56B; activationState: UISceneActivationStateForegroundActive>
2026-07-27 05:09:52.906 Df app[19104:4d7118] [com.apple.UIKit:KeyboardArbiterClientLog] -[_UIRemoteKeyboardPlaceholderView refreshPlaceholder]  refreshPlaceholder: size={402, 0} [previous size={402, 0}]
2026-07-27 05:09:52.906 Df app[19104:4d7118] [com.apple.UIKit:InputWindowController] Tracking provider: moveFromPlacement: <UIInputViewSetPlacementOffScreenDown> toPlacement: <UIInputViewSetPlacementOffScreenDown> update to: {{0, 874}, {402, 233}}
2026-07-27 05:09:52.906 Df app[19104:4d7118] [com.apple.TextInputUI:KeyboardTrackingCoordinator] Updating tracking clients for start <TUIKeyboardTrackingCoordinator:0x1061a92c0 state=<TUIKeyboardState: 0x13d684da0 State: offscreen; is docked>; frame={{0, 874}, {402, 233}}; animation=<TUIKeyboardAnimationInfo: 0x13a947800, duration: 0.00, from local keyboard, is not rotating, should not animate, type: 0, notificationInfo: {
    UIKeyboardAnimationCurveUserInfoKey = 7;
    UIKeyboardAnimationDurationUserInfoKey = 0;
    UIKeyboardBoundsUserInfoKey = "NSRect: {{0, 0}, {402, 233}}";
    UIKeyboardCenterBeginUserInfoKey = "NSPoint: {201, 990.5}";
    UIKeyboardCenterEndUserInfoKey = "NSPoint: {201, 990.5}";
    UIKeyboardFrameBeginUserInfoKey = "NSRect: {{0, 874}, {402, 233}}";
    UIKeyboardFrameEndUserInfoKey = "NSRect: {{0, 874}, {402, 233}}";
    UIKeyboardIsLocalUserInfoKey = 1;
}notificationsDebug: >>
2026-07-27 05:09:52.906 Df app[19104:4fd325] [com.apple.BackBoard:EventDelivery] policyStatus:<BKSHIDEventDeliveryPolicyObserver: 0x102885920; token: com.apple.frontboard.systemappservices/FBSceneManager:sceneID%3Acom.mediology.sinsin-care-default; status: target> was:none
2026-07-27 05:09:52.906 Df app[19104:4d7118] [com.apple.UIKit:TrackingElementWindowController] Setting tracking element input views: <<UIInputViewSet: 0x13b54df80>; keyboard = [uninitialized]; usesKeyClicks = NO;  (not visible)>
2026-07-27 05:09:52.906 Df app[19104:4d7118] [com.apple.UIKit:KeyboardArbiterClientLog] -[_UIRemoteKeyboardPlaceholderView refreshPlaceholder]  refreshPlaceholder: size={402, 0} [previous size={402, 0}]
2026-07-27 05:09:52.906 Df app[19104:4d7118] [com.apple.UIKit:UIPeripheralHost] endPlacementForInputViewSet: <<UIInputViewSet: 0x13b54df80>; keyboard = <UIKeyboardAutomatic: 0x139f74c80; frame = (0 0; 402 233); opaque = NO; layer = <CALayer: 0x1320896e0>>%; usesKeyClicks = NO;  (not visible)> windowScene: <UIWindowScene: 0x102b40200; role: UIWindowSceneSessionRoleApplication; persistentIdentifier: 6E797257-08E7-48F7-A749-DFECC04BF5BA; activationState: UISceneActivationStateForegroundInactive>
2026-07-27 05:09:52.907 Df app[19104:4d7118] [com.apple.UIKit:TrackingElementWindowController] Moving from placement: <UIInputViewSetPlacementOffScreenDown> to placement: <UIInputViewSetPlacementOffScreenDown> (currentPlacement: <UIInputViewSetPlacementOffScreenDown>)
2026-07-27 05:09:52.907 Df app[19104:4d7118] [com.apple.UIKit:TrackingElementWindowController] Change from input view set: <<UIInputViewSet: 0x13b5b7a80>; keyboard = <UIKeyboardAutomatic: 0x139f74c80; frame = (0 0; 402 233); opaque = NO; layer = <CALayer: 0x1320896e0>>%; usesKeyClicks = NO;  (not visible)>
2026-07-27 05:09:52.907 Df app[19104:4d7118] [com.apple.UIKit:TrackingElementWindowController] Change to input view set: <<UIInputViewSet: 0x13b54df80>; keyboard = <UIKeyboardAutomatic: 0x139f74c80; frame = (0 0; 402 233); opaque = NO; layer = <CALayer: 0x1320896e0>>%; usesKeyClicks = NO;  (not visible)>
2026-07-27 05:09:52.907 Df app[19104:4d7118] [com.apple.UIKit:KeyboardArbiterClientLog] -[_UIRemoteKeyboardPlaceholderView refreshPlaceholder]  refreshPlaceholder: size={402, 0} [previous size={402, 0}]
2026-07-27 05:09:52.907 Df app[19104:4d7118] [com.apple.UIKit:UIPeripheralHost] endPlacementForInputViewSet: <<UIInputViewSet: 0x13b54df80>; keyboard = <UIKeyboardAutomatic: 0x139f74c80; frame = (0 0; 402 233); opaque = NO; layer = <CALayer: 0x1320896e0>>%; usesKeyClicks = NO;  (not visible)> windowScene: <UIWindowScene: 0x102b40200; role: UIWindowSceneSessionRoleApplication; persistentIdentifier: 6E797257-08E7-48F7-A749-DFECC04BF5BA; activationState: UISceneActivationStateForegroundInactive>
2026-07-27 05:09:52.910 Df app[19104:4d7118] [com.apple.UIKit:TrackingElementWindowController] updatePlacementWithPlacement: <UIInputViewSetPlacementOffScreenDown>
2026-07-27 05:09:52.910 Df app[19104:4d7118] [com.apple.KeyboardArbiter:Client] TX setWindowContextID:1860720845 windowState:Enabled level:5.0
    focusContext:<contextID:0 sceneID:com.mediology.sinsin-care-default>
2026-07-27 05:09:52.910 Df app[19104:4d7118] [com.apple.KeyboardArbiter:Client] TX setWindowContextID:1860720845 windowState:Enabled level:5.0
    focusContext:<contextID:0 sceneID:com.mediology.sinsin-care-default>
2026-07-27 05:09:52.912 Df app[19104:4d7118] [com.apple.UIKit:Application] Deactivation reason removed: 11; deactivation reasons: 6176 -> 4128; animating application lifecycle event: 1
2026-07-27 05:09:52.912 Df app[19104:4d7118] [com.apple.RemoteTextInput:InputSessionChange] -[RTIInputSystemClient _modifyTextEditingAllowedForReason:notify:animated:modifyAllowancesBlock:completion:]  Text editing allowed did change (editingAllowedAfter = YES)
2026-07-27 05:09:52.913 Df app[19104:4d7118] [com.apple.RemoteTextInput:InputSessionChange] -[RTIInputSystemClient _beginSessionWithID:forServices:force:]  Begin text input session. sessionID = AF938410-D2A3-4945-B624-BEA676A8B112, options = <RTISessionOptions: 0x13d687580; shouldResign = NO; animated = NO; offscreenDirection = 0; enhancedWindowingModeEnabled = NO
2026-07-27 05:09:52.916 Df app[19104:4d7118] [com.apple.BackBoard:Keyboard] currently observing: YES
2026-07-27 05:09:52.917 Df app[19104:4d7118] [com.apple.BackBoard:Keyboard] connected: (
    "<BKSHIDKeyboardDevice: 0x13d6865c0> {\134n    senderID: 0xACEFADE00000003;\134n    transport: <nil>;\134n    language: <nil>;\134n    layout: US;\134n    countryCode: 0;\134n    standardType: 4294967295;\134n    subinterfaceID: 0;\134n    capsLockKeyHasLanguageSwitchLabel: NO;\134n    globeKeyLabelHasGlobeSymbol: NO;\134n}"
)
2026-07-27 05:09:52.917 Df app[19104:4d7118] [com.apple.BackBoard:Keyboard] currently observing: NO
2026-07-27 05:09:52.917 Df app[19104:4d7118] [com.apple.BackBoard:Keyboard] disconnected: (
    "<BKSHIDKeyboardDevice: 0x13d6865c0> {\134n    senderID: 0xACEFADE00000003;\134n    transport: <nil>;\134n    language: <nil>;\134n    layout: US;\134n    countryCode: 0;\134n    standardType: 4294967295;\134n    subinterfaceID: 0;\134n    capsLockKeyHasLanguageSwitchLabel: NO;\134n    globeKeyLabelHasGlobeSymbol: NO;\134n}"
)
2026-07-27 05:09:52.918 Df app[19104:4fd325] [com.apple.UIIntelligenceSupport:xpc] establishing connection to agent
2026-07-27 05:09:52.918 Df app[19104:4d7118] [com.apple.UIKit:InterfaceStyle] Should not send trait collection or coordinate space update, interface style 1 -> 1, <UIWindowScene: 0x102b40200> (6E797257-08E7-48F7-A749-DFECC04BF5BA)
2026-07-27 05:09:52.919 Df app[19104:4fd325] [com.apple.xpc:session] [0x13d5e16d0] Session created.
2026-07-27 05:09:52.919 Df app[19104:4fd325] [com.apple.xpc:session] [0x13d5e16d0] Session created from connection [0x13c9a0280]
2026-07-27 05:09:52.919 Df app[19104:4fd325] [com.apple.xpc:connection] [0x13c9a0280] activating connection: mach=true listener=false peer=false name=com.apple.uiintelligencesupport.agent
2026-07-27 05:09:52.919 Df app[19104:4fd325] [com.apple.xpc:session] [0x13d5e16d0] Session activated
2026-07-27 05:09:52.919 Df app[19104:4d7118] [com.apple.UIKit:EventDeferring] [0x105c75f10] [keyboardFocus] Recreation of event deferring records requested: removing recreation reason: detachedContext; for reason: _UIEventDeferringManager: 0x105c75f10: recreating keyboardFocus: context attached for window: 0x102a3c400; contextID: 0x96F06BFE
2026-07-27 05:09:52.921 Df app[19104:4fd326] [com.apple.BackBoard:EventDelivery] policyStatus:<BKSHIDEventDeliveryPolicyObserver: 0x102885920; token: com.apple.frontboard.systemappservices/FBSceneManager:sceneID%3Acom.mediology.sinsin-care-default; status: ancestor> was:target
2026-07-27 05:09:52.923 Df app[19104:4fd325] [com.apple.TextInputUI:CandidateGeneration] All generators are not complete.
2026-07-27 05:09:52.926 Df app[19104:4fd325] [com.apple.TextInputUI:CandidateGeneration] All generators are not complete.
2026-07-27 05:09:52.930 Df app[19104:4fd325] [com.apple.TextInputUI:CandidateGeneration] All generators are complete, dispatching to `completionBlockJustOnce`
2026-07-27 05:09:52.930 Df app[19104:4fd325] [com.apple.TextInputUI:CandidateGeneration] All generators are complete, dispatching to `completionBlockJustOnce`
2026-07-27 05:09:52.930 Df app[19104:4f144d] [com.apple.TextInputUI:CandidateGeneration] Assigning candidates of source type kbd to `containerToPush, for autocorrection flow only` - 4ED82DE2
2026-07-27 05:09:52.931 Df app[19104:4f144d] [com.apple.TextInputUI:CandidateGeneration] Preparing to push <_TUIKeyboardCandidateContainer: 0x13d593d00> to candidate receiver, for request token: 4ED82DE2
2026-07-27 05:09:52.931 Df app[19104:4f144d] [com.apple.TextInputUI:CandidateGeneration] containerToPush has an autocorrection list.  pushing to candidate receiver with request token. 4ED82DE2.
2026-07-27 05:09:52.977 A  app[19104:4fd326] (RunningBoardServices) didChangeInheritances
2026-07-27 05:09:52.981 A  app[19104:4fd323] (RunningBoardServices) didChangeInheritances
2026-07-27 05:09:52.984 Df app[19104:4d7118] [com.apple.UIKit:UpdateScheduler] Target list changed: <CADisplay:LCD PurpleMain>
2026-07-27 05:09:52.984 Df app[19104:4d7118] [com.apple.KeyboardArbiter:Client] startConnection
2026-07-27 05:09:52.984 Df app[19104:4d7118] [com.apple.KeyboardArbiter:Client] TX setWindowContextID:1860720845 windowState:Enabled level:5.0
    focusContext:<contextID:2532338686 sceneID:com.mediology.sinsin-care-default>
2026-07-27 05:09:52.999 Df app[19104:4d7118] [com.apple.UIKit:UIPeripheralHost] endPlacementForInputViewSet: <<UIInputViewSet: 0x13b54fc00>; keyboard = <UIKeyboardAutomatic: 0x139f74c80; frame = (0 0; 402 233); opaque = NO; layer = <CALayer: 0x1320896e0>>%; assistant = <TUISystemInputAssistantView: 0x1392f0c00; frame = (0 0; 402 0); hidden = YES; >; usesKeyClicks = NO;  (not visible)> windowScene: <_UIKeyboardWindowScene: 0x13a858000; role: _UIScreenBasedSceneSession; persistentIdentifier: 1984CC79-F43E-41B4-BB91-2C476B30F56B; activationState: UISceneActivationStateForegroundActive>
2026-07-27 05:09:52.999 Df app[19104:4d7118] [com.apple.UIKit:UIPeripheralHost] endPlacementForInputViewSet: <<UIInputViewSet: 0x13b54fc00>; keyboard = <UIKeyboardAutomatic: 0x139f74c80; frame = (0 0; 402 233); opaque = NO; layer = <CALayer: 0x1320896e0>>%; assistant = <TUISystemInputAssistantView: 0x1392f0c00; frame = (0 0; 402 0); hidden = YES; >; usesKeyClicks = NO;  (not visible)> windowScene: <_UIKeyboardWindowScene: 0x13a858000; role: _UIScreenBasedSceneSession; persistentIdentifier: 1984CC79-F43E-41B4-BB91-2C476B30F56B; activationState: UISceneActivationStateForegroundActive>
2026-07-27 05:09:53.000 Df app[19104:4d7118] [com.apple.UIKit:UIPeripheralHost] endPlacementForInputViewSet: <<UIInputViewSet: 0x13b54fc00>; keyboard = <UIKeyboardAutomatic: 0x139f74c80; frame = (0 0; 402 233); opaque = NO; layer = <CALayer: 0x1320896e0>>%; assistant = <TUISystemInputAssistantView: 0x1392f0c00; frame = (0 0; 402 0); hidden = YES; >; usesKeyClicks = NO;  (not visible)> windowScene: <_UIKeyboardWindowScene: 0x13a858000; role: _UIScreenBasedSceneSession; persistentIdentifier: 1984CC79-F43E-41B4-BB91-2C476B30F56B; activationState: UISceneActivationStateForegroundActive>
2026-07-27 05:09:53.000 Df app[19104:4d7118] [com.apple.UIKit:UIPeripheralHost] endPlacementForInputViewSet: <<UIInputViewSet: 0x13b54fc00>; keyboard = <UIKeyboardAutomatic: 0x139f74c80; frame = (0 0; 402 233); opaque = NO; layer = <CALayer: 0x1320896e0>>%; assistant = <TUISystemInputAssistantView: 0x1392f0c00; frame = (0 0; 402 0); hidden = YES; >; usesKeyClicks = NO;  (not visible)> windowScene: <_UIKeyboardWindowScene: 0x13a858000; role: _UIScreenBasedSceneSession; persistentIdentifier: 1984CC79-F43E-41B4-BB91-2C476B30F56B; activationState: UISceneActivationStateForegroundActive>
2026-07-27 05:09:53.000 Df app[19104:4d7118] [com.apple.UIKit:UIPeripheralHost] endPlacementForInputViewSet: <<UIInputViewSet: 0x13b54fc00>; keyboard = <UIKeyboardAutomatic: 0x139f74c80; frame = (0 0; 402 233); opaque = NO; layer = <CALayer: 0x1320896e0>>%; assistant = <TUISystemInputAssistantView: 0x1392f0c00; frame = (0 0; 402 0); hidden = YES; >; usesKeyClicks = NO;  (not visible)> windowScene: <_UIKeyboardWindowScene: 0x13a858000; role: _UIScreenBasedSceneSession; persistentIdentifier: 1984CC79-F43E-41B4-BB91-2C476B30F56B; activationState: UISceneActivationStateForegroundActive>
2026-07-27 05:09:53.000 Df app[19104:4d7118] [com.apple.UIKit:UIPeripheralHost] endPlacementForInputViewSet: <<UIInputViewSet: 0x13b54fc00>; keyboard = <UIKeyboardAutomatic: 0x139f74c80; frame = (0 0; 402 233); opaque = NO; layer = <CALayer: 0x1320896e0>>%; assistant = <TUISystemInputAssistantView: 0x1392f0c00; frame = (0 0; 402 0); hidden = YES; >; usesKeyClicks = NO;  (not visible)> windowScene: <_UIKeyboardWindowScene: 0x13a858000; role: _UIScreenBasedSceneSession; persistentIdentifier: 1984CC79-F43E-41B4-BB91-2C476B30F56B; activationState: UISceneActivationStateForegroundActive>
2026-07-27 05:09:53.000 Df app[19104:4d7118] [com.apple.UIKit:UIPeripheralHost] endPlacementForInputViewSet: <<UIInputViewSet: 0x13b54fc00>; keyboard = <UIKeyboardAutomatic: 0x139f74c80; frame = (0 0; 402 233); opaque = NO; layer = <CALayer: 0x1320896e0>>%; assistant = <TUISystemInputAssistantView: 0x1392f0c00; frame = (0 0; 402 0); hidden = YES; >; usesKeyClicks = NO;  (not visible)> windowScene: <_UIKeyboardWindowScene: 0x13a858000; role: _UIScreenBasedSceneSession; persistentIdentifier: 1984CC79-F43E-41B4-BB91-2C476B30F56B; activationState: UISceneActivationStateForegroundActive>
2026-07-27 05:09:53.000 Df app[19104:4d7118] [com.apple.UIKit:UIPeripheralHost] endPlacementForInputViewSet: <<UIInputViewSet: 0x13b54fc00>; keyboard = <UIKeyboardAutomatic: 0x139f74c80; frame = (0 0; 402 233); opaque = NO; layer = <CALayer: 0x1320896e0>>%; assistant = <TUISystemInputAssistantView: 0x1392f0c00; frame = (0 0; 402 0); hidden = YES; >; usesKeyClicks = NO;  (not visible)> windowScene: <_UIKeyboardWindowScene: 0x13a858000; role: _UIScreenBasedSceneSession; persistentIdentifier: 1984CC79-F43E-41B4-BB91-2C476B30F56B; activationState: UISceneActivationStateForegroundActive>
2026-07-27 05:09:53.000 Df app[19104:4d7118] [com.apple.UIKit:UIPeripheralHost] endPlacementForInputViewSet: <<UIInputViewSet: 0x13b54fc00>; keyboard = <UIKeyboardAutomatic: 0x139f74c80; frame = (0 0; 402 233); opaque = NO; layer = <CALayer: 0x1320896e0>>%; assistant = <TUISystemInputAssistantView: 0x1392f0c00; frame = (0 0; 402 0); hidden = YES; >; usesKeyClicks = NO;  (not visible)> windowScene: <_UIKeyboardWindowScene: 0x13a858000; role: _UIScreenBasedSceneSession; persistentIdentifier: 1984CC79-F43E-41B4-BB91-2C476B30F56B; activationState: UISceneActivationStateForegroundActive>
2026-07-27 05:09:53.000 Df app[19104:4d7118] [com.apple.UIKit:UIPeripheralHost] endPlacementForInputViewSet: <<UIInputViewSet: 0x13b54fc00>; keyboard = <UIKeyboardAutomatic: 0x139f74c80; frame = (0 0; 402 233); opaque = NO; layer = <CALayer: 0x1320896e0>>%; assistant = <TUISystemInputAssistantView: 0x1392f0c00; frame = (0 0; 402 0); hidden = YES; >; usesKeyClicks = NO;  (not visible)> windowScene: <_UIKeyboardWindowScene: 0x13a858000; role: _UIScreenBasedSceneSession; persistentIdentifier: 1984CC79-F43E-41B4-BB91-2C476B30F56B; activationState: UISceneActivationStateForegroundActive>
2026-07-27 05:09:53.001 Df app[19104:4d7118] [com.apple.UIKit:UIPeripheralHost] endPlacementForInputViewSet: <<UIInputViewSet: 0x13b54fc00>; keyboard = <UIKeyboardAutomatic: 0x139f74c80; frame = (0 0; 402 233); opaque = NO; layer = <CALayer: 0x1320896e0>>%; assistant = <TUISystemInputAssistantView: 0x1392f0c00; frame = (0 0; 402 0); hidden = YES; >; usesKeyClicks = NO;  (not visible)> windowScene: <_UIKeyboardWindowScene: 0x13a858000; role: _UIScreenBasedSceneSession; persistentIdentifier: 1984CC79-F43E-41B4-BB91-2C476B30F56B; activationState: UISceneActivationStateForegroundActive>
2026-07-27 05:09:53.001 Df app[19104:4d7118] [com.apple.UIKit:UIPeripheralHost] endPlacementForInputViewSet: <<UIInputViewSet: 0x13b54fc00>; keyboard = <UIKeyboardAutomatic: 0x139f74c80; frame = (0 0; 402 233); opaque = NO; layer = <CALayer: 0x1320896e0>>%; assistant = <TUISystemInputAssistantView: 0x1392f0c00; frame = (0 0; 402 0); hidden = YES; >; usesKeyClicks = NO;  (not visible)> windowScene: <_UIKeyboardWindowScene: 0x13a858000; role: _UIScreenBasedSceneSession; persistentIdentifier: 1984CC79-F43E-41B4-BB91-2C476B30F56B; activationState: UISceneActivationStateForegroundActive>
2026-07-27 05:09:53.001 Df app[19104:4d7118] [com.apple.UIKit:UIPeripheralHost] endPlacementForInputViewSet: <<UIInputViewSet: 0x13b54fc00>; keyboard = <UIKeyboardAutomatic: 0x139f74c80; frame = (0 0; 402 233); opaque = NO; layer = <CALayer: 0x1320896e0>>%; assistant = <TUISystemInputAssistantView: 0x1392f0c00; frame = (0 0; 402 0); hidden = YES; >; usesKeyClicks = NO;  (not visible)> windowScene: <_UIKeyboardWindowScene: 0x13a858000; role: _UIScreenBasedSceneSession; persistentIdentifier: 1984CC79-F43E-41B4-BB91-2C476B30F56B; activationState: UISceneActivationStateForegroundActive>
2026-07-27 05:09:53.001 Df app[19104:4d7118] [com.apple.UIKit:UIPeripheralHost] endPlacementForInputViewSet: <<UIInputViewSet: 0x13b54fc00>; keyboard = <UIKeyboardAutomatic: 0x139f74c80; frame = (0 0; 402 233); opaque = NO; layer = <CALayer: 0x1320896e0>>%; assistant = <TUISystemInputAssistantView: 0x1392f0c00; frame = (0 0; 402 0); hidden = YES; >; usesKeyClicks = NO;  (not visible)> windowScene: <_UIKeyboardWindowScene: 0x13a858000; role: _UIScreenBasedSceneSession; persistentIdentifier: 1984CC79-F43E-41B4-BB91-2C476B30F56B; activationState: UISceneActivationStateForegroundActive>
2026-07-27 05:09:53.001 Df app[19104:4d7118] [com.apple.UIKit:UIPeripheralHost] endPlacementForInputViewSet: <<UIInputViewSet: 0x13b54fc00>; keyboard = <UIKeyboardAutomatic: 0x139f74c80; frame = (0 0; 402 233); opaque = NO; layer = <CALayer: 0x1320896e0>>%; assistant = <TUISystemInputAssistantView: 0x1392f0c00; frame = (0 0; 402 0); hidden = YES; >; usesKeyClicks = NO;  (not visible)> windowScene: <_UIKeyboardWindowScene: 0x13a858000; role: _UIScreenBasedSceneSession; persistentIdentifier: 1984CC79-F43E-41B4-BB91-2C476B30F56B; activationState: UISceneActivationStateForegroundActive>
2026-07-27 05:09:53.001 Df app[19104:4d7118] [com.apple.UIKit:UIPeripheralHost] endPlacementForInputViewSet: <<UIInputViewSet: 0x13b54fc00>; keyboard = <UIKeyboardAutomatic: 0x139f74c80; frame = (0 0; 402 233); opaque = NO; layer = <CALayer: 0x1320896e0>>%; assistant = <TUISystemInputAssistantView: 0x1392f0c00; frame = (0 0; 402 0); hidden = YES; >; usesKeyClicks = NO;  (not visible)> windowScene: <_UIKeyboardWindowScene: 0x13a858000; role: _UIScreenBasedSceneSession; persistentIdentifier: 1984CC79-F43E-41B4-BB91-2C476B30F56B; activationState: UISceneActivationStateForegroundActive>
2026-07-27 05:09:53.008 A  app[19104:4f144d] (RunningBoardServices) didChangeInheritances
2026-07-27 05:09:53.013 Df app[19104:4d7118] [com.apple.UIKit:KeyWindow] Scene target of keyboard event deferring environment did change: 1; scene: UIWindowScene: 0x102b40200; scene identity: com.apple.frontboard.systemappservices/FBSceneManager:sceneID%3Acom.mediology.sinsin-care-default
2026-07-27 05:09:53.013 Df app[19104:4d7118] [com.apple.UIKit:EventDeferring] [0x105c75f10] Scene target of event deferring environments did update: scene: 0x102b40200; current systemShellManagesKeyboardFocus: 1; systemShellManagesKeyboardFocusForScene: 0; eligibleForRecordRemoval: 1;
2026-07-27 05:09:53.013 Df app[19104:4d7118] [com.apple.UIKit:KeyWindow] Scene became target of keyboard event deferring environment: UIWindowScene: 0x102b40200; scene identity: com.apple.frontboard.systemappservices/FBSceneManager:sceneID%3Acom.mediology.sinsin-care-default
2026-07-27 05:09:53.013 Df app[19104:4d7118] [com.apple.UIKit:EventDeferring] [0x105c75f10] Scene target of event deferring environments did update: scene: 0x102b40200; current systemShellManagesKeyboardFocus: 1; systemShellManagesKeyboardFocusForScene: 0; eligibleForRecordRemoval: 1;
2026-07-27 05:09:53.013 Df app[19104:4d7118] [com.apple.UIKit:KeyWindow] Scene became target of keyboard event deferring environment: UIWindowScene: 0x102b40200; scene identity: com.apple.frontboard.systemappservices/FBSceneManager:sceneID%3Acom.mediology.sinsin-care-default
2026-07-27 05:09:53.016 Df app[19104:4d7118] [com.apple.UIKit:UIPeripheralHost] endPlacementForInputViewSet: <<UIInputViewSet: 0x13b54fc00>; keyboard = <UIKeyboardAutomatic: 0x139f74c80; frame = (0 0; 402 233); opaque = NO; layer = <CALayer: 0x1320896e0>>%; assistant = <TUISystemInputAssistantView: 0x1392f0c00; frame = (0 0; 402 0); >; usesKeyClicks = NO;  (not visible)> windowScene: <_UIKeyboardWindowScene: 0x13a858000; role: _UIScreenBasedSceneSession; persistentIdentifier: 1984CC79-F43E-41B4-BB91-2C476B30F56B; activationState: UISceneActivationStateForegroundActive>
2026-07-27 05:09:53.016 Df app[19104:4d7118] [com.apple.UIKit:UIPeripheralHost] endPlacementForInputViewSet: <<UIInputViewSet: 0x13b54fc00>; keyboard = <UIKeyboardAutomatic: 0x139f74c80; frame = (0 0; 402 233); opaque = NO; layer = <CALayer: 0x1320896e0>>%; assistant = <TUISystemInputAssistantView: 0x1392f0c00; frame = (0 0; 402 0); >; usesKeyClicks = NO;  (not visible)> windowScene: <_UIKeyboardWindowScene: 0x13a858000; role: _UIScreenBasedSceneSession; persistentIdentifier: 1984CC79-F43E-41B4-BB91-2C476B30F56B; activationState: UISceneActivationStateForegroundActive>
2026-07-27 05:09:53.017 Df app[19104:4d7118] [com.apple.UIKit:UIPeripheralHost] endPlacementForInputViewSet: <<UIInputViewSet: 0x13b54fc00>; keyboard = <UIKeyboardAutomatic: 0x139f74c80; frame = (0 0; 402 233); opaque = NO; layer = <CALayer: 0x1320896e0>>%; assistant = <TUISystemInputAssistantView: 0x1392f0c00; frame = (0 0; 402 0); >; usesKeyClicks = NO;  (not visible)> windowScene: <_UIKeyboardWindowScene: 0x13a858000; role: _UIScreenBasedSceneSession; persistentIdentifier: 1984CC79-F43E-41B4-BB91-2C476B30F56B; activationState: UISceneActivationStateForegroundActive>
2026-07-27 05:09:53.017 Df app[19104:4d7118] [com.apple.UIKit:UIPeripheralHost] endPlacementForInputViewSet: <<UIInputViewSet: 0x13b54fc00>; keyboard = <UIKeyboardAutomatic: 0x139f74c80; frame = (0 0; 402 233); opaque = NO; layer = <CALayer: 0x1320896e0>>%; assistant = <TUISystemInputAssistantView: 0x1392f0c00; frame = (0 0; 402 0); >; usesKeyClicks = NO;  (not visible)> windowScene: <_UIKeyboardWindowScene: 0x13a858000; role: _UIScreenBasedSceneSession; persistentIdentifier: 1984CC79-F43E-41B4-BB91-2C476B30F56B; activationState: UISceneActivationStateForegroundActive>
2026-07-27 05:09:53.017 Df app[19104:4d7118] [com.apple.UIKit:UIPeripheralHost] endPlacementForInputViewSet: <<UIInputViewSet: 0x13b54fc00>; keyboard = <UIKeyboardAutomatic: 0x139f74c80; frame = (0 0; 402 233); opaque = NO; layer = <CALayer: 0x1320896e0>>%; assistant = <TUISystemInputAssistantView: 0x1392f0c00; frame = (0 0; 402 0); >; usesKeyClicks = NO;  (not visible)> windowScene: <_UIKeyboardWindowScene: 0x13a858000; role: _UIScreenBasedSceneSession; persistentIdentifier: 1984CC79-F43E-41B4-BB91-2C476B30F56B; activationState: UISceneActivationStateForegroundActive>
2026-07-27 05:09:53.017 Df app[19104:4d7118] [com.apple.UIKit:UIPeripheralHost] endPlacementForInputViewSet: <<UIInputViewSet: 0x13b54fc00>; keyboard = <UIKeyboardAutomatic: 0x139f74c80; frame = (0 0; 402 233); opaque = NO; layer = <CALayer: 0x1320896e0>>%; assistant = <TUISystemInputAssistantView: 0x1392f0c00; frame = (0 0; 402 0); >; usesKeyClicks = NO;  (not visible)> windowScene: <_UIKeyboardWindowScene: 0x13a858000; role: _UIScreenBasedSceneSession; persistentIdentifier: 1984CC79-F43E-41B4-BB91-2C476B30F56B; activationState: UISceneActivationStateForegroundActive>
2026-07-27 05:09:53.017 Df app[19104:4d7118] [com.apple.UIKit:UIPeripheralHost] endPlacementForInputViewSet: <<UIInputViewSet: 0x13b54fc00>; keyboard = <UIKeyboardAutomatic: 0x139f74c80; frame = (0 0; 402 233); opaque = NO; layer = <CALayer: 0x1320896e0>>%; assistant = <TUISystemInputAssistantView: 0x1392f0c00; frame = (0 0; 402 0); >; usesKeyClicks = NO;  (not visible)> windowScene: <_UIKeyboardWindowScene: 0x13a858000; role: _UIScreenBasedSceneSession; persistentIdentifier: 1984CC79-F43E-41B4-BB91-2C476B30F56B; activationState: UISceneActivationStateForegroundActive>
2026-07-27 05:09:53.017 Df app[19104:4d7118] [com.apple.UIKit:UIPeripheralHost] endPlacementForInputViewSet: <<UIInputViewSet: 0x13b54fc00>; keyboard = <UIKeyboardAutomatic: 0x139f74c80; frame = (0 0; 402 233); opaque = NO; layer = <CALayer: 0x1320896e0>>%; assistant = <TUISystemInputAssistantView: 0x1392f0c00; frame = (0 0; 402 0); >; usesKeyClicks = NO;  (not visible)> windowScene: <_UIKeyboardWindowScene: 0x13a858000; role: _UIScreenBasedSceneSession; persistentIdentifier: 1984CC79-F43E-41B4-BB91-2C476B30F56B; activationState: UISceneActivationStateForegroundActive>
2026-07-27 05:09:53.020 Df app[19104:4d7118] [com.apple.UIKit:AppLifecycle] sceneOfRecord: sceneID: sceneID:com.mediology.sinsin-care-default  persistentID: 6E797257-08E7-48F7-A749-DFECC04BF5BA
2026-07-27 05:09:53.020 Df app[19104:4d7118] [com.apple.UIKit:InterfaceStyle] Not push traits update to screen for new style 1, <UIWindowScene: 0x102b40200> (6E797257-08E7-48F7-A749-DFECC04BF5BA)
2026-07-27 05:09:53.027 Df app[19104:4d7118] [com.apple.UIKit:KeyboardArbiterClientLog] -[_UIRemoteKeyboardPlaceholderView refreshPlaceholder]  refreshPlaceholder: size={402, 0} [previous size={402, 0}]
2026-07-27 05:09:53.031 Df app[19104:4d7118] [com.apple.KeyboardArbiter:Client] RX keyboardArbiterClientHandle:Y
2026-07-27 05:09:53.034 Df app[19104:4d7118] [com.apple.UIKit:AppLifecycle] sceneOfRecord: sceneID: sceneID:com.mediology.sinsin-care-default  persistentID: 6E797257-08E7-48F7-A749-DFECC04BF5BA
2026-07-27 05:09:53.035 Df app[19104:4d7118] [com.apple.KeyboardArbiter:Client] TX setWindowContextID:1860720845 windowState:Enabled level:5.0
    focusContext:<contextID:2532338686 sceneID:com.mediology.sinsin-care-default>
2026-07-27 05:09:53.036 Df app[19104:4d7118] [com.apple.UIKit:UIPeripheralHost] endPlacementForInputViewSet: <<UIInputViewSet: 0x13b5b7300>; keyboard = <UIKeyboardAutomatic: 0x139f74c80; frame = (0 0; 402 233); opaque = NO; layer = <CALayer: 0x1320896e0>>%; assistant = <TUISystemInputAssistantView: 0x1392f0c00; frame = (0 0; 402 78); >; usesKeyClicks = NO;  (not visible)> windowScene: <UIWindowScene: 0x102b40200; role: UIWindowSceneSessionRoleApplication; persistentIdentifier: 6E797257-08E7-48F7-A749-DFECC04BF5BA; activationState: UISceneActivationStateForegroundInactive>
2026-07-27 05:09:53.036 Df app[19104:4d7118] [com.apple.UIKit:KeyboardArbiterClientLog] -[_UIRemoteKeyboards prepareToMoveKeyboard:withIAV:isIAVRelevant:showing:notifyRemote:forScene:] position: {{0, 0}, {402, 0}} visible: 1; notifyRemote: 1; isMinimized: YES
2026-07-27 05:09:53.036 Df app[19104:4d7118] [com.apple.KeyboardArbiter:Client] prepareToMoveKeyboard: set currentKeyboard:Y
2026-07-27 05:09:53.036 Df app[19104:4d7118] [com.apple.KeyboardArbiter:Client] TX signalKeyboardChanged
2026-07-27 05:09:53.036 Df app[19104:4d7118] [com.apple.UIKit:KeyboardArbiterClientLog] -[_UIRemoteKeyboards signalToProxyKeyboardChanged:onCompletion:]  Signaling keyboard changed <<<_UIKeyboardChangedInformation: 0x13c5a8d80>; appId (null) bundleId (null) animation fence <BKSAnimationFenceHandle:0x13d8e1f10 -> <CAFenceHandle:0x13d715180 name=23 fence=1712e00000172 usable=YES>>; position {{0, 874}, {402, 0}}; animated YES; on screen YES; tracking NO; resizing NO; local NO, dock state: Unknown, hasValidNotif: NO>; source canvas com.apple.frontboard.systemappservices/FBSceneManager:sceneID%3Acom.mediology.sinsin-care-default; source display Main; source bundle com.mediology.sinsin-care; host bundle (null); animation fence <BKSAnimationFenceHandle:0x13d8e1f10 -> <CAFenceHandle:0x13d715180 name=23 fence=1712e00000172 usable=YES>>; position {{0, 874}, {402, 0}} (with IAV same); floating 0; on screen YES;  intersectable YES; snapshot YES>
2026-07-27 05:09:53.036 Df app[19104:4d7118] [com.apple.UIKit:KeyboardVisualMode] Show keyboard with visual mode windowed (0)
2026-07-27 05:09:53.036 Df app[19104:4d7118] [com.apple.UIKit:InputWindowController] Setting input views: <<UIInputViewSet: 0x13b5b7a80>; keyboard = [uninitialized]; assistant = <TUISystemInputAssistantView: 0x1392f0c00; frame = (0 0; 402 78); >; usesKeyClicks = NO;  (not visible)>
2026-07-27 05:09:53.037 Df app[19104:4d7118] [com.apple.UIKit:UIPeripheralHost] endPlacementForInputViewSet: <<UIInputViewSet: 0x13b54fc00>; keyboard = <UIKeyboardAutomatic: 0x139f74c80; frame = (0 0; 402 233); opaque = NO; layer = <CALayer: 0x1320896e0>>%; assistant = <TUISystemInputAssistantView: 0x1392f0c00; frame = (0 0; 402 78); >; usesKeyClicks = NO;  (not visible)> windowScene: <_UIKeyboardWindowScene: 0x13a858000; role: _UIScreenBasedSceneSession; persistentIdentifier: 1984CC79-F43E-41B4-BB91-2C476B30F56B; activationState: UISceneActivationStateForegroundActive>
2026-07-27 05:09:53.037 Df app[19104:4d7118] [com.apple.UIKit:UIPeripheralHost] endPlacementForInputViewSet: <<UIInputViewSet: 0x13b54fc00>; keyboard = <UIKeyboardAutomatic: 0x139f74c80; frame = (0 0; 402 233); opaque = NO; layer = <CALayer: 0x1320896e0>>%; assistant = <TUISystemInputAssistantView: 0x1392f0c00; frame = (0 0; 402 78); >; usesKeyClicks = NO;  (not visible)> windowScene: <_UIKeyboardWindowScene: 0x13a858000; role: _UIScreenBasedSceneSession; persistentIdentifier: 1984CC79-F43E-41B4-BB91-2C476B30F56B; activationState: UISceneActivationStateForegroundActive>
2026-07-27 05:09:53.037 Df app[19104:4d7118] [com.apple.UIKit:UIPeripheralHost] endPlacementForInputViewSet: <<UIInputViewSet: 0x13b54fc00>; keyboard = <UIKeyboardAutomatic: 0x139f74c80; frame = (0 0; 402 233); opaque = NO; layer = <CALayer: 0x1320896e0>>%; assistant = <TUISystemInputAssistantView: 0x1392f0c00; frame = (0 0; 402 78); >; usesKeyClicks = NO;  (not visible)> windowScene: <_UIKeyboardWindowScene: 0x13a858000; role: _UIScreenBasedSceneSession; persistentIdentifier: 1984CC79-F43E-41B4-BB91-2C476B30F56B; activationState: UISceneActivationStateForegroundActive>
2026-07-27 05:09:53.038 Df app[19104:4d7118] [com.apple.UIKit:UIPeripheralHost] endPlacementForInputViewSet: <<UIInputViewSet: 0x13b54fc00>; keyboard = <UIKeyboardAutomatic: 0x139f74c80; frame = (0 0; 402 233); opaque = NO; layer = <CALayer: 0x1320896e0>>%; assistant = <TUISystemInputAssistantView: 0x1392f0c00; frame = (0 0; 402 78); >; usesKeyClicks = NO;  (not visible)> windowScene: <_UIKeyboardWindowScene: 0x13a858000; role: _UIScreenBasedSceneSession; persistentIdentifier: 1984CC79-F43E-41B4-BB91-2C476B30F56B; activationState: UISceneActivationStateForegroundActive>
2026-07-27 05:09:53.039 Df app[19104:4d7118] [com.apple.UIKit:UIPeripheralHost] endPlacementForInputViewSet: <<UIInputViewSet: 0x13b54fc00>; keyboard = <UIKeyboardAutomatic: 0x139f74c80; frame = (0 0; 402 233); opaque = NO; layer = <CALayer: 0x1320896e0>>%; assistant = <TUISystemInputAssistantView: 0x1392f0c00; frame = (0 0; 402 78); >; usesKeyClicks = NO;  (not visible)> windowScene: <_UIKeyboardWindowScene: 0x13a858000; role: _UIScreenBasedSceneSession; persistentIdentifier: 1984CC79-F43E-41B4-BB91-2C476B30F56B; activationState: UISceneActivationStateForegroundActive>
2026-07-27 05:09:53.039 Df app[19104:4d7118] [com.apple.UIKit:UIPeripheralHost] endPlacementForInputViewSet: <<UIInputViewSet: 0x13b54fc00>; keyboard = <UIKeyboardAutomatic: 0x139f74c80; frame = (0 0; 402 233); opaque = NO; layer = <CALayer: 0x1320896e0>>%; assistant = <TUISystemInputAssistantView: 0x1392f0c00; frame = (0 0; 402 78); >; usesKeyClicks = NO;  (not visible)> windowScene: <_UIKeyboardWindowScene: 0x13a858000; role: _UIScreenBasedSceneSession; persistentIdentifier: 1984CC79-F43E-41B4-BB91-2C476B30F56B; activationState: UISceneActivationStateForegroundActive>
2026-07-27 05:09:53.039 Df app[19104:4d7118] [com.apple.UIKit:UIPeripheralHost] endPlacementForInputViewSet: <<UIInputViewSet: 0x13b54fc00>; keyboard = <UIKeyboardAutomatic: 0x139f74c80; frame = (0 0; 402 233); opaque = NO; layer = <CALayer: 0x1320896e0>>%; assistant = <TUISystemInputAssistantView: 0x1392f0c00; frame = (0 0; 402 78); >; usesKeyClicks = NO;  (not visible)> windowScene: <_UIKeyboardWindowScene: 0x13a858000; role: _UIScreenBasedSceneSession; persistentIdentifier: 1984CC79-F43E-41B4-BB91-2C476B30F56B; activationState: UISceneActivationStateForegroundActive>
2026-07-27 05:09:53.039 Df app[19104:4d7118] [com.apple.UIKit:UIPeripheralHost] endPlacementForInputViewSet: <<UIInputViewSet: 0x13b54fc00>; keyboard = <UIKeyboardAutomatic: 0x139f74c80; frame = (0 0; 402 233); opaque = NO; layer = <CALayer: 0x1320896e0>>%; assistant = <TUISystemInputAssistantView: 0x1392f0c00; frame = (0 0; 402 78); >; usesKeyClicks = NO;  (not visible)> windowScene: <_UIKeyboardWindowScene: 0x13a858000; role: _UIScreenBasedSceneSession; persistentIdentifier: 1984CC79-F43E-41B4-BB91-2C476B30F56B; activationState: UISceneActivationStateForegroundActive>
2026-07-27 05:09:53.039 Df app[19104:4d7118] [com.apple.UIKit:UIPeripheralHost] endPlacementForInputViewSet: <<UIInputViewSet: 0x13b5b7a80>; keyboard = <UIKeyboardAutomatic: 0x139f74c80; frame = (0 0; 402 233); opaque = NO; layer = <CALayer: 0x1320896e0>>%; assistant = <TUISystemInputAssistantView: 0x1392f0c00; frame = (0 0; 402 78); >; usesKeyClicks = NO;  (not visible)> windowScene: <_UIKeyboardWindowScene: 0x13a858000; role: _UIScreenBasedSceneSession; persistentIdentifier: 1984CC79-F43E-41B4-BB91-2C476B30F56B; activationState: UISceneActivationStateForegroundActive>
2026-07-27 05:09:53.039 Df app[19104:4d7118] [com.apple.UIKit:InputWindowController] Moving from placement: <UIInputViewSetPlacementOffScreenDown> to placement: <UIInputViewSetPlacementOffScreenDown> (currentPlacement: <UIInputViewSetPlacementOffScreenDown>)
2026-07-27 05:09:53.039 Df app[19104:4d7118] [com.apple.UIKit:InputWindowController] Change from input view set: <<UIInputViewSet: 0x13b54fc00>; keyboard = <UIKeyboardAutomatic: 0x139f74c80; frame = (0 0; 402 233); opaque = NO; layer = <CALayer: 0x1320896e0>>%; assistant = <TUISystemInputAssistantView: 0x1392f0c00; frame = (0 0; 402 78); >; usesKeyClicks = NO;  (not visible)>
2026-07-27 05:09:53.039 Df app[19104:4d7118] [com.apple.UIKit:InputWindowController] Change to input view set: <<UIInputViewSet: 0x13b5b7a80>; keyboard = <UIKeyboardAutomatic: 0x139f74c80; frame = (0 0; 402 233); opaque = NO; layer = <CALayer: 0x1320896e0>>%; assistant = <TUISystemInputAssistantView: 0x1392f0c00; frame = (0 0; 402 78); >; usesKeyClicks = NO;  (not visible)>
2026-07-27 05:09:53.040 Df app[19104:4d7118] [com.apple.UIKit:UIPeripheralHost] endPlacementForInputViewSet: <<UIInputViewSet: 0x13b5b7a80>; keyboard = <UIKeyboardAutomatic: 0x139f74c80; frame = (0 0; 402 233); opaque = NO; layer = <CALayer: 0x1320896e0>>%; assistant = <TUISystemInputAssistantView: 0x1392f0c00; frame = (0 0; 402 78); >; usesKeyClicks = NO;  (not visible)> windowScene: <_UIKeyboardWindowScene: 0x13a858000; role: _UIScreenBasedSceneSession; persistentIdentifier: 1984CC79-F43E-41B4-BB91-2C476B30F56B; activationState: UISceneActivationStateForegroundActive>
2026-07-27 05:09:53.040 Df app[19104:4d7118] [com.apple.UIKit:UIPeripheralHost] endPlacementForInputViewSet: <<UIInputViewSet: 0x13b5b7a80>; keyboard = <UIKeyboardAutomatic: 0x139f74c80; frame = (0 0; 402 233); opaque = NO; layer = <CALayer: 0x1320896e0>>%; assistant = <TUISystemInputAssistantView: 0x1392f0c00; frame = (0 0; 402 78); >; usesKeyClicks = NO;  (not visible)> windowScene: <_UIKeyboardWindowScene: 0x13a858000; role: _UIScreenBasedSceneSession; persistentIdentifier: 1984CC79-F43E-41B4-BB91-2C476B30F56B; activationState: UISceneActivationStateForegroundActive>
2026-07-27 05:09:53.040 Df app[19104:4d7118] [com.apple.UIKit:UIPeripheralHost] endPlacementForInputViewSet: <<UIInputViewSet: 0x13b5b7a80>; keyboard = <UIKeyboardAutomatic: 0x139f74c80; frame = (0 0; 402 233); opaque = NO; layer = <CALayer: 0x1320896e0>>%; assistant = <TUISystemInputAssistantView: 0x1392f0c00; frame = (0 0; 402 78); >; usesKeyClicks = NO;  (not visible)> windowScene: <_UIKeyboardWindowScene: 0x13a858000; role: _UIScreenBasedSceneSession; persistentIdentifier: 1984CC79-F43E-41B4-BB91-2C476B30F56B; activationState: UISceneActivationStateForegroundActive>
2026-07-27 05:09:53.040 Df app[19104:4d7118] [com.apple.UIKit:UIPeripheralHost] endPlacementForInputViewSet: <<UIInputViewSet: 0x13b5b7a80>; keyboard = <UIKeyboardAutomatic: 0x139f74c80; frame = (0 0; 402 233); opaque = NO; layer = <CALayer: 0x1320896e0>>%; assistant = <TUISystemInputAssistantView: 0x1392f0c00; frame = (0 0; 402 78); >; usesKeyClicks = NO;  (not visible)> windowScene: <_UIKeyboardWindowScene: 0x13a858000; role: _UIScreenBasedSceneSession; persistentIdentifier: 1984CC79-F43E-41B4-BB91-2C476B30F56B; activationState: UISceneActivationStateForegroundActive>
2026-07-27 05:09:53.042 Df app[19104:4d7118] [com.apple.UIKit:KeyboardArbiterClientLog] -[_UIRemoteKeyboardPlaceholderView refreshPlaceholder]  refreshPlaceholder: size={402, 0} [previous size={402, 0}]
2026-07-27 05:09:53.042 Df app[19104:4d7118] [com.apple.UIKit:InputWindowController] chainPlacementsIfNecessaryFrom, from: <UIInputViewSetPlacementOffScreenDown>, to: <UIInputViewSetPlacementOffScreenDown> transition: <UIInputViewPlacementTransition: 0x13d66ad50>
2026-07-27 05:09:53.043 Df app[19104:4d7118] [com.apple.UIKit:InputWindowController] updatePlacementWithPlacement: <UIInputViewSetPlacementOffScreenDown>
2026-07-27 05:09:53.043 Df app[19104:4d7118] [com.apple.UIKit:UIPeripheralHost] endPlacementForInputViewSet: <<UIInputViewSet: 0x13b5b7a80>; keyboard = <UIKeyboardAutomatic: 0x139f74c80; frame = (0 0; 402 233); opaque = NO; layer = <CALayer: 0x1320896e0>>%; assistant = <TUISystemInputAssistantView: 0x1392f0c00; frame = (0 0; 402 78); >; usesKeyClicks = NO;  (not visible)> windowScene: <_UIKeyboardWindowScene: 0x13a858000; role: _UIScreenBasedSceneSession; persistentIdentifier: 1984CC79-F43E-41B4-BB91-2C476B30F56B; activationState: UISceneActivationStateForegroundActive>
2026-07-27 05:09:53.043 Df app[19104:4d7118] [com.apple.UIKit:UIPeripheralHost] endPlacementForInputViewSet: <<UIInputViewSet: 0x13b5b7a80>; keyboard = <UIKeyboardAutomatic: 0x139f74c80; frame = (0 0; 402 233); opaque = NO; layer = <CALayer: 0x1320896e0>>%; assistant = <TUISystemInputAssistantView: 0x1392f0c00; frame = (0 0; 402 78); >; usesKeyClicks = NO;  (not visible)> windowScene: <_UIKeyboardWindowScene: 0x13a858000; role: _UIScreenBasedSceneSession; persistentIdentifier: 1984CC79-F43E-41B4-BB91-2C476B30F56B; activationState: UISceneActivationStateForegroundActive>
2026-07-27 05:09:53.043 Df app[19104:4d7118] [com.apple.UIKit:UIPeripheralHost] endPlacementForInputViewSet: <<UIInputViewSet: 0x13b5b7a80>; keyboard = <UIKeyboardAutomatic: 0x139f74c80; frame = (0 0; 402 233); opaque = NO; layer = <CALayer: 0x1320896e0>>%; assistant = <TUISystemInputAssistantView: 0x1392f0c00; frame = (0 0; 402 78); >; usesKeyClicks = NO;  (not visible)> windowScene: <_UIKeyboardWindowScene: 0x13a858000; role: _UIScreenBasedSceneSession; persistentIdentifier: 1984CC79-F43E-41B4-BB91-2C476B30F56B; activationState: UISceneActivationStateForegroundActive>
2026-07-27 05:09:53.043 Df app[19104:4d7118] [com.apple.UIKit:UIPeripheralHost] endPlacementForInputViewSet: <<UIInputViewSet: 0x13b5b7a80>; keyboard = <UIKeyboardAutomatic: 0x139f74c80; frame = (0 0; 402 233); opaque = NO; layer = <CALayer: 0x1320896e0>>%; assistant = <TUISystemInputAssistantView: 0x1392f0c00; frame = (0 0; 402 78); >; usesKeyClicks = NO;  (not visible)> windowScene: <_UIKeyboardWindowScene: 0x13a858000; role: _UIScreenBasedSceneSession; persistentIdentifier: 1984CC79-F43E-41B4-BB91-2C476B30F56B; activationState: UISceneActivationStateForegroundActive>
2026-07-27 05:09:53.044 Df app[19104:4d7118] [com.apple.UIKit:KeyboardArbiterClientLog] -[_UIRemoteKeyboardPlaceholderView refreshPlaceholder]  refreshPlaceholder: size={402, 0} [previous size={402, 0}]
2026-07-27 05:09:53.044 Df app[19104:4d7118] [com.apple.UIKit:InputWindowController] Tracking provider: moveFromPlacement: <UIInputViewSetPlacementOffScreenDown> toPlacement: <UIInputViewSetPlacementOffScreenDown> update to: {{0, 874}, {402, 311}}
2026-07-27 05:09:53.044 Df app[19104:4d7118] [com.apple.TextInputUI:KeyboardTrackingCoordinator] Updating tracking clients for start <TUIKeyboardTrackingCoordinator:0x1061a92c0 state=<TUIKeyboardState: 0x13209c960 State: offscreen; is docked>; frame={{0, 874}, {402, 311}}; animation=<TUIKeyboardAnimationInfo: 0x13a945040, duration: 0.00, from local keyboard, is not rotating, should not animate, type: 0, notificationInfo: {
    UIKeyboardAnimationCurveUserInfoKey = 7;
    UIKeyboardAnimationDurationUserInfoKey = 0;
    UIKeyboardBoundsUserInfoKey = "NSRect: {{0, 0}, {402, 311}}";
    UIKeyboardCenterBeginUserInfoKey = "NSPoint: {201, 1029.5}";
    UIKeyboardCenterEndUserInfoKey = "NSPoint: {201, 1029.5}";
    UIKeyboardFrameBeginUserInfoKey = "NSRect: {{0, 874}, {402, 311}}";
    UIKeyboardFrameEndUserInfoKey = "NSRect: {{0, 874}, {402, 311}}";
    UIKeyboardIsLocalUserInfoKey = 1;
}notificationsDebug: >>
2026-07-27 05:09:53.044 Df app[19104:4d7118] [com.apple.UIKit:TrackingElementWindowController] Setting tracking element input views: <<UIInputViewSet: 0x13b5b5f80>; keyboard = [uninitialized]; usesKeyClicks = NO;  (not visible)>
2026-07-27 05:09:53.044 Df app[19104:4d7118] [com.apple.UIKit:KeyboardArbiterClientLog] -[_UIRemoteKeyboardPlaceholderView refreshPlaceholder]  refreshPlaceholder: size={402, 0} [previous size={402, 0}]
2026-07-27 05:09:53.045 Df app[19104:4d7118] [com.apple.UIKit:UIPeripheralHost] endPlacementForInputViewSet: <<UIInputViewSet: 0x13b5b5f80>; keyboard = <UIKeyboardAutomatic: 0x139f74c80; frame = (0 0; 402 233); opaque = NO; layer = <CALayer: 0x1320896e0>>%; usesKeyClicks = NO;  (not visible)> windowScene: <UIWindowScene: 0x102b40200; role: UIWindowSceneSessionRoleApplication; persistentIdentifier: 6E797257-08E7-48F7-A749-DFECC04BF5BA; activationState: UISceneActivationStateForegroundInactive>
2026-07-27 05:09:53.045 Df app[19104:4d7118] [com.apple.UIKit:TrackingElementWindowController] Moving from placement: <UIInputViewSetPlacementOffScreenDown> to placement: <UIInputViewSetPlacementOffScreenDown> (currentPlacement: <UIInputViewSetPlacementOffScreenDown>)
2026-07-27 05:09:53.045 Df app[19104:4d7118] [com.apple.UIKit:TrackingElementWindowController] Change from input view set: <<UIInputViewSet: 0x13b54df80>; keyboard = <UIKeyboardAutomatic: 0x139f74c80; frame = (0 0; 402 233); opaque = NO; layer = <CALayer: 0x1320896e0>>%; usesKeyClicks = NO;  (not visible)>
2026-07-27 05:09:53.045 Df app[19104:4d7118] [com.apple.UIKit:TrackingElementWindowController] Change to input view set: <<UIInputViewSet: 0x13b5b5f80>; keyboard = <UIKeyboardAutomatic: 0x139f74c80; frame = (0 0; 402 233); opaque = NO; layer = <CALayer: 0x1320896e0>>%; usesKeyClicks = NO;  (not visible)>
2026-07-27 05:09:53.045 Df app[19104:4d7118] [com.apple.UIKit:KeyboardArbiterClientLog] -[_UIRemoteKeyboardPlaceholderView refreshPlaceholder]  refreshPlaceholder: size={402, 0} [previous size={402, 0}]
2026-07-27 05:09:53.046 Df app[19104:4d7118] [com.apple.UIKit:UIPeripheralHost] endPlacementForInputViewSet: <<UIInputViewSet: 0x13b5b5f80>; keyboard = <UIKeyboardAutomatic: 0x139f74c80; frame = (0 0; 402 233); opaque = NO; layer = <CALayer: 0x1320896e0>>%; usesKeyClicks = NO;  (not visible)> windowScene: <UIWindowScene: 0x102b40200; role: UIWindowSceneSessionRoleApplication; persistentIdentifier: 6E797257-08E7-48F7-A749-DFECC04BF5BA; activationState: UISceneActivationStateForegroundInactive>
2026-07-27 05:09:53.047 Df app[19104:4d7118] [com.apple.UIKit:TrackingElementWindowController] updatePlacementWithPlacement: <UIInputViewSetPlacementOffScreenDown>
2026-07-27 05:09:53.047 Df app[19104:4d7118] [com.apple.KeyboardArbiter:Client] TX setWindowContextID:1860720845 windowState:Enabled level:5.0
    focusContext:<contextID:2532338686 sceneID:com.mediology.sinsin-care-default>
2026-07-27 05:09:53.048 Df app[19104:4d7118] [com.apple.UIKit:UIPeripheralHost] endPlacementForInputViewSet: <<UIInputViewSet: 0x13b5b7a80>; keyboard = <UIKeyboardAutomatic: 0x139f74c80; frame = (0 0; 402 233); opaque = NO; layer = <CALayer: 0x1320896e0>>%; assistant = <TUISystemInputAssistantView: 0x1392f0c00; frame = (0 0; 402 78); >; usesKeyClicks = NO;  (not visible)> windowScene: <_UIKeyboardWindowScene: 0x13a858000; role: _UIScreenBasedSceneSession; persistentIdentifier: 1984CC79-F43E-41B4-BB91-2C476B30F56B; activationState: UISceneActivationStateForegroundActive>
2026-07-27 05:09:53.048 Df app[19104:4d7118] [com.apple.UIKit:UIPeripheralHost] endPlacementForInputViewSet: <<UIInputViewSet: 0x13b5b7a80>; keyboard = <UIKeyboardAutomatic: 0x139f74c80; frame = (0 0; 402 233); opaque = NO; layer = <CALayer: 0x1320896e0>>%; assistant = <TUISystemInputAssistantView: 0x1392f0c00; frame = (0 0; 402 78); >; usesKeyClicks = NO;  (not visible)> windowScene: <_UIKeyboardWindowScene: 0x13a858000; role: _UIScreenBasedSceneSession; persistentIdentifier: 1984CC79-F43E-41B4-BB91-2C476B30F56B; activationState: UISceneActivationStateForegroundActive>
2026-07-27 05:09:53.048 Df app[19104:4d7118] [com.apple.UIKit:UIPeripheralHost] endPlacementForInputViewSet: <<UIInputViewSet: 0x13b5b7a80>; keyboard = <UIKeyboardAutomatic: 0x139f74c80; frame = (0 0; 402 233); opaque = NO; layer = <CALayer: 0x1320896e0>>%; assistant = <TUISystemInputAssistantView: 0x1392f0c00; frame = (0 0; 402 78); >; usesKeyClicks = NO;  (not visible)> windowScene: <_UIKeyboardWindowScene: 0x13a858000; role: _UIScreenBasedSceneSession; persistentIdentifier: 1984CC79-F43E-41B4-BB91-2C476B30F56B; activationState: UISceneActivationStateForegroundActive>
2026-07-27 05:09:53.048 Df app[19104:4d7118] [com.apple.UIKit:UIPeripheralHost] endPlacementForInputViewSet: <<UIInputViewSet: 0x13b5b7a80>; keyboard = <UIKeyboardAutomatic: 0x139f74c80; frame = (0 0; 402 233); opaque = NO; layer = <CALayer: 0x1320896e0>>%; assistant = <TUISystemInputAssistantView: 0x1392f0c00; frame = (0 0; 402 78); >; usesKeyClicks = NO;  (not visible)> windowScene: <_UIKeyboardWindowScene: 0x13a858000; role: _UIScreenBasedSceneSession; persistentIdentifier: 1984CC79-F43E-41B4-BB91-2C476B30F56B; activationState: UISceneActivationStateForegroundActive>
2026-07-27 05:09:53.048 Df app[19104:4d7118] [com.apple.UIKit:UIPeripheralHost] endPlacementForInputViewSet: <<UIInputViewSet: 0x13b5b7a80>; keyboard = <UIKeyboardAutomatic: 0x139f74c80; frame = (0 0; 402 233); opaque = NO; layer = <CALayer: 0x1320896e0>>%; assistant = <TUISystemInputAssistantView: 0x1392f0c00; frame = (0 0; 402 78); >; usesKeyClicks = NO;  (not visible)> windowScene: <_UIKeyboardWindowScene: 0x13a858000; role: _UIScreenBasedSceneSession; persistentIdentifier: 1984CC79-F43E-41B4-BB91-2C476B30F56B; activationState: UISceneActivationStateForegroundActive>
2026-07-27 05:09:53.048 Df app[19104:4d7118] [com.apple.UIKit:UIPeripheralHost] endPlacementForInputViewSet: <<UIInputViewSet: 0x13b5b7a80>; keyboard = <UIKeyboardAutomatic: 0x139f74c80; frame = (0 0; 402 233); opaque = NO; layer = <CALayer: 0x1320896e0>>%; assistant = <TUISystemInputAssistantView: 0x1392f0c00; frame = (0 0; 402 78); >; usesKeyClicks = NO;  (not visible)> windowScene: <_UIKeyboardWindowScene: 0x13a858000; role: _UIScreenBasedSceneSession; persistentIdentifier: 1984CC79-F43E-41B4-BB91-2C476B30F56B; activationState: UISceneActivationStateForegroundActive>
2026-07-27 05:09:53.049 Df app[19104:4d7118] [com.apple.UIKit:UIPeripheralHost] endPlacementForInputViewSet: <<UIInputViewSet: 0x13b5b7a80>; keyboard = <UIKeyboardAutomatic: 0x139f74c80; frame = (0 0; 402 233); opaque = NO; layer = <CALayer: 0x1320896e0>>%; assistant = <TUISystemInputAssistantView: 0x1392f0c00; frame = (0 0; 402 78); >; usesKeyClicks = NO;  (not visible)> windowScene: <_UIKeyboardWindowScene: 0x13a858000; role: _UIScreenBasedSceneSession; persistentIdentifier: 1984CC79-F43E-41B4-BB91-2C476B30F56B; activationState: UISceneActivationStateForegroundActive>
2026-07-27 05:09:53.049 Df app[19104:4d7118] [com.apple.UIKit:UIPeripheralHost] endPlacementForInputViewSet: <<UIInputViewSet: 0x13b5b7a80>; keyboard = <UIKeyboardAutomatic: 0x139f74c80; frame = (0 0; 402 233); opaque = NO; layer = <CALayer: 0x1320896e0>>%; assistant = <TUISystemInputAssistantView: 0x1392f0c00; frame = (0 0; 402 78); >; usesKeyClicks = NO;  (not visible)> windowScene: <_UIKeyboardWindowScene: 0x13a858000; role: _UIScreenBasedSceneSession; persistentIdentifier: 1984CC79-F43E-41B4-BB91-2C476B30F56B; activationState: UISceneActivationStateForegroundActive>
2026-07-27 05:09:53.049 Df app[19104:4d7118] [com.apple.KeyboardArbiter:Client] RX keyboardArbiterClientHandle:Y
2026-07-27 05:09:53.049 Df app[19104:4d7118] [com.apple.UIKit:KeyboardArbiterClientLog] -[_UIRemoteKeyboardPlaceholderView refreshPlaceholder]  refreshPlaceholder: size={402, 0} [previous size={402, 0}]
2026-07-27 05:09:53.050 Df app[19104:4d7118] [com.apple.UIKit:UIKBFeedbackGenerator] <_UIKBFeedbackGenerator: 0x13b5b4b40>: -[_UIKBFeedbackGenerator activateWithCompletionBlock:]
2026-07-27 05:09:53.050 Df app[19104:4fd323] [com.apple.UIKit:UIKBFeedbackGenerator] <_UIKBFeedbackGenerator: 0x13b5b4b40>: Releasing engine and players.
2026-07-27 05:09:53.050 Df app[19104:4fd323] [com.apple.UIKit:UIKBFeedbackGenerator] <_UIKBFeedbackGenerator: 0x13b5b4b40>: Recreating engine with reason -[_UIKBFeedbackGenerator activateWithCompletionBlock:]_block_invoke.
2026-07-27 05:09:53.051 Df app[19104:4fd323] (libMobileGestalt.dylib) MGIsDeviceOfType is not supported on this platform.
2026-07-27 05:09:53.057 E  app[19104:4fd323] (CoreHaptics)        CHHapticPattern.mm:487   +[CHHapticPattern patternForKey:error:]: Failed to read pattern library data: Error Domain=NSCocoaErrorDomain Code=260 "파일이 존재하지 않기 때문에 ‘hapticpatternlibrary.plist’ 파일을 열 수 없습니다." UserInfo={NSFilePath=/Library/Audio/Tunings/Generic/Haptics/Library/hapticpatternlibrary.plist, NSURL=file:///Library/Audio/Tunings/Generic/Haptics/Library/hapticpatternlibrary.plist, NSUnderlyingError=0x13a925110 {Error Domain=NSPOSIXErrorDomain Code=2 "No such file or directory"}}
2026-07-27 05:09:53.058 E  app[19104:4fd323] [com.apple.UIKit:UIKBFeedbackGenerator] <_UIKBFeedbackGenerator: 0x13b5b4b40>: Error creating CHHapticPattern: Error Domain=NSCocoaErrorDomain Code=260 "파일이 존재하지 않기 때문에 ‘hapticpatternlibrary.plist’ 파일을 열 수 없습니다." UserInfo={NSFilePath=/Library/Audio/Tunings/Generic/Haptics/Library/hapticpatternlibrary.plist, NSURL=file:///Library/Audio/Tunings/Generic/Haptics/Library/hapticpatternlibrary.plist, NSUnderlyingError=0x13a925110 {Error Domain=NSPOSIXErrorDomain Code=2 "No such file or directory"}}
2026-07-27 05:09:53.058 E  app[19104:4fd323] (CoreHaptics)        CHHapticPattern.mm:487   +[CHHapticPattern patternForKey:error:]: Failed to read pattern library data: Error Domain=NSCocoaErrorDomain Code=260 "파일이 존재하지 않기 때문에 ‘hapticpatternlibrary.plist’ 파일을 열 수 없습니다." UserInfo={NSFilePath=/Library/Audio/Tunings/Generic/Haptics/Library/hapticpatternlibrary.plist, NSURL=file:///Library/Audio/Tunings/Generic/Haptics/Library/hapticpatternlibrary.plist, NSUnderlyingError=0x13a9259e0 {Error Domain=NSPOSIXErrorDomain Code=2 "No such file or directory"}}
2026-07-27 05:09:53.058 E  app[19104:4fd323] [com.apple.UIKit:UIKBFeedbackGenerator] <_UIKBFeedbackGenerator: 0x13b5b4b40>: Error creating CHHapticPattern: Error Domain=NSCocoaErrorDomain Code=260 "파일이 존재하지 않기 때문에 ‘hapticpatternlibrary.plist’ 파일을 열 수 없습니다." UserInfo={NSFilePath=/Library/Audio/Tunings/Generic/Haptics/Library/hapticpatternlibrary.plist, NSURL=file:///Library/Audio/Tunings/Generic/Haptics/Library/hapticpatternlibrary.plist, NSUnderlyingError=0x13a9259e0 {Error Domain=NSPOSIXErrorDomain Code=2 "No such file or directory"}}
2026-07-27 05:09:53.058 E  app[19104:4fd323] (CoreHaptics)        CHHapticPattern.mm:487   +[CHHapticPattern patternForKey:error:]: Failed to read pattern library data: Error Domain=NSCocoaErrorDomain Code=260 "파일이 존재하지 않기 때문에 ‘hapticpatternlibrary.plist’ 파일을 열 수 없습니다." UserInfo={NSFilePath=/Library/Audio/Tunings/Generic/Haptics/Library/hapticpatternlibrary.plist, NSURL=file:///Library/Audio/Tunings/Generic/Haptics/Library/hapticpatternlibrary.plist, NSUnderlyingError=0x13a925110 {Error Domain=NSPOSIXErrorDomain Code=2 "No such file or directory"}}
2026-07-27 05:09:53.058 E  app[19104:4fd323] [com.apple.UIKit:UIKBFeedbackGenerator] <_UIKBFeedbackGenerator: 0x13b5b4b40>: Error creating CHHapticPattern: Error Domain=NSCocoaErrorDomain Code=260 "파일이 존재하지 않기 때문에 ‘hapticpatternlibrary.plist’ 파일을 열 수 없습니다." UserInfo={NSFilePath=/Library/Audio/Tunings/Generic/Haptics/Library/hapticpatternlibrary.plist, NSURL=file:///Library/Audio/Tunings/Generic/Haptics/Library/hapticpatternlibrary.plist, NSUnderlyingError=0x13a925110 {Error Domain=NSPOSIXErrorDomain Code=2 "No such file or directory"}}
2026-07-27 05:09:53.058 E  app[19104:4fd323] (CoreHaptics)        CHHapticPattern.mm:487   +[CHHapticPattern patternForKey:error:]: Failed to read pattern library data: Error Domain=NSCocoaErrorDomain Code=260 "파일이 존재하지 않기 때문에 ‘hapticpatternlibrary.plist’ 파일을 열 수 없습니다." UserInfo={NSFilePath=/Library/Audio/Tunings/Generic/Haptics/Library/hapticpatternlibrary.plist, NSURL=file:///Library/Audio/Tunings/Generic/Haptics/Library/hapticpatternlibrary.plist, NSUnderlyingError=0x13a9259e0 {Error Domain=NSPOSIXErrorDomain Code=2 "No such file or directory"}}
2026-07-27 05:09:53.058 E  app[19104:4fd323] [com.apple.UIKit:UIKBFeedbackGenerator] <_UIKBFeedbackGenerator: 0x13b5b4b40>: Error creating CHHapticPattern: Error Domain=NSCocoaErrorDomain Code=260 "파일이 존재하지 않기 때문에 ‘hapticpatternlibrary.plist’ 파일을 열 수 없습니다." UserInfo={NSFilePath=/Library/Audio/Tunings/Generic/Haptics/Library/hapticpatternlibrary.plist, NSURL=file:///Library/Audio/Tunings/Generic/Haptics/Library/hapticpatternlibrary.plist, NSUnderlyingError=0x13a9259e0 {Error Domain=NSPOSIXErrorDomain Code=2 "No such file or directory"}}
2026-07-27 05:09:53.058 E  app[19104:4fd323] (CoreHaptics)        CHHapticPattern.mm:487   +[CHHapticPattern patternForKey:error:]: Failed to read pattern library data: Error Domain=NSCocoaErrorDomain Code=260 "파일이 존재하지 않기 때문에 ‘hapticpatternlibrary.plist’ 파일을 열 수 없습니다." UserInfo={NSFilePath=/Library/Audio/Tunings/Generic/Haptics/Library/hapticpatternlibrary.plist, NSURL=file:///Library/Audio/Tunings/Generic/Haptics/Library/hapticpatternlibrary.plist, NSUnderlyingError=0x13a925110 {Error Domain=NSPOSIXErrorDomain Code=2 "No such file or directory"}}
2026-07-27 05:09:53.058 E  app[19104:4fd323] [com.apple.UIKit:UIKBFeedbackGenerator] <_UIKBFeedbackGenerator: 0x13b5b4b40>: Error creating CHHapticPattern: Error Domain=NSCocoaErrorDomain Code=260 "파일이 존재하지 않기 때문에 ‘hapticpatternlibrary.plist’ 파일을 열 수 없습니다." UserInfo={NSFilePath=/Library/Audio/Tunings/Generic/Haptics/Library/hapticpatternlibrary.plist, NSURL=file:///Library/Audio/Tunings/Generic/Haptics/Library/hapticpatternlibrary.plist, NSUnderlyingError=0x13a925110 {Error Domain=NSPOSIXErrorDomain Code=2 "No such file or directory"}}
2026-07-27 05:09:53.058 E  app[19104:4fd323] (CoreHaptics)        CHHapticPattern.mm:487   +[CHHapticPattern patternForKey:error:]: Failed to read pattern library data: Error Domain=NSCocoaErrorDomain Code=260 "파일이 존재하지 않기 때문에 ‘hapticpatternlibrary.plist’ 파일을 열 수 없습니다." UserInfo={NSFilePath=/Library/Audio/Tunings/Generic/Haptics/Library/hapticpatternlibrary.plist, NSURL=file:///Library/Audio/Tunings/Generic/Haptics/Library/hapticpatternlibrary.plist, NSUnderlyingError=0x13a9259e0 {Error Domain=NSPOSIXErrorDomain Code=2 "No such file or directory"}}
2026-07-27 05:09:53.059 E  app[19104:4fd323] [com.apple.UIKit:UIKBFeedbackGenerator] <_UIKBFeedbackGenerator: 0x13b5b4b40>: Error creating CHHapticPattern: Error Domain=NSCocoaErrorDomain Code=260 "파일이 존재하지 않기 때문에 ‘hapticpatternlibrary.plist’ 파일을 열 수 없습니다." UserInfo={NSFilePath=/Library/Audio/Tunings/Generic/Haptics/Library/hapticpatternlibrary.plist, NSURL=file:///Library/Audio/Tunings/Generic/Haptics/Library/hapticpatternlibrary.plist, NSUnderlyingError=0x13a9259e0 {Error Domain=NSPOSIXErrorDomain Code=2 "No such file or directory"}}
2026-07-27 05:09:53.059 E  app[19104:4fd323] (CoreHaptics)        CHHapticPattern.mm:487   +[CHHapticPattern patternForKey:error:]: Failed to read pattern library data: Error Domain=NSCocoaErrorDomain Code=260 "파일이 존재하지 않기 때문에 ‘hapticpatternlibrary.plist’ 파일을 열 수 없습니다." UserInfo={NSFilePath=/Library/Audio/Tunings/Generic/Haptics/Library/hapticpatternlibrary.plist, NSURL=file:///Library/Audio/Tunings/Generic/Haptics/Library/hapticpatternlibrary.plist, NSUnderlyingError=0x13a925110 {Error Domain=NSPOSIXErrorDomain Code=2 "No such file or directory"}}
2026-07-27 05:09:53.059 E  app[19104:4fd323] [com.apple.UIKit:UIKBFeedbackGenerator] <_UIKBFeedbackGenerator: 0x13b5b4b40>: Error creating CHHapticPattern: Error Domain=NSCocoaErrorDomain Code=260 "파일이 존재하지 않기 때문에 ‘hapticpatternlibrary.plist’ 파일을 열 수 없습니다." UserInfo={NSFilePath=/Library/Audio/Tunings/Generic/Haptics/Library/hapticpatternlibrary.plist, NSURL=file:///Library/Audio/Tunings/Generic/Haptics/Library/hapticpatternlibrary.plist, NSUnderlyingError=0x13a925110 {Error Domain=NSPOSIXErrorDomain Code=2 "No such file or directory"}}
2026-07-27 05:09:53.059 E  app[19104:4fd323] (CoreHaptics)        CHHapticPattern.mm:487   +[CHHapticPattern patternForKey:error:]: Failed to read pattern library data: Error Domain=NSCocoaErrorDomain Code=260 "파일이 존재하지 않기 때문에 ‘hapticpatternlibrary.plist’ 파일을 열 수 없습니다." UserInfo={NSFilePath=/Library/Audio/Tunings/Generic/Haptics/Library/hapticpatternlibrary.plist, NSURL=file:///Library/Audio/Tunings/Generic/Haptics/Library/hapticpatternlibrary.plist, NSUnderlyingError=0x13a9259e0 {Error Domain=NSPOSIXErrorDomain Code=2 "No such file or directory"}}
2026-07-27 05:09:53.059 E  app[19104:4fd323] [com.apple.UIKit:UIKBFeedbackGenerator] <_UIKBFeedbackGenerator: 0x13b5b4b40>: Error creating CHHapticPattern: Error Domain=NSCocoaErrorDomain Code=260 "파일이 존재하지 않기 때문에 ‘hapticpatternlibrary.plist’ 파일을 열 수 없습니다." UserInfo={NSFilePath=/Library/Audio/Tunings/Generic/Haptics/Library/hapticpatternlibrary.plist, NSURL=file:///Library/Audio/Tunings/Generic/Haptics/Library/hapticpatternlibrary.plist, NSUnderlyingError=0x13a9259e0 {Error Domain=NSPOSIXErrorDomain Code=2 "No such file or directory"}}
2026-07-27 05:09:53.059 E  app[19104:4fd323] (CoreHaptics)        CHHapticPattern.mm:487   +[CHHapticPattern patternForKey:error:]: Failed to read pattern library data: Error Domain=NSCocoaErrorDomain Code=260 "파일이 존재하지 않기 때문에 ‘hapticpatternlibrary.plist’ 파일을 열 수 없습니다." UserInfo={NSFilePath=/Library/Audio/Tunings/Generic/Haptics/Library/hapticpatternlibrary.plist, NSURL=file:///Library/Audio/Tunings/Generic/Haptics/Library/hapticpatternlibrary.plist, NSUnderlyingError=0x13a925110 {Error Domain=NSPOSIXErrorDomain Code=2 "No such file or directory"}}
2026-07-27 05:09:53.059 E  app[19104:4fd323] [com.apple.UIKit:UIKBFeedbackGenerator] <_UIKBFeedbackGenerator: 0x13b5b4b40>: Error creating CHHapticPattern: Error Domain=NSCocoaErrorDomain Code=260 "파일이 존재하지 않기 때문에 ‘hapticpatternlibrary.plist’ 파일을 열 수 없습니다." UserInfo={NSFilePath=/Library/Audio/Tunings/Generic/Haptics/Library/hapticpatternlibrary.plist, NSURL=file:///Library/Audio/Tunings/Generic/Haptics/Library/hapticpatternlibrary.plist, NSUnderlyingError=0x13a925110 {Error Domain=NSPOSIXErrorDomain Code=2 "No such file or directory"}}
2026-07-27 05:09:53.061 Df app[19104:4fd323] [com.apple.coremedia:] -AVSystemController- +[AVSystemController sharedInstance]: Failed to allocate AVSystemController, numberOfAttempts=1
2026-07-27 05:09:53.061 Df app[19104:4fd323] [com.apple.coremedia:] -AVSystemController- +[AVSystemController sharedInstance]: Failed to allocate AVSystemController, numberOfAttempts=2
2026-07-27 05:09:53.061 Df app[19104:4fd323] [com.apple.coremedia:] -AVSystemController- +[AVSystemController sharedInstance]: Failed to allocate AVSystemController, numberOfAttempts=3
2026-07-27 05:09:53.061 Df app[19104:4fd323] [com.apple.UIKit:UIKBFeedbackGenerator] <_UIKBFeedbackGenerator: 0x13b5b4b40>: Preheating CoreHaptics.
2026-07-27 05:09:53.157 A  app[19104:4f144d] (RunningBoardServices) didChangeInheritances
2026-07-27 05:09:53.157 Df app[19104:4d7118] [com.apple.UIKit:InterfaceStyle] Not push traits update to screen for new style 1, <UIWindowScene: 0x102b40200> (6E797257-08E7-48F7-A749-DFECC04BF5BA)
2026-07-27 05:09:53.158 Df app[19104:4d7118] [com.apple.UIKit:AppLifecycle] sceneOfRecord: sceneID: sceneID:com.mediology.sinsin-care-default  persistentID: 6E797257-08E7-48F7-A749-DFECC04BF5BA
2026-07-27 05:09:53.158 Df app[19104:4d7118] [com.apple.UIKit:Application] Deactivation reason removed: 12; deactivation reasons: 4128 -> 32; animating application lifecycle event: 1
2026-07-27 05:09:53.158 Df app[19104:4d7118] [com.apple.KeyboardArbiter:Client] Send setDeactivating: N (-DeactivationReason:SuspendedEventsOnly)
2026-07-27 05:09:53.160 Df app[19104:4d7118] [com.apple.UIKit:Application] Deactivation reason removed: 5; deactivation reasons: 32 -> 0; animating application lifecycle event: 0
2026-07-27 05:09:53.160 Df app[19104:4d7118] [com.apple.KeyboardArbiter:Client] TX signalKeyboardChanged
2026-07-27 05:09:53.160 Df app[19104:4d7118] [com.apple.UIKit:KeyboardArbiterClientLog] -[_UIRemoteKeyboards signalToProxyKeyboardChanged:onCompletion:]  Signaling keyboard changed <<<_UIKeyboardChangedInformation: 0x13c5a8d80>; appId (null) bundleId (null) animation fence (null); position {{0, 874}, {402, 0}}; animated YES; on screen YES; tracking NO; resizing NO; local NO, dock state: Unknown, hasValidNotif: NO>; source canvas com.apple.frontboard.systemappservices/FBSceneManager:sceneID%3Acom.mediology.sinsin-care-default; source display Main; source bundle com.mediology.sinsin-care; host bundle (null); animation fence (null); position {{0, 874}, {402, 0}} (with IAV same); floating 0; on screen YES;  intersectable YES; snapshot NO>
2026-07-27 05:09:53.161 Df app[19104:4d7118] [com.apple.KeyboardArbiter:Client] TX setWindowContextID:1860720845 windowState:Enabled level:5.0
    focusContext:<contextID:2532338686 sceneID:com.mediology.sinsin-care-default>
2026-07-27 05:09:53.166 Df app[19104:4d7118] [com.apple.KeyboardArbiter:Client] RX keyboardArbiterClientHandle:Y
2026-07-27 05:09:54.505 Df app[19104:4f144d] [com.apple.TextInputUI:CandidateGeneration] Performing delayed generation for token=4ED82DE2
2026-07-27 05:09:54.819 Df app[19104:4d7118] [com.apple.CFNetwork:Default] TCP Conn [1430:0x13d718fa0] using empty proxy configuration
2026-07-27 05:09:54.819 Df app[19104:4d7118] [com.apple.CFNetwork:Default] Stream client bypassing proxies on TCP Conn [1430:0x13d718fa0]
2026-07-27 05:09:54.819 Df app[19104:4d7118] [com.apple.CFNetwork:Default] TCP Conn 0x13d718fa0 started
2026-07-27 05:09:54.819 Df app[19104:4fd323] [com.apple.network:connection] [C1430 7138107B-D1F9-44A9-8B4F-839F4008245A IPv4#d88bd194:8087 tcp, definite, attribution: developer, context: Default Network Context (private), proc: 015000E2-DAB9-340B-9C50-1DE21DB3B06A, delegated upid: 0, no proxy, prohibit fallback, allow socket access] start
2026-07-27 05:09:54.820 Df app[19104:4fd323] [com.apple.network:connection] [C1430 IPv4#d88bd194:8087 initial parent-flow ((null))] event: path:start @0.000s
2026-07-27 05:09:54.820 Df app[19104:4fd323] [com.apple.network:connection] [C1430 IPv4#d88bd194:8087 waiting parent-flow (satisfied (Path is satisfied), interface: lo0)] event: path:satisfied @0.000s, uuid: E5D89930-9B94-447A-B457-D9D0CFF094E8
2026-07-27 05:09:54.820 Df app[19104:4d7118] [com.apple.CFNetwork:Default] TCP Conn [1431:0x13d71abc0] using empty proxy configuration
2026-07-27 05:09:54.820 Df app[19104:4fd323] [com.apple.network:connection] nw_socket_initialize_socket [C1430:1] Not guarding fd 27
2026-07-27 05:09:54.820 Df app[19104:4d7118] [com.apple.CFNetwork:Default] Stream client bypassing proxies on TCP Conn [1431:0x13d71abc0]
2026-07-27 05:09:54.820 Df app[19104:4d7118] [com.apple.CFNetwork:Default] TCP Conn 0x13d71abc0 started
2026-07-27 05:09:54.820 Df app[19104:4fd323] [com.apple.network:connection] [C1430 IPv4#d88bd194:8087 in_progress socket-flow (satisfied (Path is satisfied), interface: lo0)] event: flow:start_connect @0.000s
2026-07-27 05:09:54.820 Df app[19104:4fd323] [com.apple.network:connection] nw_connection_report_state_with_handler_on_nw_queue [C1430] reporting state preparing
2026-07-27 05:09:54.820 Df app[19104:4d7118] [com.apple.CFNetwork:Default] TCP Conn [1432:0x13d71a8a0] using empty proxy configuration
2026-07-27 05:09:54.820 Df app[19104:4d7118] [com.apple.CFNetwork:Default] Stream client bypassing proxies on TCP Conn [1432:0x13d71a8a0]
2026-07-27 05:09:54.820 Df app[19104:4d7118] [com.apple.CFNetwork:Default] TCP Conn 0x13d71a8a0 started
2026-07-27 05:09:54.820 Df app[19104:4fd323] [com.apple.network:connection] [C1431 17D930C2-1BC0-4C9C-8A10-F797D6F7938F IPv4#d88bd194:8087 tcp, definite, attribution: developer, context: Default Network Context (private), proc: 015000E2-DAB9-340B-9C50-1DE21DB3B06A, delegated upid: 0, no proxy, prohibit fallback, allow socket access] start
2026-07-27 05:09:54.820 Df app[19104:4fd323] [com.apple.network:connection] [C1431 IPv4#d88bd194:8087 initial parent-flow ((null))] event: path:start @0.000s
2026-07-27 05:09:54.820 Df app[19104:4fd323] [com.apple.network:connection] [C1431 IPv4#d88bd194:8087 waiting parent-flow (satisfied (Path is satisfied), interface: lo0)] event: path:satisfied @0.000s, uuid: E5D89930-9B94-447A-B457-D9D0CFF094E8
2026-07-27 05:09:54.821 Df app[19104:4fd323] [com.apple.network:connection] nw_socket_initialize_socket [C1431:1] Not guarding fd 28
2026-07-27 05:09:54.821 Df app[19104:4fd323] [com.apple.network:connection] [C1431 IPv4#d88bd194:8087 in_progress socket-flow (satisfied (Path is satisfied), interface: lo0)] event: flow:start_connect @0.000s
2026-07-27 05:09:54.821 Df app[19104:4fd323] [com.apple.network:connection] nw_connection_report_state_with_handler_on_nw_queue [C1431] reporting state preparing
2026-07-27 05:09:54.821 Df app[19104:4fd323] [com.apple.network:connection] [C1432 9344BB72-3C9C-4FA9-9CAD-FEF550190B03 IPv4#d88bd194:8087 tcp, definite, attribution: developer, context: Default Network Context (private), proc: 015000E2-DAB9-340B-9C50-1DE21DB3B06A, delegated upid: 0, no proxy, prohibit fallback, allow socket access] start
2026-07-27 05:09:54.822 Df app[19104:4fd323] [com.apple.network:connection] [C1432 IPv4#d88bd194:8087 initial parent-flow ((null))] event: path:start @0.000s
2026-07-27 05:09:54.822 Df app[19104:4fd323] [com.apple.network:connection] [C1432 IPv4#d88bd194:8087 waiting parent-flow (satisfied (Path is satisfied), interface: lo0)] event: path:satisfied @0.000s, uuid: E5D89930-9B94-447A-B457-D9D0CFF094E8
2026-07-27 05:09:54.822 Df app[19104:4fd323] [com.apple.network:connection] nw_socket_initialize_socket [C1432:1] Not guarding fd 29
2026-07-27 05:09:54.822 Df app[19104:4fd323] [com.apple.network:connection] [C1432 IPv4#d88bd194:8087 in_progress socket-flow (satisfied (Path is satisfied), interface: lo0)] event: flow:start_connect @0.000s
2026-07-27 05:09:54.822 Df app[19104:4fd323] [com.apple.network:connection] nw_connection_report_state_with_handler_on_nw_queue [C1432] reporting state preparing
2026-07-27 05:09:54.822 Df app[19104:4fd323] [com.apple.network:connection] nw_socket_handle_socket_event [C1430:1] Socket received CONNECTED event
2026-07-27 05:09:54.822 Df app[19104:4fd323] [com.apple.network:connection] nw_flow_connected [C1430 IPv4#d88bd194:8087 in_progress socket-flow (satisfied (Path is satisfied), interface: lo0)] Output protocol connected (socket)
2026-07-27 05:09:54.822 Df app[19104:4fd323] [com.apple.network:connection] [C1430 IPv4#d88bd194:8087 ready socket-flow (satisfied (Path is satisfied), interface: lo0)] event: flow:finish_connect @0.002s
2026-07-27 05:09:54.823 Df app[19104:4fd323] [com.apple.network:connection] nw_connection_report_state_with_handler_on_nw_queue [C1430] reporting state ready
2026-07-27 05:09:54.823 Df app[19104:4fd323] [com.apple.network:connection] nw_socket_handle_socket_event [C1431:1] Socket received CONNECTED event
2026-07-27 05:09:54.823 Df app[19104:4fd326] [com.apple.CFNetwork:Default] TCP Conn 0x13d718fa0 event 1. err: 0
2026-07-27 05:09:54.823 Df app[19104:4fd326] [com.apple.CFNetwork:Default] TCP Conn 0x13d718fa0 complete. fd: 30, err: 0
2026-07-27 05:09:54.823 Df app[19104:4fd323] [com.apple.network:connection] nw_flow_connected [C1431 IPv4#d88bd194:8087 in_progress socket-flow (satisfied (Path is satisfied), interface: lo0)] Output protocol connected (socket)
2026-07-27 05:09:54.823 Df app[19104:4fd323] [com.apple.network:connection] [C1431 IPv4#d88bd194:8087 ready socket-flow (satisfied (Path is satisfied), interface: lo0)] event: flow:finish_connect @0.002s
2026-07-27 05:09:54.823 Df app[19104:4fd323] [com.apple.network:connection] nw_connection_report_state_with_handler_on_nw_queue [C1431] reporting state ready
2026-07-27 05:09:54.823 Df app[19104:4f1452] [com.apple.CFNetwork:Default] TCP Conn 0x13d71abc0 event 1. err: 0
2026-07-27 05:09:54.823 Df app[19104:4fd323] [com.apple.network:connection] nw_socket_handle_socket_event [C1432:1] Socket received CONNECTED event
2026-07-27 05:09:54.823 Df app[19104:4f1452] [com.apple.CFNetwork:Default] TCP Conn 0x13d71abc0 complete. fd: 31, err: 0
2026-07-27 05:09:54.823 Df app[19104:4fd323] [com.apple.network:connection] nw_flow_connected [C1432 IPv4#d88bd194:8087 in_progress socket-flow (satisfied (Path is satisfied), interface: lo0)] Output protocol connected (socket)
2026-07-27 05:09:54.823 Df app[19104:4fd323] [com.apple.network:connection] [C1432 IPv4#d88bd194:8087 ready socket-flow (satisfied (Path is satisfied), interface: lo0)] event: flow:finish_connect @0.001s
2026-07-27 05:09:54.823 Df app[19104:4fd323] [com.apple.network:connection] nw_connection_report_state_with_handler_on_nw_queue [C1432] reporting state ready
2026-07-27 05:09:54.823 Df app[19104:4fd326] [com.apple.CFNetwork:Default] TCP Conn 0x13d71a8a0 event 1. err: 0
2026-07-27 05:09:54.823 Df app[19104:4fd326] [com.apple.CFNetwork:Default] TCP Conn 0x13d71a8a0 complete. fd: 32, err: 0
2026-07-27 05:09:56.918 Df app[19104:4d7118] [com.apple.CFNetwork:Default] TCP Conn [1433:0x13d718000] using empty proxy configuration
2026-07-27 05:09:56.918 Df app[19104:4d7118] [com.apple.CFNetwork:Default] Stream client bypassing proxies on TCP Conn [1433:0x13d718000]
2026-07-27 05:09:56.918 Df app[19104:4d7118] [com.apple.CFNetwork:Default] TCP Conn 0x13d718000 started
2026-07-27 05:09:56.919 Df app[19104:4fd323] [com.apple.network:connection] [C1433 D3291EC3-C918-4614-A550-D26531385B59 IPv4#d88bd194:8087 tcp, definite, attribution: developer, context: Default Network Context (private), proc: 015000E2-DAB9-340B-9C50-1DE21DB3B06A, delegated upid: 0, no proxy, prohibit fallback, allow socket access] start
2026-07-27 05:09:56.919 Df app[19104:4fd323] [com.apple.network:connection] [C1433 IPv4#d88bd194:8087 initial parent-flow ((null))] event: path:start @0.000s
2026-07-27 05:09:56.919 Df app[19104:4d7118] [com.apple.CFNetwork:Default] TCP Conn [1434:0x13d71a580] using empty proxy configuration
2026-07-27 05:09:56.919 Df app[19104:4fd323] [com.apple.network:connection] [C1433 IPv4#d88bd194:8087 waiting parent-flow (satisfied (Path is satisfied), interface: lo0)] event: path:satisfied @0.000s, uuid: E5D89930-9B94-447A-B457-D9D0CFF094E8
2026-07-27 05:09:56.919 Df app[19104:4d7118] [com.apple.CFNetwork:Default] Stream client bypassing proxies on TCP Conn [1434:0x13d71a580]
2026-07-27 05:09:56.919 Df app[19104:4d7118] [com.apple.CFNetwork:Default] TCP Conn 0x13d71a580 started
2026-07-27 05:09:56.919 Df app[19104:4fd323] [com.apple.network:connection] nw_socket_initialize_socket [C1433:1] Not guarding fd 33
2026-07-27 05:09:56.919 Df app[19104:4fd323] [com.apple.network:connection] [C1433 IPv4#d88bd194:8087 in_progress socket-flow (satisfied (Path is satisfied), interface: lo0)] event: flow:start_connect @0.000s
2026-07-27 05:09:56.919 Df app[19104:4fd323] [com.apple.network:connection] nw_connection_report_state_with_handler_on_nw_queue [C1433] reporting state preparing
2026-07-27 05:09:56.919 Df app[19104:4fd323] [com.apple.network:connection] [C1434 A84F0536-E5ED-4660-B6DE-4E19E97A1C2E IPv4#d88bd194:8087 tcp, definite, attribution: developer, context: Default Network Context (private), proc: 015000E2-DAB9-340B-9C50-1DE21DB3B06A, delegated upid: 0, no proxy, prohibit fallback, allow socket access] start
2026-07-27 05:09:56.919 Df app[19104:4fd323] [com.apple.network:connection] [C1434 IPv4#d88bd194:8087 initial parent-flow ((null))] event: path:start @0.000s
2026-07-27 05:09:56.919 Df app[19104:4fd323] [com.apple.network:connection] [C1434 IPv4#d88bd194:8087 waiting parent-flow (satisfied (Path is satisfied), interface: lo0)] event: path:satisfied @0.000s, uuid: E5D89930-9B94-447A-B457-D9D0CFF094E8
2026-07-27 05:09:56.919 Df app[19104:4f1452] [com.apple.CFNetwork:Default] TCP Conn 0x13d718fa0 canceled
2026-07-27 05:09:56.919 Df app[19104:4fd323] [com.apple.network:connection] nw_socket_initialize_socket [C1434:1] Not guarding fd 34
2026-07-27 05:09:56.919 Df app[19104:4fd323] [com.apple.network:connection] [C1434 IPv4#d88bd194:8087 in_progress socket-flow (satisfied (Path is satisfied), interface: lo0)] event: flow:start_connect @0.000s
2026-07-27 05:09:56.920 Df app[19104:4fd323] [com.apple.network:connection] nw_connection_report_state_with_handler_on_nw_queue [C1434] reporting state preparing
2026-07-27 05:09:56.920 Df app[19104:4fd323] [com.apple.network:connection] [C1430 7138107B-D1F9-44A9-8B4F-839F4008245A IPv4#d88bd194:8087 tcp, legacy-socket, definite, attribution: developer] cancel
2026-07-27 05:09:56.920 Df app[19104:4fd323] [com.apple.network:connection] [C1430 7138107B-D1F9-44A9-8B4F-839F4008245A IPv4#d88bd194:8087 tcp, legacy-socket, definite, attribution: developer] cancelled
	[C1430 E5D89930-9B94-447A-B457-D9D0CFF094E8 172.30.1.90:61125<->IPv4#d88bd194:8087]
	Connected Path: satisfied (Path is satisfied), interface: lo0
	Privacy Stance: Not Eligible
	Duration: 2.100s, TCP @0.000s took 0.002s
	bytes in/out: 144/223, packets in/out: 3/2, rtt: 0.001s, retransmitted bytes: 0, out-of-order bytes: 0
	ecn packets sent/acked/marked/lost: 0/0/0/0
2026-07-27 05:09:56.920 Df app[19104:4fd323] [com.apple.network:connection] nw_connection_report_state_with_handler_on_nw_queue [C1430] reporting state cancelled
2026-07-27 05:09:56.920 Df app[19104:4fd323] [com.apple.network:connection] nw_socket_handle_socket_event [C1433:1] Socket received CONNECTED event
2026-07-27 05:09:56.920 Df app[19104:4fd326] [com.apple.CFNetwork:Default] TCP Conn 0x13d71abc0 canceled
2026-07-27 05:09:56.920 Df app[19104:4fd323] [com.apple.network:connection] nw_flow_connected [C1433 IPv4#d88bd194:8087 in_progress socket-flow (satisfied (Path is satisfied), interface: lo0)] Output protocol connected (socket)
2026-07-27 05:09:56.920 Df app[19104:4fd323] [com.apple.network:connection] [C1433 IPv4#d88bd194:8087 ready socket-flow (satisfied (Path is satisfied), interface: lo0)] event: flow:finish_connect @0.001s
2026-07-27 05:09:56.920 Df app[19104:4fd323] [com.apple.network:connection] nw_connection_report_state_with_handler_on_nw_queue [C1433] reporting state ready
2026-07-27 05:09:56.920 Df app[19104:4fd323] [com.apple.network:connection] [C1431 17D930C2-1BC0-4C9C-8A10-F797D6F7938F IPv4#d88bd194:8087 tcp, legacy-socket, definite, attribution: developer] cancel
2026-07-27 05:09:56.920 Df app[19104:4f144d] [com.apple.CFNetwork:Default] TCP Conn 0x13d718000 event 1. err: 0
2026-07-27 05:09:56.920 Df app[19104:4f144d] [com.apple.CFNetwork:Default] TCP Conn 0x13d718000 complete. fd: 30, err: 0
2026-07-27 05:09:56.920 Df app[19104:4fd323] [com.apple.network:connection] [C1431 17D930C2-1BC0-4C9C-8A10-F797D6F7938F IPv4#d88bd194:8087 tcp, legacy-socket, definite, attribution: developer] cancelled
	[C1431 E5D89930-9B94-447A-B457-D9D0CFF094E8 172.30.1.90:61126<->IPv4#d88bd194:8087]
	Connected Path: satisfied (Path is satisfied), interface: lo0
	Privacy Stance: Not Eligible
	Duration: 2.099s, TCP @0.000s took 0.002s
	bytes in/out: 144/224, packets in/out: 3/2, rtt: 0.001s, retransmitted bytes: 0, out-of-order bytes: 0
	ecn packets sent/acked/marked/lost: 0/0/0/0
2026-07-27 05:09:56.920 Df app[19104:4fd323] [com.apple.network:connection] nw_connection_report_state_with_handler_on_nw_queue [C1431] reporting state cancelled
2026-07-27 05:09:56.920 Df app[19104:4fd323] [com.apple.network:connection] nw_socket_handle_socket_event [C1434:1] Socket received CONNECTED event
2026-07-27 05:09:56.920 Df app[19104:4fd323] [com.apple.network:connection] nw_flow_connected [C1434 IPv4#d88bd194:8087 in_progress socket-flow (satisfied (Path is satisfied), interface: lo0)] Output protocol connected (socket)
2026-07-27 05:09:56.920 Df app[19104:4fd323] [com.apple.network:connection] [C1434 IPv4#d88bd194:8087 ready socket-flow (satisfied (Path is satisfied), interface: lo0)] event: flow:finish_connect @0.001s
2026-07-27 05:09:56.920 Df app[19104:4fd323] [com.apple.network:connection] nw_connection_report_state_with_handler_on_nw_queue [C1434] reporting state ready
2026-07-27 05:09:56.920 Df app[19104:4f144d] [com.apple.CFNetwork:Default] TCP Conn 0x13d71a580 event 1. err: 0
2026-07-27 05:09:56.920 Df app[19104:4f144d] [com.apple.CFNetwork:Default] TCP Conn 0x13d71a580 complete. fd: 27, err: 0
2026-07-27 05:10:31.205 A  app[19104:4f144d] (CoreFoundation) Loading Preferences From User Session CFPrefsD
2026-07-27 05:10:31.205 A  app[19104:4f144d] (CoreFoundation) Loading Preferences From User Session CFPrefsD
2026-07-27 05:10:31.206 A  app[19104:4f144d] (CoreFoundation) Loading Preferences From User Session CFPrefsD
2026-07-27 05:10:33.846 Df app[14090:4fec59] [com.apple.xpc:connection] [0x10168c400] activating connection: mach=true listener=false peer=false name=com.apple.cfprefsd.daemon
2026-07-27 05:10:33.849 Df app[14090:4fec59] [com.apple.UserNotifications:Connections] [com.mediology.sinsin-care] Creating a user notification center
2026-07-27 05:10:33.909 A  app[14090:4fecee] (CoreFoundation) Loading Preferences From User Session CFPrefsD
2026-07-27 05:10:33.911 Df app[14090:4fecef] [com.apple.BoardServices:XPCErrors] [C:1] Alloc com.apple.frontboard.systemappservices
2026-07-27 05:10:33.912 Df app[14090:4fecef] [com.apple.xpc:connection] [0x1016944c0] activating connection: mach=false listener=false peer=false name=(anonymous)
2026-07-27 05:10:33.913 Df app[14090:4fec59] (libMobileGestalt.dylib) No persisted cache on this platform.
2026-07-27 05:10:33.916 Df app[14090:4fec59] [com.apple.UIKit:Application] Deactivation reason added: 10; deactivation reasons: 0 -> 1024; animating application lifecycle event: 0
2026-07-27 05:10:33.916 Df app[14090:4fec59] [com.apple.runningboard:connection] Initializing connection
2026-07-27 05:10:33.916 Df app[14090:4fec59] [com.apple.runningboard:process] Removing all cached process handles
2026-07-27 05:10:33.917 Df app[14090:4fecef] [com.apple.runningboard:connection] Sending handshake request attempt #1 to server
2026-07-27 05:10:33.917 Df app[14090:4fecef] [com.apple.runningboard:connection] Creating connection to com.apple.runningboard
2026-07-27 05:10:33.917 Df app[14090:4fec59] [com.apple.BoardServices:Injection] activating monitor for service com.apple.frontboard.open
2026-07-27 05:10:33.917 Df app[14090:4fecef] [com.apple.xpc:connection] [0x1021f4280] activating connection: mach=true listener=false peer=false name=com.apple.runningboard
2026-07-27 05:10:33.917 Df app[14090:4fec59] [com.apple.BoardServices:Injection] activating monitor for service com.apple.frontboard.workspace-service
2026-07-27 05:10:33.917 Df app[14090:4fec59] [com.apple.FrontBoard:Common] FBSWorkspace registering source: com.apple.frontboard.systemappservices
2026-07-27 05:10:33.917 A  app[14090:4fecf0] (RunningBoardServices) didChangeInheritances
2026-07-27 05:10:33.918 Df app[14090:4fecef] [com.apple.runningboard:connection] Handshake succeeded
2026-07-27 05:10:33.918 Df app[14090:4fec59] [com.apple.FrontBoard:Common] FBSWorkspace connected to endpoint : <BSServiceConnectionEndpoint: 0x102184780; target: com.apple.frontboard.systemappservices; service: com.apple.frontboard.workspace-service>
2026-07-27 05:10:33.918 Df app[14090:4fecef] [com.apple.runningboard:connection] Identity resolved as app<com.mediology.sinsin-care((null))>
2026-07-27 05:10:33.918 Df app[14090:4fec59] [com.apple.FrontBoard:Common] <FBSWorkspaceScenesClient:0x102110c80 com.apple.frontboard.systemappservices> attempting immediate handshake from activate
2026-07-27 05:10:33.918 Df app[14090:4fec59] [com.apple.FrontBoard:Common] <FBSWorkspaceScenesClient:0x102110c80 com.apple.frontboard.systemappservices> sent handshake
2026-07-27 05:10:33.918 Df app[14090:4fec59] [com.apple.runningboard:general] Added observer for process assertions expiration warning: <_RBSExpirationWarningClient: 0x102184dc0>
2026-07-27 05:10:33.918 Df app[14090:4feced] [com.apple.UIKit:BackgroundTask] Creating new assertion because there is no existing background assertion.
2026-07-27 05:10:33.918 Df app[14090:4feced] [com.apple.UIKit:BackgroundTask] Creating new background assertion
2026-07-27 05:10:33.918 Df app[14090:4feced] [com.apple.UIKit:BackgroundTask] Created new background assertion <BKSProcessAssertion: 0x1022380f0>
2026-07-27 05:10:33.919 Df app[14090:4feced] [com.apple.UIKit:BackgroundTask] Incrementing reference count for background assertion <BKSProcessAssertion: 0x1022380f0>
2026-07-27 05:10:33.919 Df app[14090:4feced] [com.apple.UIKit:BackgroundTask] Created background task <_UIBackgroundTaskInfo: 0x1020c1980>: taskID = 1, taskName = Launch Background Task for Coalescing, creationTime = 150047 (elapsed = 0).
2026-07-27 05:10:33.919 Df app[14090:4feced] [com.apple.FrontBoard:SceneExtension] Realizing settings extension _UIApplicationSceneKeyboardSettings on FBSSceneSettings
2026-07-27 05:10:33.922 Df app[14090:4fec59] [com.apple.UIKit:UIScreen] Evaluated capturing state as 0 on <UIScreen: 0x1021f4500> for initial
2026-07-27 05:10:33.922 Df app[14090:4feced] [com.apple.FrontBoard:SceneExtension] Realizing settings extension <_UISceneOcclusionSettings> on FBSSceneSettings
2026-07-27 05:10:33.923 Df app[14090:4fec59] [com.apple.UIKit:UIScreen] Evaluated capturing state as 0 on <UIScreen: 0x1021f4500> for CADisplay KVO
2026-07-27 05:10:33.924 Df app[14090:4feced] [com.apple.FrontBoard:SceneExtension] Realizing settings extension <_UISceneInterfaceProtectionSettings> on FBSSceneSettings
2026-07-27 05:10:33.925 Df app[14090:4fec59] [com.apple.Accessibility:AXSupportCommon] Read CategoryName: per-app = 1, category name = (null)
2026-07-27 05:10:33.926 Df app[14090:4fec59] [com.apple.Accessibility:AXSupportCommon] Read CategoryName: per-app = 0, category name = UICTContentSizeCategoryL
2026-07-27 05:10:33.926 Df app[14090:4feced] [com.apple.FrontBoard:SceneExtension] Realizing settings extension _UISceneLayoutPreferencesHostSettingsExtension on FBSSceneSettings
2026-07-27 05:10:33.927 Df app[14090:4feced] [com.apple.FrontBoard:SceneExtension] Realizing settings extension _UISceneSafeAreaSettingsExtension on FBSSceneSettings
2026-07-27 05:10:33.928 Df app[14090:4feced] [com.apple.FrontBoard:SceneExtension] Realizing settings extension _UISceneLayoutPreferenceClientSettingsExtension on FBSSceneClientSettings
2026-07-27 05:10:33.929 Df app[14090:4feced] [com.apple.FrontBoard:SceneExtension] Realizing settings extension <_UIHomeAffordanceHostSceneSettings> on FBSSceneSettings
2026-07-27 05:10:33.930 Df app[14090:4feced] [com.apple.FrontBoard:SceneExtension] Realizing settings extension _UISystemShellSceneHostingEnvironmentSettings on FBSSceneSettings
2026-07-27 05:10:33.930 Df app[14090:4feced] [com.apple.FrontBoard:SceneExtension] Realizing settings extension _UISceneRenderingEnvironmentSettings on FBSSceneSettings
2026-07-27 05:10:33.932 Df app[14090:4feced] [com.apple.FrontBoard:SceneExtension] Realizing settings extension <_UISceneRenderingEnvironmentClientSettings> on FBSSceneClientSettings
2026-07-27 05:10:33.932 Df app[14090:4feced] [com.apple.FrontBoard:SceneExtension] Realizing settings extension <_UISceneTransitioningHostSettings> on FBSSceneSettings
2026-07-27 05:10:33.932 Df app[14090:4feced] [com.apple.FrontBoard:SceneExtension] Realizing settings extension <_UISceneFocusSystemSettings> on FBSSceneSettings
2026-07-27 05:10:33.933 Df app[14090:4feced] [com.apple.FrontBoard:SceneExtension] Realizing settings extension _UISceneOrientationSettingsExtension on FBSSceneSettings
2026-07-27 05:10:33.933 Df app[14090:4feced] [com.apple.FrontBoard:SceneExtension] Realizing settings extension _UISceneOrientationClientSettingsExtension on FBSSceneClientSettings
2026-07-27 05:10:33.933 Df app[14090:4feced] [com.apple.FrontBoard:SceneExtension] Realizing settings extension _UISceneWindowingControlClientSettings on FBSSceneClientSettings
2026-07-27 05:10:33.934 Df app[14090:4feced] [com.apple.FrontBoard:SceneExtension] Realizing settings extension <_UISceneHostingContentSizePreferenceClientSettings> on FBSSceneClientSettings
2026-07-27 05:10:33.934 Df app[14090:4feced] [com.apple.FrontBoard:SceneExtension] Realizing settings extension _UISceneHostingTraitCollectionPropagationSettings on FBSSceneSettings
2026-07-27 05:10:33.935 Df app[14090:4feced] [com.apple.FrontBoard:SceneExtension] Realizing settings extension <_UISceneHostingSheetPresentationSettings> on FBSSceneSettings
2026-07-27 05:10:33.936 Df app[14090:4feced] [com.apple.FrontBoard:SceneExtension] Realizing settings extension <_UISceneHostingSheetPresentationClientSettings> on FBSSceneClientSettings
2026-07-27 05:10:33.936 Df app[14090:4feced] [com.apple.FrontBoard:SceneExtension] Realizing settings extension <_UISceneHostingEventDeferringSettings> on FBSSceneSettings
2026-07-27 05:10:33.937 Df app[14090:4feced] [com.apple.FrontBoard:SceneExtension] Realizing settings extension <UIKit__UITypedKeyValueSceneSettings> on FBSSceneSettings
2026-07-27 05:10:33.937 Df app[14090:4feced] [com.apple.FrontBoard:SceneExtension] Realizing settings extension <UIKit__UITypedKeyValueSceneSettings> on FBSSceneClientSettings
2026-07-27 05:10:33.937 Df app[14090:4feced] [com.apple.FrontBoard:SceneExtension] Realizing settings extension <_UISceneHostingViewControllerPreferencePropagationClientSettings> on FBSSceneClientSettings
2026-07-27 05:10:33.937 Df app[14090:4feced] [com.apple.FrontBoard:SceneExtension] Realizing settings extension <_UISceneZoomTransitionSettings> on FBSSceneSettings
2026-07-27 05:10:33.937 Df app[14090:4fecf0] [com.apple.FrontBoard:SceneExtension] Realizing settings extension FBSSceneSettingsCore on FBSSceneSettings
2026-07-27 05:10:33.938 Df app[14090:4fecf0] [com.apple.FrontBoard:SceneExtension] Realizing settings extension FBSSceneClientSettingsCore on FBSSceneClientSettings
2026-07-27 05:10:33.960 Df app[14090:4fecf0] [com.apple.FrontBoard:SceneExtension] UIMutableApplicationSceneSettings setting counterpart class: UIApplicationSceneSettings
2026-07-27 05:10:33.962 Df app[14090:4fecf0] [com.apple.FrontBoard:SceneExtension] UIMutableApplicationSceneClientSettings setting counterpart class: UIApplicationSceneClientSettings
2026-07-27 05:10:33.962 Df app[14090:4fecf0] [com.apple.FrontBoard:SceneExtension] Realizing settings extension FBSSceneTransitionContextCore on FBSSceneTransitionContext
2026-07-27 05:10:34.010 A  app[14090:4feced] (CoreFoundation) Updating Key-Value Observers Of Preferences
2026-07-27 05:10:34.023 Df app[14090:4fec59] [com.apple.dt.xctest:Default] Registering for test daemon availability notify post.
2026-07-27 05:10:34.023 Df app[14090:4fec59] [com.apple.dt.xctest:Default] notify_get_state check indicated test daemon not ready.
2026-07-27 05:10:34.023 Df app[14090:4fec59] [com.apple.dt.xctest:Default] notify_get_state check indicated test daemon not ready.
2026-07-27 05:10:34.023 Df app[14090:4fec59] [com.apple.dt.xctest:Default] notify_get_state check indicated test daemon not ready.
2026-07-27 05:10:34.024 Df app[14090:4fec59] [com.apple.UIKit:UpdateScheduler] Selected display: name=LCD (PurpleMain), id=1
2026-07-27 05:10:34.025 Df app[14090:4fec59] [com.apple.app_launch_measurement:ApplicationLaunch] alm_acquire_pageins_recording_assertion: acquired pageins recording assertion!
2026-07-27 05:10:34.026 Df app[14090:4fec59] [com.apple.UIKit:Application] Deactivation reason added: 5; deactivation reasons: 1024 -> 1056; animating application lifecycle event: 1
2026-07-27 05:10:34.026 Df app[14090:4fec59] [com.apple.UIKit:InterfaceStyle] Not push traits update to screen for new style 1, <UIWindowScene: 0x10231c200> (6E797257-08E7-48F7-A749-DFECC04BF5BA)
2026-07-27 05:10:34.026 Df app[14090:4fec59] [com.apple.UIKit:InterfaceStyle] Should send trait collection or coordinate space update, interface style 1 -> 1, <UIWindowScene: 0x10231c200> (6E797257-08E7-48F7-A749-DFECC04BF5BA)
2026-07-27 05:10:34.027 Df app[14090:4fec59] [com.apple.UIKit:InterfaceStyle] Not push traits update to screen for new style 1, <UIWindowScene: 0x10231c200> (6E797257-08E7-48F7-A749-DFECC04BF5BA)
2026-07-27 05:10:34.027 Df app[14090:4fec59] [com.apple.UIKit:HomeAffordanceObservation] Initializing: <_UIHomeAffordanceSceneNotifier: 0x1022c5500>; with scene: <UIWindowScene: 0x10231c200>
2026-07-27 05:10:34.027 Df app[14090:4fec59] [com.apple.BacklightServices:scenes] 0x102286a00 setDelegate:<0x102286bb0 _UIBacklightEnvironment> hasDelegate:YES for environment:sceneID:com.mediology.sinsin-care-default
2026-07-27 05:10:34.028 Df app[14090:4fec59] [com.apple.UIKit:InterfaceStyle] Not push traits update to screen for new style 1, <UIWindowScene: 0x10231c200> (6E797257-08E7-48F7-A749-DFECC04BF5BA)
2026-07-27 05:10:34.029 Df app[14090:4fec59] [com.apple.UIKit:EventDeferring] [0x1022c5880] Initialized with scene: <UIWindowScene: 0x10231c200>; behavior: <_UIEventDeferringBehavior_iOS: 0x102185a60>; availableForProcess: 1, systemShellManagesKeyboardFocus: 1
2026-07-27 05:10:34.029 Df app[14090:4fec59] [com.apple.BoardServices:XPCErrors] [C:2] Alloc com.apple.backboard.hid-services.xpc
2026-07-27 05:10:34.029 Df app[14090:4fec59] [com.apple.xpc:connection] [0x1021f4dc0] activating connection: mach=false listener=false peer=false name=(anonymous)
2026-07-27 05:10:34.031 Df app[14090:4fecef] [com.apple.BackBoard:EventDelivery] BKSHIDEventObserver - connection activation
2026-07-27 05:10:34.031 Df app[14090:4fec59] [com.apple.BackBoard:EventDelivery] policyStatus:<BKSHIDEventDeliveryPolicyObserver: 0x102085980; process scope; status: target> was:none
2026-07-27 05:10:34.031 Df app[14090:4fec59] [com.apple.UIKit:KeyWindow] Setting default evaluation strategy for UIUserInterfaceIdiomPhone to LastOneWins
2026-07-27 05:10:34.031 Df app[14090:4fec59] [com.apple.UIKit:KeyWindow] Scene target of keyboard event deferring environment did change: 1; scene: UIWindowScene: 0x10231c200; scene identity: com.apple.frontboard.systemappservices/FBSceneManager:sceneID%3Acom.mediology.sinsin-care-default
2026-07-27 05:10:34.031 Df app[14090:4fec59] [com.apple.UIKit:EventDeferring] [0x1022c5880] Scene target of event deferring environments did update: scene: 0x10231c200; current systemShellManagesKeyboardFocus: 1; systemShellManagesKeyboardFocusForScene: 1; eligibleForRecordRemoval: 1;
2026-07-27 05:10:34.031 Df app[14090:4fec59] [com.apple.UIKit:KeyWindow] Scene became target of keyboard event deferring environment: UIWindowScene: 0x10231c200; scene identity: com.apple.frontboard.systemappservices/FBSceneManager:sceneID%3Acom.mediology.sinsin-care-default
2026-07-27 05:10:34.031 Df app[14090:4fec59] [com.apple.UIKit:KeyWindow] Stack[KeyWindow] 0x102287030: Taking no further action for migration from LastOneWins -> SystemShellManaged as there are no scenes
2026-07-27 05:10:34.032 Df app[14090:4fec59] [com.apple.UIKit:KeyWindow] Setting default evaluation strategy for UIUserInterfaceIdiomPhone to SystemShellManaged
2026-07-27 05:10:34.032 Df app[14090:4fec59] [com.apple.UIKit:KeyWindow] Key window needs update: 0; currentKeyWindowScene: 0x0; evaluatedKeyWindowScene: 0x10231c200; currentApplicationKeyWindow: 0x0; evaluatedApplicationKeyWindow: 0x0; reason: UIWindowScene: 0x10231c200: Window scene became target of keyboard environment
2026-07-27 05:10:34.032 Df app[14090:4fec59] [com.apple.UIKit:InterfaceStyle] Not push traits update to screen for new style 1, <UIWindowScene: 0x10231c200> (6E797257-08E7-48F7-A749-DFECC04BF5BA)
2026-07-27 05:10:34.032 Df app[14090:4fec59] [com.apple.UIKit:InterfaceStyle] Not push traits update to screen for new style 1, <UIWindowScene: 0x10231c200> (6E797257-08E7-48F7-A749-DFECC04BF5BA)
2026-07-27 05:10:34.033 Df app[14090:4fec59] [com.apple.UIKit:InterfaceStyle] Not push traits update to screen for new style 1, <UIWindowScene: 0x10231c200> (6E797257-08E7-48F7-A749-DFECC04BF5BA)
2026-07-27 05:10:34.033 F  app[14090:4fec59] [com.apple.runtime-issues:UIKit App Config] `UIScene` lifecycle will soon be required. Failure to adopt will result in an assert in the future.
2026-07-27 05:10:34.033 A  app[14090:4fec59] (libsystem_trace.dylib) Activity for state dumps
2026-07-27 05:10:34.034 Df app[14090:4fec59] [com.apple.UIKit:InterfaceStyle] Not push traits update to screen for new style 1, <UIWindowScene: 0x10231c200> (6E797257-08E7-48F7-A749-DFECC04BF5BA)
2026-07-27 05:10:34.035 Df app[14090:4fec59] [com.apple.UIKit:AppLifecycle] sceneOfRecord: sceneID: sceneID:com.mediology.sinsin-care-default  persistentID: 6E797257-08E7-48F7-A749-DFECC04BF5BA
2026-07-27 05:10:34.036 Df app[14090:4fec59] [com.apple.UIKit:Application] Ignoring already applied deactivation reason: 5; deactivation reasons: 1056
2026-07-27 05:10:34.036 Df app[14090:4fec59] [com.apple.UIKit:Application] Deactivation reason added: 11; deactivation reasons: 1056 -> 3104; animating application lifecycle event: 1
2026-07-27 05:10:34.036 Df app[14090:4fec59] [com.apple.KeyboardArbiter:Client] startConnection
2026-07-27 05:10:34.037 Df app[14090:4fec59] [com.apple.xpc:connection] [0x1021f5680] activating connection: mach=true listener=false peer=false name=com.apple.UIKit.KeyboardManagement.hosted
2026-07-27 05:10:34.083 Df app[14090:4fec59] (UIKitCore) You've implemented -[<UIApplicationDelegate> application:performFetchWithCompletionHandler:], but you still need to add "fetch" to the list of your supported UIBackgroundModes in your Info.plist.
2026-07-27 05:10:34.084 Df app[14090:4fec59] (UIKitCore) You've implemented -[<UIApplicationDelegate> application:didReceiveRemoteNotification:fetchCompletionHandler:], but you still need to add "remote-notification" to the list of your supported UIBackgroundModes in your Info.plist.
2026-07-27 05:10:34.085 Df app[14090:4fec59] (app.debug.dylib) _setUpFeatureFlags called with release level 2
2026-07-27 05:10:34.115 Df app[14090:4fec59] [com.apple.network:] networkd_settings_read_from_file_locked initialized networkd settings by reading plist directly
2026-07-27 05:10:34.115 Df app[14090:4fec59] [com.apple.network:] networkd_settings_read_from_file_locked initialized networkd settings by reading plist directly
2026-07-27 05:10:34.116 Df app[14090:4fec59] [com.apple.CFNetwork:Default] TCP Conn [1:0x102111540] using empty proxy configuration
2026-07-27 05:10:34.117 Df app[14090:4fec59] [com.apple.CFNetwork:Default] Stream client bypassing proxies on TCP Conn [1:0x102111540]
2026-07-27 05:10:34.117 Df app[14090:4fec59] [com.apple.CFNetwork:Default] TCP Conn 0x102111540 started
2026-07-27 05:10:34.118 Df app[14090:4fecef] [com.apple.network:connection] [C1 A2668C52-6B53-4917-AADF-D8726B4DD355 Hostname#06c262a7:8081 tcp, definite, attribution: developer, context: Default Network Context (private), proc: 015000E2-DAB9-340B-9C50-1DE21DB3B06A, delegated upid: 0, no proxy, prohibit fallback, allow socket access] start
2026-07-27 05:10:34.120 Df app[14090:4fecef] [com.apple.network:connection] [C1 Hostname#06c262a7:8081 initial parent-flow ((null))] event: path:start @0.000s
2026-07-27 05:10:34.123 Df app[14090:4fecef] [com.apple.network:connection] [C1 Hostname#06c262a7:8081 waiting parent-flow (satisfied (Path is satisfied), interface: en0[802.11], uses wifi, LQM: unknown)] event: path:satisfied @0.004s, uuid: 386DEBC1-E041-4A11-9459-DD658287B174
2026-07-27 05:10:34.123 Df app[14090:4fec59] [com.apple.CFNetwork:Default] Task <9B33101A-D7A7-4FEA-BEC6-564590286B50>.<1> resuming, timeouts(10.0, 604800.0) qos(0x21) voucher(<OS_voucher: 0x1022381e0>) activity(00000000-0000-0000-0000-000000000000)
2026-07-27 05:10:34.123 A  app[14090:4fec59] (CoreFoundation) Loading Preferences From User Session CFPrefsD
2026-07-27 05:10:34.123 Df app[14090:4fecef] [com.apple.network:connection] [C1 Hostname#06c262a7:8081 in_progress parent-flow (satisfied (Path is satisfied), interface: en0[802.11], uses wifi, LQM: unknown)] event: flow:start_connect @0.005s
2026-07-27 05:10:34.123 Df app[14090:4fecef] [com.apple.network:connection] nw_connection_report_state_with_handler_on_nw_queue [C1] reporting state preparing
2026-07-27 05:10:34.123 Df app[14090:4fecef] [com.apple.network:connection] [C1 Hostname#06c262a7:8081 in_progress parent-flow (satisfied (Path is satisfied), interface: en0[802.11], uses wifi, LQM: unknown)] event: flow:start_child @0.005s
2026-07-27 05:10:34.123 Df app[14090:4fecef] [com.apple.network:connection] [C1.1 Hostname#06c262a7:8081 initial path ((null))] event: path:start @0.005s
2026-07-27 05:10:34.123 Df app[14090:4fecef] [com.apple.network:connection] [C1.1 Hostname#06c262a7:8081 waiting path (satisfied (Path is satisfied), interface: en0[802.11], uses wifi, LQM: unknown)] event: path:satisfied @0.005s, uuid: 386DEBC1-E041-4A11-9459-DD658287B174
2026-07-27 05:10:34.123 Df app[14090:4fecef] [com.apple.network:connection] [C1.1 Hostname#06c262a7:8081 in_progress resolver (satisfied (Path is satisfied), interface: en0[802.11], uses wifi, LQM: unknown)] event: resolver:start_dns @0.005s
2026-07-27 05:10:34.125 Df app[14090:4fecef] [com.apple.network:connection] nw_endpoint_resolver_update [C1.1 Hostname#06c262a7:8081 in_progress resolver (satisfied (Path is satisfied), interface: en0[802.11], uses wifi, LQM: unknown)] Adding endpoint handler for IPv6#22eacc18.8081
2026-07-27 05:10:34.125 Df app[14090:4fecef] [com.apple.network:connection] nw_endpoint_resolver_update [C1.1 Hostname#06c262a7:8081 in_progress resolver (satisfied (Path is satisfied), interface: en0[802.11], uses wifi, LQM: unknown)] Adding endpoint handler for IPv4#b3f93a8a:8081
2026-07-27 05:10:34.125 Df app[14090:4fecef] [com.apple.network:connection] [C1.1 Hostname#06c262a7:8081 in_progress resolver (satisfied (Path is satisfied), interface: en0[802.11], uses wifi, LQM: unknown)] event: resolver:receive_dns @0.007s
2026-07-27 05:10:34.125 Df app[14090:4fecef] [com.apple.network:connection] [C1.1.1 IPv6#22eacc18.8081 initial path ((null))] event: path:start @0.007s
2026-07-27 05:10:34.126 Df app[14090:4fecef] [com.apple.network:connection] [C1.1.1 IPv6#22eacc18.8081 waiting path (satisfied (Path is satisfied), interface: lo0)] event: path:satisfied @0.007s, uuid: E15CDF20-D203-40DE-8DB6-DC28FBB4C862
2026-07-27 05:10:34.130 Df app[14090:4fecef] [com.apple.network:connection] nw_socket_initialize_socket [C1.1.1:1] Not guarding fd 4
2026-07-27 05:10:34.130 Df app[14090:4fecef] [com.apple.network:connection] [C1.1.1 IPv6#22eacc18.8081 in_progress socket-flow (satisfied (Path is satisfied), interface: lo0)] event: flow:start_connect @0.012s
2026-07-27 05:10:34.131 Df app[14090:4fecef] [com.apple.network:connection] nw_socket_handle_socket_event [C1.1.1:1] Socket received CONNRESET event
2026-07-27 05:10:34.131 Df app[14090:4fecef] [com.apple.network:connection] nw_socket_handle_socket_event [C1.1.1:1] Socket received DISCONNECTED event
2026-07-27 05:10:34.131 E  app[14090:4fecef] [com.apple.network:connection] nw_socket_handle_socket_event [C1.1.1:1] Socket SO_ERROR [61: Connection refused]
2026-07-27 05:10:34.131 E  app[14090:4fecef] [com.apple.network:connection] nw_endpoint_flow_failed_with_error [C1.1.1 IPv6#22eacc18.8081 in_progress socket-flow (satisfied (Path is satisfied), interface: lo0)] already failing, returning
2026-07-27 05:10:34.131 Df app[14090:4fecef] [com.apple.network:connection] [C1.1.1 IPv6#22eacc18.8081 failed socket-flow (satisfied (Path is satisfied), interface: lo0)] event: flow:failed_connect @0.013s, error Connection refused
2026-07-27 05:10:34.131 Df app[14090:4fecef] [com.apple.network:connection] [C1.1.2 IPv4#b3f93a8a:8081 initial path ((null))] event: path:start @0.013s
2026-07-27 05:10:34.132 Df app[14090:4fecef] [com.apple.network:connection] [C1.1.2 IPv4#b3f93a8a:8081 waiting path (satisfied (Path is satisfied), interface: lo0)] event: path:satisfied @0.013s, uuid: 28F4ED56-05CE-453B-904E-F862FF782645
2026-07-27 05:10:34.132 Df app[14090:4fecef] [com.apple.network:connection] nw_socket_initialize_socket [C1.1.2:1] Not guarding fd 4
2026-07-27 05:10:34.132 Df app[14090:4fecef] [com.apple.network:connection] [C1.1.2 IPv4#b3f93a8a:8081 in_progress socket-flow (satisfied (Path is satisfied), interface: lo0)] event: flow:start_connect @0.014s
2026-07-27 05:10:34.132 Df app[14090:4fecef] [com.apple.network:connection] nw_socket_handle_socket_event [C1.1.2:1] Socket received CONNRESET event
2026-07-27 05:10:34.132 Df app[14090:4fecef] [com.apple.network:connection] nw_socket_handle_socket_event [C1.1.2:1] Socket received DISCONNECTED event
2026-07-27 05:10:34.132 E  app[14090:4fecef] [com.apple.network:connection] nw_socket_handle_socket_event [C1.1.2:1] Socket SO_ERROR [61: Connection refused]
2026-07-27 05:10:34.132 E  app[14090:4fecef] [com.apple.network:connection] nw_endpoint_flow_failed_with_error [C1.1.2 IPv4#b3f93a8a:8081 in_progress socket-flow (satisfied (Path is satisfied), interface: lo0)] already failing, returning
2026-07-27 05:10:34.132 Df app[14090:4fecef] [com.apple.network:connection] [C1.1.2 IPv4#b3f93a8a:8081 failed socket-flow (satisfied (Path is satisfied), interface: lo0)] event: flow:failed_connect @0.014s, error Connection refused
2026-07-27 05:10:34.132 Df app[14090:4fecef] [com.apple.network:connection] [C1.1 Hostname#06c262a7:8081 in_progress resolver (satisfied (Path is satisfied), interface: en0[802.11], uses wifi, LQM: unknown)] event: resolver:children_stall @0.014s
2026-07-27 05:10:34.133 Df app[14090:4fecef] [com.apple.network:connection] [C1.1 Hostname#06c262a7:8081 failed resolver (satisfied (Path is satisfied), interface: en0[802.11], uses wifi, LQM: unknown)] event: resolver:children_failed @0.014s
2026-07-27 05:10:34.133 E  app[14090:4fecef] [com.apple.network:connection] nw_endpoint_flow_failed_with_error [C1.1.2 IPv4#b3f93a8a:8081 cancelled socket-flow ((null))] already failing, returning
2026-07-27 05:10:34.133 Df app[14090:4fecef] [com.apple.network:connection] [C1 Hostname#06c262a7:8081 failed parent-flow (satisfied (Path is satisfied), interface: en0[802.11], uses wifi, LQM: unknown)] event: flow:child_failed @0.014s
2026-07-27 05:10:34.133 Df app[14090:4fecef] [com.apple.network:connection] nw_connection_report_state_with_handler_on_nw_queue [C1] reporting state failed error Connection refused
2026-07-27 05:10:34.133 Df app[14090:4fecee] [com.apple.CFNetwork:Default] TCP Conn 0x102111540 event 3. err: 61
2026-07-27 05:10:34.133 E  app[14090:4fecee] [com.apple.network:connection] nw_connection_get_connected_socket_block_invoke [C1] Client called nw_connection_get_connected_socket on unconnected nw_connection
2026-07-27 05:10:34.133 Df app[14090:4fecee] [com.apple.CFNetwork:Default] TCP Conn 0x102111540 complete. fd: -1, err: 61
2026-07-27 05:10:34.133 E  app[14090:4fecee] [com.apple.CFNetwork:Default] TCP Conn 0x102111540 Failed : error 0:61 [61]
2026-07-27 05:10:34.133 Df app[14090:4fecf8] [com.apple.CFNetwork:Default] TCP Conn 0x102111540 canceled
2026-07-27 05:10:34.133 Df app[14090:4fecee] [com.apple.network:connection] [C1 A2668C52-6B53-4917-AADF-D8726B4DD355 Hostname#06c262a7:8081 tcp, legacy-socket, definite, attribution: developer] cancel
2026-07-27 05:10:34.133 Df app[14090:4fecee] [com.apple.network:connection] [C1 Hostname#06c262a7:8081 tcp, legacy-socket, definite, attribution: developer] cancelled
2026-07-27 05:10:34.133 Df app[14090:4fecee] [com.apple.network:connection] nw_connection_report_state_with_handler_on_nw_queue [C1] reporting state cancelled error Connection refused
2026-07-27 05:10:34.143 A  app[14090:4fecef] (Security) SecTrustReportNetworkingAnalytics
2026-07-27 05:10:34.143 A  app[14090:4fecee] (libsystem_containermanager.dylib) container_system_group_path_for_identifier
2026-07-27 05:10:34.143 Df app[14090:4fecee] [com.apple.containermanager:xpc] Requesting container lookup; class = 13, identifier = com.apple.nsurlsessiond, group_identifier = systemgroup.com.apple.nsurlstoragedresources, create = 1, temp = 0, euid = 501, uid = 501
2026-07-27 05:10:34.144 A  app[14090:4fecee] (libsystem_containermanager.dylib) container_query_t
2026-07-27 05:10:34.144 Df app[14090:4fecee] [com.apple.containermanager:xpc] Query; euid = 501, uid = 501, class = 13, identifier = [com.apple.nsurlsessiond](1), flags = 900000003
2026-07-27 05:10:34.147 Df app[14090:4fecef] [com.apple.securityd:keychain] System Keychain Always Supported set via feature flag to disabled
2026-07-27 05:10:34.147 Df app[14090:4fecef] [com.apple.xpc:connection] [0x1021f7700] activating connection: mach=true listener=false peer=false name=com.apple.trustd
2026-07-27 05:10:34.149 Df app[14090:4fecef] [com.apple.securityd:SecError] SecTrustReportNetworkingAnalytics failed with error: -4
2026-07-27 05:10:34.150 Df app[14090:4fecee] [com.apple.containermanager:unspecified] _container_query_get_result_at_index: success
2026-07-27 05:10:34.150 A  app[14090:4fecee] (libsystem_containermanager.dylib) container_copy_object
2026-07-27 05:10:34.150 Df app[14090:4fecee] [com.apple.containermanager:unspecified] container_system_group_path_for_identifier: success
2026-07-27 05:10:34.157 Df app[14090:4fecee] [com.apple.CFNetwork:Default] Initializing NSHTTPCookieStorage singleton
2026-07-27 05:10:34.158 Df app[14090:4fecee] [com.apple.CFNetwork:Default] Initializing CFHTTPCookieStorage singleton
2026-07-27 05:10:34.158 Df app[14090:4fecee] [com.apple.CFNetwork:Default] Creating default cookie storage with process/bundle identifier
2026-07-27 05:10:34.158 Df app[14090:4fecee] [com.apple.CFNetwork:Default] Initializing AlternativeServices Storage singleton
2026-07-27 05:10:34.159 Df app[14090:4fecee] [com.apple.FileURL:default] kExcludedFromBackupXattrName set on path: /Users/mediology/Library/Developer/CoreSimulator/Devices/3411C3A9-5525-4E59-99C2-7E39A28749E7/data/Containers/Data/Application/2E8CF7BA-2311-4067-8405-BC93FAFB447C/Library/HTTPStorages/com.mediology.sinsin-care
2026-07-27 05:10:34.163 Df app[14090:4fecf4] [com.apple.CFNetwork:Default] Garbage collection for alternative services
2026-07-27 05:10:34.164 Df app[14090:4fecee] [com.apple.CFNetwork:Default] Connection 2: starting, TC(0x0)
2026-07-27 05:10:34.164 Df app[14090:4fecee] [com.apple.network:connection] [C2 92B08648-147B-4797-A577-EC2A12B2D50B IPv4#41a43436:8087 tcp, url: http://172.30.1.90:8087/, definite, attribution: developer, context: com.apple.CFNetwork.NSURLSession.{89B162BB-0997-42C9-9D01-9DACA94D4BF7}{(null)}{Y}{2}{0x0} (private), proc: 015000E2-DAB9-340B-9C50-1DE21DB3B06A, delegated upid: 0] start
2026-07-27 05:10:34.164 Df app[14090:4fecee] [com.apple.network:connection] [C2 IPv4#41a43436:8087 initial parent-flow ((null))] event: path:start @0.000s
2026-07-27 05:10:34.164 Df app[14090:4fecee] [com.apple.network:connection] [C2 IPv4#41a43436:8087 waiting parent-flow (satisfied (Path is satisfied), interface: lo0)] event: path:satisfied @0.000s, uuid: 18D3C92C-5CF1-457A-B9BF-EA70EEA81AC9
2026-07-27 05:10:34.165 Df app[14090:4fecee] [com.apple.network:connection] [C2 IPv4#41a43436:8087 in_progress socket-flow (satisfied (Path is satisfied), interface: lo0)] event: flow:start_connect @0.001s
2026-07-27 05:10:34.166 Df app[14090:4fecee] [com.apple.network:connection] nw_connection_report_state_with_handler_on_nw_queue [C2] reporting state preparing
2026-07-27 05:10:34.166 Df app[14090:4fecee] [com.apple.CFNetwork:Default] Task <9B33101A-D7A7-4FEA-BEC6-564590286B50>.<1> setting up Connection 2
2026-07-27 05:10:34.166 Df app[14090:4fecee] [com.apple.network:connection] nw_socket_handle_socket_event [C2:2] Socket received CONNECTED event
2026-07-27 05:10:34.166 Df app[14090:4fecee] [com.apple.network:connection] nw_flow_connected [C2 IPv4#41a43436:8087 in_progress socket-flow (satisfied (Path is satisfied), interface: lo0)] Transport protocol connected (socket)
2026-07-27 05:10:34.167 Df app[14090:4fecee] [com.apple.network:connection] [C2 IPv4#41a43436:8087 in_progress socket-flow (satisfied (Path is satisfied), interface: lo0)] event: flow:finish_transport @0.002s
2026-07-27 05:10:34.167 Df app[14090:4fecee] [com.apple.network:connection] nw_flow_connected [C2 IPv4#41a43436:8087 in_progress socket-flow (satisfied (Path is satisfied), interface: lo0)] Output protocol connected (CFNetworkConnection-966803653)
2026-07-27 05:10:34.167 Df app[14090:4fecee] [com.apple.network:connection] [C2 IPv4#41a43436:8087 ready socket-flow (satisfied (Path is satisfied), interface: lo0)] event: flow:finish_connect @0.002s
2026-07-27 05:10:34.167 Df app[14090:4fecee] [com.apple.network:connection] nw_connection_report_state_with_handler_on_nw_queue [C2] reporting state ready
2026-07-27 05:10:34.167 Df app[14090:4fecee] [com.apple.CFNetwork:Default] Connection 2: connected successfully
2026-07-27 05:10:34.167 Df app[14090:4fecee] [com.apple.CFNetwork:Default] Connection 2: ready C(N) E(N)
2026-07-27 05:10:34.167 Df app[14090:4fecee] [com.apple.CFNetwork:Default] Task <9B33101A-D7A7-4FEA-BEC6-564590286B50>.<1> now using Connection 2
2026-07-27 05:10:34.168 Df app[14090:4fecee] [com.apple.CFNetwork:Default] Task <9B33101A-D7A7-4FEA-BEC6-564590286B50>.<1> sent request, body N 0
2026-07-27 05:10:34.177 A  app[14090:4fec59] (CoreFoundation) Updating Key-Value Observers Of Preferences
2026-07-27 05:10:34.263 Df app[14090:4fecee] [com.apple.xpc:connection] [0x105617700] activating connection: mach=true listener=false peer=false name=com.apple.fontservicesd
2026-07-27 05:10:34.270 Df app[14090:4fecf3] [com.apple.CFNetwork:Default] Task <9B33101A-D7A7-4FEA-BEC6-564590286B50>.<1> received response, status 200 content U
2026-07-27 05:10:34.270 Df app[14090:4fecf3] [com.apple.CFNetwork:Default] Task <9B33101A-D7A7-4FEA-BEC6-564590286B50>.<1> response ended
2026-07-27 05:10:34.270 Df app[14090:4fecf3] [com.apple.CFNetwork:Default] Task <9B33101A-D7A7-4FEA-BEC6-564590286B50>.<1> done using Connection 2
2026-07-27 05:10:34.270 Df app[14090:4fecf3] [com.apple.network:connection] [C2] event: client:connection_idle @0.106s
2026-07-27 05:10:34.270 Df app[14090:4fecf3] [com.apple.network:connection] nw_protocol_socket_notify [C2:2] nw_protocol_notification_type_connection_idle is true
2026-07-27 05:10:34.270 Df app[14090:4fecf3] [com.apple.network:connection] [C2] event: client:connection_idle @0.106s
2026-07-27 05:10:34.271 Df app[14090:4fecf3] [com.apple.network:connection] nw_protocol_socket_notify [C2:2] nw_protocol_notification_type_connection_idle is true
2026-07-27 05:10:34.271 Df app[14090:4fecee] [com.apple.CFNetwork:Summary] Task <9B33101A-D7A7-4FEA-BEC6-564590286B50>.<1> summary for task success {transaction_duration_ms=140, response_status=200, connection=2, protocol="http/1.1", domain_lookup_duration_ms=0, connect_duration_ms=1, secure_connection_duration_ms=0, private_relay=false, request_start_ms=36, request_duration_ms=0, response_start_ms=139, response_duration_ms=0, request_bytes=346, request_throughput_kbps=9477, response_bytes=222, response_throughput_kbps=9814, cache_hit=false}
2026-07-27 05:10:34.271 Df app[14090:4fecee] [com.apple.CoreAnalytics:client] No XPC connection in Simulator
2026-07-27 05:10:34.271 Df app[14090:4fecf3] [com.apple.CFNetwork:Default] Task <9B33101A-D7A7-4FEA-BEC6-564590286B50>.<1> finished successfully
2026-07-27 05:10:34.271 Df app[14090:4fecf3] [com.apple.CFNetwork:Default] Task <02E4E9A8-5D59-4BA2-B641-530D17326EDE>.<2> resuming, timeouts(10.0, 604800.0) qos(0x19) voucher(<OS_voucher: 0x1022381e0>) activity(00000000-0000-0000-0000-000000000000)
2026-07-27 05:10:34.272 A  app[14090:4fecf3] (Security) SecTrustReportNetworkingAnalytics
2026-07-27 05:10:34.273 Df app[14090:4fecf0] [com.apple.network:connection] [C2] event: client:connection_idle @0.109s
2026-07-27 05:10:34.273 Df app[14090:4fecf0] [com.apple.network:connection] nw_protocol_socket_notify [C2:2] nw_protocol_notification_type_connection_idle is true
2026-07-27 05:10:34.273 Df app[14090:4fecf0] [com.apple.CFNetwork:Default] Task <02E4E9A8-5D59-4BA2-B641-530D17326EDE>.<2> now using Connection 2
2026-07-27 05:10:34.273 Df app[14090:4fecf0] [com.apple.network:connection] [C2] event: client:connection_reused @0.109s
2026-07-27 05:10:34.273 Df app[14090:4fecf0] [com.apple.network:connection] nw_protocol_socket_notify [C2:2] nw_protocol_notification_type_connection_idle is false
2026-07-27 05:10:34.273 Df app[14090:4fecf3] [com.apple.securityd:SecError] SecTrustReportNetworkingAnalytics failed with error: -4
2026-07-27 05:10:34.274 Df app[14090:4fecf0] [com.apple.CFNetwork:Default] Task <02E4E9A8-5D59-4BA2-B641-530D17326EDE>.<2> sent request, body N 0
2026-07-27 05:10:34.277 Df app[14090:4fec59] [PrototypeTools:domain] Not observing PTDefaults on customer install.
2026-07-27 05:10:34.290 Df app[14090:4fecf3] [com.apple.CFNetwork:Default] Task <02E4E9A8-5D59-4BA2-B641-530D17326EDE>.<2> received response, status 200 content C
2026-07-27 05:10:34.290 Df app[14090:4fecf3] [com.apple.CFNetwork:Default] Task <02E4E9A8-5D59-4BA2-B641-530D17326EDE>.<2> response ended
2026-07-27 05:10:34.290 Df app[14090:4fecf3] [com.apple.CFNetwork:Default] Task <02E4E9A8-5D59-4BA2-B641-530D17326EDE>.<2> done using Connection 2
2026-07-27 05:10:34.290 Df app[14090:4fecf3] [com.apple.network:connection] [C2] event: client:connection_idle @0.126s
2026-07-27 05:10:34.290 Df app[14090:4fecf0] [com.apple.CFNetwork:Summary] Task <02E4E9A8-5D59-4BA2-B641-530D17326EDE>.<2> summary for task success {transaction_duration_ms=18, response_status=200, connection=2, reused=1, reused_after_ms=0, request_start_ms=1, request_duration_ms=0, response_start_ms=17, response_duration_ms=0, request_bytes=345, request_throughput_kbps=17579, response_bytes=5786, response_throughput_kbps=126438, cache_hit=true}
2026-07-27 05:10:34.290 Df app[14090:4fecf3] [com.apple.network:connection] nw_protocol_socket_notify [C2:2] nw_protocol_notification_type_connection_idle is true
2026-07-27 05:10:34.290 Df app[14090:4fecf0] [com.apple.CFNetwork:Default] Task <02E4E9A8-5D59-4BA2-B641-530D17326EDE>.<2> finished successfully
2026-07-27 05:10:34.290 Df app[14090:4fecf3] [com.apple.network:connection] [C2] event: client:connection_idle @0.126s
2026-07-27 05:10:34.291 Df app[14090:4fecf3] [com.apple.network:connection] nw_protocol_socket_notify [C2:2] nw_protocol_notification_type_connection_idle is true
2026-07-27 05:10:34.450 Df app[14090:4fec59] [com.apple.UIKit:Orientation] <UIWindowScene: 0x10231c200> (6E797257-08E7-48F7-A749-DFECC04BF5BA) Scene updated orientation preferences: none -> ( Pu )
2026-07-27 05:10:34.729 Df app[14090:4fecef] [com.apple.xpc:connection] [0x105a33340] activating connection: mach=true listener=false peer=false name=com.apple.IOSurface.Remote
2026-07-27 05:10:34.735 Df app[14090:4fec59] [com.apple.network:browser] -[NWConcrete_nw_browser initWithDescriptor:parameters:] [B1] create with <nw_browse_descriptor bonjour _expo._tcp.<NULL> (txt)>, parameters: generic, attribution: developer, reuse local address, context: Default Network Context (private), proc: 015000E2-DAB9-340B-9C50-1DE21DB3B06A, delegated upid: 0, use awdl
2026-07-27 05:10:34.735 Df app[14090:4fec59] [com.apple.network:browser] nw_browser_start_dns_browser_locked [B1] start: dns browser
2026-07-27 05:10:34.750 Df app[14090:4fec59] [com.apple.network:browser] nw_browser_start_path_browser_locked [B1] path: start browser
2026-07-27 05:10:34.750 Df app[14090:4fec59] [com.apple.network:browser] nw_browser_set_state_locked [B1] state changed: invalid -> ready
2026-07-27 05:10:34.778 Df app[14090:4fec59] [com.apple.UIKit:KeyWindow] Key window API is scene-level: YES
2026-07-27 05:10:34.778 Df app[14090:4fec59] [com.apple.UIKit:KeyWindow] UIWindowScene: 0x10231c200: Window became key in scene: UIWindow: 0x102240400; contextId: 0xA3575BC0: reason: UIWindowScene: 0x10231c200: Window requested to become key in scene: 0x102240400
2026-07-27 05:10:34.778 Df app[14090:4fec59] [com.apple.UIKit:KeyWindow] Key window needs update: 1; currentKeyWindowScene: 0x0; evaluatedKeyWindowScene: 0x10231c200; currentApplicationKeyWindow: 0x0; evaluatedApplicationKeyWindow: 0x102240400; reason: UIWindowScene: 0x10231c200: Window requested to become key in scene: 0x102240400
2026-07-27 05:10:34.778 Df app[14090:4fec59] [com.apple.UIKit:KeyWindow] Window did become application key: UIWindow: 0x102240400; contextId: 0xA3575BC0; scene identity: com.apple.frontboard.systemappservices/FBSceneManager:sceneID%3Acom.mediology.sinsin-care-default
2026-07-27 05:10:34.778 Df app[14090:4fec59] [com.apple.UIKit:EventDeferring] [0x1022c5880] Begin local event deferring requested for token: 0x102087300; environments: 1; reason: UIWindowScene: 0x10231c200: Begin event deferring in keyboardFocus for window: 0x102240400
2026-07-27 05:10:34.779 Df app[14090:4fecef] [com.apple.BackBoard:EventDelivery] BKSHIDEventDeliveryManager - connection activation
2026-07-27 05:10:34.780 Df app[14090:4fecef] [com.apple.BackBoard:EventDelivery] policyStatus:<BKSHIDEventDeliveryPolicyObserver: 0x102085980; token: com.apple.frontboard.systemappservices/FBSceneManager:sceneID%3Acom.mediology.sinsin-care-default; status: ancestor> was:target
2026-07-27 05:10:34.782 Df app[14090:4fec59] [com.apple.UIKit:Application] Deactivation reason removed: 10; deactivation reasons: 3104 -> 2080; animating application lifecycle event: 1
2026-07-27 05:10:34.782 Df app[14090:4fec59] [com.apple.UIKit:Application] Deactivation reason added: 12; deactivation reasons: 2080 -> 6176; animating application lifecycle event: 1
2026-07-27 05:10:34.782 Df app[14090:4fec59] [com.apple.UIKit:Application] Deactivation reason removed: 11; deactivation reasons: 6176 -> 4128; animating application lifecycle event: 1
2026-07-27 05:10:34.782 Df app[14090:4fec59] [com.apple.FrontBoard:SceneExtension] Realizing settings extension <_UISceneIntelligenceSupportSettings> on FBSSceneSettings
2026-07-27 05:10:34.782 Df app[14090:4fecf3] [com.apple.UIIntelligenceSupport:xpc] establishing connection to agent
2026-07-27 05:10:34.783 Df app[14090:4fec59] [com.apple.UIKit:InterfaceStyle] Not push traits update to screen for new style 1, <UIWindowScene: 0x10231c200> (6E797257-08E7-48F7-A749-DFECC04BF5BA)
2026-07-27 05:10:34.783 Df app[14090:4fecf3] [com.apple.xpc:session] [0x105a26ee0] Session created.
2026-07-27 05:10:34.783 Df app[14090:4fecf3] [com.apple.xpc:session] [0x105a26ee0] Session created from connection [0x121059b80]
2026-07-27 05:10:34.783 Df app[14090:4fecf3] [com.apple.xpc:connection] [0x121059b80] activating connection: mach=true listener=false peer=false name=com.apple.uiintelligencesupport.agent
2026-07-27 05:10:34.783 Df app[14090:4fecf3] [com.apple.xpc:session] [0x105a26ee0] Session activated
2026-07-27 05:10:34.826 A  app[14090:4fecf3] (RunningBoardServices) didChangeInheritances
2026-07-27 05:10:34.827 A  app[14090:4fecef] (RunningBoardServices) didChangeInheritances
2026-07-27 05:10:34.828 Df app[14090:4fec59] [com.apple.xpc:connection] [0x121058000] activating connection: mach=true listener=false peer=false name=com.apple.lsd.mapdb
2026-07-27 05:10:34.850 Df app[14090:4fec59] [com.apple.network:activity] Create activity from XPC object <nw_activity 50:1 [2920CA51-9F12-421C-8552-2605C0B9051A] (reporting strategy default)>
2026-07-27 05:10:34.850 Df app[14090:4fec59] [com.apple.network:activity] Create activity from XPC object <nw_activity 50:2 [6F5A7B56-559C-4ED5-970C-19C83A050537] (reporting strategy default)>
2026-07-27 05:10:34.850 Df app[14090:4fec59] [com.apple.network:activity] Set activity <nw_activity 50:1 [2920CA51-9F12-421C-8552-2605C0B9051A] (reporting strategy default)> as the global parent
2026-07-27 05:10:34.850 Df app[14090:4fec59] [com.apple.UIKit:BackgroundTask] Ending background task with UIBackgroundTaskIdentifier: 1
2026-07-27 05:10:34.850 Df app[14090:4fec59] [com.apple.UIKit:BackgroundTask] Ending task with identifier 1 and description: <_UIBackgroundTaskInfo: 0x1020c1980>: taskID = 1, taskName = Launch Background Task for Coalescing, creationTime = 150047 (elapsed = 1), _expireHandler: (null)
2026-07-27 05:10:34.850 Df app[14090:4fec59] [com.apple.UIKit:BackgroundTask] Decrementing reference count for assertion <BKSProcessAssertion: 0x1022380f0> (used by background task with identifier 1: <_UIBackgroundTaskInfo: 0x1020c1980>: taskID = 1, taskName = Launch Background Task for Coalescing, creationTime = 150047 (elapsed = 1))
2026-07-27 05:10:34.850 Df app[14090:4fec59] [com.apple.UIKit:BackgroundTask] Will invalidate assertion: <BKSProcessAssertion: 0x1022380f0> for task identifier: 1
2026-07-27 05:10:34.851 Df app[14090:4fec59] [com.apple.UIKit:EventBus] Event Timing Profile for Touch: not found, path="/System/Library/EventTimingProfiles/Sim.Touch.plist"
2026-07-27 05:10:34.851 Df app[14090:4fec59] [com.apple.UIKit:EventBus] Event Timing Profile for Pencil: not found, path="/System/Library/EventTimingProfiles/Sim.Pencil.plist"
2026-07-27 05:10:34.851 Df app[14090:4fec59] [com.apple.UIKit:UpdateScheduler] Target list changed: <CADisplay:LCD PurpleMain>
2026-07-27 05:10:34.852 Df app[14090:4fec59] [com.apple.UIKit:AppLifecycle] sceneOfRecord: sceneID: sceneID:com.mediology.sinsin-care-default  persistentID: 6E797257-08E7-48F7-A749-DFECC04BF5BA
2026-07-27 05:10:34.852 Df app[14090:4fec59] [com.apple.UIKit:InterfaceStyle] Not push traits update to screen for new style 1, <UIWindowScene: 0x10231c200> (6E797257-08E7-48F7-A749-DFECC04BF5BA)
2026-07-27 05:10:34.934 A  app[14090:4fecef] (RunningBoardServices) didChangeInheritances
2026-07-27 05:10:35.019 Sd app[14090:0] (21AB2359-DEEC-3444-94FE-B7257E43BE34) IOHIDManager State
{
    DispatchQueue = 0;
    RunLoop = 1;
    createOptions = 0;
    isOpen = 0;
    openOptions = 0;
}
2026-07-27 05:10:35.028 Df app[14090:4fec59] [com.apple.CFNetwork:Default] TCP Conn [3:0x1059e9ae0] using empty proxy configuration
2026-07-27 05:10:35.028 Df app[14090:4fec59] [com.apple.CFNetwork:Default] Stream client bypassing proxies on TCP Conn [3:0x1059e9ae0]
2026-07-27 05:10:35.028 Df app[14090:4fec59] [com.apple.CFNetwork:Default] TCP Conn 0x1059e9ae0 started
2026-07-27 05:10:35.029 Df app[14090:4fecf3] [com.apple.network:connection] [C3 96BBDDFE-0D1A-4A5F-BA32-0D732CF8026C IPv4#41a43436:8087 tcp, definite, attribution: developer, context: Default Network Context (private), proc: 015000E2-DAB9-340B-9C50-1DE21DB3B06A, delegated upid: 0, no proxy, prohibit fallback, allow socket access] start
2026-07-27 05:10:35.029 Df app[14090:4fecf3] [com.apple.network:connection] [C3 IPv4#41a43436:8087 initial parent-flow ((null))] event: path:start @0.000s
2026-07-27 05:10:35.029 Df app[14090:4fec59] [com.apple.CFNetwork:Default] TCP Conn [4:0x1059e90e0] using empty proxy configuration
2026-07-27 05:10:35.029 Df app[14090:4fec59] [com.apple.CFNetwork:Default] Stream client bypassing proxies on TCP Conn [4:0x1059e90e0]
2026-07-27 05:10:35.029 Df app[14090:4fec59] [com.apple.CFNetwork:Default] TCP Conn 0x1059e90e0 started
2026-07-27 05:10:35.029 Df app[14090:4fecf3] [com.apple.network:connection] [C3 IPv4#41a43436:8087 waiting parent-flow (satisfied (Path is satisfied), interface: lo0)] event: path:satisfied @0.000s, uuid: 445439C0-89ED-4F02-A4A9-EE3E397DCF5B
2026-07-27 05:10:35.029 Df app[14090:4fecf3] [com.apple.network:connection] nw_socket_initialize_socket [C3:1] Not guarding fd 16
2026-07-27 05:10:35.029 Df app[14090:4fecf3] [com.apple.network:connection] [C3 IPv4#41a43436:8087 in_progress socket-flow (satisfied (Path is satisfied), interface: lo0)] event: flow:start_connect @0.000s
2026-07-27 05:10:35.029 Df app[14090:4fecf3] [com.apple.network:connection] nw_connection_report_state_with_handler_on_nw_queue [C3] reporting state preparing
2026-07-27 05:10:35.030 Df app[14090:4fecf3] [com.apple.network:connection] [C4 5027D937-04A7-45D1-8C9D-0AAA6FFD3E92 IPv4#41a43436:8087 tcp, definite, attribution: developer, context: Default Network Context (private), proc: 015000E2-DAB9-340B-9C50-1DE21DB3B06A, delegated upid: 0, no proxy, prohibit fallback, allow socket access] start
2026-07-27 05:10:35.030 Df app[14090:4fecf3] [com.apple.network:connection] [C4 IPv4#41a43436:8087 initial parent-flow ((null))] event: path:start @0.000s
2026-07-27 05:10:35.030 Df app[14090:4fecf3] [com.apple.network:connection] [C4 IPv4#41a43436:8087 waiting parent-flow (satisfied (Path is satisfied), interface: lo0)] event: path:satisfied @0.000s, uuid: 445439C0-89ED-4F02-A4A9-EE3E397DCF5B
2026-07-27 05:10:35.030 Df app[14090:4fecf3] [com.apple.network:connection] nw_socket_initialize_socket [C4:1] Not guarding fd 17
2026-07-27 05:10:35.030 Df app[14090:4fecf3] [com.apple.network:connection] [C4 IPv4#41a43436:8087 in_progress socket-flow (satisfied (Path is satisfied), interface: lo0)] event: flow:start_connect @0.000s
2026-07-27 05:10:35.030 Df app[14090:4fecf3] [com.apple.network:connection] nw_connection_report_state_with_handler_on_nw_queue [C4] reporting state preparing
2026-07-27 05:10:35.031 Df app[14090:4fecf3] [com.apple.network:connection] nw_socket_handle_socket_event [C3:1] Socket received CONNECTED event
2026-07-27 05:10:35.031 Df app[14090:4fecf3] [com.apple.network:connection] nw_flow_connected [C3 IPv4#41a43436:8087 in_progress socket-flow (satisfied (Path is satisfied), interface: lo0)] Output protocol connected (socket)
2026-07-27 05:10:35.031 Df app[14090:4fecf3] [com.apple.network:connection] [C3 IPv4#41a43436:8087 ready socket-flow (satisfied (Path is satisfied), interface: lo0)] event: flow:finish_connect @0.002s
2026-07-27 05:10:35.031 Df app[14090:4fecf3] [com.apple.network:connection] nw_connection_report_state_with_handler_on_nw_queue [C3] reporting state ready
2026-07-27 05:10:35.031 Df app[14090:4fecf3] [com.apple.network:connection] nw_socket_handle_socket_event [C4:1] Socket received CONNECTED event
2026-07-27 05:10:35.031 Df app[14090:4fecf0] [com.apple.CFNetwork:Default] TCP Conn 0x1059e9ae0 event 1. err: 0
2026-07-27 05:10:35.031 Df app[14090:4fecf0] [com.apple.CFNetwork:Default] TCP Conn 0x1059e9ae0 complete. fd: 18, err: 0
2026-07-27 05:10:35.031 Df app[14090:4fecf3] [com.apple.network:connection] nw_flow_connected [C4 IPv4#41a43436:8087 in_progress socket-flow (satisfied (Path is satisfied), interface: lo0)] Output protocol connected (socket)
2026-07-27 05:10:35.031 Df app[14090:4fecf3] [com.apple.network:connection] [C4 IPv4#41a43436:8087 ready socket-flow (satisfied (Path is satisfied), interface: lo0)] event: flow:finish_connect @0.001s
2026-07-27 05:10:35.031 Df app[14090:4fecf3] [com.apple.network:connection] nw_connection_report_state_with_handler_on_nw_queue [C4] reporting state ready
2026-07-27 05:10:35.031 Df app[14090:4fecf0] [com.apple.CFNetwork:Default] TCP Conn 0x1059e90e0 event 1. err: 0
2026-07-27 05:10:35.031 Df app[14090:4fecf0] [com.apple.CFNetwork:Default] TCP Conn 0x1059e90e0 complete. fd: 21, err: 0
2026-07-27 05:10:35.063 Df app[14090:4fec59] [com.apple.BackBoard:Display] [FBSDisplaySource 1-1] silently connecting raw configuration: <FBSDisplayConfiguration: 0x102178a00; Main; mode: "402x874@3x 60Hz p3 SDR">
2026-07-27 05:10:35.063 Df app[14090:4fec59] [com.apple.Accessibility:AXCommon] Read Per-App on Init: Smart invert = (null)
2026-07-27 05:10:35.065 Df app[14090:4fec59] [com.apple.UIKit:EventDeferring] [0x1022c5880] Scene target of event deferring environments did update: scene: 0x10231c200; current systemShellManagesKeyboardFocus: 1; systemShellManagesKeyboardFocusForScene: 1; eligibleForRecordRemoval: 1;
2026-07-27 05:10:35.065 Df app[14090:4fec59] [com.apple.UIKit:KeyWindow] Scene became target of keyboard event deferring environment: UIWindowScene: 0x10231c200; scene identity: com.apple.frontboard.systemappservices/FBSceneManager:sceneID%3Acom.mediology.sinsin-care-default
2026-07-27 05:10:35.076 A  app[14090:4fecee] (RunningBoardServices) didChangeInheritances
2026-07-27 05:10:35.086 Df app[14090:4fec59] [com.apple.network:browser] nw_browser_cancel_path_browser_locked [B1] path: cancel browse
2026-07-27 05:10:35.086 Df app[14090:4fec59] [com.apple.network:browser] nw_browser_set_state_locked [B1] state changed: ready -> cancelled
2026-07-27 05:10:35.088 Df app[14090:4fec59] [com.apple.FrontBoard:SceneExtension] Realizing settings extension SBUISecureRenderingSettingsExtension on FBSSceneSettings
2026-07-27 05:10:35.090 Df app[14090:4fec59] [com.apple.UIKit:InterfaceStyle] Not push traits update to screen for new style 1, <UIWindowScene: 0x10231c200> (6E797257-08E7-48F7-A749-DFECC04BF5BA)
2026-07-27 05:10:35.090 Df app[14090:4fec59] [com.apple.UIKit:InterfaceStyle] Not push traits update to screen for new style 1, <UIWindowScene: 0x10231c200> (6E797257-08E7-48F7-A749-DFECC04BF5BA)
2026-07-27 05:10:35.091 Df app[14090:4fec59] [com.apple.UIKit:AppLifecycle] sceneOfRecord: sceneID: sceneID:com.mediology.sinsin-care-default  persistentID: 6E797257-08E7-48F7-A749-DFECC04BF5BA
2026-07-27 05:10:35.091 Df app[14090:4fec59] [com.apple.UIKit:Application] Deactivation reason removed: 12; deactivation reasons: 4128 -> 32; animating application lifecycle event: 1
2026-07-27 05:10:35.091 Df app[14090:4fec59] [com.apple.KeyboardArbiter:Client] Send setDeactivating: N (-DeactivationReason:SuspendedEventsOnly)
2026-07-27 05:10:35.091 Df app[14090:4fec59] [com.apple.UIKit:Application] Deactivation reason removed: 5; deactivation reasons: 32 -> 0; animating application lifecycle event: 0
2026-07-27 05:10:35.100 Df app[14090:4fec59] [com.apple.KeyboardArbiter:Client] startConnection
2026-07-27 05:10:35.108 Df app[14090:4fecee] [com.apple.network:connection] [C6 6A464B45-57FC-43E3-A7D2-E24C2B704D00 IPv4#41a43436:8082 tcp, prefer no proxy, attribution: developer] cancel
2026-07-27 05:10:35.109 Df app[14090:4fecee] [com.apple.network:connection] nw_connection_report_state_with_handler_on_nw_queue [C6] not reporting state cancelled
2026-07-27 05:10:35.109 Df app[14090:4fecee] [com.apple.network:connection] [C7 D179328A-ECBB-47D7-9EDA-23CFE13BF96B IPv4#41a43436:8083 tcp, prefer no proxy, attribution: developer] cancel
2026-07-27 05:10:35.109 E  app[14090:4fecff] [com.apple.network:connection] nw_connection_set_state_changed_handler_block_invoke [C7] Cannot set state changed handler after cancel
2026-07-27 05:10:35.109 Df app[14090:4fecee] [com.apple.network:connection] nw_connection_report_state_with_handler_on_nw_queue [C7] not reporting state cancelled
2026-07-27 05:10:35.109 E  app[14090:4fecf3] [com.apple.network:connection] nw_connection_set_state_changed_handler_block_invoke [C6] Cannot set state changed handler after cancel
2026-07-27 05:10:35.109 Df app[14090:4fecee] [com.apple.network:connection] [C5 59438952-F1A8-4289-B14F-C84E25EBDB38 IPv4#41a43436:8081 tcp, prefer no proxy, attribution: developer] cancel
2026-07-27 05:10:35.109 Df app[14090:4fecee] [com.apple.network:connection] nw_connection_report_state_with_handler_on_nw_queue [C5] reporting state cancelled
2026-07-27 05:10:35.109 E  app[14090:4fecf1] [com.apple.network:connection] nw_connection_set_progress_handler_block_invoke [C5] Cannot set progress handler after cancel
2026-07-27 05:10:35.109 E  app[14090:4fecff] [com.apple.network:connection] nw_connection_set_progress_handler_block_invoke [C7] Cannot set progress handler after cancel
2026-07-27 05:10:35.109 Df app[14090:4fec59] [com.apple.KeyboardArbiter:Client] handleKeyboardChange: set currentKeyboard:N (wasKeyboard:N)
2026-07-27 05:10:35.109 E  app[14090:4fecf3] [com.apple.network:connection] nw_connection_set_progress_handler_block_invoke [C6] Cannot set progress handler after cancel
2026-07-27 05:10:35.109 F  app[14090:4fecee] [com.apple.network:connection] __nw_connection_async_on_queue [C5] unable to dispatch block
2026-07-27 05:10:35.109 A  app[14090:4fecee] (libsystem_trace.dylib) Activity for state dumps
2026-07-27 05:10:35.109 Df app[14090:4fecee] [com.apple.network:connection] [C5 59438952-F1A8-4289-B14F-C84E25EBDB38 IPv4#41a43436:8081 tcp, attribution: developer, reuse local address, context: Default Network Context (private), proc: 015000E2-DAB9-340B-9C50-1DE21DB3B06A, delegated upid: 0, use awdl, prefer no proxy] start
2026-07-27 05:10:35.109 E  app[14090:4fecee] [com.apple.network:connection] [C5 172.30.1.90:8081 tcp, prefer no proxy, attribution: developer] cannot start after being torn down, in state cancelled
2026-07-27 05:10:35.109 Df app[14090:4fecee] [com.apple.network:connection] [C7 D179328A-ECBB-47D7-9EDA-23CFE13BF96B IPv4#41a43436:8083 tcp, attribution: developer, reuse local address, context: Default Network Context (private), proc: 015000E2-DAB9-340B-9C50-1DE21DB3B06A, delegated upid: 0, use awdl, prefer no proxy] start
2026-07-27 05:10:35.109 E  app[14090:4fecee] [com.apple.network:connection] [C7 172.30.1.90:8083 tcp, prefer no proxy, attribution: developer] cannot start after being torn down, in state cancelled
2026-07-27 05:10:35.109 Df app[14090:4fecee] [com.apple.network:connection] [C6 6A464B45-57FC-43E3-A7D2-E24C2B704D00 IPv4#41a43436:8082 tcp, attribution: developer, reuse local address, context: Default Network Context (private), proc: 015000E2-DAB9-340B-9C50-1DE21DB3B06A, delegated upid: 0, use awdl, prefer no proxy] start
2026-07-27 05:10:35.109 E  app[14090:4fecee] [com.apple.network:connection] [C6 172.30.1.90:8082 tcp, prefer no proxy, attribution: developer] cannot start after being torn down, in state cancelled
2026-07-27 05:10:35.115 Df app[14090:4fec59] [com.apple.UIKit:KeyboardSceneDelegate] forceReloadInputViews
2026-07-27 05:10:35.116 Df app[14090:4fec59] [com.apple.UIKit:KeyboardSceneDelegate] Reloading input views for key-window scene responder: <(null): 0x0; > force:Y
2026-07-27 05:10:35.127 Df app[14090:4fec59] [com.apple.UIKit:KeyboardArbiterClientLog] isWritingToolsHandlingKeyboardTracking:Y (WT ready:Y, Arbiter ready:Y)
2026-07-27 05:10:35.128 Sd app[14090:0] (21AB2359-DEEC-3444-94FE-B7257E43BE34) IOHIDManager State
{
    DispatchQueue = 0;
    RunLoop = 1;
    createOptions = 0;
    isOpen = 0;
    openOptions = 0;
}
2026-07-27 05:10:35.183 Df app[14090:4fec59] [com.apple.network:activity] <nw_activity 50:1 [2920CA51-9F12-421C-8552-2605C0B9051A] (global parent) (reporting strategy default) complete (reason success)> complete with reason 2 (success), duration 2825ms
2026-07-27 05:10:35.183 Df app[14090:4fec59] [com.apple.network:activity] <nw_activity 50:2 [6F5A7B56-559C-4ED5-970C-19C83A050537] (reporting strategy default) complete (reason success)> complete with reason 2 (success), duration 2825ms
2026-07-27 05:10:35.183 Df app[14090:4fec59] [com.apple.network:activity] Unsetting the global parent activity <nw_activity 50:1 [2920CA51-9F12-421C-8552-2605C0B9051A] (global parent) (reporting strategy default) complete (reason success)>
2026-07-27 05:10:35.183 Df app[14090:4fec59] [com.apple.network:activity] Unset the global parent activity
2026-07-27 05:10:35.183 Df app[14090:4fec59] [com.apple.app_launch_measurement:ApplicationLaunch] alm_release_pageins_recording_assertion: releasing pageins recording assertion
2026-07-27 05:10:38.199 E  app[14090:4fec59] [com.apple.network:connection] nw_connection_set_state_changed_handler_block_invoke [C6] Cannot set state changed handler after cancel
2026-07-27 05:10:38.200 E  app[14090:4fecf0] [com.apple.network:connection] [C6 IPv4#41a43436:8082 tcp, prefer no proxy, attribution: developer] is already cancelled, ignoring cancel
2026-07-27 05:10:38.200 E  app[14090:4fec59] [com.apple.network:connection] nw_connection_set_state_changed_handler_block_invoke [C7] Cannot set state changed handler after cancel
2026-07-27 05:10:38.200 E  app[14090:4fec59] [com.apple.network:connection] nw_connection_set_state_changed_handler_block_invoke [C5] Cannot set state changed handler after cancel
2026-07-27 05:10:38.200 Df app[14090:4feeae] (app.debug.dylib) [RCTMultipartDataTask] GET http://172.30.1.90:8087/node_modules/expo-router/entry.bundle?platform=ios&dev=true&hot=false&lazy=true&transform.engine=hermes&transform.bytecode=1&transform.routerRoot=app&unstable_transformProfile=hermes-stable
2026-07-27 05:10:38.200 E  app[14090:4fecf0] [com.apple.network:connection] [C7 IPv4#41a43436:8083 tcp, prefer no proxy, attribution: developer] is already cancelled, ignoring cancel
2026-07-27 05:10:38.200 E  app[14090:4fecf0] [com.apple.network:connection] [C7 IPv4#41a43436:8083 tcp, prefer no proxy, attribution: developer] is already cancelled, ignoring cancel
2026-07-27 05:10:38.200 Df app[14090:4feeae] [com.apple.CFNetwork:Default] Task <E04A0D27-E5D4-4CE3-B150-BEE5D302DCAC>.<1> resuming, timeouts(60.0, 604800.0) qos(0x21) voucher((null)) activity(00000000-0000-0000-0000-000000000000)
2026-07-27 05:10:38.200 E  app[14090:4fecf0] [com.apple.network:connection] [C6 IPv4#41a43436:8082 tcp, prefer no proxy, attribution: developer] is already cancelled, ignoring cancel
2026-07-27 05:10:38.200 E  app[14090:4fecf0] [com.apple.network:connection] [C5 IPv4#41a43436:8081 tcp, prefer no proxy, attribution: developer] is already cancelled, ignoring cancel
2026-07-27 05:10:38.200 E  app[14090:4fecf0] [com.apple.network:connection] [C5 IPv4#41a43436:8081 tcp, prefer no proxy, attribution: developer] is already cancelled, ignoring cancel
2026-07-27 05:10:38.202 Df app[14090:4fef52] [com.apple.CFNetwork:Default] Task <221D1176-F936-4C57-B215-E8D997C90CB4>.<1> resuming, timeouts(60.0, 604800.0) qos(0x19) voucher((null)) activity(00000000-0000-0000-0000-000000000000)
2026-07-27 05:10:38.203 A  app[14090:4fecf4] (Security) SecTrustReportNetworkingAnalytics
2026-07-27 05:10:38.204 Df app[14090:4fecf4] [com.apple.securityd:SecError] SecTrustReportNetworkingAnalytics failed with error: -4
2026-07-27 05:10:38.205 Df app[14090:4feced] [com.apple.CFNetwork:Default] Connection 8: starting, TC(0x0)
2026-07-27 05:10:38.205 Df app[14090:4feced] [com.apple.network:connection] [C8 8174629A-C098-4C42-8D24-58CD812C1421 IPv4#41a43436:8087 tcp, url: http://172.30.1.90:8087/node_modules/expo-router/entry.bundle, definite, attribution: developer, context: com.apple.CFNetwork.NSURLSession.{37F3A67C-5814-4CBF-A224-2789EA56CC66}{(null)}{Y}{2}{0x0} (private), proc: 015000E2-DAB9-340B-9C50-1DE21DB3B06A, delegated upid: 0] start
2026-07-27 05:10:38.206 Df app[14090:4feced] [com.apple.network:connection] [C8 IPv4#41a43436:8087 initial parent-flow ((null))] event: path:start @0.000s
2026-07-27 05:10:38.206 Df app[14090:4feced] [com.apple.network:connection] [C8 IPv4#41a43436:8087 waiting parent-flow (satisfied (Path is satisfied), interface: lo0)] event: path:satisfied @0.000s, uuid: 25BDA4C3-B4E4-4A64-9113-CAADC637DEE4
2026-07-27 05:10:38.208 Df app[14090:4feced] [com.apple.network:connection] [C8 IPv4#41a43436:8087 in_progress socket-flow (satisfied (Path is satisfied), interface: lo0)] event: flow:start_connect @0.001s
2026-07-27 05:10:38.208 Df app[14090:4feced] [com.apple.network:connection] nw_connection_report_state_with_handler_on_nw_queue [C8] reporting state preparing
2026-07-27 05:10:38.208 Df app[14090:4feced] [com.apple.CFNetwork:Default] Task <221D1176-F936-4C57-B215-E8D997C90CB4>.<1> setting up Connection 8
2026-07-27 05:10:38.211 Df app[14090:4feced] [com.apple.network:connection] nw_socket_handle_socket_event [C8:2] Socket received CONNECTED event
2026-07-27 05:10:38.211 Df app[14090:4feced] [com.apple.network:connection] nw_flow_connected [C8 IPv4#41a43436:8087 in_progress socket-flow (satisfied (Path is satisfied), interface: lo0)] Transport protocol connected (socket)
2026-07-27 05:10:38.211 Df app[14090:4feced] [com.apple.network:connection] [C8 IPv4#41a43436:8087 in_progress socket-flow (satisfied (Path is satisfied), interface: lo0)] event: flow:finish_transport @0.005s
2026-07-27 05:10:38.213 Df app[14090:4feced] [com.apple.network:connection] nw_flow_connected [C8 IPv4#41a43436:8087 in_progress socket-flow (satisfied (Path is satisfied), interface: lo0)] Output protocol connected (CFNetworkConnection-966803653)
2026-07-27 05:10:38.213 Df app[14090:4feced] [com.apple.network:connection] [C8 IPv4#41a43436:8087 ready socket-flow (satisfied (Path is satisfied), interface: lo0)] event: flow:finish_connect @0.006s
2026-07-27 05:10:38.213 Df app[14090:4feced] [com.apple.network:connection] nw_connection_report_state_with_handler_on_nw_queue [C8] reporting state ready
2026-07-27 05:10:38.213 Df app[14090:4feced] [com.apple.CFNetwork:Default] Connection 8: connected successfully
2026-07-27 05:10:38.213 Df app[14090:4feced] [com.apple.CFNetwork:Default] Connection 8: ready C(N) E(N)
2026-07-27 05:10:38.214 Df app[14090:4feced] [com.apple.CFNetwork:Default] Task <221D1176-F936-4C57-B215-E8D997C90CB4>.<1> now using Connection 8
2026-07-27 05:10:38.214 Df app[14090:4feced] [com.apple.CFNetwork:Default] Task <221D1176-F936-4C57-B215-E8D997C90CB4>.<1> sent request, body N 0
2026-07-27 05:10:38.252 Df app[14090:4fecf4] [com.apple.CFNetwork:Default] Task <221D1176-F936-4C57-B215-E8D997C90CB4>.<1> received response, status 200 content C
2026-07-27 05:10:40.292 Df app[14090:4fecf1] [com.apple.network:connection] nw_socket_handle_socket_event [C2:2] Socket received READ_CLOSE event
2026-07-27 05:10:40.292 Df app[14090:4fecf1] [com.apple.CFNetwork:Default] Connection 2: read-side closed
2026-07-27 05:10:40.292 Df app[14090:4fecf1] [com.apple.CFNetwork:Default] Connection 2: cleaning up
2026-07-27 05:10:40.293 Df app[14090:4fecf1] [com.apple.network:connection] [C2 92B08648-147B-4797-A577-EC2A12B2D50B IPv4#41a43436:8087 tcp, url: http://172.30.1.90:8087/, definite, attribution: developer] cancel
2026-07-27 05:10:40.293 Df app[14090:4fecf1] [com.apple.network:connection] [C2 92B08648-147B-4797-A577-EC2A12B2D50B IPv4#41a43436:8087 tcp, url: http://172.30.1.90:8087/, definite, attribution: developer] cancelled
	[C2 18D3C92C-5CF1-457A-B9BF-EA70EEA81AC9 172.30.1.90:61339<->IPv4#41a43436:8087]
	Connected Path: satisfied (Path is satisfied), interface: lo0
	Privacy Stance: Not Eligible
	Duration: 6.129s, TCP @0.001s took 0.001s
	bytes in/out: 6010/691, packets in/out: 4/2, rtt: 0.001s, retransmitted bytes: 0, out-of-order bytes: 0
	ecn packets sent/acked/marked/lost: 0/0/0/0
2026-07-27 05:10:40.294 Df app[14090:4fecf1] [com.apple.network:connection] nw_connection_report_state_with_handler_on_nw_queue [C2] reporting state cancelled
2026-07-27 05:10:40.294 Df app[14090:4fecf1] [com.apple.CFNetwork:Default] Connection 2: done
2026-07-27 05:10:41.278 Df app[14090:4fec59] (libMobileGestalt.dylib) Property isp[camera-front] found {length = 4, bytes = 0x01000000}
2026-07-27 05:10:41.279 A  app[14090:4fec59] (CoreFoundation) Updating Key-Value Observers Of Preferences
2026-07-27 05:10:41.298 A  app[14090:4fec59] (libsystem_containermanager.dylib) container_system_group_path_for_identifier
2026-07-27 05:10:41.298 Df app[14090:4fec59] [com.apple.containermanager:xpc] Requesting container lookup; class = 13, identifier = (null), group_identifier = systemgroup.com.apple.configurationprofiles, create = 1, temp = 0, euid = 501, uid = 501
2026-07-27 05:10:41.298 A  app[14090:4fec59] (libsystem_containermanager.dylib) container_query_t
2026-07-27 05:10:41.298 Df app[14090:4fec59] [com.apple.containermanager:xpc] Query; euid = 501, uid = 501, class = 13, identifier = [(null)](0), flags = 900000003
2026-07-27 05:10:41.300 Df app[14090:4fec59] [com.apple.containermanager:unspecified] _container_query_get_result_at_index: success
2026-07-27 05:10:41.300 A  app[14090:4fec59] (libsystem_containermanager.dylib) container_copy_object
2026-07-27 05:10:41.300 Df app[14090:4fec59] [com.apple.containermanager:unspecified] container_system_group_path_for_identifier: success
2026-07-27 05:10:41.300 Df app[14090:4fec59] [com.apple.ManagedConfiguration:MC] Got system group container path from MCM for systemgroup.com.apple.configurationprofiles: /Users/mediology/Library/Developer/CoreSimulator/Devices/3411C3A9-5525-4E59-99C2-7E39A28749E7/data/Containers/Shared/SystemGroup/systemgroup.com.apple.configurationprofiles
2026-07-27 05:11:18.089 Df app[14090:4fecff] [com.apple.CFNetwork:Default] Task <221D1176-F936-4C57-B215-E8D997C90CB4>.<1> response ended
2026-07-27 05:11:18.089 Df app[14090:4fecff] [com.apple.CFNetwork:Default] Task <221D1176-F936-4C57-B215-E8D997C90CB4>.<1> done using Connection 8
2026-07-27 05:11:18.089 Df app[14090:4fecff] [com.apple.network:connection] [C8] event: client:connection_idle @39.883s
2026-07-27 05:11:18.090 Df app[14090:4fecff] [com.apple.network:connection] nw_protocol_socket_notify [C8:2] nw_protocol_notification_type_connection_idle is true
2026-07-27 05:11:18.090 Df app[14090:4fecff] [com.apple.network:connection] [C8] event: client:connection_idle @39.883s
2026-07-27 05:11:18.090 Df app[14090:4fecf0] [com.apple.CFNetwork:Summary] Task <221D1176-F936-4C57-B215-E8D997C90CB4>.<1> summary for task success {transaction_duration_ms=39888, response_status=200, connection=8, protocol="http/1.1", domain_lookup_duration_ms=0, connect_duration_ms=5, secure_connection_duration_ms=0, private_relay=false, request_start_ms=11, request_duration_ms=0, response_start_ms=49, response_duration_ms=39839, request_bytes=433, request_throughput_kbps=24730, response_bytes=29465625, response_throughput_kbps=5916, cache_hit=false}
2026-07-27 05:11:18.090 Df app[14090:4fecff] [com.apple.network:connection] nw_protocol_socket_notify [C8:2] nw_protocol_notification_type_connection_idle is true
2026-07-27 05:11:18.090 Df app[14090:4fecf0] [com.apple.CFNetwork:Default] Task <221D1176-F936-4C57-B215-E8D997C90CB4>.<1> finished successfully
2026-07-27 05:11:18.686 Df app[14090:4feced] [com.apple.xpc:connection] [0x105744000] activating connection: mach=true listener=false peer=false name=com.apple.lsd.advertisingidentifiers
2026-07-27 05:11:18.693 Df app[14090:4feced] [com.apple.CFNetwork:Default] TCP Conn [9:0x1059e9900] using empty proxy configuration
2026-07-27 05:11:18.694 Df app[14090:4feced] [com.apple.CFNetwork:Default] Stream client bypassing proxies on TCP Conn [9:0x1059e9900]
2026-07-27 05:11:18.694 Df app[14090:4feced] [com.apple.CFNetwork:Default] TCP Conn 0x1059e9900 started
2026-07-27 05:11:18.694 Df app[14090:4feeb7] [com.apple.network:connection] [C9 0E4BF11B-8886-4BC7-B79D-9798D92A8EA8 IPv4#41a43436:8087 tcp, definite, attribution: developer, context: Default Network Context (private), proc: 015000E2-DAB9-340B-9C50-1DE21DB3B06A, delegated upid: 0, no proxy, prohibit fallback, allow socket access] start
2026-07-27 05:11:18.694 Df app[14090:4feeb7] [com.apple.network:connection] [C9 IPv4#41a43436:8087 initial parent-flow ((null))] event: path:start @0.000s
2026-07-27 05:11:18.694 Df app[14090:4feeb7] [com.apple.network:connection] [C9 IPv4#41a43436:8087 waiting parent-flow (satisfied (Path is satisfied), interface: lo0)] event: path:satisfied @0.000s, uuid: 445439C0-89ED-4F02-A4A9-EE3E397DCF5B
2026-07-27 05:11:18.695 Df app[14090:4feeb7] [com.apple.network:connection] nw_socket_initialize_socket [C9:1] Not guarding fd 12
2026-07-27 05:11:18.695 Df app[14090:4feeb7] [com.apple.network:connection] [C9 IPv4#41a43436:8087 in_progress socket-flow (satisfied (Path is satisfied), interface: lo0)] event: flow:start_connect @0.001s
2026-07-27 05:11:18.695 Df app[14090:4feeb7] [com.apple.network:connection] nw_connection_report_state_with_handler_on_nw_queue [C9] reporting state preparing
2026-07-27 05:11:18.696 Df app[14090:4feeb7] [com.apple.network:connection] nw_socket_handle_socket_event [C9:1] Socket received CONNECTED event
2026-07-27 05:11:18.696 Df app[14090:4feeb7] [com.apple.network:connection] nw_flow_connected [C9 IPv4#41a43436:8087 in_progress socket-flow (satisfied (Path is satisfied), interface: lo0)] Output protocol connected (socket)
2026-07-27 05:11:18.696 Df app[14090:4feeb7] [com.apple.network:connection] [C9 IPv4#41a43436:8087 ready socket-flow (satisfied (Path is satisfied), interface: lo0)] event: flow:finish_connect @0.002s
2026-07-27 05:11:18.697 Df app[14090:4feeb7] [com.apple.network:connection] nw_connection_report_state_with_handler_on_nw_queue [C9] reporting state ready
2026-07-27 05:11:18.697 Df app[14090:4fecf0] [com.apple.CFNetwork:Default] TCP Conn 0x1059e9900 event 1. err: 0
2026-07-27 05:11:18.697 Df app[14090:4fecf0] [com.apple.CFNetwork:Default] TCP Conn 0x1059e9900 complete. fd: 22, err: 0
2026-07-27 05:11:19.211 Df app[14090:4fec59] [com.apple.CFNetwork:Default] TCP Conn [10:0x1059e8000] using empty proxy configuration
2026-07-27 05:11:19.211 Df app[14090:4fec59] [com.apple.CFNetwork:Default] Stream client bypassing proxies on TCP Conn [10:0x1059e8000]
2026-07-27 05:11:19.211 Df app[14090:4fec59] [com.apple.CFNetwork:Default] TCP Conn 0x1059e8000 started
2026-07-27 05:11:19.211 Df app[14090:4feced] [com.apple.network:connection] [C10 8689611F-5F80-42D4-AF55-C4B9822F195E IPv4#41a43436:8097 tcp, definite, attribution: developer, context: Default Network Context (private), proc: 015000E2-DAB9-340B-9C50-1DE21DB3B06A, delegated upid: 0, no proxy, prohibit fallback, allow socket access] start
2026-07-27 05:11:19.211 Df app[14090:4feced] [com.apple.network:connection] [C10 IPv4#41a43436:8097 initial parent-flow ((null))] event: path:start @0.000s
2026-07-27 05:11:19.212 Df app[14090:4feced] [com.apple.network:connection] [C10 IPv4#41a43436:8097 waiting parent-flow (satisfied (Path is satisfied), interface: lo0)] event: path:satisfied @0.000s, uuid: 9219C8A6-6BD0-42BF-B522-FEC757B90968
2026-07-27 05:11:19.214 Df app[14090:4feced] [com.apple.network:connection] nw_socket_initialize_socket [C10:1] Not guarding fd 23
2026-07-27 05:11:19.214 Df app[14090:4feced] [com.apple.network:connection] [C10 IPv4#41a43436:8097 in_progress socket-flow (satisfied (Path is satisfied), interface: lo0)] event: flow:start_connect @0.002s
2026-07-27 05:11:19.214 Df app[14090:4feced] [com.apple.network:connection] nw_connection_report_state_with_handler_on_nw_queue [C10] reporting state preparing
2026-07-27 05:11:19.214 Df app[14090:4feced] [com.apple.network:connection] nw_socket_handle_socket_event [C10:1] Socket received CONNRESET event
2026-07-27 05:11:19.214 Df app[14090:4feced] [com.apple.network:connection] nw_socket_handle_socket_event [C10:1] Socket received DISCONNECTED event
2026-07-27 05:11:19.214 E  app[14090:4feced] [com.apple.network:connection] nw_socket_handle_socket_event [C10:1] Socket SO_ERROR [61: Connection refused]
2026-07-27 05:11:19.215 E  app[14090:4feced] [com.apple.network:connection] nw_endpoint_flow_failed_with_error [C10 IPv4#41a43436:8097 in_progress socket-flow (satisfied (Path is satisfied), interface: lo0)] already failing, returning
2026-07-27 05:11:19.215 Df app[14090:4feced] [com.apple.network:connection] [C10 IPv4#41a43436:8097 failed socket-flow (satisfied (Path is satisfied), interface: lo0)] event: flow:failed_connect @0.003s, error Connection refused
2026-07-27 05:11:19.215 Df app[14090:4feced] [com.apple.network:connection] nw_connection_report_state_with_handler_on_nw_queue [C10] reporting state failed error Connection refused
2026-07-27 05:11:19.215 Df app[14090:4fecf0] [com.apple.CFNetwork:Default] TCP Conn 0x1059e8000 event 3. err: 61
2026-07-27 05:11:19.215 E  app[14090:4fecf0] [com.apple.network:connection] nw_connection_get_connected_socket_block_invoke [C10] Client called nw_connection_get_connected_socket on unconnected nw_connection
2026-07-27 05:11:19.215 Df app[14090:4fecf0] [com.apple.CFNetwork:Default] TCP Conn 0x1059e8000 complete. fd: -1, err: 61
2026-07-27 05:11:19.215 E  app[14090:4fecf0] [com.apple.CFNetwork:Default] TCP Conn 0x1059e8000 Failed : error 0:61 [61]
2026-07-27 05:11:19.215 Df app[14090:4fecf8] [com.apple.CFNetwork:Default] TCP Conn 0x1059e8000 canceled
2026-07-27 05:11:19.215 Df app[14090:4fecf0] [com.apple.network:connection] [C10 8689611F-5F80-42D4-AF55-C4B9822F195E IPv4#41a43436:8097 tcp, legacy-socket, definite, attribution: developer] cancel
2026-07-27 05:11:19.215 E  app[14090:4fecf0] [com.apple.network:connection] nw_connection_copy_protocol_metadata_internal_block_invoke [C10] Client called nw_connection_copy_protocol_metadata_internal on unconnected nw_connection
2026-07-27 05:11:19.215 E  app[14090:4fecf0] [com.apple.network:connection] nw_connection_copy_protocol_metadata_internal_block_invoke [C10] Client called nw_connection_copy_protocol_metadata_internal on unconnected nw_connection
2026-07-27 05:11:19.215 E  app[14090:4fecf0] [com.apple.network:connection] nw_connection_copy_connected_local_endpoint_block_invoke [C10] Client called nw_connection_copy_connected_local_endpoint on unconnected nw_connection
2026-07-27 05:11:19.215 E  app[14090:4fecf0] [com.apple.network:connection] nw_connection_copy_connected_remote_endpoint_block_invoke [C10] Client called nw_connection_copy_connected_remote_endpoint on unconnected nw_connection
2026-07-27 05:11:19.215 Df app[14090:4fecf0] [com.apple.network:connection] [C10 8689611F-5F80-42D4-AF55-C4B9822F195E IPv4#41a43436:8097 tcp, legacy-socket, definite, attribution: developer] cancelled
	[C10 9219C8A6-6BD0-42BF-B522-FEC757B90968 <NULL><-><NULL>]
	Connected Path: (null)
	Privacy Stance: Not Eligible
	Duration: 0.003s, TCP @0.002s took 0.000s
2026-07-27 05:11:19.215 Df app[14090:4fecf0] [com.apple.network:connection] nw_connection_report_state_with_handler_on_nw_queue [C10] reporting state cancelled error Connection refused
2026-07-27 05:11:19.333 Df app[14090:4fec59] [com.apple.CFNetwork:Default] TCP Conn [11:0x1059e8000] using empty proxy configuration
2026-07-27 05:11:19.333 Df app[14090:4fec59] [com.apple.CFNetwork:Default] Stream client bypassing proxies on TCP Conn [11:0x1059e8000]
2026-07-27 05:11:19.333 Df app[14090:4fec59] [com.apple.CFNetwork:Default] TCP Conn 0x1059e8000 started
2026-07-27 05:11:19.333 Df app[14090:4fecf0] [com.apple.network:connection] [C11 CFA53AF3-3648-4A5C-917F-5DADB84375D3 IPv4#41a43436:8087 tcp, definite, attribution: developer, context: Default Network Context (private), proc: 015000E2-DAB9-340B-9C50-1DE21DB3B06A, delegated upid: 0, no proxy, prohibit fallback, allow socket access] start
2026-07-27 05:11:19.333 Df app[14090:4fecf0] [com.apple.network:connection] [C11 IPv4#41a43436:8087 initial parent-flow ((null))] event: path:start @0.000s
2026-07-27 05:11:19.333 Df app[14090:4fecf0] [com.apple.network:connection] [C11 IPv4#41a43436:8087 waiting parent-flow (satisfied (Path is satisfied), interface: lo0)] event: path:satisfied @0.000s, uuid: 445439C0-89ED-4F02-A4A9-EE3E397DCF5B
2026-07-27 05:11:19.334 Df app[14090:4fecf0] [com.apple.network:connection] nw_socket_initialize_socket [C11:1] Not guarding fd 23
2026-07-27 05:11:19.334 Df app[14090:4fecf0] [com.apple.network:connection] [C11 IPv4#41a43436:8087 in_progress socket-flow (satisfied (Path is satisfied), interface: lo0)] event: flow:start_connect @0.000s
2026-07-27 05:11:19.334 Df app[14090:4fecf0] [com.apple.network:connection] nw_connection_report_state_with_handler_on_nw_queue [C11] reporting state preparing
2026-07-27 05:11:19.335 Df app[14090:4fecf0] [com.apple.network:connection] nw_socket_handle_socket_event [C11:1] Socket received CONNECTED event
2026-07-27 05:11:19.335 Df app[14090:4fecf0] [com.apple.network:connection] nw_flow_connected [C11 IPv4#41a43436:8087 in_progress socket-flow (satisfied (Path is satisfied), interface: lo0)] Output protocol connected (socket)
2026-07-27 05:11:19.335 Df app[14090:4fecf0] [com.apple.network:connection] [C11 IPv4#41a43436:8087 ready socket-flow (satisfied (Path is satisfied), interface: lo0)] event: flow:finish_connect @0.001s
2026-07-27 05:11:19.335 Df app[14090:4fecf0] [com.apple.network:connection] nw_connection_report_state_with_handler_on_nw_queue [C11] reporting state ready
2026-07-27 05:11:19.335 Df app[14090:4feeb7] [com.apple.CFNetwork:Default] TCP Conn 0x1059e8000 event 1. err: 0
2026-07-27 05:11:19.335 Df app[14090:4feeb7] [com.apple.CFNetwork:Default] TCP Conn 0x1059e8000 complete. fd: 24, err: 0
2026-07-27 05:11:19.526 Df app[14090:4fec59] [com.apple.CFNetwork:Default] TCP Conn [12:0x1059ea080] using empty proxy configuration
2026-07-27 05:11:19.526 Df app[14090:4fec59] [com.apple.CFNetwork:Default] Stream client bypassing proxies on TCP Conn [12:0x1059ea080]
2026-07-27 05:11:19.526 Df app[14090:4fec59] [com.apple.CFNetwork:Default] TCP Conn 0x1059ea080 started
2026-07-27 05:11:19.527 Df app[14090:4fecf0] [com.apple.network:connection] [C12 D49C4493-BB4B-49A2-BC19-E8C21A002281 IPv4#41a43436:8087 tcp, definite, attribution: developer, context: Default Network Context (private), proc: 015000E2-DAB9-340B-9C50-1DE21DB3B06A, delegated upid: 0, no proxy, prohibit fallback, allow socket access] start
2026-07-27 05:11:19.527 Df app[14090:4fecf0] [com.apple.network:connection] [C12 IPv4#41a43436:8087 initial parent-flow ((null))] event: path:start @0.000s
2026-07-27 05:11:19.527 Df app[14090:4fecf0] [com.apple.network:connection] [C12 IPv4#41a43436:8087 waiting parent-flow (satisfied (Path is satisfied), interface: lo0)] event: path:satisfied @0.000s, uuid: 445439C0-89ED-4F02-A4A9-EE3E397DCF5B
2026-07-27 05:11:19.528 Df app[14090:4fecf0] [com.apple.network:connection] nw_socket_initialize_socket [C12:1] Not guarding fd 25
2026-07-27 05:11:19.528 Df app[14090:4fecf0] [com.apple.network:connection] [C12 IPv4#41a43436:8087 in_progress socket-flow (satisfied (Path is satisfied), interface: lo0)] event: flow:start_connect @0.000s
2026-07-27 05:11:19.528 Df app[14090:4fecf0] [com.apple.network:connection] nw_connection_report_state_with_handler_on_nw_queue [C12] reporting state preparing
2026-07-27 05:11:19.528 Df app[14090:4fecf0] [com.apple.network:connection] nw_socket_handle_socket_event [C12:1] Socket received CONNECTED event
2026-07-27 05:11:19.528 Df app[14090:4fecf0] [com.apple.network:connection] nw_flow_connected [C12 IPv4#41a43436:8087 in_progress socket-flow (satisfied (Path is satisfied), interface: lo0)] Output protocol connected (socket)
2026-07-27 05:11:19.529 Df app[14090:4fecf0] [com.apple.network:connection] [C12 IPv4#41a43436:8087 ready socket-flow (satisfied (Path is satisfied), interface: lo0)] event: flow:finish_connect @0.001s
2026-07-27 05:11:19.530 Df app[14090:4fecf0] [com.apple.network:connection] nw_connection_report_state_with_handler_on_nw_queue [C12] reporting state ready
2026-07-27 05:11:19.530 Df app[14090:4feced] [com.apple.CFNetwork:Default] TCP Conn 0x1059ea080 event 1. err: 0
2026-07-27 05:11:19.530 Df app[14090:4feced] [com.apple.CFNetwork:Default] TCP Conn 0x1059ea080 complete. fd: 26, err: 0
2026-07-27 05:11:20.135 Df app[14090:4feced] [com.apple.FileURL:default] kExcludedFromBackupXattrName set on path: /Users/mediology/Library/Developer/CoreSimulator/Devices/3411C3A9-5525-4E59-99C2-7E39A28749E7/data/Containers/Data/Application/2E8CF7BA-2311-4067-8405-BC93FAFB447C/Library/Application Support/com.mediology.sinsin-care/RCTAsyncLocalStorage_V1
2026-07-27 05:11:20.909 A  app[14090:4fecf0] (Security) SecItemCopyMatching_ios
2026-07-27 05:11:20.909 Df app[14090:4fecf0] [com.apple.securityd:secitemratelimit] Not internal release, disabling SIRL
2026-07-27 05:11:20.910 Df app[14090:4fecf0] [com.apple.securityd:thread-local-client-debug] SecSecurityClientGet new thread!
2026-07-27 05:11:20.911 Df app[14090:4fecf0] [com.apple.xpc:connection] [0x105745900] activating connection: mach=true listener=false peer=false name=com.apple.securityd
2026-07-27 05:11:21.706 Df app[14090:4feeb7] [com.apple.CFNetwork:Default] Task <B7B1079A-6C26-4C02-8D9B-D56C74C0FF34>.<1> resuming, timeouts(10.0, 604800.0) qos(0x19) voucher((null)) activity(00000000-0000-0000-0000-000000000000)
2026-07-27 05:11:21.707 Df app[14090:4fef52] [com.apple.CFNetwork:Default] Task <3D26F9BB-07D8-4867-92E6-43CFC94EC8EE>.<2> resuming, timeouts(10.0, 604800.0) qos(0x19) voucher((null)) activity(00000000-0000-0000-0000-000000000000)
2026-07-27 05:11:21.708 A  app[14090:4ff5ab] (Security) SecTrustReportNetworkingAnalytics
2026-07-27 05:11:21.708 Df app[14090:4ff5ab] [com.apple.securityd:SecError] SecTrustReportNetworkingAnalytics failed with error: -4
2026-07-27 05:11:21.709 Df app[14090:4feeb7] [com.apple.CFNetwork:Default] Connection 13: starting, TC(0x0)
2026-07-27 05:11:21.709 Df app[14090:4feeb7] [com.apple.network:connection] [C13 FE3CF1B8-28A9-4396-82DA-9A2F2BF6FA1C IPv4#b3f93a8a:9 tcp, url: http://127.0.0.1:9/public/mobile-policy, definite, attribution: developer, context: com.apple.CFNetwork.NSURLSession.{37F3A67C-5814-4CBF-A224-2789EA56CC66}{(null)}{Y}{2}{0x0} (private), proc: 015000E2-DAB9-340B-9C50-1DE21DB3B06A, delegated upid: 0] start
2026-07-27 05:11:21.710 Df app[14090:4feeb7] [com.apple.network:connection] [C13 IPv4#b3f93a8a:9 initial parent-flow ((null))] event: path:start @0.000s
2026-07-27 05:11:21.711 Df app[14090:4feeb7] [com.apple.network:connection] [C13 IPv4#b3f93a8a:9 waiting parent-flow (satisfied (Path is satisfied), interface: lo0)] event: path:satisfied @0.000s, uuid: 780A2987-8D53-4F68-9793-4DC2D0E074AC
2026-07-27 05:11:21.712 Df app[14090:4feeb7] [com.apple.network:connection] [C13 IPv4#b3f93a8a:9 in_progress socket-flow (satisfied (Path is satisfied), interface: lo0)] event: flow:start_connect @0.001s
2026-07-27 05:11:21.712 Df app[14090:4feeb7] [com.apple.network:connection] nw_connection_report_state_with_handler_on_nw_queue [C13] reporting state preparing
2026-07-27 05:11:21.712 Df app[14090:4feeb7] [com.apple.CFNetwork:Default] Task <3D26F9BB-07D8-4867-92E6-43CFC94EC8EE>.<2> setting up Connection 13
2026-07-27 05:11:21.712 Df app[14090:4feeb7] [com.apple.network:connection] nw_socket_handle_socket_event [C13:2] Socket received CONNRESET event
2026-07-27 05:11:21.712 Df app[14090:4feeb7] [com.apple.network:connection] nw_socket_handle_socket_event [C13:2] Socket received DISCONNECTED event
2026-07-27 05:11:21.712 E  app[14090:4feeb7] [com.apple.network:connection] nw_socket_handle_socket_event [C13:2] Socket SO_ERROR [61: Connection refused]
2026-07-27 05:11:21.712 E  app[14090:4feeb7] [com.apple.network:connection] nw_endpoint_flow_failed_with_error [C13 IPv4#b3f93a8a:9 in_progress socket-flow (satisfied (Path is satisfied), interface: lo0)] already failing, returning
2026-07-27 05:11:21.712 Df app[14090:4feeb7] [com.apple.network:connection] [C13 IPv4#b3f93a8a:9 failed socket-flow (satisfied (Path is satisfied), interface: lo0)] event: flow:failed_connect @0.002s, error Connection refused
2026-07-27 05:11:21.712 Df app[14090:4feeb7] [com.apple.network:connection] nw_connection_report_state_with_handler_on_nw_queue [C13] reporting state failed error Connection refused
2026-07-27 05:11:21.712 E  app[14090:4feeb7] [com.apple.CFNetwork:Default] Connection 13: received failure notification
2026-07-27 05:11:21.712 E  app[14090:4feeb7] [com.apple.CFNetwork:Default] Connection 13: failed to connect 1:61, reason -1
2026-07-27 05:11:21.712 E  app[14090:4feeb7] [com.apple.CFNetwork:Default] Connection 13: encountered error(1:61)
2026-07-27 05:11:21.712 Df app[14090:4feeb7] [com.apple.CFNetwork:Default] Connection 13: cleaning up
2026-07-27 05:11:21.712 Df app[14090:4feeb7] [com.apple.CFNetwork:Summary] Connection 13: summary for unused connection {protocol="(null)", domain_lookup_duration_ms=0, connect_duration_ms=0, secure_connection_duration_ms=0, private_relay=false, idle_duration_ms=0}
2026-07-27 05:11:21.712 Df app[14090:4feeb7] [com.apple.network:connection] [C13 FE3CF1B8-28A9-4396-82DA-9A2F2BF6FA1C IPv4#b3f93a8a:9 tcp, url: http://127.0.0.1:9/public/mobile-policy, definite, attribution: developer] cancel
2026-07-27 05:11:21.712 E  app[14090:4feeb7] [com.apple.network:connection] nw_connection_copy_protocol_metadata_internal_block_invoke [C13] Client called nw_connection_copy_protocol_metadata_internal on unconnected nw_connection
2026-07-27 05:11:21.712 E  app[14090:4feeb7] [com.apple.network:connection] nw_connection_copy_protocol_metadata_internal_block_invoke [C13] Client called nw_connection_copy_protocol_metadata_internal on unconnected nw_connection
2026-07-27 05:11:21.712 E  app[14090:4feeb7] [com.apple.network:connection] nw_connection_copy_connected_local_endpoint_block_invoke [C13] Client called nw_connection_copy_connected_local_endpoint on unconnected nw_connection
2026-07-27 05:11:21.712 E  app[14090:4feeb7] [com.apple.network:connection] nw_connection_copy_connected_remote_endpoint_block_invoke [C13] Client called nw_connection_copy_connected_remote_endpoint on unconnected nw_connection
2026-07-27 05:11:21.712 Df app[14090:4feeb7] [com.apple.network:connection] [C13 FE3CF1B8-28A9-4396-82DA-9A2F2BF6FA1C IPv4#b3f93a8a:9 tcp, url: http://127.0.0.1:9/public/mobile-policy, definite, attribution: developer] cancelled
	[C13 780A2987-8D53-4F68-9793-4DC2D0E074AC <NULL><-><NULL>]
	Connected Path: (null)
	Privacy Stance: Not Eligible
	Duration: 0.002s, TCP @0.001s took 0.000s
2026-07-27 05:11:21.712 Df app[14090:4feeb7] [com.apple.network:connection] nw_connection_report_state_with_handler_on_nw_queue [C13] reporting state cancelled error Connection refused
2026-07-27 05:11:21.713 Df app[14090:4feeb7] [com.apple.CFNetwork:Default] Task <3D26F9BB-07D8-4867-92E6-43CFC94EC8EE>.<2> can retry(N) with reason(2) for error [1:61]
2026-07-27 05:11:21.713 A  app[14090:4ff5ab] (Security) SecTrustReportNetworkingAnalytics
2026-07-27 05:11:21.713 E  app[14090:4fecff] [com.apple.CFNetwork:Default] Task <3D26F9BB-07D8-4867-92E6-43CFC94EC8EE>.<2> HTTP load failed, 0/0 bytes (error code: -1004 [1:61])
2026-07-27 05:11:21.713 Df app[14090:4ff5ab] [com.apple.securityd:SecError] SecTrustReportNetworkingAnalytics failed with error: -4
2026-07-27 05:11:21.717 Df app[14090:4fecff] [com.apple.CFNetwork:Summary] Task <3D26F9BB-07D8-4867-92E6-43CFC94EC8EE>.<2> summary for task failure {transaction_duration_ms=9, response_status=-1, connection=13, reused=1, reused_after_ms=0, request_start_ms=0, request_duration_ms=0, response_start_ms=0, response_duration_ms=0, request_bytes=0, request_throughput_kbps=0, response_bytes=0, response_throughput_kbps=0, cache_hit=false}
2026-07-27 05:11:21.717 E  app[14090:4fecff] [com.apple.CFNetwork:Default] Task <3D26F9BB-07D8-4867-92E6-43CFC94EC8EE>.<2> finished with error [-1004] Error Domain=NSURLErrorDomain Code=-1004 "서버에 연결할 수 없습니다." UserInfo={_kCFStreamErrorCodeKey=61, NSUnderlyingError=0x125a151a0 {Error Domain=kCFErrorDomainCFNetwork Code=-1004 "(null)" UserInfo={_NSURLErrorNWPathKey=satisfied (Path is satisfied), interface: lo0, _kCFStreamErrorCodeKey=61, _kCFStreamErrorDomainKey=1}}, _NSURLErrorFailingURLSessionTaskErrorKey=LocalDataTask <3D26F9BB-07D8-4867-92E6-43CFC94EC8EE>.<2>, _NSURLErrorRelatedURLSessionTaskErrorKey=(
    "LocalDataTask <3D26F9BB-07D8-4867-92E6-43CFC94EC8EE>.<2>"
), NSLocalizedDescription=서버에 연결할 수 없습니다., NSErrorFailingURLStringKey=http://127.0.0.1:9/public/mobile-policy?platform=ios&environment=test&appVersion=1.1.2&buildNumber=4&apiContractVersion=1, NSErrorFailingURLKey=http://127.0.0.1:9/public/mobile-policy?platform=ios&environment=test&appVersion=1.1.2&buildNumber=4&apiContractVersion=1, _kCFStreamErrorDomainKey=1}
2026-07-27 05:11:21.717 Df app[14090:4fecff] [com.apple.CFNetwork:Summary] Task <B7B1079A-6C26-4C02-8D9B-D56C74C0FF34>.<1> summary for task failure {transaction_duration_ms=10, response_status=-1, cache_hit=false}
2026-07-27 05:11:21.717 E  app[14090:4fecff] [com.apple.CFNetwork:Default] Task <B7B1079A-6C26-4C02-8D9B-D56C74C0FF34>.<1> finished with error [-1004] Error Domain=NSURLErrorDomain Code=-1004 "서버에 연결할 수 없습니다." UserInfo={_kCFStreamErrorCodeKey=61, NSUnderlyingError=0x125a151a0 {Error Domain=kCFErrorDomainCFNetwork Code=-1004 "(null)" UserInfo={_NSURLErrorNWPathKey=satisfied (Path is satisfied), interface: lo0, _kCFStreamErrorCodeKey=61, _kCFStreamErrorDomainKey=1}}, _NSURLErrorFailingURLSessionTaskErrorKey=LocalDataTask <B7B1079A-6C26-4C02-8D9B-D56C74C0FF34>.<1>, _NSURLErrorRelatedURLSessionTaskErrorKey=(
    "LocalDataTask <B7B1079A-6C26-4C02-8D9B-D56C74C0FF34>.<1>",
    "LocalDataTask <3D26F9BB-07D8-4867-92E6-43CFC94EC8EE>.<2>"
), NSLocalizedDescription=서버에 연결할 수 없습니다., NSErrorFailingURLStringKey=http://127.0.0.1:9/public/mobile-policy?platform=ios&environment=test&appVersion=1.1.2&buildNumber=4&apiContractVersion=1, NSErrorFailingURLKey=http://127.0.0.1:9/public/mobile-policy?platform=ios&environment=test&appVersion=1.1.2&buildNumber=4&apiC
2026-07-27 05:11:21.729 Df app[14090:4feeb7] [com.apple.CFNetwork:Default] Task <23F42E80-45B8-4BBA-AEC1-48C5C0B176DB>.<2> resuming, timeouts(10.0, 604800.0) qos(0x19) voucher((null)) activity(00000000-0000-0000-0000-000000000000)
2026-07-27 05:11:21.730 Df app[14090:4fef52] [com.apple.CFNetwork:Default] Task <7E83AC64-0270-4753-8351-E39AD10CB419>.<3> resuming, timeouts(10.0, 604800.0) qos(0x19) voucher((null)) activity(00000000-0000-0000-0000-000000000000)
2026-07-27 05:11:21.731 A  app[14090:4feeb7] (Security) SecTrustReportNetworkingAnalytics
2026-07-27 05:11:21.731 A  app[14090:4fec59] (UIKitCore) send control actions
2026-07-27 05:11:21.732 Df app[14090:4feeb7] [com.apple.securityd:SecError] SecTrustReportNetworkingAnalytics failed with error: -4
2026-07-27 05:11:21.732 Df app[14090:4ff5ab] [com.apple.CFNetwork:Default] Connection 14: starting, TC(0x0)
2026-07-27 05:11:21.732 Df app[14090:4ff5ab] [com.apple.network:connection] [C14 72FE2768-7D5A-48F9-B2B1-03C0A08F69FE IPv4#b3f93a8a:9 tcp, url: http://127.0.0.1:9/public/mobile-policy, definite, attribution: developer, context: com.apple.CFNetwork.NSURLSession.{37F3A67C-5814-4CBF-A224-2789EA56CC66}{(null)}{Y}{2}{0x0} (private), proc: 015000E2-DAB9-340B-9C50-1DE21DB3B06A, delegated upid: 0] start
2026-07-27 05:11:21.732 Df app[14090:4ff5ab] [com.apple.network:connection] [C14 IPv4#b3f93a8a:9 initial parent-flow ((null))] event: path:start @0.000s
2026-07-27 05:11:21.732 Df app[14090:4ff5ab] [com.apple.network:connection] [C14 IPv4#b3f93a8a:9 waiting parent-flow (satisfied (Path is satisfied), interface: lo0)] event: path:satisfied @0.000s, uuid: 780A2987-8D53-4F68-9793-4DC2D0E074AC
2026-07-27 05:11:21.732 Df app[14090:4ff5ab] [com.apple.network:connection] [C14 IPv4#b3f93a8a:9 in_progress socket-flow (satisfied (Path is satisfied), interface: lo0)] event: flow:start_connect @0.000s
2026-07-27 05:11:21.732 Df app[14090:4ff5ab] [com.apple.network:connection] nw_connection_report_state_with_handler_on_nw_queue [C14] reporting state preparing
2026-07-27 05:11:21.732 Df app[14090:4ff5ab] [com.apple.CFNetwork:Default] Task <7E83AC64-0270-4753-8351-E39AD10CB419>.<3> setting up Connection 14
2026-07-27 05:11:21.732 Df app[14090:4ff5ab] [com.apple.network:connection] nw_socket_handle_socket_event [C14:2] Socket received CONNRESET event
2026-07-27 05:11:21.732 Df app[14090:4ff5ab] [com.apple.network:connection] nw_socket_handle_socket_event [C14:2] Socket received DISCONNECTED event
2026-07-27 05:11:21.732 E  app[14090:4ff5ab] [com.apple.network:connection] nw_socket_handle_socket_event [C14:2] Socket SO_ERROR [61: Connection refused]
2026-07-27 05:11:21.733 E  app[14090:4ff5ab] [com.apple.network:connection] nw_endpoint_flow_failed_with_error [C14 IPv4#b3f93a8a:9 in_progress socket-flow (satisfied (Path is satisfied), interface: lo0)] already failing, returning
2026-07-27 05:11:21.733 Df app[14090:4ff5ab] [com.apple.network:connection] [C14 IPv4#b3f93a8a:9 failed socket-flow (satisfied (Path is satisfied), interface: lo0)] event: flow:failed_connect @0.000s, error Connection refused
2026-07-27 05:11:21.733 Df app[14090:4ff5ab] [com.apple.network:connection] nw_connection_report_state_with_handler_on_nw_queue [C14] reporting state failed error Connection refused
2026-07-27 05:11:21.733 E  app[14090:4ff5ab] [com.apple.CFNetwork:Default] Connection 14: received failure notification
2026-07-27 05:11:21.733 E  app[14090:4ff5ab] [com.apple.CFNetwork:Default] Connection 14: failed to connect 1:61, reason -1
2026-07-27 05:11:21.733 E  app[14090:4ff5ab] [com.apple.CFNetwork:Default] Connection 14: encountered error(1:61)
2026-07-27 05:11:21.733 Df app[14090:4ff5ab] [com.apple.CFNetwork:Default] Connection 14: cleaning up
2026-07-27 05:11:21.733 Df app[14090:4ff5ab] [com.apple.CFNetwork:Summary] Connection 14: summary for unused connection {protocol="(null)", domain_lookup_duration_ms=0, connect_duration_ms=0, secure_connection_duration_ms=0, private_relay=false, idle_duration_ms=0}
2026-07-27 05:11:21.733 Df app[14090:4ff5ab] [com.apple.network:connection] [C14 72FE2768-7D5A-48F9-B2B1-03C0A08F69FE IPv4#b3f93a8a:9 tcp, url: http://127.0.0.1:9/public/mobile-policy, definite, attribution: developer] cancel
2026-07-27 05:11:21.733 E  app[14090:4ff5ab] [com.apple.network:connection] nw_connection_copy_protocol_metadata_internal_block_invoke [C14] Client called nw_connection_copy_protocol_metadata_internal on unconnected nw_connection
2026-07-27 05:11:21.733 E  app[14090:4ff5ab] [com.apple.network:connection] nw_connection_copy_protocol_metadata_internal_block_invoke [C14] Client called nw_connection_copy_protocol_metadata_internal on unconnected nw_connection
2026-07-27 05:11:21.733 E  app[14090:4ff5ab] [com.apple.network:connection] nw_connection_copy_connected_local_endpoint_block_invoke [C14] Client called nw_connection_copy_connected_local_endpoint on unconnected nw_connection
2026-07-27 05:11:21.733 E  app[14090:4ff5ab] [com.apple.network:connection] nw_connection_copy_connected_remote_endpoint_block_invoke [C14] Client called nw_connection_copy_connected_remote_endpoint on unconnected nw_connection
2026-07-27 05:11:21.733 Df app[14090:4ff5ab] [com.apple.network:connection] [C14 72FE2768-7D5A-48F9-B2B1-03C0A08F69FE IPv4#b3f93a8a:9 tcp, url: http://127.0.0.1:9/public/mobile-policy, definite, attribution: developer] cancelled
	[C14 780A2987-8D53-4F68-9793-4DC2D0E074AC <NULL><-><NULL>]
	Connected Path: (null)
	Privacy Stance: Not Eligible
	Duration: 0.001s, TCP @0.000s took 0.000s
2026-07-27 05:11:21.734 Df app[14090:4ff5ab] [com.apple.network:connection] nw_connection_report_state_with_handler_on_nw_queue [C14] reporting state cancelled error Connection refused
2026-07-27 05:11:21.734 A  app[14090:4feeb7] (Security) SecTrustReportNetworkingAnalytics
2026-07-27 05:11:21.734 Df app[14090:4ff5ab] [com.apple.CFNetwork:Default] Task <7E83AC64-0270-4753-8351-E39AD10CB419>.<3> can retry(N) with reason(2) for error [1:61]
2026-07-27 05:11:21.734 E  app[14090:4fecff] [com.apple.CFNetwork:Default] Task <7E83AC64-0270-4753-8351-E39AD10CB419>.<3> HTTP load failed, 0/0 bytes (error code: -1004 [1:61])
2026-07-27 05:11:21.734 Df app[14090:4fecff] [com.apple.CFNetwork:Summary] Task <7E83AC64-0270-4753-8351-E39AD10CB419>.<3> summary for task failure {transaction_duration_ms=3, response_status=-1, connection=14, reused=1, reused_after_ms=0, request_start_ms=0, request_duration_ms=0, response_start_ms=0, response_duration_ms=0, request_bytes=0, request_throughput_kbps=0, response_bytes=0, response_throughput_kbps=0, cache_hit=false}
2026-07-27 05:11:21.734 E  app[14090:4fecff] [com.apple.CFNetwork:Default] Task <7E83AC64-0270-4753-8351-E39AD10CB419>.<3> finished with error [-1004] Error Domain=NSURLErrorDomain Code=-1004 "서버에 연결할 수 없습니다." UserInfo={_kCFStreamErrorCodeKey=61, NSUnderlyingError=0x125a15e90 {Error Domain=kCFErrorDomainCFNetwork Code=-1004 "(null)" UserInfo={_NSURLErrorNWPathKey=satisfied (Path is satisfied), interface: lo0, _kCFStreamErrorCodeKey=61, _kCFStreamErrorDomainKey=1}}, _NSURLErrorFailingURLSessionTaskErrorKey=LocalDataTask <7E83AC64-0270-4753-8351-E39AD10CB419>.<3>, _NSURLErrorRelatedURLSessionTaskErrorKey=(
    "LocalDataTask <7E83AC64-0270-4753-8351-E39AD10CB419>.<3>"
), NSLocalizedDescription=서버에 연결할 수 없습니다., NSErrorFailingURLStringKey=http://127.0.0.1:9/public/mobile-policy?platform=ios&environment=test&appVersion=1.1.2&buildNumber=4&apiContractVersion=1, NSErrorFailingURLKey=http://127.0.0.1:9/public/mobile-policy?platform=ios&environment=test&appVersion=1.1.2&buildNumber=4&apiContractVersion=1, _kCFStreamErrorDomainKey=1}
2026-07-27 05:11:21.734 Df app[14090:4ff5ab] [com.apple.CFNetwork:Summary] Task <23F42E80-45B8-4BBA-AEC1-48C5C0B176DB>.<2> summary for task failure {transaction_duration_ms=5, response_status=-1, cache_hit=false}
2026-07-27 05:11:21.735 E  app[14090:4ff5ab] [com.apple.CFNetwork:Default] Task <23F42E80-45B8-4BBA-AEC1-48C5C0B176DB>.<2> finished with error [-1004] Error Domain=NSURLErrorDomain Code=-1004 "서버에 연결할 수 없습니다." UserInfo={_kCFStreamErrorCodeKey=61, NSUnderlyingError=0x125a15e90 {Error Domain=kCFErrorDomainCFNetwork Code=-1004 "(null)" UserInfo={_NSURLErrorNWPathKey=satisfied (Path is satisfied), interface: lo0, _kCFStreamErrorCodeKey=61, _kCFStreamErrorDomainKey=1}}, _NSURLErrorFailingURLSessionTaskErrorKey=LocalDataTask <23F42E80-45B8-4BBA-AEC1-48C5C0B176DB>.<2>, _NSURLErrorRelatedURLSessionTaskErrorKey=(
    "LocalDataTask <23F42E80-45B8-4BBA-AEC1-48C5C0B176DB>.<2>",
    "LocalDataTask <7E83AC64-0270-4753-8351-E39AD10CB419>.<3>"
), NSLocalizedDescription=서버에 연결할 수 없습니다., NSErrorFailingURLStringKey=http://127.0.0.1:9/public/mobile-policy?platform=ios&environment=test&appVersion=1.1.2&buildNumber=4&apiContractVersion=1, NSErrorFailingURLKey=http://127.0.0.1:9/public/mobile-policy?platform=ios&environment=test&appVersion=1.1.2&buildNumber=4&apiC
2026-07-27 05:11:21.735 Df app[14090:4feeb7] [com.apple.securityd:SecError] SecTrustReportNetworkingAnalytics failed with error: -4
2026-07-27 05:11:21.770 Df app[14090:4fecff] [com.apple.UserNotifications:Connections] [com.mediology.sinsin-care] Removing all pending notification requests
2026-07-27 05:11:21.772 Df app[14090:4fecff] [com.apple.xpc:connection] [0x105615f40] activating connection: mach=true listener=false peer=false name=com.apple.usernotifications.listener
2026-07-27 05:11:21.775 Df app[14090:4fec59] [com.apple.UIKit:KeyboardSceneDelegate] Reloading input views for key-window scene responder: <UITextField: 0x1059c8500; frame = (0 0; 0 0); hidden = YES; opaque = NO; > force:N
2026-07-27 05:11:21.776 Df app[14090:4fec59] [com.apple.UIKit:KeyboardSceneDelegate] _reloadInputViewsForKeyWindowSceneResponder: 1 force: 0, fromBecomeFirstResponder: 1 (automaticKeyboard: 1, reloadIdentifier: 79C6D070-11F8-46AA-A364-FA9C978819F1)
2026-07-27 05:11:21.776 Df app[14090:4fec59] [com.apple.UIKit:KeyboardSceneDelegate] _inputViewsForResponder: <UITextField: 0x1059c8500; frame = (0 0; 0 0); hidden = YES; opaque = NO; >, automaticKeyboard: 1, force: 0
2026-07-27 05:11:21.777 Df app[14090:4fec59] [com.apple.UIKit:KeyboardSceneDelegate] _inputViewsForResponder, found custom inputView: <(null): 0x0>, customInputViewController: <(null): 0x0>
2026-07-27 05:11:21.777 Df app[14090:4fec59] [com.apple.UIKit:KeyboardSceneDelegate] _inputViewsForResponder, found inputAccessoryView: <(null): 0x0>
2026-07-27 05:11:21.777 Df app[14090:4fec59] [com.apple.UIKit:KeyboardSceneDelegate] _inputViewsForResponder, responderRequiresKeyboard 1 (automaticKeyboardEnabled: 1, activeInstance: <(null): 0x0>, self.isOnScreen: 0, requiresKBWhenFirstResponder: 1)
2026-07-27 05:11:21.777 Df app[14090:4fec59] [com.apple.UIKit:KeyboardSceneDelegate] _inputViewsForResponder, useKeyboard 1 (allowsSystemInputView: 1, !inputView <(null): 0x0>, responderRequiresKeyboard 1)
2026-07-27 05:11:21.864 Df app[14090:4fec59] [com.apple.UIKit:KeyboardSceneDelegate] _inputViewsForResponder, found assistantVC: <UISystemInputAssistantViewController: 0x1059c8f00; frame = {{0, 0}, {0, 0}}> (should suppress: 0, _dontNeed: 0)
2026-07-27 05:11:21.864 Df app[14090:4fec59] [com.apple.UIKit:KeyboardSceneDelegate] _inputViewsForResponder, configuring _responderWithoutAutomaticAppearanceEnabled: <(null): 0x0> (_automaticAppearEnabled: 1)
2026-07-27 05:11:21.869 Df app[14090:4fec59] [com.apple.UIKit:KeyboardUI] -[_UIKeyboardStateManager initWithPresentationDelegateView:forCustomInputView:] UIDevice.currentDevice._hardwareKeyboardAvailable = YES
2026-07-27 05:11:21.869 Df app[14090:4fec59] [com.apple.BackBoard:Keyboard] Activating connection to server: (null)
2026-07-27 05:11:21.869 Df app[14090:4fec59] [com.apple.BackBoard:Keyboard] server remote target <BSXPCServiceConnectionProxy<BKSKeyboardServiceClientToServerIPC>: 0x10550f1e0>
2026-07-27 05:11:21.870 Df app[14090:4fec59] [com.apple.BackBoard:Keyboard] currently observing: YES
2026-07-27 05:11:21.870 Df app[14090:4fec59] [com.apple.BackBoard:Keyboard] connected: (
    "<BKSHIDKeyboardDevice: 0x105a1d600> {\134n    senderID: 0xACEFADE00000003;\134n    transport: <nil>;\134n    language: <nil>;\134n    layout: US;\134n    countryCode: 0;\134n    standardType: 4294967295;\134n    subinterfaceID: 0;\134n    capsLockKeyHasLanguageSwitchLabel: NO;\134n    globeKeyLabelHasGlobeSymbol: NO;\134n}"
)
2026-07-27 05:11:21.870 Df app[14090:4fec59] [com.apple.BackBoard:Keyboard] currently observing: NO
2026-07-27 05:11:21.870 Df app[14090:4fec59] [com.apple.BackBoard:Keyboard] disconnected: (
    "<BKSHIDKeyboardDevice: 0x105a1d600> {\134n    senderID: 0xACEFADE00000003;\134n    transport: <nil>;\134n    language: <nil>;\134n    layout: US;\134n    countryCode: 0;\134n    standardType: 4294967295;\134n    subinterfaceID: 0;\134n    capsLockKeyHasLanguageSwitchLabel: NO;\134n    globeKeyLabelHasGlobeSymbol: NO;\134n}"
)
2026-07-27 05:11:21.874 Df app[14090:4fec59] [com.apple.xpc:connection] [0x105805a40] activating connection: mach=true listener=false peer=false name=com.apple.TextInput
2026-07-27 05:11:21.875 Df app[14090:4fec59] [com.apple.BackBoard:Keyboard] currently observing: YES
2026-07-27 05:11:21.875 Df app[14090:4fec59] [com.apple.BackBoard:Keyboard] connected: (
    "<BKSHIDKeyboardDevice: 0x105a1f900> {\134n    senderID: 0xACEFADE00000003;\134n    transport: <nil>;\134n    language: <nil>;\134n    layout: US;\134n    countryCode: 0;\134n    standardType: 4294967295;\134n    subinterfaceID: 0;\134n    capsLockKeyHasLanguageSwitchLabel: NO;\134n    globeKeyLabelHasGlobeSymbol: NO;\134n}"
)
2026-07-27 05:11:21.876 Df app[14090:4fec59] [com.apple.BackBoard:Keyboard] currently observing: NO
2026-07-27 05:11:21.876 Df app[14090:4fec59] [com.apple.BackBoard:Keyboard] disconnected: (
    "<BKSHIDKeyboardDevice: 0x105a1f900> {\134n    senderID: 0xACEFADE00000003;\134n    transport: <nil>;\134n    language: <nil>;\134n    layout: US;\134n    countryCode: 0;\134n    standardType: 4294967295;\134n    subinterfaceID: 0;\134n    capsLockKeyHasLanguageSwitchLabel: NO;\134n    globeKeyLabelHasGlobeSymbol: NO;\134n}"
)
2026-07-27 05:11:21.876 Df app[14090:4fec59] [com.apple.BackBoard:Keyboard] currently observing: YES
2026-07-27 05:11:21.877 Df app[14090:4fec59] [com.apple.BackBoard:Keyboard] connected: (
    "<BKSHIDKeyboardDevice: 0x105a1ffc0> {\134n    senderID: 0xACEFADE00000003;\134n    transport: <nil>;\134n    language: <nil>;\134n    layout: US;\134n    countryCode: 0;\134n    standardType: 4294967295;\134n    subinterfaceID: 0;\134n    capsLockKeyHasLanguageSwitchLabel: NO;\134n    globeKeyLabelHasGlobeSymbol: NO;\134n}"
)
2026-07-27 05:11:21.877 Df app[14090:4fec59] [com.apple.BackBoard:Keyboard] currently observing: NO
2026-07-27 05:11:21.878 Df app[14090:4fec59] [com.apple.BackBoard:Keyboard] disconnected: (
    "<BKSHIDKeyboardDevice: 0x105a1ffc0> {\134n    senderID: 0xACEFADE00000003;\134n    transport: <nil>;\134n    language: <nil>;\134n    layout: US;\134n    countryCode: 0;\134n    standardType: 4294967295;\134n    subinterfaceID: 0;\134n    capsLockKeyHasLanguageSwitchLabel: NO;\134n    globeKeyLabelHasGlobeSymbol: NO;\134n}"
)
2026-07-27 05:11:21.884 Df app[14090:4fec59] [com.apple.UIKit:HardwareKeyboard] -[UIApplication GSKeyboardForHWLayout:senderID:forceRebuild:createIfNeeded:], New hardware layout is created with 2SetHangul layout and 0 standardType.
2026-07-27 05:11:21.885 Df app[14090:4fec59] [com.apple.BackBoard:Keyboard] currently observing: YES
2026-07-27 05:11:21.885 Df app[14090:4fec59] [com.apple.BackBoard:Keyboard] connected: (
    "<BKSHIDKeyboardDevice: 0x105a1f980> {\134n    senderID: 0xACEFADE00000003;\134n    transport: <nil>;\134n    language: <nil>;\134n    layout: 2SetHangul;\134n    countryCode: 0;\134n    standardType: 4294967295;\134n    subinterfaceID: 0;\134n    capsLockKeyHasLanguageSwitchLabel: NO;\134n    globeKeyLabelHasGlobeSymbol: NO;\134n}"
)
2026-07-27 05:11:21.885 Df app[14090:4fec59] [com.apple.BackBoard:Keyboard] currently observing: NO
2026-07-27 05:11:21.885 Df app[14090:4fec59] [com.apple.BackBoard:Keyboard] disconnected: (
    "<BKSHIDKeyboardDevice: 0x105a1f980> {\134n    senderID: 0xACEFADE00000003;\134n    transport: <nil>;\134n    language: <nil>;\134n    layout: 2SetHangul;\134n    countryCode: 0;\134n    standardType: 4294967295;\134n    subinterfaceID: 0;\134n    capsLockKeyHasLanguageSwitchLabel: NO;\134n    globeKeyLabelHasGlobeSymbol: NO;\134n}"
)
2026-07-27 05:11:21.918 Df app[14090:4fec59] [com.apple.BackBoard:Keyboard] currently observing: YES
2026-07-27 05:11:21.918 Df app[14090:4fec59] [com.apple.BackBoard:Keyboard] connected: (
    "<BKSHIDKeyboardDevice: 0x105a1cca0> {\134n    senderID: 0xACEFADE00000003;\134n    transport: <nil>;\134n    language: <nil>;\134n    layout: 2SetHangul;\134n    countryCode: 0;\134n    standardType: 4294967295;\134n    subinterfaceID: 0;\134n    capsLockKeyHasLanguageSwitchLabel: NO;\134n    globeKeyLabelHasGlobeSymbol: NO;\134n}"
)
2026-07-27 05:11:21.918 Df app[14090:4fec59] [com.apple.BackBoard:Keyboard] currently observing: NO
2026-07-27 05:11:21.918 Df app[14090:4fec59] [com.apple.BackBoard:Keyboard] disconnected: (
    "<BKSHIDKeyboardDevice: 0x105a1cca0> {\134n    senderID: 0xACEFADE00000003;\134n    transport: <nil>;\134n    language: <nil>;\134n    layout: 2SetHangul;\134n    countryCode: 0;\134n    standardType: 4294967295;\134n    subinterfaceID: 0;\134n    capsLockKeyHasLanguageSwitchLabel: NO;\134n    globeKeyLabelHasGlobeSymbol: NO;\134n}"
)
2026-07-27 05:11:21.920 A  app[14090:4fec59] (CoreFoundation) Updating Key-Value Observers Of Preferences
2026-07-27 05:11:21.921 Df app[14090:4fec59] [com.apple.UIKit:UIKBFeedbackGenerator] <_UIKBFeedbackGenerator: 0x102268a80>: Updating mode. Haptics: unsupported. Haptics: disabled. Ringer: on. Sound: enabled. Mode: audio only
2026-07-27 05:11:21.922 Df app[14090:4fec59] [com.apple.UIKit:KeyboardUI] -[UIKeyboard _initWithFrame:lazily:] Setting keyboard minimized = YES
2026-07-27 05:11:21.923 Df app[14090:4fec59] [com.apple.UIKit:KeyboardSceneDelegate] _inputViewsForResponder, useKeyboard ivs: <UIInputViewSet: 0x102268b40>
2026-07-27 05:11:21.925 Df app[14090:4fec59] [com.apple.UIKit:KeyboardSceneDelegate] _inputViewsForResponder returning: <<UIInputViewSet: 0x102268b40>; view = <_UIKBCompatInputView: 0x105493d40; frame = (0 0; 0 0); >; assistant = <TUISystemInputAssistantView: 0x1213f4f00; frame = (0 0; 0 0); hidden = YES; >; usesKeyClicks = NO;  >
2026-07-27 05:11:21.938 Df app[14090:4fec59] [com.apple.UIKit:TrackingElementWindowController] Change from input view set: (null)
2026-07-27 05:11:21.938 Df app[14090:4fec59] [com.apple.UIKit:TrackingElementWindowController] Change to input view set: (null)
2026-07-27 05:11:21.940 Df app[14090:4fec59] [com.apple.UIKit:KeyboardLayoutGuide] _moveGuideOffscreenAtEdge: 4
2026-07-27 05:11:21.940 Df app[14090:4fec59] [com.apple.UIKit:KeyboardLayoutGuide] changeOffsetConstants: offset is changing to {0, 0} [previous offset: {-1, -1}]
2026-07-27 05:11:21.940 Df app[14090:4fec59] [com.apple.UIKit:KeyboardLayoutGuide] changeSizingConstants: size is changing [not transitioning] to {402, 0} [previous size: {1, 0}]
2026-07-27 05:11:21.942 Df app[14090:4fec59] [com.apple.BackBoard:Keyboard] currently observing: YES
2026-07-27 05:11:21.943 Df app[14090:4fec59] [com.apple.BackBoard:Keyboard] connected: (
    "<BKSHIDKeyboardDevice: 0x102186260> {\134n    senderID: 0xACEFADE00000003;\134n    transport: <nil>;\134n    language: <nil>;\134n    layout: 2SetHangul;\134n    countryCode: 0;\134n    standardType: 4294967295;\134n    subinterfaceID: 0;\134n    capsLockKeyHasLanguageSwitchLabel: NO;\134n    globeKeyLabelHasGlobeSymbol: NO;\134n}"
)
2026-07-27 05:11:21.943 Df app[14090:4fec59] [com.apple.BackBoard:Keyboard] currently observing: NO
2026-07-27 05:11:21.943 Df app[14090:4fec59] [com.apple.BackBoard:Keyboard] disconnected: (
    "<BKSHIDKeyboardDevice: 0x102186260> {\134n    senderID: 0xACEFADE00000003;\134n    transport: <nil>;\134n    language: <nil>;\134n    layout: 2SetHangul;\134n    countryCode: 0;\134n    standardType: 4294967295;\134n    subinterfaceID: 0;\134n    capsLockKeyHasLanguageSwitchLabel: NO;\134n    globeKeyLabelHasGlobeSymbol: NO;\134n}"
)
2026-07-27 05:11:21.943 Df app[14090:4fec59] [com.apple.UIKit:InputSessionChange] -_teardownExistingDelegate:(nil) forSetDelegate:<UITextField: 0x1059c8500> force:NO delayEndInputSession:YES
2026-07-27 05:11:21.943 Df app[14090:4fec59] [com.apple.UIKit:InputSessionChange] endInputSession completion is disabled
2026-07-27 05:11:21.943 Df app[14090:4fec59] [com.apple.UIKit:KeyboardSceneDelegate] [Interface Orientation] was:Interface Unknown now:UIInterfaceOrientationPortrait reason:Using key window scene
2026-07-27 05:11:21.945 Df app[14090:4fec59] [com.apple.UIKit:SmartReply] Handling responseContextDidChange - existing: (null), new: (null)
2026-07-27 05:11:21.963 E  app[14090:4fec59] [com.apple.UIKit:UIFocus] UIKeyboardLayoutStar implements focusItemsInRect: - caching for linear focus movement is limited as long as this view is on screen.
2026-07-27 05:11:21.993 Df app[14090:4fec59] [com.apple.TextInputUI:DynamicKeyplaneView] <TUIKeyplaneView: 0x139c14400> changed keyplane size to {402, 216}; docked
2026-07-27 05:11:21.994 Df app[14090:4fec59] [com.apple.TextInputUI:DynamicKeyplaneView] Setting dynamic keyplane: Dynamic-Korean-Small_Small-Letters-Small-Display
2026-07-27 05:11:21.998 Df app[14090:4ff5ab] [com.apple.calls.callkit:Default] Call host has no calls
2026-07-27 05:11:22.022 A  app[14090:4fecf4] (Security) SecItemDelete_ios
2026-07-27 05:11:22.023 Df app[14090:4fecf4] [com.apple.securityd:thread-local-client-debug] SecSecurityClientGet new thread!
2026-07-27 05:11:22.024 A  app[14090:4fecf4] (Security) SecItemDelete_ios
2026-07-27 05:11:22.025 A  app[14090:4fecf4] (Security) SecItemDelete_ios
2026-07-27 05:11:22.025 Df app[14090:4fecff] [com.apple.TextInputUI:CandidateGeneration] -[TUIKeyboardCandidateMultiplexer installGeneratorForSource:]_block_invoke: Multiplexer is installing generator for source: 1
2026-07-27 05:11:22.026 Df app[14090:4fecff] [com.apple.TextInputUI:CandidateGeneration] -[TUIKeyboardCandidateMultiplexer installGeneratorForSource:]_block_invoke: Multiplexer is installing generator for source: 3
2026-07-27 05:11:22.026 A  app[14090:4fecf4] (Security) SecItemDelete_ios
2026-07-27 05:11:22.026 Df app[14090:4fec59] [com.apple.UIKit:KeyboardUI] Creating a new RTI client
2026-07-27 05:11:22.026 A  app[14090:4fecf4] (Security) SecItemDelete_ios
2026-07-27 05:11:22.027 Df app[14090:4fec59] [com.apple.BoardServices:XPCErrors] [C:3] Alloc com.apple.inputservice.input-ui-host
2026-07-27 05:11:22.027 Df app[14090:4fec59] [com.apple.xpc:connection] [0x1059c5040] activating connection: mach=false listener=false peer=false name=(anonymous)
2026-07-27 05:11:22.027 A  app[14090:4fecf4] (Security) SecItemDelete_ios
2026-07-27 05:11:22.028 Df app[14090:4fec59] [com.apple.UIKit:KeyboardUI] creating new AutofillUI connection
2026-07-27 05:11:22.029 Df app[14090:4fec59] [com.apple.xpc:connection] [0x1059c4dc0] activating connection: mach=true listener=false peer=false name=com.apple.rti-screencontinuity
2026-07-27 05:11:22.029 Df app[14090:4fec59] [com.apple.xpc:connection] [0x1059c4dc0] failed to do a bootstrap look-up: xpc_error=[3: No such process]
2026-07-27 05:11:22.030 Df app[14090:4fec59] [com.apple.xpc:connection] [0x1059c4dc0] invalidated after a failed init
2026-07-27 05:11:22.030 Df app[14090:4fecf4] [com.apple.RemoteTextInput:InputSessionChange] -[RTIInputSystemClient _configureConnection:withMachName:]_block_invoke_2  Client connection to service was invalidated: <NSXPCConnection: 0x139c29360> connection to service named com.apple.rti-screencontinuity
2026-07-27 05:11:22.030 Df app[14090:4fec59] [com.apple.RemoteTextInput:InputSessionChange] -[RTIInputSystemClient beginAllowingRemoteTextInput:]  Begin allowing remote text input: B378BF09-EE3B-4625-B38F-18A8AB8B3465
2026-07-27 05:11:22.030 Df app[14090:4fec59] [com.apple.RemoteTextInput:InputSessionChange] -[RTIInputSystemClient _modifyTextEditingAllowedForReason:notify:animated:modifyAllowancesBlock:completion:]  Text editing allowed did change (editingAllowedAfter = YES)
2026-07-27 05:11:22.035 Df app[14090:4fec59] [com.apple.xpc:connection] [0x1059c5400] activating connection: mach=true listener=false peer=false name=com.apple.pasteboard.pasted
2026-07-27 05:11:22.053 Df app[14090:4fec59] [com.apple.RemoteTextInput:InputSessionChange] -[RTIInputSystemClient _beginSessionWithID:forServices:force:]  Begin text input session. sessionID = B378BF09-EE3B-4625-B38F-18A8AB8B3465, options = <RTISessionOptions: 0x131ee4c00; shouldResign = NO; animated = YES; offscreenDirection = 0; enhancedWindowingModeEnabled = NO
2026-07-27 05:11:22.065 Df app[14090:4fec59] [com.apple.UIKit:KeyboardSceneDelegate] Reloading input views for key-window scene responder: <(null): 0x0; > force:N
2026-07-27 05:11:22.065 Df app[14090:4fec59] [com.apple.UIKit:KeyboardSceneDelegate] _reloadInputViewsForKeyWindowSceneResponder: 0 force: 0, fromBecomeFirstResponder: 0 (automaticKeyboard: 0, reloadIdentifier: AD75B08D-863F-47BB-B811-165F5127B5A4)
2026-07-27 05:11:22.065 Df app[14090:4fec59] [com.apple.UIKit:KeyboardSceneDelegate] _inputViewsForResponder: <(null): 0x0; >, automaticKeyboard: 0, force: 0
2026-07-27 05:11:22.065 Df app[14090:4fec59] [com.apple.UIKit:KeyboardSceneDelegate] _inputViewsForResponder, found custom inputView: <(null): 0x0>, customInputViewController: <(null): 0x0>
2026-07-27 05:11:22.065 Df app[14090:4fec59] [com.apple.UIKit:KeyboardSceneDelegate] _inputViewsForResponder, found inputAccessoryView: <(null): 0x0>
2026-07-27 05:11:22.065 Df app[14090:4fec59] [com.apple.UIKit:KeyboardSceneDelegate] _inputViewsForResponder, responderRequiresKeyboard 0 (automaticKeyboardEnabled: 0, activeInstance: <UIKeyboardAutomatic: 0x139bfdb80; frame = {{0, 0}, {0, 0}}; alpha = 1.000000; isHidden = 0; tAMIC = 0>, self.isOnScreen: 0, requiresKBWhenFirstResponder: 0)
2026-07-27 05:11:22.065 Df app[14090:4fec59] [com.apple.UIKit:KeyboardSceneDelegate] _inputViewsForResponder, useKeyboard 0 (allowsSystemInputView: 1, !inputView <(null): 0x0>, responderRequiresKeyboard 0)
2026-07-27 05:11:22.065 Df app[14090:4fec59] [com.apple.UIKit:KeyboardSceneDelegate] _inputViewsForResponder, configuring _responderWithoutAutomaticAppearanceEnabled: <(null): 0x0> (_automaticAppearEnabled: 1)
2026-07-27 05:11:22.065 Df app[14090:4fec59] [com.apple.UIKit:KeyboardSceneDelegate] _inputViewsForResponder, needsIVPlaceholder: 0, needsIAVPlaceholder: 0, needsInputSetWithPlaceholder: 0
2026-07-27 05:11:22.065 Df app[14090:4fec59] [com.apple.UIKit:KeyboardSceneDelegate] _inputViewsForResponder returning: <<UIInputViewSet: 0x139ce03c0>; (empty)>
2026-07-27 05:11:22.066 Df app[14090:4fec59] [com.apple.BackBoard:Keyboard] currently observing: YES
2026-07-27 05:11:22.066 Df app[14090:4fec59] [com.apple.BackBoard:Keyboard] connected: (
    "<BKSHIDKeyboardDevice: 0x131ee5700> {\134n    senderID: 0xACEFADE00000003;\134n    transport: <nil>;\134n    language: <nil>;\134n    layout: 2SetHangul;\134n    countryCode: 0;\134n    standardType: 4294967295;\134n    subinterfaceID: 0;\134n    capsLockKeyHasLanguageSwitchLabel: NO;\134n    globeKeyLabelHasGlobeSymbol: NO;\134n}"
)
2026-07-27 05:11:22.066 Df app[14090:4fec59] [com.apple.BackBoard:Keyboard] currently observing: NO
2026-07-27 05:11:22.066 Df app[14090:4fec59] [com.apple.BackBoard:Keyboard] disconnected: (
    "<BKSHIDKeyboardDevice: 0x131ee5700> {\134n    senderID: 0xACEFADE00000003;\134n    transport: <nil>;\134n    language: <nil>;\134n    layout: 2SetHangul;\134n    countryCode: 0;\134n    standardType: 4294967295;\134n    subinterfaceID: 0;\134n    capsLockKeyHasLanguageSwitchLabel: NO;\134n    globeKeyLabelHasGlobeSymbol: NO;\134n}"
)
2026-07-27 05:11:22.066 Df app[14090:4fec59] [com.apple.UIKit:InputSessionChange] -_teardownExistingDelegate:<UITextField: 0x1059c8500> forSetDelegate:(nil) force:NO delayEndInputSession:NO
2026-07-27 05:11:22.067 Df app[14090:4fecff] [com.apple.network:path] nw_path_evaluator_start [C3159558-5946-42FA-8120-278869D052F1 <NULL> generic, multipath service: handover, attribution: developer]
	path: satisfied (Path is satisfied), interface: en0[802.11], uses wifi, LQM: unknown
2026-07-27 05:11:22.067 Df app[14090:4fecff] [com.apple.xpc:connection] [0x1059c5a40] activating connection: mach=true listener=false peer=false name=com.apple.SystemConfiguration.NetworkInformation_sim
2026-07-27 05:11:22.069 Df app[14090:4fec59] [com.apple.RemoteTextInput:InputSessionChange] -[RTIInputSystemClient endRemoteTextInputSessionWithID:options:completion:]  Ending text input session. sessionID = B378BF09-EE3B-4625-B38F-18A8AB8B3465, options = <RTISessionOptions: 0x131ee5840; shouldResign = YES; animated = YES; offscreenDirection = 0; enhancedWindowingModeEnabled = NO
2026-07-27 05:11:22.069 Df app[14090:4fec59] [com.apple.RemoteTextInput:InputSessionChange] -[RTIInputSystemClient _endSessionWithID:forServices:options:completion:]  End input session: B378BF09-EE3B-4625-B38F-18A8AB8B3465
2026-07-27 05:11:22.070 Df app[14090:4fecff] [com.apple.network:path] nw_path_evaluator_cancel [C3159558-5946-42FA-8120-278869D052F1] cancel
2026-07-27 05:11:22.071 Df app[14090:4fec59] [com.apple.RemoteTextInput:InputSessionChange] -[RTIInputSystemClient endAllowingRemoteTextInput:completion:]  End allowing remote text input: B378BF09-EE3B-4625-B38F-18A8AB8B3465
2026-07-27 05:11:22.072 Df app[14090:4fec59] [com.apple.RemoteTextInput:InputSessionChange] -[RTIInputSystemClient _modifyTextEditingAllowedForReason:notify:animated:modifyAllowancesBlock:completion:]  Text editing allowed did change (editingAllowedAfter = NO)
2026-07-27 05:11:22.072 Df app[14090:4fec59] [com.apple.UIKit:SmartReply] Handling responseContextDidChange - existing: (null), new: (null)
2026-07-27 05:11:22.075 Df app[14090:4fec59] [com.apple.UIKit:UIPeripheralHost] endPlacementForInputViewSet: <<UIInputViewSet: 0x102268b40>; keyboard = <UIKeyboardAutomatic: 0x139bfdb80; frame = (0 0; 0 0); opaque = NO; layer = <CALayer: 0x1258175d0>>%; assistant = <TUISystemInputAssistantView: 0x1213f4f00; frame = (0 0; 0 0); hidden = YES; >; usesKeyClicks = NO;  (not visible)> windowScene: <UIWindowScene: 0x10231c200; role: UIWindowSceneSessionRoleApplication; persistentIdentifier: 6E797257-08E7-48F7-A749-DFECC04BF5BA; activationState: UISceneActivationStateForegroundActive>
2026-07-27 05:11:22.077 Df app[14090:4fec59] [com.apple.UIKit:KeyboardArbiterClientLog] -[_UIRemoteKeyboards prepareToMoveKeyboard:withIAV:isIAVRelevant:showing:notifyRemote:forScene:] position: {{0, 0}, {402, 0}} visible: 1; notifyRemote: 1; isMinimized: YES
2026-07-27 05:11:22.078 Df app[14090:4fec59] [com.apple.UIKit:InterfaceStyle] Should send trait collection or coordinate space update, interface style 1 -> 1, <_UIKeyboardWindowScene: 0x139cd8f00> (D445FD78-A951-4E9B-BFA9-A75A15432301)
2026-07-27 05:11:22.078 Df app[14090:4fec59] [com.apple.UIKit:InterfaceStyle] Should send trait collection or coordinate space update, interface style 1 -> 1, <_UIKeyboardWindowScene: 0x139cd8f00> (D445FD78-A951-4E9B-BFA9-A75A15432301)
2026-07-27 05:11:22.079 Df app[14090:4fec59] [com.apple.UIKit:HomeAffordanceObservation] Initializing: <_UIHomeAffordanceSceneNotifierProxy: 0x1212c7060>; with scene: <_UIKeyboardWindowScene: 0x139cd8f00>
2026-07-27 05:11:22.081 Df app[14090:4fec59] [com.apple.UIKit:InputWindowController] Change from input view set: (null)
2026-07-27 05:11:22.081 Df app[14090:4fec59] [com.apple.UIKit:InputWindowController] Change to input view set: (null)
2026-07-27 05:11:22.082 Df app[14090:4fec59] [com.apple.FrontBoard:SceneExtension] Realizing settings extension <_UIApplicationSceneDisplaySettings> on FBSSceneSettings
2026-07-27 05:11:22.083 Df app[14090:4fec59] [com.apple.UIKit:InputWindowController] Change from input view set: (null)
2026-07-27 05:11:22.083 Df app[14090:4fec59] [com.apple.UIKit:InputWindowController] Change to input view set: <<UIInputViewSet: 0x139ce06c0>; (empty)>
2026-07-27 05:11:22.109 Df app[14090:4fecf4] [com.apple.network:path] nw_path_evaluator_start [26637AB5-2D82-4C61-9EE8-4AA14C867D25 <NULL> generic, multipath service: handover, attribution: developer]
	path: satisfied (Path is satisfied), interface: en0[802.11], uses wifi, LQM: unknown
2026-07-27 05:11:22.111 Df app[14090:4fec59] [com.apple.UIKit:InputWindowController] updatePlacementWithPlacement: <UITrackingElementPlacementInitialPosition>
2026-07-27 05:11:22.116 Df app[14090:4fec59] [com.apple.runningboard:connection] Creating side-channel connection to com.apple.runningboard
2026-07-27 05:11:22.117 Df app[14090:4fec59] [com.apple.xpc:connection] [0x105999180] activating connection: mach=true listener=false peer=false name=com.apple.runningboard
2026-07-27 05:11:22.117 Df app[14090:4fec59] [com.apple.runningboard:process] Hit the server for a process handle 1092d70000370a that resolved to: [app<com.mediology.sinsin-care((null))>:14090]
2026-07-27 05:11:22.117 Df app[14090:4fec59] [com.apple.KeyboardArbiter:Client] prepareToMoveKeyboard: set currentKeyboard:Y
2026-07-27 05:11:22.118 Df app[14090:4fec59] [com.apple.KeyboardArbiter:Client] TX signalKeyboardChanged
2026-07-27 05:11:22.118 Df app[14090:4fec59] [com.apple.UIKit:KeyboardArbiterClientLog] -[_UIRemoteKeyboards signalToProxyKeyboardChanged:onCompletion:]  Signaling keyboard changed <<<_UIKeyboardChangedInformation: 0x139d54300>; appId (null) bundleId (null) animation fence <BKSAnimationFenceHandle:0x125a2eca0 -> <CAFenceHandle:0x1054ddab0 name=2 fence=1712e00000174 usable=YES>>; position {{0, 874}, {402, 0}}; animated YES; on screen YES; tracking NO; resizing NO; local NO, dock state: Unknown, hasValidNotif: NO>; source canvas com.apple.frontboard.systemappservices/FBSceneManager:sceneID%3Acom.mediology.sinsin-care-default; source display Main; source bundle com.mediology.sinsin-care; host bundle (null); animation fence <BKSAnimationFenceHandle:0x125a2eca0 -> <CAFenceHandle:0x1054ddab0 name=2 fence=1712e00000174 usable=YES>>; position {{0, 874}, {402, 0}} (with IAV same); floating 0; on screen YES;  intersectable YES; snapshot YES>
2026-07-27 05:11:22.118 Df app[14090:4fec59] [com.apple.KeyboardArbiter:Client] TX setWindowContextID:2918623851 windowState:Enabled level:0.0
    focusContext:<contextID:2740411328 sceneID:com.mediology.sinsin-care-default>
2026-07-27 05:11:22.118 Df app[14090:4fec59] [com.apple.UIKit:UIKeyboardExtended] Requesting scene for autofill UI
2026-07-27 05:11:22.118 Df app[14090:4fec59] [com.apple.UIKit:KeyboardVisualMode] Show keyboard with visual mode windowed (0)
2026-07-27 05:11:22.118 Df app[14090:4fec59] [com.apple.UIKit:InputWindowController] Setting input views: <<UIInputViewSet: 0x139ce0840>; keyboard = [uninitialized]; assistant = <TUISystemInputAssistantView: 0x1213f4f00; frame = (0 0; 0 0); hidden = YES; >; usesKeyClicks = NO;  (not visible)>
2026-07-27 05:11:22.142 Df app[14090:4fec59] [com.apple.UIKit:UIPeripheralHost] endPlacementForInputViewSet: <<UIInputViewSet: 0x139ce0840>; keyboard = <UIKeyboardAutomatic: 0x139bfdb80; frame = (0 0; 0 0); opaque = NO; layer = <CALayer: 0x1258175d0>>%; assistant = <TUISystemInputAssistantView: 0x1213f4f00; frame = (0 0; 0 0); hidden = YES; >; usesKeyClicks = NO;  (not visible)> windowScene: <_UIKeyboardWindowScene: 0x139cd8f00; role: _UIScreenBasedSceneSession; persistentIdentifier: D445FD78-A951-4E9B-BFA9-A75A15432301; activationState: UISceneActivationStateForegroundActive>
2026-07-27 05:11:22.143 Df app[14090:4fec59] [com.apple.UIKit:InputWindowController] Moving from placement: <UITrackingElementPlacementInitialPosition> to placement: <UIInputViewSetPlacementOffScreenDown> (currentPlacement: <UITrackingElementPlacementInitialPosition>)
2026-07-27 05:11:22.143 Df app[14090:4fec59] [com.apple.UIKit:InputWindowController] Change from input view set: <<UIInputViewSet: 0x139ce06c0>; (empty)>
2026-07-27 05:11:22.143 Df app[14090:4fec59] [com.apple.UIKit:InputWindowController] Change to input view set: <<UIInputViewSet: 0x139ce0840>; keyboard = <UIKeyboardAutomatic: 0x139bfdb80; frame = (0 0; 0 0); opaque = NO; layer = <CALayer: 0x1258175d0>>%; assistant = <TUISystemInputAssistantView: 0x1213f4f00; frame = (0 0; 0 0); hidden = YES; >; usesKeyClicks = NO;  (not visible)>
2026-07-27 05:11:22.190 A  app[14090:4fecf4] (RunningBoardServices) didChangeInheritances
2026-07-27 05:11:22.200 Df app[14090:4fec59] [com.apple.UIKit:UIPeripheralHost] endPlacementForInputViewSet: <<UIInputViewSet: 0x139ce0840>; keyboard = <UIKeyboardAutomatic: 0x139bfdb80; frame = (0 0; 0 0); opaque = NO; layer = <CALayer: 0x1258175d0>>%; assistant = <TUISystemInputAssistantView: 0x1213f4f00; frame = (0 0; 0 0); hidden = YES; >; usesKeyClicks = NO;  (not visible)> windowScene: <_UIKeyboardWindowScene: 0x139cd8f00; role: _UIScreenBasedSceneSession; persistentIdentifier: D445FD78-A951-4E9B-BFA9-A75A15432301; activationState: UISceneActivationStateForegroundActive>
2026-07-27 05:11:22.200 Df app[14090:4fec59] [com.apple.UIKit:UIPeripheralHost] endPlacementForInputViewSet: <<UIInputViewSet: 0x139ce0840>; keyboard = <UIKeyboardAutomatic: 0x139bfdb80; frame = (0 0; 0 0); opaque = NO; layer = <CALayer: 0x1258175d0>>%; assistant = <TUISystemInputAssistantView: 0x1213f4f00; frame = (0 0; 0 0); hidden = YES; >; usesKeyClicks = NO;  (not visible)> windowScene: <_UIKeyboardWindowScene: 0x139cd8f00; role: _UIScreenBasedSceneSession; persistentIdentifier: D445FD78-A951-4E9B-BFA9-A75A15432301; activationState: UISceneActivationStateForegroundActive>
2026-07-27 05:11:22.200 Df app[14090:4fec59] [com.apple.UIKit:UIPeripheralHost] endPlacementForInputViewSet: <<UIInputViewSet: 0x139ce0840>; keyboard = <UIKeyboardAutomatic: 0x139bfdb80; frame = (0 0; 0 0); opaque = NO; layer = <CALayer: 0x1258175d0>>%; assistant = <TUISystemInputAssistantView: 0x1213f4f00; frame = (0 0; 0 0); hidden = YES; >; usesKeyClicks = NO;  (not visible)> windowScene: <_UIKeyboardWindowScene: 0x139cd8f00; role: _UIScreenBasedSceneSession; persistentIdentifier: D445FD78-A951-4E9B-BFA9-A75A15432301; activationState: UISceneActivationStateForegroundActive>
2026-07-27 05:11:22.200 Df app[14090:4fec59] [com.apple.UIKit:UIPeripheralHost] endPlacementForInputViewSet: <<UIInputViewSet: 0x139ce0840>; keyboard = <UIKeyboardAutomatic: 0x139bfdb80; frame = (0 0; 0 0); opaque = NO; layer = <CALayer: 0x1258175d0>>%; assistant = <TUISystemInputAssistantView: 0x1213f4f00; frame = (0 0; 0 0); hidden = YES; >; usesKeyClicks = NO;  (not visible)> windowScene: <_UIKeyboardWindowScene: 0x139cd8f00; role: _UIScreenBasedSceneSession; persistentIdentifier: D445FD78-A951-4E9B-BFA9-A75A15432301; activationState: UISceneActivationStateForegroundActive>
2026-07-27 05:11:22.204 Df app[14090:4fec59] [com.apple.UIKit:UIPeripheralHost] endPlacementForInputViewSet: <<UIInputViewSet: 0x139ce0840>; keyboard = <UIKeyboardAutomatic: 0x139bfdb80; frame = (0 0; 0 0); opaque = NO; layer = <CALayer: 0x1258175d0>>%; assistant = <TUISystemInputAssistantView: 0x1213f4f00; frame = (0 0; 0 0); hidden = YES; >; usesKeyClicks = NO;  (not visible)> windowScene: <_UIKeyboardWindowScene: 0x139cd8f00; role: _UIScreenBasedSceneSession; persistentIdentifier: D445FD78-A951-4E9B-BFA9-A75A15432301; activationState: UISceneActivationStateForegroundActive>
2026-07-27 05:11:22.204 Df app[14090:4fec59] [com.apple.UIKit:UIPeripheralHost] endPlacementForInputViewSet: <<UIInputViewSet: 0x139ce0840>; keyboard = <UIKeyboardAutomatic: 0x139bfdb80; frame = (0 0; 0 0); opaque = NO; layer = <CALayer: 0x1258175d0>>%; assistant = <TUISystemInputAssistantView: 0x1213f4f00; frame = (0 0; 0 0); hidden = YES; >; usesKeyClicks = NO;  (not visible)> windowScene: <_UIKeyboardWindowScene: 0x139cd8f00; role: _UIScreenBasedSceneSession; persistentIdentifier: D445FD78-A951-4E9B-BFA9-A75A15432301; activationState: UISceneActivationStateForegroundActive>
2026-07-27 05:11:22.204 Df app[14090:4fec59] [com.apple.UIKit:UIPeripheralHost] endPlacementForInputViewSet: <<UIInputViewSet: 0x139ce0840>; keyboard = <UIKeyboardAutomatic: 0x139bfdb80; frame = (0 0; 0 0); opaque = NO; layer = <CALayer: 0x1258175d0>>%; assistant = <TUISystemInputAssistantView: 0x1213f4f00; frame = (0 0; 0 0); hidden = YES; >; usesKeyClicks = NO;  (not visible)> windowScene: <_UIKeyboardWindowScene: 0x139cd8f00; role: _UIScreenBasedSceneSession; persistentIdentifier: D445FD78-A951-4E9B-BFA9-A75A15432301; activationState: UISceneActivationStateForegroundActive>
2026-07-27 05:11:22.204 Df app[14090:4fec59] [com.apple.UIKit:UIPeripheralHost] endPlacementForInputViewSet: <<UIInputViewSet: 0x139ce0840>; keyboard = <UIKeyboardAutomatic: 0x139bfdb80; frame = (0 0; 0 0); opaque = NO; layer = <CALayer: 0x1258175d0>>%; assistant = <TUISystemInputAssistantView: 0x1213f4f00; frame = (0 0; 0 0); hidden = YES; >; usesKeyClicks = NO;  (not visible)> windowScene: <_UIKeyboardWindowScene: 0x139cd8f00; role: _UIScreenBasedSceneSession; persistentIdentifier: D445FD78-A951-4E9B-BFA9-A75A15432301; activationState: UISceneActivationStateForegroundActive>
2026-07-27 05:11:22.215 Df app[14090:4fec59] [com.apple.UIKit:InputWindowController] moveFromPlacement, updated placements from: <UITrackingElementPlacementInitialPosition>, to: <UIInputViewSetPlacementOffScreenDown>
2026-07-27 05:11:22.215 Df app[14090:4fec59] [com.apple.UIKit:InputWindowController] chainPlacementsIfNecessaryFrom, from: <UITrackingElementPlacementInitialPosition>, to: <UIInputViewSetPlacementOffScreenDown> transition: <UIInputViewPlacementTransition: 0x139d228a0>
2026-07-27 05:11:22.215 Df app[14090:4fec59] [com.apple.UIKit:InputWindowController] updatePlacementWithPlacement: <UIInputViewSetPlacementOffScreenDown>
2026-07-27 05:11:22.216 Df app[14090:4fec59] [com.apple.UIKit:UIPeripheralHost] endPlacementForInputViewSet: <<UIInputViewSet: 0x139ce0840>; keyboard = <UIKeyboardAutomatic: 0x139bfdb80; frame = (0 0; 402 233); opaque = NO; layer = <CALayer: 0x1258175d0>>%; assistant = <TUISystemInputAssistantView: 0x1213f4f00; frame = (0 0; 402 0); hidden = YES; >; usesKeyClicks = NO;  (not visible)> windowScene: <_UIKeyboardWindowScene: 0x139cd8f00; role: _UIScreenBasedSceneSession; persistentIdentifier: D445FD78-A951-4E9B-BFA9-A75A15432301; activationState: UISceneActivationStateForegroundActive>
2026-07-27 05:11:22.218 Df app[14090:4fec59] [com.apple.UIKit:UIPeripheralHost] endPlacementForInputViewSet: <<UIInputViewSet: 0x139ce0840>; keyboard = <UIKeyboardAutomatic: 0x139bfdb80; frame = (0 0; 402 233); opaque = NO; layer = <CALayer: 0x1258175d0>>%; assistant = <TUISystemInputAssistantView: 0x1213f4f00; frame = (0 0; 402 0); hidden = YES; >; usesKeyClicks = NO;  (not visible)> windowScene: <_UIKeyboardWindowScene: 0x139cd8f00; role: _UIScreenBasedSceneSession; persistentIdentifier: D445FD78-A951-4E9B-BFA9-A75A15432301; activationState: UISceneActivationStateForegroundActive>
2026-07-27 05:11:22.285 Df app[14090:4fec59] [com.apple.UIKit:UIPeripheralHost] endPlacementForInputViewSet: <<UIInputViewSet: 0x139ce0840>; keyboard = <UIKeyboardAutomatic: 0x139bfdb80; frame = (0 0; 402 233); opaque = NO; layer = <CALayer: 0x1258175d0>>%; assistant = <TUISystemInputAssistantView: 0x1213f4f00; frame = (0 0; 402 0); hidden = YES; >; usesKeyClicks = NO;  (not visible)> windowScene: <_UIKeyboardWindowScene: 0x139cd8f00; role: _UIScreenBasedSceneSession; persistentIdentifier: D445FD78-A951-4E9B-BFA9-A75A15432301; activationState: UISceneActivationStateForegroundActive>
2026-07-27 05:11:22.285 Df app[14090:4fec59] [com.apple.UIKit:UIPeripheralHost] endPlacementForInputViewSet: <<UIInputViewSet: 0x139ce0840>; keyboard = <UIKeyboardAutomatic: 0x139bfdb80; frame = (0 0; 402 233); opaque = NO; layer = <CALayer: 0x1258175d0>>%; assistant = <TUISystemInputAssistantView: 0x1213f4f00; frame = (0 0; 402 0); hidden = YES; >; usesKeyClicks = NO;  (not visible)> windowScene: <_UIKeyboardWindowScene: 0x139cd8f00; role: _UIScreenBasedSceneSession; persistentIdentifier: D445FD78-A951-4E9B-BFA9-A75A15432301; activationState: UISceneActivationStateForegroundActive>
2026-07-27 05:11:22.292 Df app[14090:4fec59] [com.apple.UIKit:InputWindowController] Tracking provider: moveFromPlacement: <UITrackingElementPlacementInitialPosition> toPlacement: <UIInputViewSetPlacementOffScreenDown> update to: {{0, 874}, {402, 233}}
2026-07-27 05:11:22.292 Df app[14090:4fec59] [com.apple.UIKit:KeyboardSceneDelegate] KeyboardTrackingCoordinator: Creating tracking provider for <_UIKeyboardWindowScene: 0x139cd8f00; role: _UIScreenBasedSceneSession; persistentIdentifier: D445FD78-A951-4E9B-BFA9-A75A15432301; activationState: UISceneActivationStateForegroundActive>
2026-07-27 05:11:22.294 Df app[14090:4fec59] [com.apple.UIKit:KeyboardSceneDelegate] KeyboardTrackingCoordinator: Creating tracking coordinator for <UIWindowScene: 0x10231c200; role: UIWindowSceneSessionRoleApplication; persistentIdentifier: 6E797257-08E7-48F7-A749-DFECC04BF5BA; activationState: UISceneActivationStateForegroundActive>
2026-07-27 05:11:22.294 Df app[14090:4fec59] [com.apple.TextInputUI:KeyboardTrackingCoordinator] Updating tracking clients for start <TUIKeyboardTrackingCoordinator:0x105981900 state=<TUIKeyboardState: 0x139d6ba80 State: offscreen; is docked>; frame={{0, 874}, {402, 233}}; animation=<TUIKeyboardAnimationInfo: 0x1259242c0, duration: 0.38, from local keyboard, is not rotating, should animate, type: 0, notificationInfo: {
    UIKeyboardAnimationCurveUserInfoKey = 7;
    UIKeyboardAnimationDurationUserInfoKey = "0.3833";
    UIKeyboardBoundsUserInfoKey = "NSRect: {{0, 0}, {402, 233}}";
    UIKeyboardCenterBeginUserInfoKey = "NSPoint: {201, 990.5}";
    UIKeyboardCenterEndUserInfoKey = "NSPoint: {201, 990.5}";
    UIKeyboardFrameBeginUserInfoKey = "NSRect: {{0, 874}, {402, 233}}";
    UIKeyboardFrameEndUserInfoKey = "NSRect: {{0, 874}, {402, 233}}";
    UIKeyboardIsLocalUserInfoKey = 1;
}notificationsDebug: >>
2026-07-27 05:11:22.295 Df app[14090:4fec59] [com.apple.UIKit:KeyboardLayoutGuide] changeSizingConstants: size is changing [not transitioning] to {402, 0} [previous size: {1, 0}]
2026-07-27 05:11:22.295 Df app[14090:4fec59] [com.apple.UIKit:KeyboardLayoutGuide] changeOffsetConstants: offset is changing to {0, 0} [previous offset: {-1, -1}]
2026-07-27 05:11:22.296 Df app[14090:4fec59] [com.apple.UIKit:TrackingElementWindowController] Setting tracking element input views: <<UIInputViewSet: 0x139ce0900>; keyboard = [uninitialized]; usesKeyClicks = NO;  (not visible)>
2026-07-27 05:11:22.296 Df app[14090:4fec59] [com.apple.UIKit:UIPeripheralHost] endPlacementForInputViewSet: <<UIInputViewSet: 0x139ce0900>; keyboard = <UIKeyboardAutomatic: 0x139bfdb80; frame = (0 0; 402 233); opaque = NO; layer = <CALayer: 0x1258175d0>>%; usesKeyClicks = NO;  (not visible)> windowScene: <UIWindowScene: 0x10231c200; role: UIWindowSceneSessionRoleApplication; persistentIdentifier: 6E797257-08E7-48F7-A749-DFECC04BF5BA; activationState: UISceneActivationStateForegroundActive>
2026-07-27 05:11:22.297 Df app[14090:4fec59] [com.apple.UIKit:TrackingElementWindowController] Moving from placement: <UITrackingElementPlacementInitialPosition> to placement: <UIInputViewSetPlacementOffScreenDown> (currentPlacement: <UITrackingElementPlacementInitialPosition>)
2026-07-27 05:11:22.298 Df app[14090:4fec59] [com.apple.UIKit:TrackingElementWindowController] updatePlacementWithPlacement: <UIInputViewSetPlacementOffScreenDown>
2026-07-27 05:11:22.298 Df app[14090:4fec59] [com.apple.UIKit:TrackingElementWindowController] Tracking provider: moveFromPlacement: <UITrackingElementPlacementInitialPosition> toPlacement: <UIInputViewSetPlacementOffScreenDown> update to {{0, 874}, {402, 0}}
2026-07-27 05:11:22.298 Df app[14090:4fec59] [com.apple.TextInputUI:KeyboardTrackingCoordinator] Updating tracking clients for start <TUIKeyboardTrackingCoordinator:0x105981900 state=<TUIKeyboardState: 0x139d6baa0 State: offscreen; is docked>; frame={{0, 874}, {402, 0}}; animation=<TUIKeyboardAnimationInfo: 0x125924600, duration: 0.00, from local keyboard, is not rotating, should not animate, type: 0, notificationInfo: {
    UIKeyboardAnimationCurveUserInfoKey = 7;
    UIKeyboardAnimationDurationUserInfoKey = 0;
    UIKeyboardBoundsUserInfoKey = "NSRect: {{0, 0}, {402, 0}}";
    UIKeyboardCenterBeginUserInfoKey = "NSPoint: {201, 437}";
    UIKeyboardCenterEndUserInfoKey = "NSPoint: {201, 874}";
    UIKeyboardFrameBeginUserInfoKey = "NSRect: {{201, 437}, {0, 0}}";
    UIKeyboardFrameEndUserInfoKey = "NSRect: {{0, 874}, {402, 0}}";
    UIKeyboardIsLocalUserInfoKey = 1;
}notificationsDebug: >>
2026-07-27 05:11:22.299 Df app[14090:4fec59] [com.apple.TextInputUI:KeyboardTrackingCoordinator] Posted notification willHide with {
    UIKeyboardAnimationCurveUserInfoKey = 7;
    UIKeyboardAnimationDurationUserInfoKey = 0;
    UIKeyboardBoundsUserInfoKey = "NSRect: {{0, 0}, {402, 0}}";
    UIKeyboardCenterBeginUserInfoKey = "NSPoint: {201, 437}";
    UIKeyboardCenterEndUserInfoKey = "NSPoint: {201, 874}";
    UIKeyboardFrameBeginUserInfoKey = "NSRect: {{201, 437}, {0, 0}}";
    UIKeyboardFrameEndUserInfoKey = "NSRect: {{0, 874}, {402, 0}}";
    UIKeyboardIsLocalUserInfoKey = 1;
} (null)
2026-07-27 05:11:22.299 Df app[14090:4fec59] [com.apple.KeyboardArbiter:Client] TX setWindowContextID:2918623851 windowState:Enabled level:0.0
    focusContext:<contextID:2740411328 sceneID:com.mediology.sinsin-care-default>
2026-07-27 05:11:22.299 Df app[14090:4fec59] [com.apple.UIKit:TrackingElementWindowController] Change from input view set: (null)
2026-07-27 05:11:22.299 Df app[14090:4fec59] [com.apple.UIKit:TrackingElementWindowController] Change to input view set: <<UIInputViewSet: 0x139ce0900>; keyboard = <UIKeyboardAutomatic: 0x139bfdb80; frame = (0 0; 402 233); opaque = NO; layer = <CALayer: 0x1258175d0>>%; usesKeyClicks = NO;  (not visible)>
2026-07-27 05:11:22.299 Df app[14090:4fec59] [com.apple.UIKit:KeyboardArbiterClientLog] -[_UIRemoteKeyboardPlaceholderView refreshPlaceholder]  refreshPlaceholder: size={402, 0} [previous size={402, 0}]
2026-07-27 05:11:22.300 Df app[14090:4fec59] [com.apple.UIKit:UIPeripheralHost] endPlacementForInputViewSet: <<UIInputViewSet: 0x139ce0900>; keyboard = <UIKeyboardAutomatic: 0x139bfdb80; frame = (0 0; 402 233); opaque = NO; layer = <CALayer: 0x1258175d0>>%; usesKeyClicks = NO;  (not visible)> windowScene: <UIWindowScene: 0x10231c200; role: UIWindowSceneSessionRoleApplication; persistentIdentifier: 6E797257-08E7-48F7-A749-DFECC04BF5BA; activationState: UISceneActivationStateForegroundActive>
2026-07-27 05:11:22.305 Df app[14090:4fec59] [com.apple.TextInputUI:KeyboardTrackingCoordinator] Posted notification didHide with {
    UIKeyboardAnimationCurveUserInfoKey = 7;
    UIKeyboardAnimationDurationUserInfoKey = 0;
    UIKeyboardBoundsUserInfoKey = "NSRect: {{0, 0}, {402, 0}}";
    UIKeyboardCenterBeginUserInfoKey = "NSPoint: {201, 437}";
    UIKeyboardCenterEndUserInfoKey = "NSPoint: {201, 874}";
    UIKeyboardFrameBeginUserInfoKey = "NSRect: {{201, 437}, {0, 0}}";
    UIKeyboardFrameEndUserInfoKey = "NSRect: {{0, 874}, {402, 0}}";
    UIKeyboardIsLocalUserInfoKey = 1;
} (null)
2026-07-27 05:11:22.305 Df app[14090:4fec59] [com.apple.UIKit:UIPeripheralHost] endPlacementForInputViewSet: <<UIInputViewSet: 0x139ce03c0>; (empty)> windowScene: <UIWindowScene: 0x10231c200; role: UIWindowSceneSessionRoleApplication; persistentIdentifier: 6E797257-08E7-48F7-A749-DFECC04BF5BA; activationState: UISceneActivationStateForegroundActive>
2026-07-27 05:11:22.306 Df app[14090:4fec59] [com.apple.UIKit:KeyboardArbiterClientLog] -[_UIRemoteKeyboards prepareToMoveKeyboard:withIAV:isIAVRelevant:showing:notifyRemote:forScene:] position: {{0, 0}, {0, 0}} visible: 0; notifyRemote: 1; isMinimized: YES
2026-07-27 05:11:22.306 Df app[14090:4fec59] [com.apple.KeyboardArbiter:Client] prepareToMoveKeyboard: set currentKeyboard:N
2026-07-27 05:11:22.306 Df app[14090:4fec59] [com.apple.KeyboardArbiter:Client] TX signalKeyboardChanged
2026-07-27 05:11:22.306 Df app[14090:4fec59] [com.apple.UIKit:KeyboardArbiterClientLog] -[_UIRemoteKeyboards signalToProxyKeyboardChanged:onCompletion:]  Signaling keyboard changed <<<_UIKeyboardChangedInformation: 0x139d54180>; appId (null) bundleId (null) animation fence <BKSAnimationFenceHandle:0x125a2f690 -> <CAFenceHandle:0x1054df950 name=4 fence=1712e00000174 usable=YES>>; position {{0, 0}, {0, 0}}; animated YES; on screen NO; tracking NO; resizing NO; local NO, dock state: Unknown, hasValidNotif: NO>; source canvas com.apple.frontboard.systemappservices/FBSceneManager:sceneID%3Acom.mediology.sinsin-care-default; source display Main; source bundle com.mediology.sinsin-care; host bundle (null); animation fence <BKSAnimationFenceHandle:0x125a2f690 -> <CAFenceHandle:0x1054df950 name=4 fence=1712e00000174 usable=YES>>; position {{0, 0}, {0, 0}} (with IAV same); floating 0; on screen NO;  intersectable YES; snapshot YES>
2026-07-27 05:11:22.306 Df app[14090:4fec59] [com.apple.UIKit:KeyboardVisualMode] Show keyboard with visual mode windowed (0)
2026-07-27 05:11:22.306 Df app[14090:4fec59] [com.apple.UIKit:InputWindowController] Setting input views: <<UIInputViewSet: 0x139ce12c0>; (empty)>
2026-07-27 05:11:22.306 Df app[14090:4fec59] [com.apple.UIKit:UIPeripheralHost] endPlacementForInputViewSet: <<UIInputViewSet: 0x139ce0840>; keyboard = <UIKeyboardAutomatic: 0x139bfdb80; frame = (0 0; 402 233); opaque = NO; layer = <CALayer: 0x1258175d0>>%; assistant = <TUISystemInputAssistantView: 0x1213f4f00; frame = (0 0; 402 0); hidden = YES; >; usesKeyClicks = NO;  (not visible)> windowScene: <_UIKeyboardWindowScene: 0x139cd8f00; role: _UIScreenBasedSceneSession; persistentIdentifier: D445FD78-A951-4E9B-BFA9-A75A15432301; activationState: UISceneActivationStateForegroundActive>
2026-07-27 05:11:22.306 Df app[14090:4fec59] [com.apple.UIKit:UIPeripheralHost] endPlacementForInputViewSet: <<UIInputViewSet: 0x139ce0840>; keyboard = <UIKeyboardAutomatic: 0x139bfdb80; frame = (0 0; 402 233); opaque = NO; layer = <CALayer: 0x1258175d0>>%; assistant = <TUISystemInputAssistantView: 0x1213f4f00; frame = (0 0; 402 0); hidden = YES; >; usesKeyClicks = NO;  (not visible)> windowScene: <_UIKeyboardWindowScene: 0x139cd8f00; role: _UIScreenBasedSceneSession; persistentIdentifier: D445FD78-A951-4E9B-BFA9-A75A15432301; activationState: UISceneActivationStateForegroundActive>
2026-07-27 05:11:22.307 Df app[14090:4fec59] [com.apple.UIKit:UIPeripheralHost] endPlacementForInputViewSet: <<UIInputViewSet: 0x139ce0840>; keyboard = <UIKeyboardAutomatic: 0x139bfdb80; frame = (0 0; 402 233); opaque = NO; layer = <CALayer: 0x1258175d0>>%; assistant = <TUISystemInputAssistantView: 0x1213f4f00; frame = (0 0; 402 0); hidden = YES; >; usesKeyClicks = NO;  (not visible)> windowScene: <_UIKeyboardWindowScene: 0x139cd8f00; role: _UIScreenBasedSceneSession; persistentIdentifier: D445FD78-A951-4E9B-BFA9-A75A15432301; activationState: UISceneActivationStateForegroundActive>
2026-07-27 05:11:22.307 Df app[14090:4fec59] [com.apple.UIKit:UIPeripheralHost] endPlacementForInputViewSet: <<UIInputViewSet: 0x139ce0840>; keyboard = <UIKeyboardAutomatic: 0x139bfdb80; frame = (0 0; 402 233); opaque = NO; layer = <CALayer: 0x1258175d0>>%; assistant = <TUISystemInputAssistantView: 0x1213f4f00; frame = (0 0; 402 0); hidden = YES; >; usesKeyClicks = NO;  (not visible)> windowScene: <_UIKeyboardWindowScene: 0x139cd8f00; role: _UIScreenBasedSceneSession; persistentIdentifier: D445FD78-A951-4E9B-BFA9-A75A15432301; activationState: UISceneActivationStateForegroundActive>
2026-07-27 05:11:22.307 Df app[14090:4fec59] [com.apple.UIKit:UIPeripheralHost] endPlacementForInputViewSet: <<UIInputViewSet: 0x139ce12c0>; (empty)> windowScene: <_UIKeyboardWindowScene: 0x139cd8f00; role: _UIScreenBasedSceneSession; persistentIdentifier: D445FD78-A951-4E9B-BFA9-A75A15432301; activationState: UISceneActivationStateForegroundActive>
2026-07-27 05:11:22.307 Df app[14090:4fec59] [com.apple.UIKit:InputWindowController] Moving from placement: <UIInputViewSetPlacementOffScreenDown> to placement: <UIInputViewSetPlacementOffScreenDown> (currentPlacement: <UIInputViewSetPlacementOffScreenDown>)
2026-07-27 05:11:22.307 Df app[14090:4fec59] [com.apple.UIKit:TrackingElementWindowController] Setting tracking element input views: <<UIInputViewSet: 0x139ce1380>; (empty)>
2026-07-27 05:11:22.307 Df app[14090:4fec59] [com.apple.UIKit:KeyboardArbiterClientLog] -[_UIRemoteKeyboardPlaceholderView refreshPlaceholder]  refreshPlaceholder: size={402, 0} [previous size={402, 0}]
2026-07-27 05:11:22.307 Df app[14090:4fec59] [com.apple.UIKit:UIPeripheralHost] endPlacementForInputViewSet: <<UIInputViewSet: 0x139ce1380>; (empty)> windowScene: <UIWindowScene: 0x10231c200; role: UIWindowSceneSessionRoleApplication; persistentIdentifier: 6E797257-08E7-48F7-A749-DFECC04BF5BA; activationState: UISceneActivationStateForegroundActive>
2026-07-27 05:11:22.307 Df app[14090:4fec59] [com.apple.UIKit:TrackingElementWindowController] Moving from placement: <UIInputViewSetPlacementOffScreenDown> to placement: <UIInputViewSetPlacementOffScreenDown> (currentPlacement: <UIInputViewSetPlacementOffScreenDown>)
2026-07-27 05:11:22.307 Df app[14090:4fec59] [com.apple.UIKit:TrackingElementWindowController] Change from input view set: <<UIInputViewSet: 0x139ce0900>; keyboard = <UIKeyboardAutomatic: 0x139bfdb80; frame = (0 0; 402 233); opaque = NO; layer = <CALayer: 0x1258175d0>>%; usesKeyClicks = NO;  (not visible)>
2026-07-27 05:11:22.307 Df app[14090:4fec59] [com.apple.UIKit:TrackingElementWindowController] Change to input view set: <<UIInputViewSet: 0x139ce1380>; (empty)>
2026-07-27 05:11:22.309 Df app[14090:4fec59] [com.apple.UIKit:UIPeripheralHost] endPlacementForInputViewSet: <<UIInputViewSet: 0x139ce1380>; (empty)> windowScene: <UIWindowScene: 0x10231c200; role: UIWindowSceneSessionRoleApplication; persistentIdentifier: 6E797257-08E7-48F7-A749-DFECC04BF5BA; activationState: UISceneActivationStateForegroundActive>
2026-07-27 05:11:22.310 Df app[14090:4fec59] [com.apple.UIKit:TrackingElementWindowController] updatePlacementWithPlacement: <UIInputViewSetPlacementOffScreenDown>
2026-07-27 05:11:22.310 Df app[14090:4fec59] [com.apple.TextInputUI:KeyboardTrackingCoordinator] Posted notification willHide with {
    UIKeyboardAnimationCurveUserInfoKey = 7;
    UIKeyboardAnimationDurationUserInfoKey = 0;
    UIKeyboardBoundsUserInfoKey = "NSRect: {{0, 0}, {402, 0}}";
    UIKeyboardCenterBeginUserInfoKey = "NSPoint: {201, 437}";
    UIKeyboardCenterEndUserInfoKey = "NSPoint: {201, 874}";
    UIKeyboardFrameBeginUserInfoKey = "NSRect: {{201, 437}, {0, 0}}";
    UIKeyboardFrameEndUserInfoKey = "NSRect: {{0, 874}, {402, 0}}";
    UIKeyboardIsLocalUserInfoKey = 1;
} (null)
2026-07-27 05:11:22.310 Df app[14090:4fec59] [com.apple.KeyboardArbiter:Client] TX setWindowContextID:2918623851 windowState:Disabled level:0.0
    focusContext:<contextID:2740411328 sceneID:com.mediology.sinsin-care-default>
2026-07-27 05:11:22.312 Df app[14090:4fec59] [com.apple.TextInputUI:KeyboardTrackingCoordinator] Posted notification didHide with {
    UIKeyboardAnimationCurveUserInfoKey = 7;
    UIKeyboardAnimationDurationUserInfoKey = 0;
    UIKeyboardBoundsUserInfoKey = "NSRect: {{0, 0}, {402, 0}}";
    UIKeyboardCenterBeginUserInfoKey = "NSPoint: {201, 437}";
    UIKeyboardCenterEndUserInfoKey = "NSPoint: {201, 874}";
    UIKeyboardFrameBeginUserInfoKey = "NSRect: {{201, 437}, {0, 0}}";
    UIKeyboardFrameEndUserInfoKey = "NSRect: {{0, 874}, {402, 0}}";
    UIKeyboardIsLocalUserInfoKey = 1;
} (null)
2026-07-27 05:11:22.312 Df app[14090:4fec59] [com.apple.RemoteTextInput:RTILog] -[RTIInputSystemClient remoteTextInputSessionWithID:textSuggestionsChanged:]  Text input session suggestions changed. sessionID = (null)
2026-07-27 05:11:22.316 A  app[14090:4fec59] (UIKitCore) send control actions
2026-07-27 05:11:22.324 Df app[14090:4fec59] [com.apple.UIKit:_UIVisualStyleRegistry] Note: no default visual style class registered as fallback for stylable class UIActivityIndicatorView
2026-07-27 05:11:22.324 Df app[14090:4fec59] [com.apple.UIKit:_UIVisualStyleRegistry] Note: no default visual style class registered as fallback for stylable class UIActivityIndicatorView
2026-07-27 05:11:22.326 Df app[14090:4fec59] [com.apple.UIKit:KeyboardLayoutGuide] _moveGuideOffscreenAtEdge: 4
2026-07-27 05:11:22.335 Df app[14090:4fec59] [com.apple.UIKit:InputWindowController] Change from input view set: <<UIInputViewSet: 0x139ce0840>; keyboard = <UIKeyboardAutomatic: 0x139bfdb80; frame = (0 0; 402 233); opaque = NO; layer = <CALayer: 0x1258175d0>>%; assistant = <TUISystemInputAssistantView: 0x1213f4f00; frame = (0 0; 402 0); hidden = YES; >; usesKeyClicks = NO;  (not visible)>
2026-07-27 05:11:22.336 Df app[14090:4fec59] [com.apple.UIKit:InputWindowController] Change to input view set: <<UIInputViewSet: 0x139ce12c0>; (empty)>
2026-07-27 05:11:22.366 Df app[14090:4fec59] [com.apple.KeyboardArbiter:Client] RX keyboardArbiterClientHandle:Y
2026-07-27 05:11:22.369 Df app[14090:4fec59] [com.apple.xpc:connection] [0x105805a40] invalidated because the current process cancelled the connection by calling xpc_connection_cancel()
2026-07-27 05:11:22.419 A  app[14090:4fecf4] (RunningBoardServices) didChangeInheritances
2026-07-27 05:11:22.914 Df app[14090:4ff5ab] [com.apple.CFNetwork:Default] Task <B67D044E-DCCE-40B9-9530-081D11BDF89E>.<3> resuming, timeouts(60.0, 604800.0) qos(0x19) voucher((null)) activity(00000000-0000-0000-0000-000000000000)
2026-07-27 05:11:22.914 Df app[14090:4fef52] [com.apple.CFNetwork:Default] Task <6DEAEB9D-2041-4F2F-A78E-7931CD465A64>.<4> resuming, timeouts(60.0, 604800.0) qos(0x19) voucher((null)) activity(00000000-0000-0000-0000-000000000000)
2026-07-27 05:11:22.914 A  app[14090:4fecff] (Security) SecTrustReportNetworkingAnalytics
2026-07-27 05:11:22.915 Df app[14090:4ff5ab] [com.apple.network:connection] [C8] event: client:connection_idle @44.708s
2026-07-27 05:11:22.915 Df app[14090:4ff5ab] [com.apple.network:connection] nw_protocol_socket_notify [C8:2] nw_protocol_notification_type_connection_idle is true
2026-07-27 05:11:22.915 Df app[14090:4ff5ab] [com.apple.CFNetwork:Default] Task <6DEAEB9D-2041-4F2F-A78E-7931CD465A64>.<4> now using Connection 8
2026-07-27 05:11:22.915 Df app[14090:4ff5ab] [com.apple.network:connection] [C8] event: client:connection_reused @44.709s
2026-07-27 05:11:22.917 Df app[14090:4ff5ab] [com.apple.network:connection] nw_protocol_socket_notify [C8:2] nw_protocol_notification_type_connection_idle is false
2026-07-27 05:11:22.917 Df app[14090:4fecff] [com.apple.securityd:SecError] SecTrustReportNetworkingAnalytics failed with error: -4
2026-07-27 05:11:22.917 Df app[14090:4ff5ab] [com.apple.CFNetwork:Default] Task <6DEAEB9D-2041-4F2F-A78E-7931CD465A64>.<4> sent request, body N 0
2026-07-27 05:11:22.919 Df app[14090:4feeb7] [com.apple.CFNetwork:Default] Task <5A2DC05F-D09B-419B-A15B-713502C97429>.<4> resuming, timeouts(60.0, 604800.0) qos(0x19) voucher((null)) activity(00000000-0000-0000-0000-000000000000)
2026-07-27 05:11:22.919 Df app[14090:4feeb7] [com.apple.CFNetwork:Default] Task <019585C4-FC60-4A71-AB61-8A5C4FBEC5E7>.<5> resuming, timeouts(60.0, 604800.0) qos(0x19) voucher((null)) activity(00000000-0000-0000-0000-000000000000)
2026-07-27 05:11:22.926 Df app[14090:4ff5ab] [com.apple.CFNetwork:Summary] Task <45F8C696-3916-4804-8221-982FD48ABB59>.<0> summary for task success {transaction_duration_ms=6, response_status=-1, cache_hit=false}
2026-07-27 05:11:22.927 Df app[14090:4fef52] [com.apple.CFNetwork:Default] Task <FED4814D-66D0-4410-98A7-4F748CDA81B6>.<5> resuming, timeouts(60.0, 604800.0) qos(0x19) voucher((null)) activity(00000000-0000-0000-0000-000000000000)
2026-07-27 05:11:22.927 Df app[14090:4fef52] [com.apple.CFNetwork:Default] Task <CDCAF21E-E18F-4B73-BC26-B2058757D459>.<6> resuming, timeouts(60.0, 604800.0) qos(0x19) voucher((null)) activity(00000000-0000-0000-0000-000000000000)
2026-07-27 05:11:22.930 A  app[14090:4fecff] (Security) SecTrustReportNetworkingAnalytics
2026-07-27 05:11:22.930 Df app[14090:4ff848] [com.apple.CFNetwork:Summary] Task <4F4E957F-40D6-4014-BD01-8AE9C89BFDF7>.<0> summary for task success {transaction_duration_ms=2, response_status=-1, cache_hit=false}
2026-07-27 05:11:22.931 Df app[14090:4fecff] [com.apple.securityd:SecError] SecTrustReportNetworkingAnalytics failed with error: -4
2026-07-27 05:11:22.931 A  app[14090:4fecff] (Security) SecTrustReportNetworkingAnalytics
2026-07-27 05:11:22.931 Df app[14090:4fecf0] [com.apple.CFNetwork:Default] Connection 15: starting, TC(0x0)
2026-07-27 05:11:22.931 Df app[14090:4fecf0] [com.apple.network:connection] [C15 9F5E0952-5EA7-469C-ADD1-F41780CD898C IPv4#41a43436:8087 tcp, url: http://172.30.1.90:8087/assets/, definite, attribution: developer, context: com.apple.CFNetwork.NSURLSession.{37F3A67C-5814-4CBF-A224-2789EA56CC66}{(null)}{Y}{2}{0x0} (private), proc: 015000E2-DAB9-340B-9C50-1DE21DB3B06A, delegated upid: 0] start
2026-07-27 05:11:22.931 Df app[14090:4fecf0] [com.apple.network:connection] [C15 IPv4#41a43436:8087 initial parent-flow ((null))] event: path:start @0.000s
2026-07-27 05:11:22.931 Df app[14090:4fecf0] [com.apple.network:connection] [C15 IPv4#41a43436:8087 waiting parent-flow (satisfied (Path is satisfied), interface: lo0)] event: path:satisfied @0.000s, uuid: 25BDA4C3-B4E4-4A64-9113-CAADC637DEE4
2026-07-27 05:11:22.932 Df app[14090:4fecff] [com.apple.securityd:SecError] SecTrustReportNetworkingAnalytics failed with error: -4
2026-07-27 05:11:22.932 Df app[14090:4fecf0] [com.apple.network:connection] [C15 IPv4#41a43436:8087 in_progress socket-flow (satisfied (Path is satisfied), interface: lo0)] event: flow:start_connect @0.000s
2026-07-27 05:11:22.932 Df app[14090:4fecf0] [com.apple.network:connection] nw_connection_report_state_with_handler_on_nw_queue [C15] reporting state preparing
2026-07-27 05:11:22.932 Df app[14090:4fecf0] [com.apple.CFNetwork:Default] Task <FED4814D-66D0-4410-98A7-4F748CDA81B6>.<5> setting up Connection 15
2026-07-27 05:11:22.932 Df app[14090:4fecf0] [com.apple.CFNetwork:Default] Connection 16: starting, TC(0x0)
2026-07-27 05:11:22.932 Df app[14090:4fecf0] [com.apple.network:connection] [C16 2240968C-CDC3-4F76-A121-2D892EBDE124 IPv4#41a43436:8087 tcp, url: http://172.30.1.90:8087/assets/, definite, attribution: developer, context: com.apple.CFNetwork.NSURLSession.{37F3A67C-5814-4CBF-A224-2789EA56CC66}{(null)}{Y}{2}{0x0} (private), proc: 015000E2-DAB9-340B-9C50-1DE21DB3B06A, delegated upid: 0] start
2026-07-27 05:11:22.932 Df app[14090:4fecf0] [com.apple.network:connection] [C16 IPv4#41a43436:8087 initial parent-flow ((null))] event: path:start @0.000s
2026-07-27 05:11:22.932 Df app[14090:4fecf0] [com.apple.network:connection] [C16 IPv4#41a43436:8087 waiting parent-flow (satisfied (Path is satisfied), interface: lo0)] event: path:satisfied @0.000s, uuid: 25BDA4C3-B4E4-4A64-9113-CAADC637DEE4
2026-07-27 05:11:22.933 Df app[14090:4fecf0] [com.apple.network:connection] [C16 IPv4#41a43436:8087 in_progress socket-flow (satisfied (Path is satisfied), interface: lo0)] event: flow:start_connect @0.000s
2026-07-27 05:11:22.933 Df app[14090:4fecf0] [com.apple.network:connection] nw_connection_report_state_with_handler_on_nw_queue [C16] reporting state preparing
2026-07-27 05:11:22.933 Df app[14090:4fecf0] [com.apple.CFNetwork:Default] Task <CDCAF21E-E18F-4B73-BC26-B2058757D459>.<6> setting up Connection 16
2026-07-27 05:11:22.933 Df app[14090:4fecf0] [com.apple.network:connection] nw_socket_handle_socket_event [C15:2] Socket received CONNECTED event
2026-07-27 05:11:22.933 Df app[14090:4fecf0] [com.apple.network:connection] nw_flow_connected [C15 IPv4#41a43436:8087 in_progress socket-flow (satisfied (Path is satisfied), interface: lo0)] Transport protocol connected (socket)
2026-07-27 05:11:22.933 Df app[14090:4fecf0] [com.apple.network:connection] [C15 IPv4#41a43436:8087 in_progress socket-flow (satisfied (Path is satisfied), interface: lo0)] event: flow:finish_transport @0.001s
2026-07-27 05:11:22.933 Df app[14090:4fecf0] [com.apple.network:connection] nw_flow_connected [C15 IPv4#41a43436:8087 in_progress socket-flow (satisfied (Path is satisfied), interface: lo0)] Output protocol connected (CFNetworkConnection-966803653)
2026-07-27 05:11:22.933 Df app[14090:4fecf0] [com.apple.network:connection] [C15 IPv4#41a43436:8087 ready socket-flow (satisfied (Path is satisfied), interface: lo0)] event: flow:finish_connect @0.001s
2026-07-27 05:11:22.933 Df app[14090:4fecf0] [com.apple.network:connection] nw_connection_report_state_with_handler_on_nw_queue [C15] reporting state ready
2026-07-27 05:11:22.933 Df app[14090:4fecf0] [com.apple.network:connection] nw_socket_handle_socket_event [C16:2] Socket received CONNECTED event
2026-07-27 05:11:22.933 Df app[14090:4fecf0] [com.apple.network:connection] nw_flow_connected [C16 IPv4#41a43436:8087 in_progress socket-flow (satisfied (Path is satisfied), interface: lo0)] Transport protocol connected (socket)
2026-07-27 05:11:22.933 Df app[14090:4fecf0] [com.apple.network:connection] [C16 IPv4#41a43436:8087 in_progress socket-flow (satisfied (Path is satisfied), interface: lo0)] event: flow:finish_transport @0.000s
2026-07-27 05:11:22.933 Df app[14090:4fecf0] [com.apple.network:connection] nw_flow_connected [C16 IPv4#41a43436:8087 in_progress socket-flow (satisfied (Path is satisfied), interface: lo0)] Output protocol connected (CFNetworkConnection-966803653)
2026-07-27 05:11:22.933 Df app[14090:4fecf0] [com.apple.network:connection] [C16 IPv4#41a43436:8087 ready socket-flow (satisfied (Path is satisfied), interface: lo0)] event: flow:finish_connect @0.001s
2026-07-27 05:11:22.933 Df app[14090:4fecf0] [com.apple.network:connection] nw_connection_report_state_with_handler_on_nw_queue [C16] reporting state ready
2026-07-27 05:11:22.933 Df app[14090:4fecf0] [com.apple.CFNetwork:Default] Connection 15: connected successfully
2026-07-27 05:11:22.934 Df app[14090:4fecf0] [com.apple.CFNetwork:Default] Connection 15: ready C(N) E(N)
2026-07-27 05:11:22.934 Df app[14090:4fecf0] [com.apple.CFNetwork:Default] Task <FED4814D-66D0-4410-98A7-4F748CDA81B6>.<5> now using Connection 15
2026-07-27 05:11:22.934 Df app[14090:4fecf0] [com.apple.CFNetwork:Default] Task <FED4814D-66D0-4410-98A7-4F748CDA81B6>.<5> sent request, body N 0
2026-07-27 05:11:22.934 Df app[14090:4fecf0] [com.apple.CFNetwork:Default] Connection 16: connected successfully
2026-07-27 05:11:22.934 Df app[14090:4fecf0] [com.apple.CFNetwork:Default] Connection 16: ready C(N) E(N)
2026-07-27 05:11:22.934 Df app[14090:4fecf0] [com.apple.CFNetwork:Default] Task <CDCAF21E-E18F-4B73-BC26-B2058757D459>.<6> now using Connection 16
2026-07-27 05:11:22.934 Df app[14090:4fecf0] [com.apple.CFNetwork:Default] Task <CDCAF21E-E18F-4B73-BC26-B2058757D459>.<6> sent request, body N 0
2026-07-27 05:11:22.934 Df app[14090:4fecf0] [com.apple.CFNetwork:Default] Task <6DEAEB9D-2041-4F2F-A78E-7931CD465A64>.<4> received response, status 200 content K
2026-07-27 05:11:22.935 Df app[14090:4fecf0] [com.apple.CFNetwork:Default] Task <6DEAEB9D-2041-4F2F-A78E-7931CD465A64>.<4> response ended
2026-07-27 05:11:22.935 Df app[14090:4fecf0] [com.apple.CFNetwork:Default] Task <6DEAEB9D-2041-4F2F-A78E-7931CD465A64>.<4> done using Connection 8
2026-07-27 05:11:22.935 Df app[14090:4fecf0] [com.apple.network:connection] [C8] event: client:connection_idle @44.729s
2026-07-27 05:11:22.935 Df app[14090:4fecf0] [com.apple.network:connection] nw_protocol_socket_notify [C8:2] nw_protocol_notification_type_connection_idle is true
2026-07-27 05:11:22.935 Df app[14090:4fecf0] [com.apple.network:connection] [C8] event: client:connection_idle @44.729s
2026-07-27 05:11:22.936 Df app[14090:4fecf0] [com.apple.network:connection] nw_protocol_socket_notify [C8:2] nw_protocol_notification_type_connection_idle is true
2026-07-27 05:11:22.938 Df app[14090:4ff848] [com.apple.CFNetwork:Summary] Task <6DEAEB9D-2041-4F2F-A78E-7931CD465A64>.<4> summary for task success {transaction_duration_ms=24, response_status=200, connection=8, reused=1, reused_after_ms=1, request_start_ms=3, request_duration_ms=0, response_start_ms=20, response_duration_ms=1, request_bytes=340, request_throughput_kbps=11239, response_bytes=1468980, response_throughput_kbps=9585917, cache_hit=false}
2026-07-27 05:11:22.938 Df app[14090:4ff848] [com.apple.CFNetwork:Default] Task <6DEAEB9D-2041-4F2F-A78E-7931CD465A64>.<4> finished successfully
2026-07-27 05:11:22.939 Df app[14090:4fecf4] [com.apple.CFNetwork:Summary] Task <B67D044E-DCCE-40B9-9530-081D11BDF89E>.<3> summary for task success {transaction_duration_ms=25, response_status=-1, cache_hit=false}
2026-07-27 05:11:22.939 Df app[14090:4fecf4] [com.apple.CFNetwork:Default] Task <B67D044E-DCCE-40B9-9530-081D11BDF89E>.<3> finished successfully
2026-07-27 05:11:22.948 Df app[14090:4ff5ab] [com.apple.CFNetwork:Default] Task <CDCAF21E-E18F-4B73-BC26-B2058757D459>.<6> received response, status 200 content K
2026-07-27 05:11:22.948 Df app[14090:4ff5ab] [com.apple.CFNetwork:Default] Task <CDCAF21E-E18F-4B73-BC26-B2058757D459>.<6> response ended
2026-07-27 05:11:22.948 Df app[14090:4ff5ab] [com.apple.CFNetwork:Default] Task <CDCAF21E-E18F-4B73-BC26-B2058757D459>.<6> done using Connection 16
2026-07-27 05:11:22.948 Df app[14090:4ff5ab] [com.apple.network:connection] [C16] event: client:connection_idle @0.016s
2026-07-27 05:11:22.948 Df app[14090:4ff848] [com.apple.CFNetwork:Summary] Task <CDCAF21E-E18F-4B73-BC26-B2058757D459>.<6> summary for task success {transaction_duration_ms=20, response_status=200, connection=16, protocol="http/1.1", domain_lookup_duration_ms=0, connect_duration_ms=1, secure_connection_duration_ms=0, private_relay=false, request_start_ms=6, request_duration_ms=0, response_start_ms=19, response_duration_ms=0, request_bytes=341, request_throughput_kbps=53467, response_bytes=21305, response_throughput_kbps=177719, cache_hit=false}
2026-07-27 05:11:22.948 Df app[14090:4ff848] [com.apple.CFNetwork:Default] Task <CDCAF21E-E18F-4B73-BC26-B2058757D459>.<6> finished successfully
2026-07-27 05:11:22.948 Df app[14090:4ff5ab] [com.apple.network:connection] nw_protocol_socket_notify [C16:2] nw_protocol_notification_type_connection_idle is true
2026-07-27 05:11:22.949 Df app[14090:4ff5ab] [com.apple.network:connection] [C16] event: client:connection_idle @0.016s
2026-07-27 05:11:22.949 Df app[14090:4ff5ab] [com.apple.network:connection] nw_protocol_socket_notify [C16:2] nw_protocol_notification_type_connection_idle is true
2026-07-27 05:11:22.949 Df app[14090:4fecf4] [com.apple.CFNetwork:Summary] Task <019585C4-FC60-4A71-AB61-8A5C4FBEC5E7>.<5> summary for task success {transaction_duration_ms=27, response_status=200, cache_hit=true}
2026-07-27 05:11:22.949 Df app[14090:4fecf4] [com.apple.CFNetwork:Default] Task <019585C4-FC60-4A71-AB61-8A5C4FBEC5E7>.<5> finished successfully
2026-07-27 05:11:22.949 Df app[14090:4ff5ab] [com.apple.CFNetwork:Default] Task <FED4814D-66D0-4410-98A7-4F748CDA81B6>.<5> received response, status 200 content K
2026-07-27 05:11:22.950 Df app[14090:4ff5ab] [com.apple.CFNetwork:Default] Task <FED4814D-66D0-4410-98A7-4F748CDA81B6>.<5> response ended
2026-07-27 05:11:22.950 Df app[14090:4ff5ab] [com.apple.CFNetwork:Default] Task <FED4814D-66D0-4410-98A7-4F748CDA81B6>.<5> done using Connection 15
2026-07-27 05:11:22.950 Df app[14090:4ff5ab] [com.apple.network:connection] [C15] event: client:connection_idle @0.018s
2026-07-27 05:11:22.950 Df app[14090:4ff5ab] [com.apple.network:connection] nw_protocol_socket_notify [C15:2] nw_protocol_notification_type_connection_idle is true
2026-07-27 05:11:22.950 Df app[14090:4ff5ab] [com.apple.network:connection] [C15] event: client:connection_idle @0.018s
2026-07-27 05:11:22.950 Df app[14090:4ff5ab] [com.apple.network:connection] nw_protocol_socket_notify [C15:2] nw_protocol_notification_type_connection_idle is true
2026-07-27 05:11:22.951 Df app[14090:4ff849] [com.apple.CFNetwork:Summary] Task <FED4814D-66D0-4410-98A7-4F748CDA81B6>.<5> summary for task success {transaction_duration_ms=24, response_status=200, connection=15, protocol="http/1.1", domain_lookup_duration_ms=0, connect_duration_ms=1, secure_connection_duration_ms=0, private_relay=false, request_start_ms=6, request_duration_ms=0, response_start_ms=22, response_duration_ms=0, request_bytes=336, request_throughput_kbps=37896, response_bytes=29669, response_throughput_kbps=488362, cache_hit=false}
2026-07-27 05:11:22.951 Df app[14090:4ff849] [com.apple.CFNetwork:Default] Task <FED4814D-66D0-4410-98A7-4F748CDA81B6>.<5> finished successfully
2026-07-27 05:11:22.951 Df app[14090:4ff5ab] [com.apple.CFNetwork:Summary] Task <5A2DC05F-D09B-419B-A15B-713502C97429>.<4> summary for task success {transaction_duration_ms=32, response_status=200, cache_hit=true}
2026-07-27 05:11:22.951 Df app[14090:4ff5ab] [com.apple.CFNetwork:Default] Task <5A2DC05F-D09B-419B-A15B-713502C97429>.<4> finished successfully
2026-07-27 05:11:22.991 E  app[14090:4fec59] [com.apple.UIKit:UIFocus] RCTScrollViewComponentView implements focusItemsInRect: - caching for linear focus movement is limited as long as this view is on screen.
2026-07-27 05:11:23.012 E  app[14090:4fec59] [com.apple.UIKit:UIFocus] RCTScrollViewComponentView implements focusItemsInRect: - caching for linear focus movement is limited as long as this view is on screen.
2026-07-27 05:11:23.014 E  app[14090:4fec59] [com.apple.UIKit:UIFocus] RCTScrollViewComponentView implements focusItemsInRect: - caching for linear focus movement is limited as long as this view is on screen.
2026-07-27 05:11:23.162 E  app[14090:4fec59] [com.apple.coreanimation:Render] Unsupported image format 'UNKNOWN' for default colorspace
2026-07-27 05:11:23.162 E  app[14090:4fec59] [com.apple.coregraphics:Unknown process name] 
CGBitmapContextCreate: unsupported parameter combination:
	NULL colorspace | 0 bits/component, integer | 0 bytes/row.
	kCGImageAlphaNone | kCGImageByteOrderDefault | kCGImagePixelFormatPacked
Set CGBITMAP_CONTEXT_LOG_ERRORS environmental variable to see more details.
2026-07-27 05:11:23.162 E  app[14090:4fec59] [com.apple.coregraphics:Unknown process name] CGDisplayListDrawInContext: invalid context 0x0. If you want to see the backtrace, please set CG_CONTEXT_SHOW_BACKTRACE environmental variable.
2026-07-27 05:11:23.162 E  app[14090:4fec59] [com.apple.coregraphics:Unknown process name] CGBitmapContextCreateImage: invalid context 0x0. If you want to see the backtrace, please set CG_CONTEXT_SHOW_BACKTRACE environmental variable.
2026-07-27 05:11:23.209 Df app[14090:4fec59] [com.apple.xpc:connection] [0x13bb14000] activating connection: mach=true listener=false peer=false name=com.apple.metal.simulator
2026-07-27 05:11:23.212 Df app[14090:4fec59] [com.apple.xpc:connection] [0x13bb14140] activating connection: mach=true listener=false peer=false name=com.apple.metal.simulator
2026-07-27 05:11:23.212 Df app[14090:4fec59] [com.apple.xpc:connection] [0x13bb14280] activating connection: mach=true listener=false peer=false name=com.apple.metal.simulator
2026-07-27 05:11:23.381 Df app[14090:4fec59] [com.apple.FrontBoard:SceneClient] [(FBSceneManager):sceneID:com.mediology.sinsin-care-default] Sending action(s) in update: <_UIOrientationRequestAction: 0x370a0000>
2026-07-27 05:11:23.381 Df app[14090:4fec59] [com.apple.FrontBoard:SceneClient] [(FBSceneManager):sceneID:com.mediology.sinsin-care-default] Sending action(s) in update: <_UIOrientationRequestAction: 0x370a0001>
2026-07-27 05:11:23.381 Df app[14090:4fec59] [com.apple.FrontBoard:SceneClient] [(FBSceneManager):sceneID:com.mediology.sinsin-care-default] Sending action(s) in update: <_UIOrientationRequestAction: 0x370a0002>
2026-07-27 05:11:23.382 Df app[14090:4fec59] [com.apple.FrontBoard:SceneClient] [(FBSceneManager):sceneID:com.mediology.sinsin-care-default] Sending action(s) in update: <_UIOrientationRequestAction: 0x370a0003>
2026-07-27 05:11:23.382 Df app[14090:4fec59] [com.apple.FrontBoard:SceneClient] [(FBSceneManager):sceneID:com.mediology.sinsin-care-default] Sending action(s) in update: <_UIOrientationRequestAction: 0x370a0004>
2026-07-27 05:11:23.466 Df app[14090:4ff848] [com.apple.CFNetwork:Summary] Task <44528DAF-A86B-4582-B459-39825F3BC1FD>.<0> summary for task success {transaction_duration_ms=10, response_status=-1, cache_hit=false}
2026-07-27 05:11:23.502 A  app[14090:4feeb7] (Security) SecItemCopyMatching_ios
2026-07-27 05:11:23.502 Df app[14090:4feeb7] [com.apple.securityd:thread-local-client-debug] SecSecurityClientGet new thread!
2026-07-27 05:11:23.504 A  app[14090:4feeb7] (Security) SecItemCopyMatching_ios
2026-07-27 05:11:23.505 A  app[14090:4feeb7] (Security) SecItemCopyMatching_ios
2026-07-27 05:11:23.509 Df app[14090:4feeb7] [com.apple.CFNetwork:Default] Task <3328C559-9EE4-40C3-9B17-1909CCD6AE98>.<6> resuming, timeouts(10.0, 604800.0) qos(0x19) voucher((null)) activity(00000000-0000-0000-0000-000000000000)
2026-07-27 05:11:23.509 Df app[14090:4fef52] [com.apple.CFNetwork:Default] Task <CEB39C08-A609-4B2B-AB85-3256053386C4>.<7> resuming, timeouts(10.0, 604800.0) qos(0x19) voucher((null)) activity(00000000-0000-0000-0000-000000000000)
2026-07-27 05:11:23.509 A  app[14090:4ff848] (Security) SecTrustReportNetworkingAnalytics
2026-07-27 05:11:23.510 Df app[14090:4feeb7] [com.apple.CFNetwork:Default] Connection 17: starting, TC(0x0)
2026-07-27 05:11:23.510 Df app[14090:4feeb7] [com.apple.network:connection] [C17 C75270D0-AB0D-4D15-938A-103D6FFB7A6E IPv4#b3f93a8a:9 tcp, url: http://127.0.0.1:9/api/v1/notices/active-popup, definite, attribution: developer, context: com.apple.CFNetwork.NSURLSession.{37F3A67C-5814-4CBF-A224-2789EA56CC66}{(null)}{Y}{2}{0x0} (private), proc: 015000E2-DAB9-340B-9C50-1DE21DB3B06A, delegated upid: 0] start
2026-07-27 05:11:23.510 Df app[14090:4feeb7] [com.apple.network:connection] [C17 IPv4#b3f93a8a:9 initial parent-flow ((null))] event: path:start @0.000s
2026-07-27 05:11:23.510 Df app[14090:4feeb7] [com.apple.network:connection] [C17 IPv4#b3f93a8a:9 waiting parent-flow (satisfied (Path is satisfied), interface: lo0)] event: path:satisfied @0.000s, uuid: 780A2987-8D53-4F68-9793-4DC2D0E074AC
2026-07-27 05:11:23.510 Df app[14090:4feeb7] [com.apple.network:connection] [C17 IPv4#b3f93a8a:9 in_progress socket-flow (satisfied (Path is satisfied), interface: lo0)] event: flow:start_connect @0.000s
2026-07-27 05:11:23.511 Df app[14090:4feeb7] [com.apple.network:connection] nw_connection_report_state_with_handler_on_nw_queue [C17] reporting state preparing
2026-07-27 05:11:23.511 Df app[14090:4ff848] [com.apple.securityd:SecError] SecTrustReportNetworkingAnalytics failed with error: -4
2026-07-27 05:11:23.512 Df app[14090:4feeb7] [com.apple.CFNetwork:Default] Task <CEB39C08-A609-4B2B-AB85-3256053386C4>.<7> setting up Connection 17
2026-07-27 05:11:23.512 Df app[14090:4feeb7] [com.apple.network:connection] nw_socket_handle_socket_event [C17:2] Socket received CONNRESET event
2026-07-27 05:11:23.512 Df app[14090:4feeb7] [com.apple.network:connection] nw_socket_handle_socket_event [C17:2] Socket received DISCONNECTED event
2026-07-27 05:11:23.512 E  app[14090:4feeb7] [com.apple.network:connection] nw_socket_handle_socket_event [C17:2] Socket SO_ERROR [61: Connection refused]
2026-07-27 05:11:23.512 E  app[14090:4feeb7] [com.apple.network:connection] nw_endpoint_flow_failed_with_error [C17 IPv4#b3f93a8a:9 in_progress socket-flow (satisfied (Path is satisfied), interface: lo0)] already failing, returning
2026-07-27 05:11:23.512 Df app[14090:4feeb7] [com.apple.network:connection] [C17 IPv4#b3f93a8a:9 failed socket-flow (satisfied (Path is satisfied), interface: lo0)] event: flow:failed_connect @0.001s, error Connection refused
2026-07-27 05:11:23.512 Df app[14090:4feeb7] [com.apple.network:connection] nw_connection_report_state_with_handler_on_nw_queue [C17] reporting state failed error Connection refused
2026-07-27 05:11:23.512 E  app[14090:4feeb7] [com.apple.CFNetwork:Default] Connection 17: received failure notification
2026-07-27 05:11:23.512 E  app[14090:4feeb7] [com.apple.CFNetwork:Default] Connection 17: failed to connect 1:61, reason -1
2026-07-27 05:11:23.512 E  app[14090:4feeb7] [com.apple.CFNetwork:Default] Connection 17: encountered error(1:61)
2026-07-27 05:11:23.512 Df app[14090:4feeb7] [com.apple.CFNetwork:Default] Connection 17: cleaning up
2026-07-27 05:11:23.512 Df app[14090:4feeb7] [com.apple.CFNetwork:Summary] Connection 17: summary for unused connection {protocol="(null)", domain_lookup_duration_ms=0, connect_duration_ms=0, secure_connection_duration_ms=0, private_relay=false, idle_duration_ms=0}
2026-07-27 05:11:23.512 Df app[14090:4feeb7] [com.apple.network:connection] [C17 C75270D0-AB0D-4D15-938A-103D6FFB7A6E IPv4#b3f93a8a:9 tcp, url: http://127.0.0.1:9/api/v1/notices/active-popup, definite, attribution: developer] cancel
2026-07-27 05:11:23.512 E  app[14090:4feeb7] [com.apple.network:connection] nw_connection_copy_protocol_metadata_internal_block_invoke [C17] Client called nw_connection_copy_protocol_metadata_internal on unconnected nw_connection
2026-07-27 05:11:23.512 E  app[14090:4feeb7] [com.apple.network:connection] nw_connection_copy_protocol_metadata_internal_block_invoke [C17] Client called nw_connection_copy_protocol_metadata_internal on unconnected nw_connection
2026-07-27 05:11:23.512 E  app[14090:4feeb7] [com.apple.network:connection] nw_connection_copy_connected_local_endpoint_block_invoke [C17] Client called nw_connection_copy_connected_local_endpoint on unconnected nw_connection
2026-07-27 05:11:23.513 E  app[14090:4feeb7] [com.apple.network:connection] nw_connection_copy_connected_remote_endpoint_block_invoke [C17] Client called nw_connection_copy_connected_remote_endpoint on unconnected nw_connection
2026-07-27 05:11:23.513 Df app[14090:4feeb7] [com.apple.network:connection] [C17 C75270D0-AB0D-4D15-938A-103D6FFB7A6E IPv4#b3f93a8a:9 tcp, url: http://127.0.0.1:9/api/v1/notices/active-popup, definite, attribution: developer] cancelled
	[C17 780A2987-8D53-4F68-9793-4DC2D0E074AC <NULL><-><NULL>]
	Connected Path: (null)
	Privacy Stance: Not Eligible
	Duration: 0.002s, TCP @0.000s took 0.000s
2026-07-27 05:11:23.513 Df app[14090:4feeb7] [com.apple.network:connection] nw_connection_report_state_with_handler_on_nw_queue [C17] reporting state cancelled error Connection refused
2026-07-27 05:11:23.514 Df app[14090:4feeb7] [com.apple.CFNetwork:Default] Task <CEB39C08-A609-4B2B-AB85-3256053386C4>.<7> can retry(N) with reason(2) for error [1:61]
2026-07-27 05:11:23.514 A  app[14090:4feeb7] (Security) SecTrustReportNetworkingAnalytics
2026-07-27 05:11:23.514 E  app[14090:4ff848] [com.apple.CFNetwork:Default] Task <CEB39C08-A609-4B2B-AB85-3256053386C4>.<7> HTTP load failed, 0/0 bytes (error code: -1004 [1:61])
2026-07-27 05:11:23.514 Df app[14090:4ff848] [com.apple.CFNetwork:Summary] Task <CEB39C08-A609-4B2B-AB85-3256053386C4>.<7> summary for task failure {transaction_duration_ms=4, response_status=-1, connection=17, reused=1, reused_after_ms=0, request_start_ms=0, request_duration_ms=0, response_start_ms=0, response_duration_ms=0, request_bytes=0, request_throughput_kbps=0, response_bytes=0, response_throughput_kbps=0, cache_hit=false}
2026-07-27 05:11:23.514 E  app[14090:4ff848] [com.apple.CFNetwork:Default] Task <CEB39C08-A609-4B2B-AB85-3256053386C4>.<7> finished with error [-1004] Error Domain=NSURLErrorDomain Code=-1004 "서버에 연결할 수 없습니다." UserInfo={_kCFStreamErrorCodeKey=61, NSUnderlyingError=0x13c50b2a0 {Error Domain=kCFErrorDomainCFNetwork Code=-1004 "(null)" UserInfo={_NSURLErrorNWPathKey=satisfied (Path is satisfied), interface: lo0, _kCFStreamErrorCodeKey=61, _kCFStreamErrorDomainKey=1}}, _NSURLErrorFailingURLSessionTaskErrorKey=LocalDataTask <CEB39C08-A609-4B2B-AB85-3256053386C4>.<7>, _NSURLErrorRelatedURLSessionTaskErrorKey=(
    "LocalDataTask <CEB39C08-A609-4B2B-AB85-3256053386C4>.<7>"
), NSLocalizedDescription=서버에 연결할 수 없습니다., NSErrorFailingURLStringKey=http://127.0.0.1:9/api/v1/notices/active-popup, NSErrorFailingURLKey=http://127.0.0.1:9/api/v1/notices/active-popup, _kCFStreamErrorDomainKey=1}
2026-07-27 05:11:23.514 Df app[14090:4ff84e] [com.apple.CFNetwork:Summary] Task <3328C559-9EE4-40C3-9B17-1909CCD6AE98>.<6> summary for task failure {transaction_duration_ms=5, response_status=-1, cache_hit=false}
2026-07-27 05:11:23.514 E  app[14090:4ff84e] [com.apple.CFNetwork:Default] Task <3328C559-9EE4-40C3-9B17-1909CCD6AE98>.<6> finished with error [-1004] Error Domain=NSURLErrorDomain Code=-1004 "서버에 연결할 수 없습니다." UserInfo={_kCFStreamErrorCodeKey=61, NSUnderlyingError=0x13c50b2a0 {Error Domain=kCFErrorDomainCFNetwork Code=-1004 "(null)" UserInfo={_NSURLErrorNWPathKey=satisfied (Path is satisfied), interface: lo0, _kCFStreamErrorCodeKey=61, _kCFStreamErrorDomainKey=1}}, _NSURLErrorFailingURLSessionTaskErrorKey=LocalDataTask <3328C559-9EE4-40C3-9B17-1909CCD6AE98>.<6>, _NSURLErrorRelatedURLSessionTaskErrorKey=(
    "LocalDataTask <3328C559-9EE4-40C3-9B17-1909CCD6AE98>.<6>",
    "LocalDataTask <CEB39C08-A609-4B2B-AB85-3256053386C4>.<7>"
), NSLocalizedDescription=서버에 연결할 수 없습니다., NSErrorFailingURLStringKey=http://127.0.0.1:9/api/v1/notices/active-popup, NSErrorFailingURLKey=http://127.0.0.1:9/api/v1/notices/active-popup, _kCFStreamErrorDomainKey=1}
2026-07-27 05:11:23.515 Df app[14090:4feeb7] [com.apple.securityd:SecError] SecTrustReportNetworkingAnalytics failed with error: -4
2026-07-27 05:11:23.741 Df app[14090:4fec59] [com.apple.FrontBoard:SceneClient] [(FBSceneManager):sceneID:com.mediology.sinsin-care-default] Sending action(s) in update: <_UIOrientationRequestAction: 0x370a0005>
2026-07-27 05:11:23.743 Df app[14090:4fec59] [com.apple.FrontBoard:SceneClient] [(FBSceneManager):sceneID:com.mediology.sinsin-care-default] Sending action(s) in update: <_UIOrientationRequestAction: 0x370a0006>
2026-07-27 05:11:23.744 Df app[14090:4fec59] [com.apple.FrontBoard:SceneClient] [(FBSceneManager):sceneID:com.mediology.sinsin-care-default] Sending action(s) in update: <_UIOrientationRequestAction: 0x370a0007>
2026-07-27 05:11:24.226 Df app[14090:4fec59] [com.apple.FrontBoard:SceneClient] [(FBSceneManager):sceneID:com.mediology.sinsin-care-default] Sending action(s) in update: <_UIOrientationRequestAction: 0x370a0008>
2026-07-27 05:11:24.227 Df app[14090:4fec59] [com.apple.FrontBoard:SceneClient] [(FBSceneManager):sceneID:com.mediology.sinsin-care-default] Sending action(s) in update: <_UIOrientationRequestAction: 0x370a0009>
2026-07-27 05:11:28.936 Df app[14090:4ff84b] [com.apple.network:connection] nw_socket_handle_socket_event [C8:2] Socket received READ_CLOSE event
2026-07-27 05:11:28.936 Df app[14090:4ff84b] [com.apple.CFNetwork:Default] Connection 8: read-side closed
2026-07-27 05:11:28.936 Df app[14090:4ff84b] [com.apple.CFNetwork:Default] Connection 8: cleaning up
2026-07-27 05:11:28.937 Df app[14090:4ff84b] [com.apple.network:connection] [C8 8174629A-C098-4C42-8D24-58CD812C1421 IPv4#41a43436:8087 tcp, url: http://172.30.1.90:8087/node_modules/expo-router/entry.bundle, definite, attribution: developer] cancel
2026-07-27 05:11:28.937 Df app[14090:4ff84b] [com.apple.network:connection] [C8 8174629A-C098-4C42-8D24-58CD812C1421 IPv4#41a43436:8087 tcp, url: http://172.30.1.90:8087/node_modules/expo-router/entry.bundle, definite, attribution: developer] cancelled
	[C8 25BDA4C3-B4E4-4A64-9113-CAADC637DEE4 172.30.1.90:61344<->IPv4#41a43436:8087]
	Connected Path: satisfied (Path is satisfied), interface: lo0
	Privacy Stance: Not Eligible
	Duration: 50.730s, TCP @0.001s took 0.004s
	bytes in/out: 30938663/773, packets in/out: 3873/2, rtt: 0.001s, retransmitted bytes: 0, out-of-order bytes: 0
	ecn packets sent/acked/marked/lost: 0/0/0/0
2026-07-27 05:11:28.937 Df app[14090:4ff84b] [com.apple.network:connection] nw_connection_report_state_with_handler_on_nw_queue [C8] reporting state cancelled
2026-07-27 05:11:28.937 Df app[14090:4ff84b] [com.apple.CFNetwork:Default] Connection 8: done
2026-07-27 05:11:28.951 Df app[14090:4ff84b] [com.apple.network:connection] nw_socket_handle_socket_event [C16:2] Socket received READ_CLOSE event
2026-07-27 05:11:28.951 Df app[14090:4ff84b] [com.apple.CFNetwork:Default] Connection 16: read-side closed
2026-07-27 05:11:28.951 Df app[14090:4ff84b] [com.apple.CFNetwork:Default] Connection 16: cleaning up
2026-07-27 05:11:28.951 Df app[14090:4ff84b] [com.apple.network:connection] [C16 2240968C-CDC3-4F76-A121-2D892EBDE124 IPv4#41a43436:8087 tcp, url: http://172.30.1.90:8087/assets/, definite, attribution: developer] cancel
2026-07-27 05:11:28.951 Df app[14090:4ff84b] [com.apple.network:connection] [C16 2240968C-CDC3-4F76-A121-2D892EBDE124 IPv4#41a43436:8087 tcp, url: http://172.30.1.90:8087/assets/, definite, attribution: developer] cancelled
	[C16 25BDA4C3-B4E4-4A64-9113-CAADC637DEE4 172.30.1.90:61498<->IPv4#41a43436:8087]
	Connected Path: satisfied (Path is satisfied), interface: lo0
	Privacy Stance: Not Eligible
	Duration: 6.019s, TCP @0.000s took 0.000s
	bytes in/out: 21305/341, packets in/out: 3/1, rtt: 0.001s, retransmitted bytes: 0, out-of-order bytes: 0
	ecn packets sent/acked/marked/lost: 0/0/0/0
2026-07-27 05:11:28.951 Df app[14090:4ff84b] [com.apple.network:connection] nw_connection_report_state_with_handler_on_nw_queue [C16] reporting state cancelled
2026-07-27 05:11:28.951 Df app[14090:4ff84b] [com.apple.CFNetwork:Default] Connection 16: done
2026-07-27 05:11:28.951 Df app[14090:4ff84b] [com.apple.network:connection] nw_socket_handle_socket_event [C15:2] Socket received READ_CLOSE event
2026-07-27 05:11:28.952 Df app[14090:4ff84b] [com.apple.CFNetwork:Default] Connection 15: read-side closed
2026-07-27 05:11:28.952 Df app[14090:4ff84b] [com.apple.CFNetwork:Default] Connection 15: cleaning up
2026-07-27 05:11:28.952 Df app[14090:4ff84b] [com.apple.network:connection] [C15 9F5E0952-5EA7-469C-ADD1-F41780CD898C IPv4#41a43436:8087 tcp, url: http://172.30.1.90:8087/assets/, definite, attribution: developer] cancel
2026-07-27 05:11:28.952 Df app[14090:4ff84b] [com.apple.network:connection] [C15 9F5E0952-5EA7-469C-ADD1-F41780CD898C IPv4#41a43436:8087 tcp, url: http://172.30.1.90:8087/assets/, definite, attribution: developer] cancelled
	[C15 25BDA4C3-B4E4-4A64-9113-CAADC637DEE4 172.30.1.90:61497<->IPv4#41a43436:8087]
	Connected Path: satisfied (Path is satisfied), interface: lo0
	Privacy Stance: Not Eligible
	Duration: 6.020s, TCP @0.000s took 0.001s
	bytes in/out: 29669/336, packets in/out: 3/1, rtt: 0.001s, retransmitted bytes: 0, out-of-order bytes: 0
	ecn packets sent/acked/marked/lost: 0/0/0/0
2026-07-27 05:11:28.952 Df app[14090:4ff84b] [com.apple.network:connection] nw_connection_report_state_with_handler_on_nw_queue [C15] reporting state cancelled
2026-07-27 05:11:28.952 Df app[14090:4ff84b] [com.apple.CFNetwork:Default] Connection 15: done
2026-07-27 05:11:40.881 Df app[16394:4ffe75] [com.apple.xpc:connection] [0x10342c400] activating connection: mach=true listener=false peer=false name=com.apple.cfprefsd.daemon
2026-07-27 05:11:40.883 Df app[16394:4ffe75] [com.apple.UserNotifications:Connections] [com.mediology.sinsin-care] Creating a user notification center
2026-07-27 05:11:40.899 A  app[16394:4fff02] (CoreFoundation) Loading Preferences From User Session CFPrefsD
2026-07-27 05:11:40.900 Df app[16394:4ffe75] (libMobileGestalt.dylib) No persisted cache on this platform.
2026-07-27 05:11:40.902 Df app[16394:4fff03] [com.apple.BoardServices:XPCErrors] [C:1] Alloc com.apple.frontboard.systemappservices
2026-07-27 05:11:40.902 Df app[16394:4fff01] [com.apple.UIKit:BackgroundTask] Creating new assertion because there is no existing background assertion.
2026-07-27 05:11:40.902 Df app[16394:4fff01] [com.apple.UIKit:BackgroundTask] Creating new background assertion
2026-07-27 05:11:40.902 Df app[16394:4fff01] [com.apple.UIKit:BackgroundTask] Created new background assertion <BKSProcessAssertion: 0x10342d4e0>
2026-07-27 05:11:40.902 Df app[16394:4fff01] [com.apple.runningboard:connection] Initializing connection
2026-07-27 05:11:40.903 Df app[16394:4fff01] [com.apple.runningboard:process] Removing all cached process handles
2026-07-27 05:11:40.903 Df app[16394:4fff04] [com.apple.runningboard:connection] Sending handshake request attempt #1 to server
2026-07-27 05:11:40.903 Df app[16394:4fff03] [com.apple.xpc:connection] [0x1049f0140] activating connection: mach=false listener=false peer=false name=(anonymous)
2026-07-27 05:11:40.903 Df app[16394:4fff04] [com.apple.runningboard:connection] Creating connection to com.apple.runningboard
2026-07-27 05:11:40.904 Df app[16394:4fff04] [com.apple.xpc:connection] [0x1049f0280] activating connection: mach=true listener=false peer=false name=com.apple.runningboard
2026-07-27 05:11:40.910 A  app[16394:4fff07] (RunningBoardServices) didChangeInheritances
2026-07-27 05:11:40.911 Df app[16394:4fff04] [com.apple.runningboard:connection] Handshake succeeded
2026-07-27 05:11:40.911 Df app[16394:4ffe75] [com.apple.UIKit:Application] Deactivation reason added: 10; deactivation reasons: 0 -> 1024; animating application lifecycle event: 0
2026-07-27 05:11:40.911 Df app[16394:4fff04] [com.apple.runningboard:connection] Identity resolved as app<com.mediology.sinsin-care((null))>
2026-07-27 05:11:40.912 Df app[16394:4ffe75] [com.apple.BoardServices:Injection] activating monitor for service com.apple.frontboard.open
2026-07-27 05:11:40.912 Df app[16394:4fff01] [com.apple.UIKit:BackgroundTask] Incrementing reference count for background assertion <BKSProcessAssertion: 0x10342d4e0>
2026-07-27 05:11:40.912 Df app[16394:4fff01] [com.apple.UIKit:BackgroundTask] Created background task <_UIBackgroundTaskInfo: 0x1048c0e80>: taskID = 1, taskName = Launch Background Task for Coalescing, creationTime = 150114 (elapsed = 0).
2026-07-27 05:11:40.912 Df app[16394:4fff01] [com.apple.FrontBoard:SceneExtension] Realizing settings extension _UIApplicationSceneKeyboardSettings on FBSSceneSettings
2026-07-27 05:11:40.912 Df app[16394:4ffe75] [com.apple.BoardServices:Injection] activating monitor for service com.apple.frontboard.workspace-service
2026-07-27 05:11:40.913 Df app[16394:4ffe75] [com.apple.FrontBoard:Common] FBSWorkspace registering source: com.apple.frontboard.systemappservices
2026-07-27 05:11:40.913 Df app[16394:4fff01] [com.apple.FrontBoard:SceneExtension] Realizing settings extension <_UISceneOcclusionSettings> on FBSSceneSettings
2026-07-27 05:11:40.913 Df app[16394:4fff01] [com.apple.FrontBoard:SceneExtension] Realizing settings extension <_UISceneInterfaceProtectionSettings> on FBSSceneSettings
2026-07-27 05:11:40.913 Df app[16394:4fff01] [com.apple.FrontBoard:SceneExtension] Realizing settings extension _UISceneLayoutPreferencesHostSettingsExtension on FBSSceneSettings
2026-07-27 05:11:40.914 Df app[16394:4ffe75] [com.apple.FrontBoard:Common] FBSWorkspace connected to endpoint : <BSServiceConnectionEndpoint: 0x1049947e0; target: com.apple.frontboard.systemappservices; service: com.apple.frontboard.workspace-service>
2026-07-27 05:11:40.914 Df app[16394:4fff01] [com.apple.FrontBoard:SceneExtension] Realizing settings extension _UISceneSafeAreaSettingsExtension on FBSSceneSettings
2026-07-27 05:11:40.914 Df app[16394:4ffe75] [com.apple.FrontBoard:Common] <FBSWorkspaceScenesClient:0x104910dc0 com.apple.frontboard.systemappservices> attempting immediate handshake from activate
2026-07-27 05:11:40.914 Df app[16394:4ffe75] [com.apple.FrontBoard:Common] <FBSWorkspaceScenesClient:0x104910dc0 com.apple.frontboard.systemappservices> sent handshake
2026-07-27 05:11:40.914 Df app[16394:4fff01] [com.apple.FrontBoard:SceneExtension] Realizing settings extension _UISceneLayoutPreferenceClientSettingsExtension on FBSSceneClientSettings
2026-07-27 05:11:40.914 Df app[16394:4fff01] [com.apple.FrontBoard:SceneExtension] Realizing settings extension <_UIHomeAffordanceHostSceneSettings> on FBSSceneSettings
2026-07-27 05:11:40.914 Df app[16394:4ffe75] [com.apple.runningboard:general] Added observer for process assertions expiration warning: <_RBSExpirationWarningClient: 0x1049951c0>
2026-07-27 05:11:40.914 Df app[16394:4fff01] [com.apple.FrontBoard:SceneExtension] Realizing settings extension _UISystemShellSceneHostingEnvironmentSettings on FBSSceneSettings
2026-07-27 05:11:40.915 Df app[16394:4fff01] [com.apple.FrontBoard:SceneExtension] Realizing settings extension _UISceneRenderingEnvironmentSettings on FBSSceneSettings
2026-07-27 05:11:40.916 Df app[16394:4fff01] [com.apple.FrontBoard:SceneExtension] Realizing settings extension <_UISceneRenderingEnvironmentClientSettings> on FBSSceneClientSettings
2026-07-27 05:11:40.916 Df app[16394:4fff01] [com.apple.FrontBoard:SceneExtension] Realizing settings extension <_UISceneTransitioningHostSettings> on FBSSceneSettings
2026-07-27 05:11:40.916 Df app[16394:4fff01] [com.apple.FrontBoard:SceneExtension] Realizing settings extension <_UISceneFocusSystemSettings> on FBSSceneSettings
2026-07-27 05:11:40.917 Df app[16394:4fff01] [com.apple.FrontBoard:SceneExtension] Realizing settings extension _UISceneOrientationSettingsExtension on FBSSceneSettings
2026-07-27 05:11:40.918 Df app[16394:4fff01] [com.apple.FrontBoard:SceneExtension] Realizing settings extension _UISceneOrientationClientSettingsExtension on FBSSceneClientSettings
2026-07-27 05:11:40.918 Df app[16394:4fff01] [com.apple.FrontBoard:SceneExtension] Realizing settings extension _UISceneWindowingControlClientSettings on FBSSceneClientSettings
2026-07-27 05:11:40.919 Df app[16394:4fff01] [com.apple.FrontBoard:SceneExtension] Realizing settings extension <_UISceneHostingContentSizePreferenceClientSettings> on FBSSceneClientSettings
2026-07-27 05:11:40.919 Df app[16394:4fff01] [com.apple.FrontBoard:SceneExtension] Realizing settings extension _UISceneHostingTraitCollectionPropagationSettings on FBSSceneSettings
2026-07-27 05:11:40.919 Df app[16394:4fff01] [com.apple.FrontBoard:SceneExtension] Realizing settings extension <_UISceneHostingSheetPresentationSettings> on FBSSceneSettings
2026-07-27 05:11:40.919 Df app[16394:4fff01] [com.apple.FrontBoard:SceneExtension] Realizing settings extension <_UISceneHostingSheetPresentationClientSettings> on FBSSceneClientSettings
2026-07-27 05:11:40.919 Df app[16394:4fff01] [com.apple.FrontBoard:SceneExtension] Realizing settings extension <_UISceneHostingEventDeferringSettings> on FBSSceneSettings
2026-07-27 05:11:40.919 Df app[16394:4fff01] [com.apple.FrontBoard:SceneExtension] Realizing settings extension <UIKit__UITypedKeyValueSceneSettings> on FBSSceneSettings
2026-07-27 05:11:40.919 Df app[16394:4ffe75] [com.apple.UIKit:UIScreen] Evaluated capturing state as 0 on <UIScreen: 0x1049f0500> for initial
2026-07-27 05:11:40.920 Df app[16394:4fff01] [com.apple.FrontBoard:SceneExtension] Realizing settings extension <UIKit__UITypedKeyValueSceneSettings> on FBSSceneClientSettings
2026-07-27 05:11:40.920 Df app[16394:4ffe75] [com.apple.UIKit:UIScreen] Evaluated capturing state as 0 on <UIScreen: 0x1049f0500> for CADisplay KVO
2026-07-27 05:11:40.921 Df app[16394:4fff01] [com.apple.FrontBoard:SceneExtension] Realizing settings extension <_UISceneHostingViewControllerPreferencePropagationClientSettings> on FBSSceneClientSettings
2026-07-27 05:11:40.921 Df app[16394:4fff01] [com.apple.FrontBoard:SceneExtension] Realizing settings extension <_UISceneZoomTransitionSettings> on FBSSceneSettings
2026-07-27 05:11:40.921 Df app[16394:4fff0a] [com.apple.FrontBoard:SceneExtension] Realizing settings extension FBSSceneSettingsCore on FBSSceneSettings
2026-07-27 05:11:40.922 Df app[16394:4ffe75] [com.apple.Accessibility:AXSupportCommon] Read CategoryName: per-app = 1, category name = (null)
2026-07-27 05:11:40.922 Df app[16394:4ffe75] [com.apple.Accessibility:AXSupportCommon] Read CategoryName: per-app = 0, category name = UICTContentSizeCategoryL
2026-07-27 05:11:40.923 Df app[16394:4fff0a] [com.apple.FrontBoard:SceneExtension] Realizing settings extension FBSSceneClientSettingsCore on FBSSceneClientSettings
2026-07-27 05:11:40.932 Df app[16394:4fff0a] [com.apple.FrontBoard:SceneExtension] UIMutableApplicationSceneSettings setting counterpart class: UIApplicationSceneSettings
2026-07-27 05:11:40.933 Df app[16394:4fff0a] [com.apple.FrontBoard:SceneExtension] UIMutableApplicationSceneClientSettings setting counterpart class: UIApplicationSceneClientSettings
2026-07-27 05:11:40.934 Df app[16394:4fff0a] [com.apple.FrontBoard:SceneExtension] Realizing settings extension FBSSceneTransitionContextCore on FBSSceneTransitionContext
2026-07-27 05:11:40.988 A  app[16394:4fff0a] (CoreFoundation) Updating Key-Value Observers Of Preferences
2026-07-27 05:11:41.003 Df app[16394:4ffe75] [com.apple.dt.xctest:Default] Registering for test daemon availability notify post.
2026-07-27 05:11:41.003 Df app[16394:4ffe75] [com.apple.dt.xctest:Default] notify_get_state check indicated test daemon not ready.
2026-07-27 05:11:41.003 Df app[16394:4ffe75] [com.apple.dt.xctest:Default] notify_get_state check indicated test daemon not ready.
2026-07-27 05:11:41.003 Df app[16394:4ffe75] [com.apple.dt.xctest:Default] notify_get_state check indicated test daemon not ready.
2026-07-27 05:11:41.004 Df app[16394:4ffe75] [com.apple.UIKit:UpdateScheduler] Selected display: name=LCD (PurpleMain), id=1
2026-07-27 05:11:41.005 Df app[16394:4ffe75] [com.apple.app_launch_measurement:ApplicationLaunch] alm_acquire_pageins_recording_assertion: acquired pageins recording assertion!
2026-07-27 05:11:41.006 Df app[16394:4ffe75] [com.apple.UIKit:Application] Deactivation reason added: 5; deactivation reasons: 1024 -> 1056; animating application lifecycle event: 1
2026-07-27 05:11:41.006 Df app[16394:4ffe75] [com.apple.UIKit:InterfaceStyle] Not push traits update to screen for new style 1, <UIWindowScene: 0x104b44200> (6E797257-08E7-48F7-A749-DFECC04BF5BA)
2026-07-27 05:11:41.006 Df app[16394:4ffe75] [com.apple.UIKit:InterfaceStyle] Should send trait collection or coordinate space update, interface style 1 -> 1, <UIWindowScene: 0x104b44200> (6E797257-08E7-48F7-A749-DFECC04BF5BA)
2026-07-27 05:11:41.006 Df app[16394:4ffe75] [com.apple.UIKit:InterfaceStyle] Not push traits update to screen for new style 1, <UIWindowScene: 0x104b44200> (6E797257-08E7-48F7-A749-DFECC04BF5BA)
2026-07-27 05:11:41.007 Df app[16394:4ffe75] [com.apple.UIKit:HomeAffordanceObservation] Initializing: <_UIHomeAffordanceSceneNotifier: 0x104ae1880>; with scene: <UIWindowScene: 0x104b44200>
2026-07-27 05:11:41.007 Df app[16394:4ffe75] [com.apple.BacklightServices:scenes] 0x104a829a0 setDelegate:<0x104a82b50 _UIBacklightEnvironment> hasDelegate:YES for environment:sceneID:com.mediology.sinsin-care-default
2026-07-27 05:11:41.007 Df app[16394:4ffe75] [com.apple.UIKit:InterfaceStyle] Not push traits update to screen for new style 1, <UIWindowScene: 0x104b44200> (6E797257-08E7-48F7-A749-DFECC04BF5BA)
2026-07-27 05:11:41.007 Df app[16394:4ffe75] [com.apple.UIKit:EventDeferring] [0x104ae0770] Initialized with scene: <UIWindowScene: 0x104b44200>; behavior: <_UIEventDeferringBehavior_iOS: 0x104997000>; availableForProcess: 1, systemShellManagesKeyboardFocus: 1
2026-07-27 05:11:41.007 Df app[16394:4ffe75] [com.apple.BoardServices:XPCErrors] [C:2] Alloc com.apple.backboard.hid-services.xpc
2026-07-27 05:11:41.007 Df app[16394:4ffe75] [com.apple.xpc:connection] [0x1049f0dc0] activating connection: mach=false listener=false peer=false name=(anonymous)
2026-07-27 05:11:41.014 Df app[16394:4fff06] [com.apple.BackBoard:EventDelivery] BKSHIDEventObserver - connection activation
2026-07-27 05:11:41.014 Df app[16394:4ffe75] [com.apple.BackBoard:EventDelivery] policyStatus:<BKSHIDEventDeliveryPolicyObserver: 0x104a78420; process scope; status: target> was:none
2026-07-27 05:11:41.014 Df app[16394:4ffe75] [com.apple.UIKit:KeyWindow] Setting default evaluation strategy for UIUserInterfaceIdiomPhone to LastOneWins
2026-07-27 05:11:41.014 Df app[16394:4ffe75] [com.apple.UIKit:KeyWindow] Scene target of keyboard event deferring environment did change: 1; scene: UIWindowScene: 0x104b44200; scene identity: com.apple.frontboard.systemappservices/FBSceneManager:sceneID%3Acom.mediology.sinsin-care-default
2026-07-27 05:11:41.014 Df app[16394:4ffe75] [com.apple.UIKit:EventDeferring] [0x104ae0770] Scene target of event deferring environments did update: scene: 0x104b44200; current systemShellManagesKeyboardFocus: 1; systemShellManagesKeyboardFocusForScene: 1; eligibleForRecordRemoval: 1;
2026-07-27 05:11:41.014 Df app[16394:4ffe75] [com.apple.UIKit:KeyWindow] Scene became target of keyboard event deferring environment: UIWindowScene: 0x104b44200; scene identity: com.apple.frontboard.systemappservices/FBSceneManager:sceneID%3Acom.mediology.sinsin-care-default
2026-07-27 05:11:41.014 Df app[16394:4ffe75] [com.apple.UIKit:KeyWindow] Stack[KeyWindow] 0x104a81a70: Taking no further action for migration from LastOneWins -> SystemShellManaged as there are no scenes
2026-07-27 05:11:41.014 Df app[16394:4ffe75] [com.apple.UIKit:KeyWindow] Setting default evaluation strategy for UIUserInterfaceIdiomPhone to SystemShellManaged
2026-07-27 05:11:41.014 Df app[16394:4ffe75] [com.apple.UIKit:KeyWindow] Key window needs update: 0; currentKeyWindowScene: 0x0; evaluatedKeyWindowScene: 0x104b44200; currentApplicationKeyWindow: 0x0; evaluatedApplicationKeyWindow: 0x0; reason: UIWindowScene: 0x104b44200: Window scene became target of keyboard environment
2026-07-27 05:11:41.015 Df app[16394:4ffe75] [com.apple.UIKit:InterfaceStyle] Not push traits update to screen for new style 1, <UIWindowScene: 0x104b44200> (6E797257-08E7-48F7-A749-DFECC04BF5BA)
2026-07-27 05:11:41.015 Df app[16394:4ffe75] [com.apple.UIKit:InterfaceStyle] Not push traits update to screen for new style 1, <UIWindowScene: 0x104b44200> (6E797257-08E7-48F7-A749-DFECC04BF5BA)
2026-07-27 05:11:41.018 Df app[16394:4ffe75] [com.apple.UIKit:InterfaceStyle] Not push traits update to screen for new style 1, <UIWindowScene: 0x104b44200> (6E797257-08E7-48F7-A749-DFECC04BF5BA)
2026-07-27 05:11:41.113 F  app[16394:4ffe75] [com.apple.runtime-issues:UIKit App Config] `UIScene` lifecycle will soon be required. Failure to adopt will result in an assert in the future.
2026-07-27 05:11:41.113 A  app[16394:4ffe75] (libsystem_trace.dylib) Activity for state dumps
2026-07-27 05:11:41.113 Df app[16394:4ffe75] [com.apple.UIKit:InterfaceStyle] Not push traits update to screen for new style 1, <UIWindowScene: 0x104b44200> (6E797257-08E7-48F7-A749-DFECC04BF5BA)
2026-07-27 05:11:41.113 Df app[16394:4ffe75] [com.apple.UIKit:AppLifecycle] sceneOfRecord: sceneID: sceneID:com.mediology.sinsin-care-default  persistentID: 6E797257-08E7-48F7-A749-DFECC04BF5BA
2026-07-27 05:11:41.113 Df app[16394:4ffe75] [com.apple.UIKit:Application] Ignoring already applied deactivation reason: 5; deactivation reasons: 1056
2026-07-27 05:11:41.114 Df app[16394:4ffe75] [com.apple.UIKit:Application] Deactivation reason added: 11; deactivation reasons: 1056 -> 3104; animating application lifecycle event: 1
2026-07-27 05:11:41.114 Df app[16394:4ffe75] [com.apple.KeyboardArbiter:Client] startConnection
2026-07-27 05:11:41.114 Df app[16394:4ffe75] [com.apple.xpc:connection] [0x1049f1540] activating connection: mach=true listener=false peer=false name=com.apple.UIKit.KeyboardManagement.hosted
2026-07-27 05:11:41.115 Df app[16394:4ffe75] (UIKitCore) You've implemented -[<UIApplicationDelegate> application:performFetchWithCompletionHandler:], but you still need to add "fetch" to the list of your supported UIBackgroundModes in your Info.plist.
2026-07-27 05:11:41.115 Df app[16394:4ffe75] (UIKitCore) You've implemented -[<UIApplicationDelegate> application:didReceiveRemoteNotification:fetchCompletionHandler:], but you still need to add "remote-notification" to the list of your supported UIBackgroundModes in your Info.plist.
2026-07-27 05:11:41.116 Df app[16394:4ffe75] (app.debug.dylib) _setUpFeatureFlags called with release level 2
2026-07-27 05:11:41.145 Df app[16394:4ffe75] [com.apple.network:] networkd_settings_read_from_file_locked initialized networkd settings by reading plist directly
2026-07-27 05:11:41.145 Df app[16394:4ffe75] [com.apple.network:] networkd_settings_read_from_file_locked initialized networkd settings by reading plist directly
2026-07-27 05:11:41.145 Df app[16394:4ffe75] [com.apple.CFNetwork:Default] TCP Conn [1:0x1049117c0] using empty proxy configuration
2026-07-27 05:11:41.145 Df app[16394:4ffe75] [com.apple.CFNetwork:Default] Stream client bypassing proxies on TCP Conn [1:0x1049117c0]
2026-07-27 05:11:41.145 Df app[16394:4ffe75] [com.apple.CFNetwork:Default] TCP Conn 0x1049117c0 started
2026-07-27 05:11:41.148 Df app[16394:4fff06] [com.apple.network:connection] [C1 087603AA-B4B5-4EE2-9080-1055076A67B3 Hostname#33dcf089:8081 tcp, definite, attribution: developer, context: Default Network Context (private), proc: 015000E2-DAB9-340B-9C50-1DE21DB3B06A, delegated upid: 0, no proxy, prohibit fallback, allow socket access] start
2026-07-27 05:11:41.148 Df app[16394:4fff06] [com.apple.network:connection] [C1 Hostname#33dcf089:8081 initial parent-flow ((null))] event: path:start @0.000s
2026-07-27 05:11:41.150 Df app[16394:4fff06] [com.apple.network:connection] [C1 Hostname#33dcf089:8081 waiting parent-flow (satisfied (Path is satisfied), interface: en0[802.11], uses wifi, LQM: unknown)] event: path:satisfied @0.002s, uuid: 5D6AC432-CB5F-4D4B-952A-F09994EA1C72
2026-07-27 05:11:41.151 Df app[16394:4fff06] [com.apple.network:connection] [C1 Hostname#33dcf089:8081 in_progress parent-flow (satisfied (Path is satisfied), interface: en0[802.11], uses wifi, LQM: unknown)] event: flow:start_connect @0.002s
2026-07-27 05:11:41.151 Df app[16394:4fff06] [com.apple.network:connection] nw_connection_report_state_with_handler_on_nw_queue [C1] reporting state preparing
2026-07-27 05:11:41.151 Df app[16394:4fff06] [com.apple.network:connection] [C1 Hostname#33dcf089:8081 in_progress parent-flow (satisfied (Path is satisfied), interface: en0[802.11], uses wifi, LQM: unknown)] event: flow:start_child @0.003s
2026-07-27 05:11:41.151 Df app[16394:4ffe75] [com.apple.CFNetwork:Default] Task <BCC1EA5D-9BD7-431F-BB5E-6A5DC267D3CB>.<1> resuming, timeouts(10.0, 604800.0) qos(0x21) voucher(<OS_voucher: 0x104a34a00>) activity(00000000-0000-0000-0000-000000000000)
2026-07-27 05:11:41.151 Df app[16394:4fff06] [com.apple.network:connection] [C1.1 Hostname#33dcf089:8081 initial path ((null))] event: path:start @0.003s
2026-07-27 05:11:41.151 Df app[16394:4fff06] [com.apple.network:connection] [C1.1 Hostname#33dcf089:8081 waiting path (satisfied (Path is satisfied), interface: en0[802.11], uses wifi, LQM: unknown)] event: path:satisfied @0.003s, uuid: 5D6AC432-CB5F-4D4B-952A-F09994EA1C72
2026-07-27 05:11:41.151 A  app[16394:4ffe75] (CoreFoundation) Loading Preferences From User Session CFPrefsD
2026-07-27 05:11:41.151 Df app[16394:4fff06] [com.apple.network:connection] [C1.1 Hostname#33dcf089:8081 in_progress resolver (satisfied (Path is satisfied), interface: en0[802.11], uses wifi, LQM: unknown)] event: resolver:start_dns @0.003s
2026-07-27 05:11:41.152 Df app[16394:4fff06] [com.apple.network:connection] nw_endpoint_resolver_update [C1.1 Hostname#33dcf089:8081 in_progress resolver (satisfied (Path is satisfied), interface: en0[802.11], uses wifi, LQM: unknown)] Adding endpoint handler for IPv6#b93100c1.8081
2026-07-27 05:11:41.152 Df app[16394:4fff06] [com.apple.network:connection] nw_endpoint_resolver_update [C1.1 Hostname#33dcf089:8081 in_progress resolver (satisfied (Path is satisfied), interface: en0[802.11], uses wifi, LQM: unknown)] Adding endpoint handler for IPv4#a41c938d:8081
2026-07-27 05:11:41.152 Df app[16394:4fff06] [com.apple.network:connection] [C1.1 Hostname#33dcf089:8081 in_progress resolver (satisfied (Path is satisfied), interface: en0[802.11], uses wifi, LQM: unknown)] event: resolver:receive_dns @0.004s
2026-07-27 05:11:41.152 Df app[16394:4fff06] [com.apple.network:connection] [C1.1.1 IPv6#b93100c1.8081 initial path ((null))] event: path:start @0.004s
2026-07-27 05:11:41.152 Df app[16394:4fff06] [com.apple.network:connection] [C1.1.1 IPv6#b93100c1.8081 waiting path (satisfied (Path is satisfied), interface: lo0)] event: path:satisfied @0.004s, uuid: 7DA1534A-A6A8-4E9E-8CB7-48517904DE65
2026-07-27 05:11:41.153 Df app[16394:4fff06] [com.apple.network:connection] nw_socket_initialize_socket [C1.1.1:1] Not guarding fd 3
2026-07-27 05:11:41.153 Df app[16394:4fff06] [com.apple.network:connection] [C1.1.1 IPv6#b93100c1.8081 in_progress socket-flow (satisfied (Path is satisfied), interface: lo0)] event: flow:start_connect @0.004s
2026-07-27 05:11:41.153 Df app[16394:4fff06] [com.apple.network:connection] nw_socket_handle_socket_event [C1.1.1:1] Socket received CONNRESET event
2026-07-27 05:11:41.153 Df app[16394:4fff06] [com.apple.network:connection] nw_socket_handle_socket_event [C1.1.1:1] Socket received DISCONNECTED event
2026-07-27 05:11:41.153 E  app[16394:4fff06] [com.apple.network:connection] nw_socket_handle_socket_event [C1.1.1:1] Socket SO_ERROR [61: Connection refused]
2026-07-27 05:11:41.153 E  app[16394:4fff06] [com.apple.network:connection] nw_endpoint_flow_failed_with_error [C1.1.1 IPv6#b93100c1.8081 in_progress socket-flow (satisfied (Path is satisfied), interface: lo0)] already failing, returning
2026-07-27 05:11:41.153 Df app[16394:4fff06] [com.apple.network:connection] [C1.1.1 IPv6#b93100c1.8081 failed socket-flow (satisfied (Path is satisfied), interface: lo0)] event: flow:failed_connect @0.005s, error Connection refused
2026-07-27 05:11:41.154 Df app[16394:4fff06] [com.apple.network:connection] [C1.1.2 IPv4#a41c938d:8081 initial path ((null))] event: path:start @0.005s
2026-07-27 05:11:41.154 Df app[16394:4fff06] [com.apple.network:connection] [C1.1.2 IPv4#a41c938d:8081 waiting path (satisfied (Path is satisfied), interface: lo0)] event: path:satisfied @0.005s, uuid: 1C1926A0-F377-44A7-BC87-AAFAA0B7EFA5
2026-07-27 05:11:41.155 Df app[16394:4fff06] [com.apple.network:connection] nw_socket_initialize_socket [C1.1.2:1] Not guarding fd 6
2026-07-27 05:11:41.155 Df app[16394:4fff06] [com.apple.network:connection] [C1.1.2 IPv4#a41c938d:8081 in_progress socket-flow (satisfied (Path is satisfied), interface: lo0)] event: flow:start_connect @0.007s
2026-07-27 05:11:41.155 Df app[16394:4fff06] [com.apple.network:connection] nw_socket_handle_socket_event [C1.1.2:1] Socket received CONNRESET event
2026-07-27 05:11:41.155 Df app[16394:4fff06] [com.apple.network:connection] nw_socket_handle_socket_event [C1.1.2:1] Socket received DISCONNECTED event
2026-07-27 05:11:41.155 E  app[16394:4fff06] [com.apple.network:connection] nw_socket_handle_socket_event [C1.1.2:1] Socket SO_ERROR [61: Connection refused]
2026-07-27 05:11:41.155 E  app[16394:4fff06] [com.apple.network:connection] nw_endpoint_flow_failed_with_error [C1.1.2 IPv4#a41c938d:8081 in_progress socket-flow (satisfied (Path is satisfied), interface: lo0)] already failing, returning
2026-07-27 05:11:41.155 Df app[16394:4fff06] [com.apple.network:connection] [C1.1.2 IPv4#a41c938d:8081 failed socket-flow (satisfied (Path is satisfied), interface: lo0)] event: flow:failed_connect @0.007s, error Connection refused
2026-07-27 05:11:41.155 Df app[16394:4fff06] [com.apple.network:connection] [C1.1 Hostname#33dcf089:8081 in_progress resolver (satisfied (Path is satisfied), interface: en0[802.11], uses wifi, LQM: unknown)] event: resolver:children_stall @0.007s
2026-07-27 05:11:41.156 Df app[16394:4fff06] [com.apple.network:connection] [C1.1 Hostname#33dcf089:8081 failed resolver (satisfied (Path is satisfied), interface: en0[802.11], uses wifi, LQM: unknown)] event: resolver:children_failed @0.007s
2026-07-27 05:11:41.156 E  app[16394:4fff06] [com.apple.network:connection] nw_endpoint_flow_failed_with_error [C1.1.2 IPv4#a41c938d:8081 cancelled socket-flow ((null))] already failing, returning
2026-07-27 05:11:41.156 Df app[16394:4fff06] [com.apple.network:connection] [C1 Hostname#33dcf089:8081 failed parent-flow (satisfied (Path is satisfied), interface: en0[802.11], uses wifi, LQM: unknown)] event: flow:child_failed @0.008s
2026-07-27 05:11:41.157 Df app[16394:4fff06] [com.apple.network:connection] nw_connection_report_state_with_handler_on_nw_queue [C1] reporting state failed error Connection refused
2026-07-27 05:11:41.157 Df app[16394:4fff0a] [com.apple.CFNetwork:Default] TCP Conn 0x1049117c0 event 3. err: 61
2026-07-27 05:11:41.157 E  app[16394:4fff0a] [com.apple.network:connection] nw_connection_get_connected_socket_block_invoke [C1] Client called nw_connection_get_connected_socket on unconnected nw_connection
2026-07-27 05:11:41.157 Df app[16394:4fff0a] [com.apple.CFNetwork:Default] TCP Conn 0x1049117c0 complete. fd: -1, err: 61
2026-07-27 05:11:41.157 E  app[16394:4fff0a] [com.apple.CFNetwork:Default] TCP Conn 0x1049117c0 Failed : error 0:61 [61]
2026-07-27 05:11:41.157 Df app[16394:4fff2b] [com.apple.CFNetwork:Default] TCP Conn 0x1049117c0 canceled
2026-07-27 05:11:41.157 Df app[16394:4fff06] [com.apple.network:connection] [C1 087603AA-B4B5-4EE2-9080-1055076A67B3 Hostname#33dcf089:8081 tcp, legacy-socket, definite, attribution: developer] cancel
2026-07-27 05:11:41.157 Df app[16394:4fff06] [com.apple.network:connection] [C1 Hostname#33dcf089:8081 tcp, legacy-socket, definite, attribution: developer] cancelled
2026-07-27 05:11:41.157 Df app[16394:4fff06] [com.apple.network:connection] nw_connection_report_state_with_handler_on_nw_queue [C1] reporting state cancelled error Connection refused
2026-07-27 05:11:41.167 A  app[16394:4fff02] (Security) SecTrustReportNetworkingAnalytics
2026-07-27 05:11:41.167 A  app[16394:4fff0a] (libsystem_containermanager.dylib) container_system_group_path_for_identifier
2026-07-27 05:11:41.167 Df app[16394:4fff0a] [com.apple.containermanager:xpc] Requesting container lookup; class = 13, identifier = com.apple.nsurlsessiond, group_identifier = systemgroup.com.apple.nsurlstoragedresources, create = 1, temp = 0, euid = 501, uid = 501
2026-07-27 05:11:41.167 A  app[16394:4fff0a] (libsystem_containermanager.dylib) container_query_t
2026-07-27 05:11:41.167 Df app[16394:4fff0a] [com.apple.containermanager:xpc] Query; euid = 501, uid = 501, class = 13, identifier = [com.apple.nsurlsessiond](1), flags = 900000003
2026-07-27 05:11:41.168 Df app[16394:4fff02] [com.apple.securityd:keychain] System Keychain Always Supported set via feature flag to disabled
2026-07-27 05:11:41.168 Df app[16394:4fff02] [com.apple.xpc:connection] [0x107da4c80] activating connection: mach=true listener=false peer=false name=com.apple.trustd
2026-07-27 05:11:41.169 Df app[16394:4fff0a] [com.apple.containermanager:unspecified] _container_query_get_result_at_index: success
2026-07-27 05:11:41.169 Df app[16394:4fff02] [com.apple.securityd:SecError] SecTrustReportNetworkingAnalytics failed with error: -4
2026-07-27 05:11:41.169 A  app[16394:4fff0a] (libsystem_containermanager.dylib) container_copy_object
2026-07-27 05:11:41.169 Df app[16394:4fff0a] [com.apple.containermanager:unspecified] container_system_group_path_for_identifier: success
2026-07-27 05:11:41.174 Df app[16394:4fff0a] [com.apple.CFNetwork:Default] Initializing NSHTTPCookieStorage singleton
2026-07-27 05:11:41.174 Df app[16394:4fff0a] [com.apple.CFNetwork:Default] Initializing CFHTTPCookieStorage singleton
2026-07-27 05:11:41.174 Df app[16394:4fff0a] [com.apple.CFNetwork:Default] Creating default cookie storage with process/bundle identifier
2026-07-27 05:11:41.175 Df app[16394:4fff0a] [com.apple.CFNetwork:Default] Initializing AlternativeServices Storage singleton
2026-07-27 05:11:41.175 Df app[16394:4fff0a] [com.apple.FileURL:default] kExcludedFromBackupXattrName set on path: /Users/mediology/Library/Developer/CoreSimulator/Devices/3411C3A9-5525-4E59-99C2-7E39A28749E7/data/Containers/Data/Application/2E8CF7BA-2311-4067-8405-BC93FAFB447C/Library/HTTPStorages/com.mediology.sinsin-care
2026-07-27 05:11:41.180 Df app[16394:4fff0a] [com.apple.CFNetwork:Default] Connection 2: starting, TC(0x0)
2026-07-27 05:11:41.180 Df app[16394:4fff0a] [com.apple.network:connection] [C2 C3679AE9-86C7-4A23-B561-B3737AB0B23F IPv4#72047e6b:8087 tcp, url: http://172.30.1.90:8087/, definite, attribution: developer, context: com.apple.CFNetwork.NSURLSession.{AE358BDE-9852-4E64-8E8B-864F0C2CBAF0}{(null)}{Y}{2}{0x0} (private), proc: 015000E2-DAB9-340B-9C50-1DE21DB3B06A, delegated upid: 0] start
2026-07-27 05:11:41.180 Df app[16394:4fff0a] [com.apple.network:connection] [C2 IPv4#72047e6b:8087 initial parent-flow ((null))] event: path:start @0.000s
2026-07-27 05:11:41.180 Df app[16394:4fff0a] [com.apple.network:connection] [C2 IPv4#72047e6b:8087 waiting parent-flow (satisfied (Path is satisfied), interface: lo0)] event: path:satisfied @0.000s, uuid: FA3A5622-B669-458E-9C39-42298E57488E
2026-07-27 05:11:41.180 Df app[16394:4fff0a] [com.apple.network:connection] [C2 IPv4#72047e6b:8087 in_progress socket-flow (satisfied (Path is satisfied), interface: lo0)] event: flow:start_connect @0.000s
2026-07-27 05:11:41.180 Df app[16394:4fff0a] [com.apple.network:connection] nw_connection_report_state_with_handler_on_nw_queue [C2] reporting state preparing
2026-07-27 05:11:41.181 Df app[16394:4fff0a] [com.apple.CFNetwork:Default] Task <BCC1EA5D-9BD7-431F-BB5E-6A5DC267D3CB>.<1> setting up Connection 2
2026-07-27 05:11:41.181 Df app[16394:4fff0a] [com.apple.network:connection] nw_socket_handle_socket_event [C2:2] Socket received CONNECTED event
2026-07-27 05:11:41.181 Df app[16394:4fff0a] [com.apple.network:connection] nw_flow_connected [C2 IPv4#72047e6b:8087 in_progress socket-flow (satisfied (Path is satisfied), interface: lo0)] Transport protocol connected (socket)
2026-07-27 05:11:41.182 Df app[16394:4fff0a] [com.apple.network:connection] [C2 IPv4#72047e6b:8087 in_progress socket-flow (satisfied (Path is satisfied), interface: lo0)] event: flow:finish_transport @0.001s
2026-07-27 05:11:41.182 Df app[16394:4fff0a] [com.apple.network:connection] nw_flow_connected [C2 IPv4#72047e6b:8087 in_progress socket-flow (satisfied (Path is satisfied), interface: lo0)] Output protocol connected (CFNetworkConnection-3143094256)
2026-07-27 05:11:41.182 Df app[16394:4fff0a] [com.apple.network:connection] [C2 IPv4#72047e6b:8087 ready socket-flow (satisfied (Path is satisfied), interface: lo0)] event: flow:finish_connect @0.001s
2026-07-27 05:11:41.182 Df app[16394:4fff0a] [com.apple.network:connection] nw_connection_report_state_with_handler_on_nw_queue [C2] reporting state ready
2026-07-27 05:11:41.182 Df app[16394:4fff0a] [com.apple.CFNetwork:Default] Connection 2: connected successfully
2026-07-27 05:11:41.182 Df app[16394:4fff0a] [com.apple.CFNetwork:Default] Connection 2: ready C(N) E(N)
2026-07-27 05:11:41.182 A  app[16394:4ffe75] (CoreFoundation) Updating Key-Value Observers Of Preferences
2026-07-27 05:11:41.182 Df app[16394:4fff0a] [com.apple.CFNetwork:Default] Task <BCC1EA5D-9BD7-431F-BB5E-6A5DC267D3CB>.<1> now using Connection 2
2026-07-27 05:11:41.183 Df app[16394:4fff0a] [com.apple.CFNetwork:Default] Task <BCC1EA5D-9BD7-431F-BB5E-6A5DC267D3CB>.<1> sent request, body N 0
2026-07-27 05:11:41.191 Df app[16394:4fff02] [com.apple.CFNetwork:Default] Garbage collection for alternative services
2026-07-27 05:11:41.257 Df app[16394:4fff0a] [com.apple.xpc:connection] [0x107da7700] activating connection: mach=true listener=false peer=false name=com.apple.fontservicesd
2026-07-27 05:11:41.267 Df app[16394:4ffe75] [PrototypeTools:domain] Not observing PTDefaults on customer install.
2026-07-27 05:11:41.281 Df app[16394:4fff11] [com.apple.CFNetwork:Default] Task <BCC1EA5D-9BD7-431F-BB5E-6A5DC267D3CB>.<1> received response, status 200 content U
2026-07-27 05:11:41.281 Df app[16394:4fff11] [com.apple.CFNetwork:Default] Task <BCC1EA5D-9BD7-431F-BB5E-6A5DC267D3CB>.<1> response ended
2026-07-27 05:11:41.281 Df app[16394:4fff11] [com.apple.CFNetwork:Default] Task <BCC1EA5D-9BD7-431F-BB5E-6A5DC267D3CB>.<1> done using Connection 2
2026-07-27 05:11:41.281 Df app[16394:4fff11] [com.apple.network:connection] [C2] event: client:connection_idle @0.101s
2026-07-27 05:11:41.281 Df app[16394:4fff11] [com.apple.network:connection] nw_protocol_socket_notify [C2:2] nw_protocol_notification_type_connection_idle is true
2026-07-27 05:11:41.282 Df app[16394:4fff0a] [com.apple.CFNetwork:Summary] Task <BCC1EA5D-9BD7-431F-BB5E-6A5DC267D3CB>.<1> summary for task success {transaction_duration_ms=125, response_status=200, connection=2, protocol="http/1.1", domain_lookup_duration_ms=0, connect_duration_ms=1, secure_connection_duration_ms=0, private_relay=false, request_start_ms=26, request_duration_ms=0, response_start_ms=125, response_duration_ms=0, request_bytes=346, request_throughput_kbps=34196, response_bytes=222, response_throughput_kbps=4865, cache_hit=false}
2026-07-27 05:11:41.282 Df app[16394:4fff11] [com.apple.network:connection] [C2] event: client:connection_idle @0.101s
2026-07-27 05:11:41.282 Df app[16394:4fff11] [com.apple.network:connection] nw_protocol_socket_notify [C2:2] nw_protocol_notification_type_connection_idle is true
2026-07-27 05:11:41.282 Df app[16394:4fff0a] [com.apple.CoreAnalytics:client] No XPC connection in Simulator
2026-07-27 05:11:41.282 Df app[16394:4fff11] [com.apple.CFNetwork:Default] Task <BCC1EA5D-9BD7-431F-BB5E-6A5DC267D3CB>.<1> finished successfully
2026-07-27 05:11:41.283 Df app[16394:4fff11] [com.apple.CFNetwork:Default] Task <FBAC5092-7B3C-485C-87BD-1A169397D8C8>.<2> resuming, timeouts(10.0, 604800.0) qos(0x19) voucher(<OS_voucher: 0x104a34a00>) activity(00000000-0000-0000-0000-000000000000)
2026-07-27 05:11:41.286 A  app[16394:4fff11] (Security) SecTrustReportNetworkingAnalytics
2026-07-27 05:11:41.286 Df app[16394:4fff0a] [com.apple.network:connection] [C2] event: client:connection_idle @0.106s
2026-07-27 05:11:41.286 Df app[16394:4fff0a] [com.apple.network:connection] nw_protocol_socket_notify [C2:2] nw_protocol_notification_type_connection_idle is true
2026-07-27 05:11:41.286 Df app[16394:4fff0a] [com.apple.CFNetwork:Default] Task <FBAC5092-7B3C-485C-87BD-1A169397D8C8>.<2> now using Connection 2
2026-07-27 05:11:41.286 Df app[16394:4fff0a] [com.apple.network:connection] [C2] event: client:connection_reused @0.106s
2026-07-27 05:11:41.286 Df app[16394:4fff0a] [com.apple.network:connection] nw_protocol_socket_notify [C2:2] nw_protocol_notification_type_connection_idle is false
2026-07-27 05:11:41.286 Df app[16394:4fff11] [com.apple.securityd:SecError] SecTrustReportNetworkingAnalytics failed with error: -4
2026-07-27 05:11:41.286 Df app[16394:4fff0a] [com.apple.CFNetwork:Default] Task <FBAC5092-7B3C-485C-87BD-1A169397D8C8>.<2> sent request, body N 0
2026-07-27 05:11:41.299 Df app[16394:4fff11] [com.apple.CFNetwork:Default] Task <FBAC5092-7B3C-485C-87BD-1A169397D8C8>.<2> received response, status 200 content C
2026-07-27 05:11:41.299 Df app[16394:4fff11] [com.apple.CFNetwork:Default] Task <FBAC5092-7B3C-485C-87BD-1A169397D8C8>.<2> response ended
2026-07-27 05:11:41.300 Df app[16394:4fff11] [com.apple.CFNetwork:Default] Task <FBAC5092-7B3C-485C-87BD-1A169397D8C8>.<2> done using Connection 2
2026-07-27 05:11:41.300 Df app[16394:4fff11] [com.apple.network:connection] [C2] event: client:connection_idle @0.119s
2026-07-27 05:11:41.300 Df app[16394:4fff11] [com.apple.network:connection] nw_protocol_socket_notify [C2:2] nw_protocol_notification_type_connection_idle is true
2026-07-27 05:11:41.300 Df app[16394:4fff11] [com.apple.network:connection] [C2] event: client:connection_idle @0.119s
2026-07-27 05:11:41.300 Df app[16394:4fff11] [com.apple.network:connection] nw_protocol_socket_notify [C2:2] nw_protocol_notification_type_connection_idle is true
2026-07-27 05:11:41.300 Df app[16394:4fff0a] [com.apple.CFNetwork:Summary] Task <FBAC5092-7B3C-485C-87BD-1A169397D8C8>.<2> summary for task success {transaction_duration_ms=15, response_status=200, connection=2, reused=1, reused_after_ms=0, request_start_ms=1, request_duration_ms=0, response_start_ms=13, response_duration_ms=1, request_bytes=345, request_throughput_kbps=22071, response_bytes=5786, response_throughput_kbps=38479, cache_hit=true}
2026-07-27 05:11:41.300 Df app[16394:4fff0a] [com.apple.CFNetwork:Default] Task <FBAC5092-7B3C-485C-87BD-1A169397D8C8>.<2> finished successfully
2026-07-27 05:11:41.420 Df app[16394:4ffe75] [com.apple.UIKit:Orientation] <UIWindowScene: 0x104b44200> (6E797257-08E7-48F7-A749-DFECC04BF5BA) Scene updated orientation preferences: none -> ( Pu )
2026-07-27 05:11:41.657 Df app[16394:4fff08] [com.apple.xpc:connection] [0x10824f340] activating connection: mach=true listener=false peer=false name=com.apple.IOSurface.Remote
2026-07-27 05:11:41.661 Df app[16394:4ffe75] [com.apple.network:browser] -[NWConcrete_nw_browser initWithDescriptor:parameters:] [B1] create with <nw_browse_descriptor bonjour _expo._tcp.<NULL> (txt)>, parameters: generic, attribution: developer, reuse local address, context: Default Network Context (private), proc: 015000E2-DAB9-340B-9C50-1DE21DB3B06A, delegated upid: 0, use awdl
2026-07-27 05:11:41.661 Df app[16394:4ffe75] [com.apple.network:browser] nw_browser_start_dns_browser_locked [B1] start: dns browser
2026-07-27 05:11:41.671 Df app[16394:4ffe75] [com.apple.network:browser] nw_browser_start_path_browser_locked [B1] path: start browser
2026-07-27 05:11:41.671 Df app[16394:4ffe75] [com.apple.network:browser] nw_browser_set_state_locked [B1] state changed: invalid -> ready
2026-07-27 05:11:41.706 Df app[16394:4ffe75] [com.apple.UIKit:KeyWindow] Key window API is scene-level: YES
2026-07-27 05:11:41.706 Df app[16394:4ffe75] [com.apple.UIKit:KeyWindow] UIWindowScene: 0x104b44200: Window became key in scene: UIWindow: 0x104a3c400; contextId: 0x19EE8E4E: reason: UIWindowScene: 0x104b44200: Window requested to become key in scene: 0x104a3c400
2026-07-27 05:11:41.706 Df app[16394:4ffe75] [com.apple.UIKit:KeyWindow] Key window needs update: 1; currentKeyWindowScene: 0x0; evaluatedKeyWindowScene: 0x104b44200; currentApplicationKeyWindow: 0x0; evaluatedApplicationKeyWindow: 0x104a3c400; reason: UIWindowScene: 0x104b44200: Window requested to become key in scene: 0x104a3c400
2026-07-27 05:11:41.706 Df app[16394:4ffe75] [com.apple.UIKit:KeyWindow] Window did become application key: UIWindow: 0x104a3c400; contextId: 0x19EE8E4E; scene identity: com.apple.frontboard.systemappservices/FBSceneManager:sceneID%3Acom.mediology.sinsin-care-default
2026-07-27 05:11:41.706 Df app[16394:4ffe75] [com.apple.UIKit:EventDeferring] [0x104ae0770] Begin local event deferring requested for token: 0x104a7a640; environments: 1; reason: UIWindowScene: 0x104b44200: Begin event deferring in keyboardFocus for window: 0x104a3c400
2026-07-27 05:11:41.707 Df app[16394:4fff08] [com.apple.BackBoard:EventDelivery] BKSHIDEventDeliveryManager - connection activation
2026-07-27 05:11:41.712 Df app[16394:4ffe75] [com.apple.UIKit:Application] Deactivation reason removed: 10; deactivation reasons: 3104 -> 2080; animating application lifecycle event: 1
2026-07-27 05:11:41.713 Df app[16394:4ffe75] [com.apple.UIKit:Application] Deactivation reason added: 12; deactivation reasons: 2080 -> 6176; animating application lifecycle event: 1
2026-07-27 05:11:41.713 Df app[16394:4ffe75] [com.apple.UIKit:Application] Deactivation reason removed: 11; deactivation reasons: 6176 -> 4128; animating application lifecycle event: 1
2026-07-27 05:11:41.713 Df app[16394:4ffe75] [com.apple.FrontBoard:SceneExtension] Realizing settings extension <_UISceneIntelligenceSupportSettings> on FBSSceneSettings
2026-07-27 05:11:41.714 Df app[16394:4fff06] [com.apple.UIIntelligenceSupport:xpc] establishing connection to agent
2026-07-27 05:11:41.716 Df app[16394:4ffe75] [com.apple.UIKit:InterfaceStyle] Not push traits update to screen for new style 1, <UIWindowScene: 0x104b44200> (6E797257-08E7-48F7-A749-DFECC04BF5BA)
2026-07-27 05:11:41.717 Df app[16394:4fff08] [com.apple.BackBoard:EventDelivery] policyStatus:<BKSHIDEventDeliveryPolicyObserver: 0x104a78420; token: com.apple.frontboard.systemappservices/FBSceneManager:sceneID%3Acom.mediology.sinsin-care-default; status: ancestor> was:target
2026-07-27 05:11:41.718 Df app[16394:4fff06] [com.apple.xpc:session] [0x108240190] Session created.
2026-07-27 05:11:41.718 Df app[16394:4fff06] [com.apple.xpc:session] [0x108240190] Session created from connection [0x109078000]
2026-07-27 05:11:41.718 Df app[16394:4fff06] [com.apple.xpc:connection] [0x109078000] activating connection: mach=true listener=false peer=false name=com.apple.uiintelligencesupport.agent
2026-07-27 05:11:41.718 Df app[16394:4fff06] [com.apple.xpc:session] [0x108240190] Session activated
2026-07-27 05:11:41.760 A  app[16394:4fff06] (RunningBoardServices) didChangeInheritances
2026-07-27 05:11:41.761 Df app[16394:4ffe75] [com.apple.xpc:connection] [0x107da5400] activating connection: mach=true listener=false peer=false name=com.apple.lsd.mapdb
2026-07-27 05:11:41.764 A  app[16394:4fff08] (RunningBoardServices) didChangeInheritances
2026-07-27 05:11:41.777 Df app[16394:4ffe75] [com.apple.network:activity] Create activity from XPC object <nw_activity 50:1 [DD229F82-96B9-4AAF-BFE6-FDD328BD1949] (reporting strategy default)>
2026-07-27 05:11:41.778 Df app[16394:4ffe75] [com.apple.network:activity] Create activity from XPC object <nw_activity 50:2 [3E65CF05-6D0B-4144-BBB8-1D85E00A60AF] (reporting strategy default)>
2026-07-27 05:11:41.778 Df app[16394:4ffe75] [com.apple.network:activity] Set activity <nw_activity 50:1 [DD229F82-96B9-4AAF-BFE6-FDD328BD1949] (reporting strategy default)> as the global parent
2026-07-27 05:11:41.778 Df app[16394:4ffe75] [com.apple.UIKit:BackgroundTask] Ending background task with UIBackgroundTaskIdentifier: 1
2026-07-27 05:11:41.778 Df app[16394:4ffe75] [com.apple.UIKit:BackgroundTask] Ending task with identifier 1 and description: <_UIBackgroundTaskInfo: 0x1048c0e80>: taskID = 1, taskName = Launch Background Task for Coalescing, creationTime = 150114 (elapsed = 1), _expireHandler: (null)
2026-07-27 05:11:41.778 Df app[16394:4ffe75] [com.apple.UIKit:BackgroundTask] Decrementing reference count for assertion <BKSProcessAssertion: 0x10342d4e0> (used by background task with identifier 1: <_UIBackgroundTaskInfo: 0x1048c0e80>: taskID = 1, taskName = Launch Background Task for Coalescing, creationTime = 150114 (elapsed = 1))
2026-07-27 05:11:41.778 Df app[16394:4ffe75] [com.apple.UIKit:BackgroundTask] Will invalidate assertion: <BKSProcessAssertion: 0x10342d4e0> for task identifier: 1
2026-07-27 05:11:41.778 Df app[16394:4ffe75] [com.apple.UIKit:EventBus] Event Timing Profile for Touch: not found, path="/System/Library/EventTimingProfiles/Sim.Touch.plist"
2026-07-27 05:11:41.778 Df app[16394:4ffe75] [com.apple.UIKit:EventBus] Event Timing Profile for Pencil: not found, path="/System/Library/EventTimingProfiles/Sim.Pencil.plist"
2026-07-27 05:11:41.778 Df app[16394:4ffe75] [com.apple.UIKit:UpdateScheduler] Target list changed: <CADisplay:LCD PurpleMain>
2026-07-27 05:11:41.780 Df app[16394:4ffe75] [com.apple.UIKit:AppLifecycle] sceneOfRecord: sceneID: sceneID:com.mediology.sinsin-care-default  persistentID: 6E797257-08E7-48F7-A749-DFECC04BF5BA
2026-07-27 05:11:41.780 Df app[16394:4ffe75] [com.apple.UIKit:InterfaceStyle] Not push traits update to screen for new style 1, <UIWindowScene: 0x104b44200> (6E797257-08E7-48F7-A749-DFECC04BF5BA)
2026-07-27 05:11:41.869 A  app[16394:4fff08] (RunningBoardServices) didChangeInheritances
2026-07-27 05:11:41.987 Sd app[16394:0] (21AB2359-DEEC-3444-94FE-B7257E43BE34) IOHIDManager State
{
    DispatchQueue = 0;
    RunLoop = 1;
    createOptions = 0;
    isOpen = 0;
    openOptions = 0;
}
2026-07-27 05:11:41.990 Df app[16394:4ffe75] [com.apple.CFNetwork:Default] TCP Conn [3:0x1081c1e00] using empty proxy configuration
2026-07-27 05:11:41.990 Df app[16394:4ffe75] [com.apple.CFNetwork:Default] Stream client bypassing proxies on TCP Conn [3:0x1081c1e00]
2026-07-27 05:11:41.990 Df app[16394:4ffe75] [com.apple.CFNetwork:Default] TCP Conn 0x1081c1e00 started
2026-07-27 05:11:41.990 Df app[16394:4fff06] [com.apple.network:connection] [C3 B0C144C4-8098-4A4C-BFC7-FB83654F767F IPv4#72047e6b:8087 tcp, definite, attribution: developer, context: Default Network Context (private), proc: 015000E2-DAB9-340B-9C50-1DE21DB3B06A, delegated upid: 0, no proxy, prohibit fallback, allow socket access] start
2026-07-27 05:11:41.990 Df app[16394:4fff06] [com.apple.network:connection] [C3 IPv4#72047e6b:8087 initial parent-flow ((null))] event: path:start @0.000s
2026-07-27 05:11:41.990 Df app[16394:4ffe75] [com.apple.CFNetwork:Default] TCP Conn [4:0x1081c14a0] using empty proxy configuration
2026-07-27 05:11:41.990 Df app[16394:4ffe75] [com.apple.CFNetwork:Default] Stream client bypassing proxies on TCP Conn [4:0x1081c14a0]
2026-07-27 05:11:41.990 Df app[16394:4ffe75] [com.apple.CFNetwork:Default] TCP Conn 0x1081c14a0 started
2026-07-27 05:11:41.991 Df app[16394:4fff06] [com.apple.network:connection] [C3 IPv4#72047e6b:8087 waiting parent-flow (satisfied (Path is satisfied), interface: lo0)] event: path:satisfied @0.000s, uuid: 1DF75444-3C88-4F22-B180-43102230E495
2026-07-27 05:11:41.991 Df app[16394:4fff06] [com.apple.network:connection] nw_socket_initialize_socket [C3:1] Not guarding fd 16
2026-07-27 05:11:41.991 Df app[16394:4fff06] [com.apple.network:connection] [C3 IPv4#72047e6b:8087 in_progress socket-flow (satisfied (Path is satisfied), interface: lo0)] event: flow:start_connect @0.000s
2026-07-27 05:11:41.991 Df app[16394:4fff06] [com.apple.network:connection] nw_connection_report_state_with_handler_on_nw_queue [C3] reporting state preparing
2026-07-27 05:11:41.992 Df app[16394:4fff06] [com.apple.network:connection] [C4 6E72D249-4E62-4649-B996-EF64B628B8D6 IPv4#72047e6b:8087 tcp, definite, attribution: developer, context: Default Network Context (private), proc: 015000E2-DAB9-340B-9C50-1DE21DB3B06A, delegated upid: 0, no proxy, prohibit fallback, allow socket access] start
2026-07-27 05:11:41.992 Df app[16394:4fff06] [com.apple.network:connection] [C4 IPv4#72047e6b:8087 initial parent-flow ((null))] event: path:start @0.000s
2026-07-27 05:11:41.992 Df app[16394:4fff06] [com.apple.network:connection] [C4 IPv4#72047e6b:8087 waiting parent-flow (satisfied (Path is satisfied), interface: lo0)] event: path:satisfied @0.000s, uuid: 1DF75444-3C88-4F22-B180-43102230E495
2026-07-27 05:11:41.992 Df app[16394:4fff06] [com.apple.network:connection] nw_socket_initialize_socket [C4:1] Not guarding fd 17
2026-07-27 05:11:41.992 Df app[16394:4fff06] [com.apple.network:connection] [C4 IPv4#72047e6b:8087 in_progress socket-flow (satisfied (Path is satisfied), interface: lo0)] event: flow:start_connect @0.000s
2026-07-27 05:11:41.992 Df app[16394:4fff06] [com.apple.network:connection] nw_connection_report_state_with_handler_on_nw_queue [C4] reporting state preparing
2026-07-27 05:11:41.992 Df app[16394:4fff06] [com.apple.network:connection] nw_socket_handle_socket_event [C3:1] Socket received CONNECTED event
2026-07-27 05:11:41.992 Df app[16394:4fff06] [com.apple.network:connection] nw_flow_connected [C3 IPv4#72047e6b:8087 in_progress socket-flow (satisfied (Path is satisfied), interface: lo0)] Output protocol connected (socket)
2026-07-27 05:11:41.992 Df app[16394:4fff06] [com.apple.network:connection] [C3 IPv4#72047e6b:8087 ready socket-flow (satisfied (Path is satisfied), interface: lo0)] event: flow:finish_connect @0.002s
2026-07-27 05:11:41.992 Df app[16394:4fff06] [com.apple.network:connection] nw_connection_report_state_with_handler_on_nw_queue [C3] reporting state ready
2026-07-27 05:11:41.992 Df app[16394:4fff0d] [com.apple.CFNetwork:Default] TCP Conn 0x1081c1e00 event 1. err: 0
2026-07-27 05:11:41.992 Df app[16394:4fff06] [com.apple.network:connection] nw_socket_handle_socket_event [C4:1] Socket received CONNECTED event
2026-07-27 05:11:41.992 Df app[16394:4fff0d] [com.apple.CFNetwork:Default] TCP Conn 0x1081c1e00 complete. fd: 18, err: 0
2026-07-27 05:11:41.992 Df app[16394:4fff06] [com.apple.network:connection] nw_flow_connected [C4 IPv4#72047e6b:8087 in_progress socket-flow (satisfied (Path is satisfied), interface: lo0)] Output protocol connected (socket)
2026-07-27 05:11:41.993 Df app[16394:4fff06] [com.apple.network:connection] [C4 IPv4#72047e6b:8087 ready socket-flow (satisfied (Path is satisfied), interface: lo0)] event: flow:finish_connect @0.001s
2026-07-27 05:11:41.993 Df app[16394:4fff06] [com.apple.network:connection] nw_connection_report_state_with_handler_on_nw_queue [C4] reporting state ready
2026-07-27 05:11:41.993 Df app[16394:4fff08] [com.apple.CFNetwork:Default] TCP Conn 0x1081c14a0 event 1. err: 0
2026-07-27 05:11:41.993 Df app[16394:4fff08] [com.apple.CFNetwork:Default] TCP Conn 0x1081c14a0 complete. fd: 21, err: 0
2026-07-27 05:11:42.040 Df app[16394:4ffe75] [com.apple.BackBoard:Display] [FBSDisplaySource 1-1] silently connecting raw configuration: <FBSDisplayConfiguration: 0x10497a800; Main; mode: "402x874@3x 60Hz p3 SDR">
2026-07-27 05:11:42.041 Df app[16394:4ffe75] [com.apple.Accessibility:AXCommon] Read Per-App on Init: Smart invert = (null)
2026-07-27 05:11:42.042 Df app[16394:4ffe75] [com.apple.UIKit:EventDeferring] [0x104ae0770] Scene target of event deferring environments did update: scene: 0x104b44200; current systemShellManagesKeyboardFocus: 1; systemShellManagesKeyboardFocusForScene: 1; eligibleForRecordRemoval: 1;
2026-07-27 05:11:42.042 Df app[16394:4ffe75] [com.apple.UIKit:KeyWindow] Scene became target of keyboard event deferring environment: UIWindowScene: 0x104b44200; scene identity: com.apple.frontboard.systemappservices/FBSceneManager:sceneID%3Acom.mediology.sinsin-care-default
2026-07-27 05:11:42.052 Df app[16394:4ffe75] [com.apple.network:browser] nw_browser_cancel_path_browser_locked [B1] path: cancel browse
2026-07-27 05:11:42.052 Df app[16394:4ffe75] [com.apple.network:browser] nw_browser_set_state_locked [B1] state changed: ready -> cancelled
2026-07-27 05:11:42.053 Df app[16394:4ffe75] [com.apple.FrontBoard:SceneExtension] Realizing settings extension SBUISecureRenderingSettingsExtension on FBSSceneSettings
2026-07-27 05:11:42.054 Df app[16394:4ffe75] [com.apple.UIKit:InterfaceStyle] Not push traits update to screen for new style 1, <UIWindowScene: 0x104b44200> (6E797257-08E7-48F7-A749-DFECC04BF5BA)
2026-07-27 05:11:42.055 Df app[16394:4ffe75] [com.apple.UIKit:InterfaceStyle] Not push traits update to screen for new style 1, <UIWindowScene: 0x104b44200> (6E797257-08E7-48F7-A749-DFECC04BF5BA)
2026-07-27 05:11:42.056 Df app[16394:4ffe75] [com.apple.UIKit:AppLifecycle] sceneOfRecord: sceneID: sceneID:com.mediology.sinsin-care-default  persistentID: 6E797257-08E7-48F7-A749-DFECC04BF5BA
2026-07-27 05:11:42.056 Df app[16394:4ffe75] [com.apple.UIKit:Application] Deactivation reason removed: 12; deactivation reasons: 4128 -> 32; animating application lifecycle event: 1
2026-07-27 05:11:42.056 Df app[16394:4ffe75] [com.apple.KeyboardArbiter:Client] Send setDeactivating: N (-DeactivationReason:SuspendedEventsOnly)
2026-07-27 05:11:42.056 Df app[16394:4ffe75] [com.apple.UIKit:Application] Deactivation reason removed: 5; deactivation reasons: 32 -> 0; animating application lifecycle event: 0
2026-07-27 05:11:42.066 Df app[16394:4ffe75] [com.apple.KeyboardArbiter:Client] startConnection
2026-07-27 05:11:42.068 Df app[16394:4fff0a] [com.apple.network:connection] [C5 A80A91D2-3A2F-4617-9256-A52B1ADCF4F5 IPv4#72047e6b:8081 tcp, prefer no proxy, attribution: developer] cancel
2026-07-27 05:11:42.068 E  app[16394:4fff0d] [com.apple.network:connection] nw_connection_set_state_changed_handler_block_invoke [C5] Cannot set state changed handler after cancel
2026-07-27 05:11:42.068 Df app[16394:4ffe75] [com.apple.KeyboardArbiter:Client] handleKeyboardChange: set currentKeyboard:N (wasKeyboard:N)
2026-07-27 05:11:42.068 E  app[16394:4fff0d] [com.apple.network:connection] nw_connection_set_progress_handler_block_invoke [C5] Cannot set progress handler after cancel
2026-07-27 05:11:42.071 A  app[16394:4fff04] (RunningBoardServices) didChangeInheritances
2026-07-27 05:11:42.078 Df app[16394:4fff0a] [com.apple.network:connection] nw_connection_report_state_with_handler_on_nw_queue [C5] not reporting state cancelled
2026-07-27 05:11:42.078 Df app[16394:4fff0a] [com.apple.network:connection] [C5 A80A91D2-3A2F-4617-9256-A52B1ADCF4F5 IPv4#72047e6b:8081 tcp, attribution: developer, reuse local address, context: Default Network Context (private), proc: 015000E2-DAB9-340B-9C50-1DE21DB3B06A, delegated upid: 0, use awdl, prefer no proxy] start
2026-07-27 05:11:42.079 E  app[16394:4fff0a] [com.apple.network:connection] [C5 172.30.1.90:8081 tcp, prefer no proxy, attribution: developer] cannot start after being torn down, in state cancelled
2026-07-27 05:11:42.079 Df app[16394:4fff0a] [com.apple.network:connection] [C7 E684727C-C54C-4BB7-9AE2-5D5A284C7B2B IPv4#72047e6b:8083 tcp, prefer no proxy, attribution: developer] cancel
2026-07-27 05:11:42.079 Df app[16394:4fff0a] [com.apple.network:connection] nw_connection_report_state_with_handler_on_nw_queue [C7] reporting state cancelled
2026-07-27 05:11:42.079 Df app[16394:4fff0a] [com.apple.network:connection] [C7 E684727C-C54C-4BB7-9AE2-5D5A284C7B2B IPv4#72047e6b:8083 tcp, attribution: developer, reuse local address, context: Default Network Context (private), proc: 015000E2-DAB9-340B-9C50-1DE21DB3B06A, delegated upid: 0, use awdl, prefer no proxy] start
2026-07-27 05:11:42.079 E  app[16394:4fff0a] [com.apple.network:connection] [C7 172.30.1.90:8083 tcp, prefer no proxy, attribution: developer] cannot start after being torn down, in state cancelled
2026-07-27 05:11:42.079 Df app[16394:4fff0a] [com.apple.network:connection] [C6 3FEC042F-0EDA-4130-A6DC-8695108F9819 IPv4#72047e6b:8082 tcp, prefer no proxy, attribution: developer] cancel
2026-07-27 05:11:42.079 Df app[16394:4fff0a] [com.apple.network:connection] nw_connection_report_state_with_handler_on_nw_queue [C6] reporting state cancelled
2026-07-27 05:11:42.079 Df app[16394:4fff0a] [com.apple.network:connection] [C6 3FEC042F-0EDA-4130-A6DC-8695108F9819 IPv4#72047e6b:8082 tcp, attribution: developer, reuse local address, context: Default Network Context (private), proc: 015000E2-DAB9-340B-9C50-1DE21DB3B06A, delegated upid: 0, use awdl, prefer no proxy] start
2026-07-27 05:11:42.079 E  app[16394:4fff0a] [com.apple.network:connection] [C6 172.30.1.90:8082 tcp, prefer no proxy, attribution: developer] cannot start after being torn down, in state cancelled
2026-07-27 05:11:42.082 Df app[16394:4ffe75] [com.apple.UIKit:KeyboardSceneDelegate] forceReloadInputViews
2026-07-27 05:11:42.082 Df app[16394:4ffe75] [com.apple.UIKit:KeyboardSceneDelegate] Reloading input views for key-window scene responder: <(null): 0x0; > force:Y
2026-07-27 05:11:42.083 Df app[16394:4ffe75] [com.apple.UIKit:KeyboardArbiterClientLog] isWritingToolsHandlingKeyboardTracking:Y (WT ready:Y, Arbiter ready:Y)
2026-07-27 05:11:42.083 E  app[16394:4ffe75] [com.apple.network:connection] nw_connection_set_state_changed_handler_block_invoke [C7] Cannot set state changed handler after cancel
2026-07-27 05:11:42.083 E  app[16394:4fff0d] [com.apple.network:connection] [C7 IPv4#72047e6b:8083 tcp, prefer no proxy, attribution: developer] is already cancelled, ignoring cancel
2026-07-27 05:11:42.083 E  app[16394:4ffe75] [com.apple.network:connection] nw_connection_set_state_changed_handler_block_invoke [C6] Cannot set state changed handler after cancel
2026-07-27 05:11:42.083 E  app[16394:4fff04] [com.apple.network:connection] [C6 IPv4#72047e6b:8082 tcp, prefer no proxy, attribution: developer] is already cancelled, ignoring cancel
2026-07-27 05:11:42.125 Df app[16394:4ffe75] [com.apple.network:activity] <nw_activity 50:1 [DD229F82-96B9-4AAF-BFE6-FDD328BD1949] (global parent) (reporting strategy default) complete (reason success)> complete with reason 2 (success), duration 2171ms
2026-07-27 05:11:42.128 Df app[16394:4ffe75] [com.apple.network:activity] <nw_activity 50:2 [3E65CF05-6D0B-4144-BBB8-1D85E00A60AF] (reporting strategy default) complete (reason success)> complete with reason 2 (success), duration 2173ms
2026-07-27 05:11:42.128 Df app[16394:4ffe75] [com.apple.network:activity] Unsetting the global parent activity <nw_activity 50:1 [DD229F82-96B9-4AAF-BFE6-FDD328BD1949] (global parent) (reporting strategy default) complete (reason success)>
2026-07-27 05:11:42.128 Df app[16394:4ffe75] [com.apple.network:activity] Unset the global parent activity
2026-07-27 05:11:42.128 Df app[16394:4ffe75] [com.apple.app_launch_measurement:ApplicationLaunch] alm_release_pageins_recording_assertion: releasing pageins recording assertion
2026-07-27 05:11:45.268 E  app[16394:4ffe75] [com.apple.network:connection] nw_connection_set_state_changed_handler_block_invoke [C5] Cannot set state changed handler after cancel
2026-07-27 05:11:45.268 E  app[16394:4fff12] [com.apple.network:connection] [C5 IPv4#72047e6b:8081 tcp, prefer no proxy, attribution: developer] is already cancelled, ignoring cancel
2026-07-27 05:11:45.268 E  app[16394:4fff12] [com.apple.network:connection] [C5 IPv4#72047e6b:8081 tcp, prefer no proxy, attribution: developer] is already cancelled, ignoring cancel
2026-07-27 05:11:46.187 Df app[16394:4fff6b] (app.debug.dylib) [RCTMultipartDataTask] GET http://172.30.1.90:8087/node_modules/expo-router/entry.bundle?platform=ios&dev=true&hot=false&lazy=true&transform.engine=hermes&transform.bytecode=1&transform.routerRoot=app&unstable_transformProfile=hermes-stable
2026-07-27 05:11:46.187 Df app[16394:4fff6b] [com.apple.CFNetwork:Default] Task <2DDBFD54-EF4F-4B7C-A5A8-19A07E3CEAE8>.<1> resuming, timeouts(60.0, 604800.0) qos(0x21) voucher((null)) activity(00000000-0000-0000-0000-000000000000)
2026-07-27 05:11:46.188 Df app[16394:5000ab] [com.apple.CFNetwork:Default] Task <5B0D2490-9E19-4EC8-B64A-788FE25109BB>.<1> resuming, timeouts(60.0, 604800.0) qos(0x19) voucher((null)) activity(00000000-0000-0000-0000-000000000000)
2026-07-27 05:11:46.188 A  app[16394:4fff04] (Security) SecTrustReportNetworkingAnalytics
2026-07-27 05:11:46.189 Df app[16394:4fff12] [com.apple.CFNetwork:Default] Connection 8: starting, TC(0x0)
2026-07-27 05:11:46.189 Df app[16394:4fff12] [com.apple.network:connection] [C8 0D29CD05-F189-4A88-9EBF-B42322346CE8 IPv4#72047e6b:8087 tcp, url: http://172.30.1.90:8087/node_modules/expo-router/entry.bundle, definite, attribution: developer, context: com.apple.CFNetwork.NSURLSession.{014C3933-C385-414E-B89E-5EC21040CF72}{(null)}{Y}{2}{0x0} (private), proc: 015000E2-DAB9-340B-9C50-1DE21DB3B06A, delegated upid: 0] start
2026-07-27 05:11:46.189 Df app[16394:4fff12] [com.apple.network:connection] [C8 IPv4#72047e6b:8087 initial parent-flow ((null))] event: path:start @0.000s
2026-07-27 05:11:46.189 Df app[16394:4fff12] [com.apple.network:connection] [C8 IPv4#72047e6b:8087 waiting parent-flow (satisfied (Path is satisfied), interface: lo0)] event: path:satisfied @0.000s, uuid: 03092C87-FF18-4D2D-B3A0-595521990842
2026-07-27 05:11:46.189 Df app[16394:4fff04] [com.apple.securityd:SecError] SecTrustReportNetworkingAnalytics failed with error: -4
2026-07-27 05:11:46.190 Df app[16394:4fff12] [com.apple.network:connection] [C8 IPv4#72047e6b:8087 in_progress socket-flow (satisfied (Path is satisfied), interface: lo0)] event: flow:start_connect @0.001s
2026-07-27 05:11:46.190 Df app[16394:4fff12] [com.apple.network:connection] nw_connection_report_state_with_handler_on_nw_queue [C8] reporting state preparing
2026-07-27 05:11:46.191 Df app[16394:4fff12] [com.apple.CFNetwork:Default] Task <5B0D2490-9E19-4EC8-B64A-788FE25109BB>.<1> setting up Connection 8
2026-07-27 05:11:46.191 Df app[16394:4fff12] [com.apple.network:connection] nw_socket_handle_socket_event [C8:2] Socket received CONNECTED event
2026-07-27 05:11:46.191 Df app[16394:4fff12] [com.apple.network:connection] nw_flow_connected [C8 IPv4#72047e6b:8087 in_progress socket-flow (satisfied (Path is satisfied), interface: lo0)] Transport protocol connected (socket)
2026-07-27 05:11:46.191 Df app[16394:4fff12] [com.apple.network:connection] [C8 IPv4#72047e6b:8087 in_progress socket-flow (satisfied (Path is satisfied), interface: lo0)] event: flow:finish_transport @0.002s
2026-07-27 05:11:46.191 Df app[16394:4fff12] [com.apple.network:connection] nw_flow_connected [C8 IPv4#72047e6b:8087 in_progress socket-flow (satisfied (Path is satisfied), interface: lo0)] Output protocol connected (CFNetworkConnection-3143094256)
2026-07-27 05:11:46.191 Df app[16394:4fff12] [com.apple.network:connection] [C8 IPv4#72047e6b:8087 ready socket-flow (satisfied (Path is satisfied), interface: lo0)] event: flow:finish_connect @0.002s
2026-07-27 05:11:46.191 Df app[16394:4fff12] [com.apple.network:connection] nw_connection_report_state_with_handler_on_nw_queue [C8] reporting state ready
2026-07-27 05:11:46.191 Df app[16394:4fff12] [com.apple.CFNetwork:Default] Connection 8: connected successfully
2026-07-27 05:11:46.191 Df app[16394:4fff12] [com.apple.CFNetwork:Default] Connection 8: ready C(N) E(N)
2026-07-27 05:11:46.192 Df app[16394:4fff12] [com.apple.CFNetwork:Default] Task <5B0D2490-9E19-4EC8-B64A-788FE25109BB>.<1> now using Connection 8
2026-07-27 05:11:46.192 Df app[16394:4fff12] [com.apple.CFNetwork:Default] Task <5B0D2490-9E19-4EC8-B64A-788FE25109BB>.<1> sent request, body N 0
