Timestamp               Ty Process[PID:TID]
2026-07-27 05:09:52.683 Df app[19104:4f144d] [com.apple.network:connection] nw_socket_handle_socket_event [C1417:1] Socket received CONNRESET event
2026-07-27 05:09:52.684 Df app[19104:4f144d] [com.apple.network:connection] nw_socket_handle_socket_event [C1417:1] Socket received DISCONNECTED event
2026-07-27 05:09:52.684 E  app[19104:4f144d] [com.apple.network:connection] nw_socket_handle_socket_event [C1417:1] Socket SO_ERROR [54: Connection reset by peer]
2026-07-27 05:09:52.684 Df app[19104:4f1452] [com.apple.TextInputUI:CandidateGeneration] Performing delayed generation for token=D31D5772
2026-07-27 05:09:52.685 E  app[19104:4f1452] [com.apple.CFNetwork:Default] SocketStream read error [0x13b793e80]: 1 54
2026-07-27 05:09:52.685 Df app[19104:4f1452] [com.apple.CFNetwork:Default] TCP Conn 0x13b793e80 canceled
2026-07-27 05:09:52.685 E  app[19104:4fd324] [com.apple.CFNetwork:Default] SocketStream read error [0x13b7908c0]: 1 54
2026-07-27 05:09:52.686 E  app[19104:4fd325] [com.apple.CFNetwork:Default] SocketStream read error [0x13b793840]: 1 54
2026-07-27 05:09:52.687 Df app[19104:4fd325] [com.apple.CFNetwork:Default] TCP Conn 0x13b793840 canceled
2026-07-27 05:09:52.687 Df app[19104:4fd324] [com.apple.CFNetwork:Default] TCP Conn 0x13b7908c0 canceled
2026-07-27 05:09:52.687 Df app[19104:4f144d] [com.apple.network:connection] [C1419 237F792D-0290-4AC8-94EE-15D52B795BD5 IPv4#d88bd194:8087 tcp, legacy-socket, definite, attribution: developer] cancel
2026-07-27 05:09:52.687 Df app[19104:4f144d] [com.apple.network:connection] [C1419 237F792D-0290-4AC8-94EE-15D52B795BD5 IPv4#d88bd194:8087 tcp, legacy-socket, definite, attribution: developer] cancelled
	[C1419 E5D89930-9B94-447A-B457-D9D0CFF094E8 172.30.1.90:60565<->IPv4#d88bd194:8087]
	Connected Path: satisfied (Path is satisfied), interface: lo0
	Privacy Stance: Not Eligible
	Duration: 805.694s, TCP @0.000s took 0.002s
	bytes in/out: 129/204, packets in/out: 2/1, rtt: 0.001s, retransmitted bytes: 0, out-of-order bytes: 0
	ecn packets sent/acked/marked/lost: 0/0/0/0
2026-07-27 05:09:52.687 Df app[19104:4f144d] [com.apple.network:connection] nw_connection_report_state_with_handler_on_nw_queue [C1419] reporting state cancelled
2026-07-27 05:09:52.687 Df app[19104:4f144d] [com.apple.network:connection] [C1420 412AB20B-E9EF-45FA-9C72-C29BA79B550B IPv4#d88bd194:8087 tcp, legacy-socket, definite, attribution: developer] cancel
2026-07-27 05:09:52.687 Df app[19104:4f144d] [com.apple.network:connection] [C1420 412AB20B-E9EF-45FA-9C72-C29BA79B550B IPv4#d88bd194:8087 tcp, legacy-socket, definite, attribution: developer] cancelled
	[C1420 E5D89930-9B94-447A-B457-D9D0CFF094E8 172.30.1.90:60566<->IPv4#d88bd194:8087]
	Connected Path: satisfied (Path is satisfied), interface: lo0
	Privacy Stance: Not Eligible
	Duration: 805.693s, TCP @0.000s took 0.002s
	bytes in/out: 129/205, packets in/out: 2/1, rtt: 0.001s, retransmitted bytes: 0, out-of-order bytes: 0
	ecn packets sent/acked/marked/lost: 0/0/0/0
2026-07-27 05:09:52.687 E  app[19104:4fd324] [com.apple.CFNetwork:Default] SocketStream read error [0x13b793980]: 1 54
2026-07-27 05:09:52.687 Df app[19104:4f144d] [com.apple.network:connection] nw_connection_report_state_with_handler_on_nw_queue [C1420] reporting state cancelled
2026-07-27 05:09:52.688 Df app[19104:4d7118] [com.apple.UIKit:AppLifecycle] sceneOfRecord: sceneID: sceneID:com.mediology.sinsin-care-default  persistentID: 6E797257-08E7-48F7-A749-DFECC04BF5BA
2026-07-27 05:09:52.688 Df app[19104:4d7159] [com.apple.CFNetwork:Default] TCP Conn 0x13b791cc0 canceled
2026-07-27 05:09:52.688 Df app[19104:4fd324] [com.apple.CFNetwork:Default] TCP Conn 0x13b793980 canceled
2026-07-27 05:09:52.688 Df app[19104:4f144d] [com.apple.network:connection] [C1423 4135ED3C-C95F-45A3-863E-0117B76AF3AE IPv4#d88bd194:8087 tcp, legacy-socket, definite, attribution: developer] cancel
2026-07-27 05:09:52.688 Df app[19104:4d7118] [com.apple.UIKit:InterfaceStyle] Scene did update interface style to 1, <UIWindowScene: 0x102b40200> (6E797257-08E7-48F7-A749-DFECC04BF5BA)
2026-07-27 05:09:52.688 Df app[19104:4f144d] [com.apple.network:connection] [C1423 4135ED3C-C95F-45A3-863E-0117B76AF3AE IPv4#d88bd194:8087 tcp, legacy-socket, definite, attribution: developer] cancelled
	[C1423 E5D89930-9B94-447A-B457-D9D0CFF094E8 172.30.1.90:60579<->IPv4#d88bd194:8087]
	Connected Path: satisfied (Path is satisfied), interface: lo0
	Privacy Stance: Not Eligible
	Duration: 784.396s, TCP @0.000s took 0.001s
	bytes in/out: 129/195, packets in/out: 2/1, rtt: 0.001s, retransmitted bytes: 0, out-of-order bytes: 0
	ecn packets sent/acked/marked/lost: 0/0/0/0
2026-07-27 05:09:52.688 Df app[19104:4f144d] [com.apple.network:connection] nw_connection_report_state_with_handler_on_nw_queue [C1423] reporting state cancelled
2026-07-27 05:09:52.688 Df app[19104:4f144d] [com.apple.network:connection] [C1417 BF0A47EA-F882-4230-8C20-C087C7EA755B IPv4#d88bd194:8087 tcp, legacy-socket, definite, attribution: developer] cancel
2026-07-27 05:09:52.688 Df app[19104:4f144d] [com.apple.network:connection] [C1417 BF0A47EA-F882-4230-8C20-C087C7EA755B IPv4#d88bd194:8087 tcp, legacy-socket, definite, attribution: developer] cancelled
	[C1417 E5D89930-9B94-447A-B457-D9D0CFF094E8 172.30.1.90:60563<->IPv4#d88bd194:8087]
	Connected Path: satisfied (Path is satisfied), interface: lo0
	Privacy Stance: Not Eligible
	Duration: 805.796s, TCP @0.000s took 0.003s
	bytes in/out: 2995/32126, packets in/out: 145/82, rtt: 0.001s, retransmitted bytes: 0, out-of-order bytes: 0
	ecn packets sent/acked/marked/lost: 0/0/0/0
2026-07-27 05:09:52.688 Df app[19104:4f144d] [com.apple.network:connection] nw_connection_report_state_with_handler_on_nw_queue [C1417] reporting state cancelled
2026-07-27 05:09:52.689 Df app[19104:4f144d] [com.apple.network:connection] [C1424 CC17646D-9672-4D5D-A6F7-FEA8CCF412AF IPv4#d88bd194:8087 tcp, legacy-socket, definite, attribution: developer] cancel
2026-07-27 05:09:52.689 Df app[19104:4f144d] [com.apple.network:connection] [C1424 CC17646D-9672-4D5D-A6F7-FEA8CCF412AF IPv4#d88bd194:8087 tcp, legacy-socket, definite, attribution: developer] cancelled
	[C1424 E5D89930-9B94-447A-B457-D9D0CFF094E8 172.30.1.90:60580<->IPv4#d88bd194:8087]
	Connected Path: satisfied (Path is satisfied), interface: lo0
	Privacy Stance: Not Eligible
	Duration: 784.302s, TCP @0.000s took 0.000s
	bytes in/out: 375/2389, packets in/out: 13/15, rtt: 0.001s, retransmitted bytes: 0, out-of-order bytes: 0
	ecn packets sent/acked/marked/lost: 0/0/0/0
2026-07-27 05:09:52.690 Df app[19104:4f144d] [com.apple.network:connection] nw_connection_report_state_with_handler_on_nw_queue [C1424] reporting state cancelled
2026-07-27 05:09:52.693 Df app[19104:4d7118] [com.apple.UIKit:InterfaceStyle] Not push traits update to screen for new style 1, <UIWindowScene: 0x102b40200> (6E797257-08E7-48F7-A749-DFECC04BF5BA)
2026-07-27 05:09:52.696 Df app[19104:4d7118] [com.apple.UIKit:InterfaceStyle] Push traits update to screen for new style 1, <UIWindowScene: 0x102b40200> (6E797257-08E7-48F7-A749-DFECC04BF5BA)
2026-07-27 05:09:52.709 Df app[19104:4d7118] [com.apple.Accessibility:AXSupportCommon] Read CategoryName: per-app = 1, category name = (null)
2026-07-27 05:09:52.709 Df app[19104:4d7118] [com.apple.Accessibility:AXSupportCommon] Read CategoryName: per-app = 0, category name = UICTContentSizeCategoryL
2026-07-27 05:09:52.710 Df app[19104:4d7118] [com.apple.UIKit:InterfaceStyle] Not push traits update to screen for new style 1, <UIWindowScene: 0x102b40200> (6E797257-08E7-48F7-A749-DFECC04BF5BA)
2026-07-27 05:09:52.725 A  app[19104:4f1452] (RunningBoardServices) didChangeInheritances
2026-07-27 05:09:52.758 Df app[19104:4d7118] [com.apple.Accessibility:AXSupportCommon] Read CategoryName: per-app = 1, category name = (null)
2026-07-27 05:09:52.758 Df app[19104:4d7118] [com.apple.Accessibility:AXSupportCommon] Read CategoryName: per-app = 0, category name = UICTContentSizeCategoryL
2026-07-27 05:09:52.765 Df app[19104:4d7118] [com.apple.UIKit:AppLifecycle] sceneOfRecord: sceneID: sceneID:com.mediology.sinsin-care-default  persistentID: 6E797257-08E7-48F7-A749-DFECC04BF5BA
2026-07-27 05:09:52.765 Df app[19104:4d7118] [com.apple.UIKit:Application] Deactivation reason added: 5; deactivation reasons: 6144 -> 6176; animating application lifecycle event: 1
2026-07-27 05:09:52.765 Df app[19104:4d7118] [com.apple.UIKit:Application] Ignoring already applied deactivation reason: 12; deactivation reasons: 6176
2026-07-27 05:09:52.766 Df app[19104:4d7118] [com.apple.UIKit:UIKBFeedbackGenerator] <_UIKBFeedbackGenerator: 0x13b5b4b40>: -[_UIKBFeedbackGenerator activateWithCompletionBlock:]
2026-07-27 05:09:52.766 Df app[19104:4d7118] [com.apple.UIKit:UIKBFeedbackGenerator] <_UIKBFeedbackGenerator: 0x13b5b4b40>: Cannot activate engine while suspended.
2026-07-27 05:09:52.768 Df app[19104:4d7118] [com.apple.UIKit:UIPeripheralHost] endPlacementForInputViewSet: <<UIInputViewSet: 0x13b5b7900>; keyboard = <UIKeyboardAutomatic: 0x139f74c80; frame = (0 0; 402 250); opaque = NO; layer = <CALayer: 0x1320896e0>>%; assistant = <TUISystemInputAssistantView: 0x1392f0c00; frame = (0 0; 402 78); >; usesKeyClicks = NO;  (not visible)> windowScene: <_UIKeyboardWindowScene: 0x13a858000; role: _UIScreenBasedSceneSession; persistentIdentifier: 1984CC79-F43E-41B4-BB91-2C476B30F56B; activationState: UISceneActivationStateForegroundActive>
2026-07-27 05:09:52.769 Df app[19104:4d7118] [com.apple.UIKit:UIPeripheralHost] endPlacementForInputViewSet: <<UIInputViewSet: 0x13b5b7900>; keyboard = <UIKeyboardAutomatic: 0x139f74c80; frame = (0 0; 402 250); opaque = NO; layer = <CALayer: 0x1320896e0>>%; assistant = <TUISystemInputAssistantView: 0x1392f0c00; frame = (0 0; 402 78); >; usesKeyClicks = NO;  (not visible)> windowScene: <_UIKeyboardWindowScene: 0x13a858000; role: _UIScreenBasedSceneSession; persistentIdentifier: 1984CC79-F43E-41B4-BB91-2C476B30F56B; activationState: UISceneActivationStateForegroundActive>
2026-07-27 05:09:52.769 Df app[19104:4d7118] [com.apple.UIKit:UIPeripheralHost] endPlacementForInputViewSet: <<UIInputViewSet: 0x13b5b7900>; keyboard = <UIKeyboardAutomatic: 0x139f74c80; frame = (0 0; 402 250); opaque = NO; layer = <CALayer: 0x1320896e0>>%; assistant = <TUISystemInputAssistantView: 0x1392f0c00; frame = (0 0; 402 78); >; usesKeyClicks = NO;  (not visible)> windowScene: <_UIKeyboardWindowScene: 0x13a858000; role: _UIScreenBasedSceneSession; persistentIdentifier: 1984CC79-F43E-41B4-BB91-2C476B30F56B; activationState: UISceneActivationStateForegroundActive>
2026-07-27 05:09:52.769 Df app[19104:4d7118] [com.apple.UIKit:UIPeripheralHost] endPlacementForInputViewSet: <<UIInputViewSet: 0x13b5b7900>; keyboard = <UIKeyboardAutomatic: 0x139f74c80; frame = (0 0; 402 250); opaque = NO; layer = <CALayer: 0x1320896e0>>%; assistant = <TUISystemInputAssistantView: 0x1392f0c00; frame = (0 0; 402 78); >; usesKeyClicks = NO;  (not visible)> windowScene: <_UIKeyboardWindowScene: 0x13a858000; role: _UIScreenBasedSceneSession; persistentIdentifier: 1984CC79-F43E-41B4-BB91-2C476B30F56B; activationState: UISceneActivationStateForegroundActive>
2026-07-27 05:09:52.770 Df app[19104:4d7118] [com.apple.BackBoard:Keyboard] currently observing: YES
2026-07-27 05:09:52.770 Df app[19104:4d7118] [com.apple.BackBoard:Keyboard] connected: (
    "<BKSHIDKeyboardDevice: 0x13d6094a0> {\134n    senderID: 0xACEFADE00000003;\134n    transport: <nil>;\134n    language: <nil>;\134n    layout: US;\134n    countryCode: 0;\134n    standardType: 4294967295;\134n    subinterfaceID: 0;\134n    capsLockKeyHasLanguageSwitchLabel: NO;\134n    globeKeyLabelHasGlobeSymbol: NO;\134n}"
)
2026-07-27 05:09:52.770 Df app[19104:4d7118] [com.apple.BackBoard:Keyboard] currently observing: NO
2026-07-27 05:09:52.770 Df app[19104:4d7118] [com.apple.BackBoard:Keyboard] disconnected: (
    "<BKSHIDKeyboardDevice: 0x13d6094a0> {\134n    senderID: 0xACEFADE00000003;\134n    transport: <nil>;\134n    language: <nil>;\134n    layout: US;\134n    countryCode: 0;\134n    standardType: 4294967295;\134n    subinterfaceID: 0;\134n    capsLockKeyHasLanguageSwitchLabel: NO;\134n    globeKeyLabelHasGlobeSymbol: NO;\134n}"
)
2026-07-27 05:09:52.770 Df app[19104:4d7118] [com.apple.UIKit:InputSessionChange] -_teardownExistingDelegate:<RCTUITextField: 0x13e791e00> forSetDelegate:(nil) force:NO delayEndInputSession:NO
2026-07-27 05:09:52.770 Df app[19104:4f1452] [com.apple.network:path] nw_path_evaluator_cancel [0E55E3C0-8668-46A2-91EF-8D20D2C12589] cancel
2026-07-27 05:09:52.770 Df app[19104:4d7118] [com.apple.RemoteTextInput:InputSessionChange] -[RTIInputSystemClient endRemoteTextInputSessionWithID:options:completion:]  Ending text input session. sessionID = AF938410-D2A3-4945-B624-BEA676A8B112, options = <RTISessionOptions: 0x13d60ace0; shouldResign = YES; animated = YES; offscreenDirection = 0; enhancedWindowingModeEnabled = NO
2026-07-27 05:09:52.771 Df app[19104:4d7118] [com.apple.RemoteTextInput:InputSessionChange] -[RTIInputSystemClient _endSessionWithID:forServices:options:completion:]  End input session: AF938410-D2A3-4945-B624-BEA676A8B112
2026-07-27 05:09:52.771 Df app[19104:4d7118] [com.apple.RemoteTextInput:InputSessionChange] -[RTIInputSystemClient endAllowingRemoteTextInput:completion:]  End allowing remote text input: AF938410-D2A3-4945-B624-BEA676A8B112
2026-07-27 05:09:52.780 Df app[19104:4d7118] [com.apple.UIKit:SmartReply] Handling responseContextDidChange - existing: (null), new: (null)
2026-07-27 05:09:52.781 Df app[19104:4d7118] [com.apple.UIKit:UIKeyboardExtended] Requesting scene for autofill UI
2026-07-27 05:09:52.782 Df app[19104:4d7118] [com.apple.BackBoard:Keyboard] currently observing: YES
2026-07-27 05:09:52.782 Df app[19104:4d7118] [com.apple.BackBoard:Keyboard] connected: (
    "<BKSHIDKeyboardDevice: 0x13c83e9c0> {\134n    senderID: 0xACEFADE00000003;\134n    transport: <nil>;\134n    language: <nil>;\134n    layout: US;\134n    countryCode: 0;\134n    standardType: 4294967295;\134n    subinterfaceID: 0;\134n    capsLockKeyHasLanguageSwitchLabel: NO;\134n    globeKeyLabelHasGlobeSymbol: NO;\134n}"
)
2026-07-27 05:09:52.782 Df app[19104:4d7118] [com.apple.BackBoard:Keyboard] currently observing: NO
2026-07-27 05:09:52.783 Df app[19104:4d7118] [com.apple.BackBoard:Keyboard] disconnected: (
    "<BKSHIDKeyboardDevice: 0x13c83e9c0> {\134n    senderID: 0xACEFADE00000003;\134n    transport: <nil>;\134n    language: <nil>;\134n    layout: US;\134n    countryCode: 0;\134n    standardType: 4294967295;\134n    subinterfaceID: 0;\134n    capsLockKeyHasLanguageSwitchLabel: NO;\134n    globeKeyLabelHasGlobeSymbol: NO;\134n}"
)
2026-07-27 05:09:52.783 Df app[19104:4d7118] [com.apple.UIKit:InputSessionChange] -_teardownExistingDelegate:(nil) forSetDelegate:<RCTUITextField: 0x13e791e00> force:NO delayEndInputSession:NO
2026-07-27 05:09:52.784 Df app[19104:4f1452] [com.apple.network:path] nw_path_evaluator_start [02E2ABA6-9191-4E23-B5C1-028C629C5EBE <NULL> generic, multipath service: handover, attribution: developer]
	path: satisfied (Path is satisfied), interface: en0[802.11], uses wifi, LQM: unknown
2026-07-27 05:09:52.787 Df app[19104:4d7118] [com.apple.UIKit:SmartReply] Handling responseContextDidChange - existing: (null), new: (null)
2026-07-27 05:09:52.789 Df app[19104:4d7118] [com.apple.UIKit:UIPeripheralHost] endPlacementForInputViewSet: <<UIInputViewSet: 0x13b5b7900>; keyboard = <UIKeyboardAutomatic: 0x139f74c80; frame = (0 0; 402 250); opaque = NO; layer = <CALayer: 0x1320896e0>>%; assistant = <TUISystemInputAssistantView: 0x1392f0c00; frame = (0 0; 402 78); hidden = YES; >; usesKeyClicks = NO;  (not visible)> windowScene: <_UIKeyboardWindowScene: 0x13a858000; role: _UIScreenBasedSceneSession; persistentIdentifier: 1984CC79-F43E-41B4-BB91-2C476B30F56B; activationState: UISceneActivationStateForegroundActive>
2026-07-27 05:09:52.790 Df app[19104:4d7118] [com.apple.UIKit:UIPeripheralHost] endPlacementForInputViewSet: <<UIInputViewSet: 0x13b5b7900>; keyboard = <UIKeyboardAutomatic: 0x139f74c80; frame = (0 0; 402 250); opaque = NO; layer = <CALayer: 0x1320896e0>>%; assistant = <TUISystemInputAssistantView: 0x1392f0c00; frame = (0 0; 402 78); hidden = YES; >; usesKeyClicks = NO;  (not visible)> windowScene: <_UIKeyboardWindowScene: 0x13a858000; role: _UIScreenBasedSceneSession; persistentIdentifier: 1984CC79-F43E-41B4-BB91-2C476B30F56B; activationState: UISceneActivationStateForegroundActive>
2026-07-27 05:09:52.790 Df app[19104:4d7118] [com.apple.UIKit:UIPeripheralHost] endPlacementForInputViewSet: <<UIInputViewSet: 0x13b5b7900>; keyboard = <UIKeyboardAutomatic: 0x139f74c80; frame = (0 0; 402 250); opaque = NO; layer = <CALayer: 0x1320896e0>>%; assistant = <TUISystemInputAssistantView: 0x1392f0c00; frame = (0 0; 402 78); hidden = YES; >; usesKeyClicks = NO;  (not visible)> windowScene: <_UIKeyboardWindowScene: 0x13a858000; role: _UIScreenBasedSceneSession; persistentIdentifier: 1984CC79-F43E-41B4-BB91-2C476B30F56B; activationState: UISceneActivationStateForegroundActive>
2026-07-27 05:09:52.790 Df app[19104:4d7118] [com.apple.UIKit:UIPeripheralHost] endPlacementForInputViewSet: <<UIInputViewSet: 0x13b5b7900>; keyboard = <UIKeyboardAutomatic: 0x139f74c80; frame = (0 0; 402 250); opaque = NO; layer = <CALayer: 0x1320896e0>>%; assistant = <TUISystemInputAssistantView: 0x1392f0c00; frame = (0 0; 402 78); hidden = YES; >; usesKeyClicks = NO;  (not visible)> windowScene: <_UIKeyboardWindowScene: 0x13a858000; role: _UIScreenBasedSceneSession; persistentIdentifier: 1984CC79-F43E-41B4-BB91-2C476B30F56B; activationState: UISceneActivationStateForegroundActive>
2026-07-27 05:09:52.790 Df app[19104:4d7118] [com.apple.UIKit:UIPeripheralHost] endPlacementForInputViewSet: <<UIInputViewSet: 0x13b5b7900>; keyboard = <UIKeyboardAutomatic: 0x139f74c80; frame = (0 0; 402 250); opaque = NO; layer = <CALayer: 0x1320896e0>>%; assistant = <TUISystemInputAssistantView: 0x1392f0c00; frame = (0 0; 402 78); hidden = YES; >; usesKeyClicks = NO;  (not visible)> windowScene: <_UIKeyboardWindowScene: 0x13a858000; role: _UIScreenBasedSceneSession; persistentIdentifier: 1984CC79-F43E-41B4-BB91-2C476B30F56B; activationState: UISceneActivationStateForegroundActive>
2026-07-27 05:09:52.790 Df app[19104:4d7118] [com.apple.UIKit:UIPeripheralHost] endPlacementForInputViewSet: <<UIInputViewSet: 0x13b5b7900>; keyboard = <UIKeyboardAutomatic: 0x139f74c80; frame = (0 0; 402 250); opaque = NO; layer = <CALayer: 0x1320896e0>>%; assistant = <TUISystemInputAssistantView: 0x1392f0c00; frame = (0 0; 402 78); hidden = YES; >; usesKeyClicks = NO;  (not visible)> windowScene: <_UIKeyboardWindowScene: 0x13a858000; role: _UIScreenBasedSceneSession; persistentIdentifier: 1984CC79-F43E-41B4-BB91-2C476B30F56B; activationState: UISceneActivationStateForegroundActive>
2026-07-27 05:09:52.790 Df app[19104:4d7118] [com.apple.UIKit:UIPeripheralHost] endPlacementForInputViewSet: <<UIInputViewSet: 0x13b5b7900>; keyboard = <UIKeyboardAutomatic: 0x139f74c80; frame = (0 0; 402 250); opaque = NO; layer = <CALayer: 0x1320896e0>>%; assistant = <TUISystemInputAssistantView: 0x1392f0c00; frame = (0 0; 402 78); hidden = YES; >; usesKeyClicks = NO;  (not visible)> windowScene: <_UIKeyboardWindowScene: 0x13a858000; role: _UIScreenBasedSceneSession; persistentIdentifier: 1984CC79-F43E-41B4-BB91-2C476B30F56B; activationState: UISceneActivationStateForegroundActive>
2026-07-27 05:09:52.790 Df app[19104:4d7118] [com.apple.UIKit:UIPeripheralHost] endPlacementForInputViewSet: <<UIInputViewSet: 0x13b5b7900>; keyboard = <UIKeyboardAutomatic: 0x139f74c80; frame = (0 0; 402 250); opaque = NO; layer = <CALayer: 0x1320896e0>>%; assistant = <TUISystemInputAssistantView: 0x1392f0c00; frame = (0 0; 402 78); hidden = YES; >; usesKeyClicks = NO;  (not visible)> windowScene: <_UIKeyboardWindowScene: 0x13a858000; role: _UIScreenBasedSceneSession; persistentIdentifier: 1984CC79-F43E-41B4-BB91-2C476B30F56B; activationState: UISceneActivationStateForegroundActive>
2026-07-27 05:09:52.810 Df app[19104:4d7118] [com.apple.BackBoard:Keyboard] currently observing: YES
2026-07-27 05:09:52.812 Df app[19104:4d7118] [com.apple.BackBoard:Keyboard] connected: (
    "<BKSHIDKeyboardDevice: 0x105e35b40> {\134n    senderID: 0xACEFADE00000003;\134n    transport: <nil>;\134n    language: <nil>;\134n    layout: US;\134n    countryCode: 0;\134n    standardType: 4294967295;\134n    subinterfaceID: 0;\134n    capsLockKeyHasLanguageSwitchLabel: NO;\134n    globeKeyLabelHasGlobeSymbol: NO;\134n}"
)
2026-07-27 05:09:52.812 Df app[19104:4d7118] [com.apple.BackBoard:Keyboard] currently observing: NO
2026-07-27 05:09:52.813 Df app[19104:4d7118] [com.apple.BackBoard:Keyboard] disconnected: (
    "<BKSHIDKeyboardDevice: 0x105e35b40> {\134n    senderID: 0xACEFADE00000003;\134n    transport: <nil>;\134n    language: <nil>;\134n    layout: US;\134n    countryCode: 0;\134n    standardType: 4294967295;\134n    subinterfaceID: 0;\134n    capsLockKeyHasLanguageSwitchLabel: NO;\134n    globeKeyLabelHasGlobeSymbol: NO;\134n}"
)
2026-07-27 05:09:52.813 Df app[19104:4d7118] [com.apple.UIKit:HardwareKeyboard] -[UIApplication GSKeyboardForHWLayout:senderID:forceRebuild:createIfNeeded:], New hardware layout is created with 2SetHangul layout and 0 standardType.
2026-07-27 05:09:52.813 Df app[19104:4d7118] [com.apple.BackBoard:Keyboard] currently observing: YES
2026-07-27 05:09:52.814 Df app[19104:4d7118] [com.apple.BackBoard:Keyboard] connected: (
    "<BKSHIDKeyboardDevice: 0x105e356c0> {\134n    senderID: 0xACEFADE00000003;\134n    transport: <nil>;\134n    language: <nil>;\134n    layout: 2SetHangul;\134n    countryCode: 0;\134n    standardType: 4294967295;\134n    subinterfaceID: 0;\134n    capsLockKeyHasLanguageSwitchLabel: NO;\134n    globeKeyLabelHasGlobeSymbol: NO;\134n}"
)
2026-07-27 05:09:52.815 Df app[19104:4d7118] [com.apple.BackBoard:Keyboard] currently observing: NO
2026-07-27 05:09:52.815 Df app[19104:4d7118] [com.apple.BackBoard:Keyboard] disconnected: (
    "<BKSHIDKeyboardDevice: 0x105e356c0> {\134n    senderID: 0xACEFADE00000003;\134n    transport: <nil>;\134n    language: <nil>;\134n    layout: 2SetHangul;\134n    countryCode: 0;\134n    standardType: 4294967295;\134n    subinterfaceID: 0;\134n    capsLockKeyHasLanguageSwitchLabel: NO;\134n    globeKeyLabelHasGlobeSymbol: NO;\134n}"
)
2026-07-27 05:09:52.818 Df app[19104:4d7118] [com.apple.UIKit:UIPeripheralHost] endPlacementForInputViewSet: <<UIInputViewSet: 0x13b5b7900>; keyboard = <UIKeyboardAutomatic: 0x139f74c80; frame = (0 0; 402 250); opaque = NO; layer = <CALayer: 0x1320896e0>>%; assistant = <TUISystemInputAssistantView: 0x1392f0c00; frame = (0 0; 402 78); hidden = YES; >; usesKeyClicks = NO;  (not visible)> windowScene: <_UIKeyboardWindowScene: 0x13a858000; role: _UIScreenBasedSceneSession; persistentIdentifier: 1984CC79-F43E-41B4-BB91-2C476B30F56B; activationState: UISceneActivationStateForegroundActive>
2026-07-27 05:09:52.818 Df app[19104:4d7118] [com.apple.UIKit:UIPeripheralHost] endPlacementForInputViewSet: <<UIInputViewSet: 0x13b5b7900>; keyboard = <UIKeyboardAutomatic: 0x139f74c80; frame = (0 0; 402 250); opaque = NO; layer = <CALayer: 0x1320896e0>>%; assistant = <TUISystemInputAssistantView: 0x1392f0c00; frame = (0 0; 402 78); hidden = YES; >; usesKeyClicks = NO;  (not visible)> windowScene: <_UIKeyboardWindowScene: 0x13a858000; role: _UIScreenBasedSceneSession; persistentIdentifier: 1984CC79-F43E-41B4-BB91-2C476B30F56B; activationState: UISceneActivationStateForegroundActive>
2026-07-27 05:09:52.818 Df app[19104:4d7118] [com.apple.UIKit:UIPeripheralHost] endPlacementForInputViewSet: <<UIInputViewSet: 0x13b5b7900>; keyboard = <UIKeyboardAutomatic: 0x139f74c80; frame = (0 0; 402 250); opaque = NO; layer = <CALayer: 0x1320896e0>>%; assistant = <TUISystemInputAssistantView: 0x1392f0c00; frame = (0 0; 402 78); hidden = YES; >; usesKeyClicks = NO;  (not visible)> windowScene: <_UIKeyboardWindowScene: 0x13a858000; role: _UIScreenBasedSceneSession; persistentIdentifier: 1984CC79-F43E-41B4-BB91-2C476B30F56B; activationState: UISceneActivationStateForegroundActive>
2026-07-27 05:09:52.818 Df app[19104:4d7118] [com.apple.UIKit:UIPeripheralHost] endPlacementForInputViewSet: <<UIInputViewSet: 0x13b5b7900>; keyboard = <UIKeyboardAutomatic: 0x139f74c80; frame = (0 0; 402 250); opaque = NO; layer = <CALayer: 0x1320896e0>>%; assistant = <TUISystemInputAssistantView: 0x1392f0c00; frame = (0 0; 402 78); hidden = YES; >; usesKeyClicks = NO;  (not visible)> windowScene: <_UIKeyboardWindowScene: 0x13a858000; role: _UIScreenBasedSceneSession; persistentIdentifier: 1984CC79-F43E-41B4-BB91-2C476B30F56B; activationState: UISceneActivationStateForegroundActive>
2026-07-27 05:09:52.818 Df app[19104:4d7118] [com.apple.UIKit:UIPeripheralHost] endPlacementForInputViewSet: <<UIInputViewSet: 0x13b5b7900>; keyboard = <UIKeyboardAutomatic: 0x139f74c80; frame = (0 0; 402 250); opaque = NO; layer = <CALayer: 0x1320896e0>>%; assistant = <TUISystemInputAssistantView: 0x1392f0c00; frame = (0 0; 402 78); hidden = YES; >; usesKeyClicks = NO;  (not visible)> windowScene: <_UIKeyboardWindowScene: 0x13a858000; role: _UIScreenBasedSceneSession; persistentIdentifier: 1984CC79-F43E-41B4-BB91-2C476B30F56B; activationState: UISceneActivationStateForegroundActive>
2026-07-27 05:09:52.818 Df app[19104:4d7118] [com.apple.UIKit:UIPeripheralHost] endPlacementForInputViewSet: <<UIInputViewSet: 0x13b5b7900>; keyboard = <UIKeyboardAutomatic: 0x139f74c80; frame = (0 0; 402 250); opaque = NO; layer = <CALayer: 0x1320896e0>>%; assistant = <TUISystemInputAssistantView: 0x1392f0c00; frame = (0 0; 402 78); hidden = YES; >; usesKeyClicks = NO;  (not visible)> windowScene: <_UIKeyboardWindowScene: 0x13a858000; role: _UIScreenBasedSceneSession; persistentIdentifier: 1984CC79-F43E-41B4-BB91-2C476B30F56B; activationState: UISceneActivationStateForegroundActive>
2026-07-27 05:09:52.819 Df app[19104:4d7118] [com.apple.UIKit:UIPeripheralHost] endPlacementForInputViewSet: <<UIInputViewSet: 0x13b5b7900>; keyboard = <UIKeyboardAutomatic: 0x139f74c80; frame = (0 0; 402 250); opaque = NO; layer = <CALayer: 0x1320896e0>>%; assistant = <TUISystemInputAssistantView: 0x1392f0c00; frame = (0 0; 402 78); hidden = YES; >; usesKeyClicks = NO;  (not visible)> windowScene: <_UIKeyboardWindowScene: 0x13a858000; role: _UIScreenBasedSceneSession; persistentIdentifier: 1984CC79-F43E-41B4-BB91-2C476B30F56B; activationState: UISceneActivationStateForegroundActive>
2026-07-27 05:09:52.819 Df app[19104:4d7118] [com.apple.UIKit:UIPeripheralHost] endPlacementForInputViewSet: <<UIInputViewSet: 0x13b5b7900>; keyboard = <UIKeyboardAutomatic: 0x139f74c80; frame = (0 0; 402 250); opaque = NO; layer = <CALayer: 0x1320896e0>>%; assistant = <TUISystemInputAssistantView: 0x1392f0c00; frame = (0 0; 402 78); hidden = YES; >; usesKeyClicks = NO;  (not visible)> windowScene: <_UIKeyboardWindowScene: 0x13a858000; role: _UIScreenBasedSceneSession; persistentIdentifier: 1984CC79-F43E-41B4-BB91-2C476B30F56B; activationState: UISceneActivationStateForegroundActive>
2026-07-27 05:09:52.826 Df app[19104:4d7118] [com.apple.BackBoard:Keyboard] currently observing: YES
2026-07-27 05:09:52.826 Df app[19104:4d7118] [com.apple.BackBoard:Keyboard] connected: (
    "<BKSHIDKeyboardDevice: 0x105e35e00> {\134n    senderID: 0xACEFADE00000003;\134n    transport: <nil>;\134n    language: <nil>;\134n    layout: 2SetHangul;\134n    countryCode: 0;\134n    standardType: 4294967295;\134n    subinterfaceID: 0;\134n    capsLockKeyHasLanguageSwitchLabel: NO;\134n    globeKeyLabelHasGlobeSymbol: NO;\134n}"
)
2026-07-27 05:09:52.826 Df app[19104:4d7118] [com.apple.BackBoard:Keyboard] currently observing: NO
2026-07-27 05:09:52.827 Df app[19104:4d7118] [com.apple.BackBoard:Keyboard] disconnected: (
    "<BKSHIDKeyboardDevice: 0x105e35e00> {\134n    senderID: 0xACEFADE00000003;\134n    transport: <nil>;\134n    language: <nil>;\134n    layout: 2SetHangul;\134n    countryCode: 0;\134n    standardType: 4294967295;\134n    subinterfaceID: 0;\134n    capsLockKeyHasLanguageSwitchLabel: NO;\134n    globeKeyLabelHasGlobeSymbol: NO;\134n}"
)
2026-07-27 05:09:52.831 Df app[19104:4d7118] [com.apple.UIKit:HardwareKeyboard] -[UIApplication GSKeyboardForHWLayout:senderID:forceRebuild:createIfNeeded:], New hardware layout is created with US layout and 0 standardType.
2026-07-27 05:09:52.831 Df app[19104:4d7118] [com.apple.BackBoard:Keyboard] currently observing: YES
2026-07-27 05:09:52.832 Df app[19104:4d7118] [com.apple.BackBoard:Keyboard] connected: (
    "<BKSHIDKeyboardDevice: 0x105e37d20> {\134n    senderID: 0xACEFADE00000003;\134n    transport: <nil>;\134n    language: <nil>;\134n    layout: US;\134n    countryCode: 0;\134n    standardType: 4294967295;\134n    subinterfaceID: 0;\134n    capsLockKeyHasLanguageSwitchLabel: NO;\134n    globeKeyLabelHasGlobeSymbol: NO;\134n}"
)
2026-07-27 05:09:52.833 Df app[19104:4d7118] [com.apple.BackBoard:Keyboard] currently observing: NO
2026-07-27 05:09:52.833 Df app[19104:4d7118] [com.apple.BackBoard:Keyboard] disconnected: (
    "<BKSHIDKeyboardDevice: 0x105e37d20> {\134n    senderID: 0xACEFADE00000003;\134n    transport: <nil>;\134n    language: <nil>;\134n    layout: US;\134n    countryCode: 0;\134n    standardType: 4294967295;\134n    subinterfaceID: 0;\134n    capsLockKeyHasLanguageSwitchLabel: NO;\134n    globeKeyLabelHasGlobeSymbol: NO;\134n}"
)
2026-07-27 05:09:52.852 Df app[19104:4d7118] [com.apple.UIKit:UIPeripheralHost] endPlacementForInputViewSet: <<UIInputViewSet: 0x13b5b7900>; keyboard = <UIKeyboardAutomatic: 0x139f74c80; frame = (0 0; 402 250); opaque = NO; layer = <CALayer: 0x1320896e0>>%; assistant = <TUISystemInputAssistantView: 0x1392f0c00; frame = (0 0; 402 78); hidden = YES; >; usesKeyClicks = NO;  (not visible)> windowScene: <_UIKeyboardWindowScene: 0x13a858000; role: _UIScreenBasedSceneSession; persistentIdentifier: 1984CC79-F43E-41B4-BB91-2C476B30F56B; activationState: UISceneActivationStateForegroundActive>
2026-07-27 05:09:52.852 Df app[19104:4d7118] [com.apple.UIKit:UIPeripheralHost] endPlacementForInputViewSet: <<UIInputViewSet: 0x13b5b7900>; keyboard = <UIKeyboardAutomatic: 0x139f74c80; frame = (0 0; 402 250); opaque = NO; layer = <CALayer: 0x1320896e0>>%; assistant = <TUISystemInputAssistantView: 0x1392f0c00; frame = (0 0; 402 78); hidden = YES; >; usesKeyClicks = NO;  (not visible)> windowScene: <_UIKeyboardWindowScene: 0x13a858000; role: _UIScreenBasedSceneSession; persistentIdentifier: 1984CC79-F43E-41B4-BB91-2C476B30F56B; activationState: UISceneActivationStateForegroundActive>
2026-07-27 05:09:52.853 Df app[19104:4d7118] [com.apple.UIKit:UIPeripheralHost] endPlacementForInputViewSet: <<UIInputViewSet: 0x13b5b7900>; keyboard = <UIKeyboardAutomatic: 0x139f74c80; frame = (0 0; 402 250); opaque = NO; layer = <CALayer: 0x1320896e0>>%; assistant = <TUISystemInputAssistantView: 0x1392f0c00; frame = (0 0; 402 78); hidden = YES; >; usesKeyClicks = NO;  (not visible)> windowScene: <_UIKeyboardWindowScene: 0x13a858000; role: _UIScreenBasedSceneSession; persistentIdentifier: 1984CC79-F43E-41B4-BB91-2C476B30F56B; activationState: UISceneActivationStateForegroundActive>
2026-07-27 05:09:52.854 Df app[19104:4d7118] [com.apple.UIKit:UIPeripheralHost] endPlacementForInputViewSet: <<UIInputViewSet: 0x13b5b7900>; keyboard = <UIKeyboardAutomatic: 0x139f74c80; frame = (0 0; 402 250); opaque = NO; layer = <CALayer: 0x1320896e0>>%; assistant = <TUISystemInputAssistantView: 0x1392f0c00; frame = (0 0; 402 78); hidden = YES; >; usesKeyClicks = NO;  (not visible)> windowScene: <_UIKeyboardWindowScene: 0x13a858000; role: _UIScreenBasedSceneSession; persistentIdentifier: 1984CC79-F43E-41B4-BB91-2C476B30F56B; activationState: UISceneActivationStateForegroundActive>
2026-07-27 05:09:52.856 Df app[19104:4d7118] [com.apple.UIKit:KeyboardArbiterClientLog] -[_UIRemoteKeyboardPlaceholderView refreshPlaceholder]  refreshPlaceholder: size={402, 0} [previous size={402, 0}]
2026-07-27 05:09:52.868 Df app[19104:4d7118] [com.apple.UIKit:UIPeripheralHost] endPlacementForInputViewSet: <<UIInputViewSet: 0x13b5b7900>; keyboard = <UIKeyboardAutomatic: 0x139f74c80; frame = (0 0; 402 233); opaque = NO; layer = <CALayer: 0x1320896e0>>%; assistant = <TUISystemInputAssistantView: 0x1392f0c00; frame = (0 0; 402 0); hidden = YES; >; usesKeyClicks = NO;  (not visible)> windowScene: <_UIKeyboardWindowScene: 0x13a858000; role: _UIScreenBasedSceneSession; persistentIdentifier: 1984CC79-F43E-41B4-BB91-2C476B30F56B; activationState: UISceneActivationStateForegroundActive>
2026-07-27 05:09:52.868 Df app[19104:4d7118] [com.apple.UIKit:UIPeripheralHost] endPlacementForInputViewSet: <<UIInputViewSet: 0x13b5b7900>; keyboard = <UIKeyboardAutomatic: 0x139f74c80; frame = (0 0; 402 233); opaque = NO; layer = <CALayer: 0x1320896e0>>%; assistant = <TUISystemInputAssistantView: 0x1392f0c00; frame = (0 0; 402 0); hidden = YES; >; usesKeyClicks = NO;  (not visible)> windowScene: <_UIKeyboardWindowScene: 0x13a858000; role: _UIScreenBasedSceneSession; persistentIdentifier: 1984CC79-F43E-41B4-BB91-2C476B30F56B; activationState: UISceneActivationStateForegroundActive>
2026-07-27 05:09:52.868 Df app[19104:4d7118] [com.apple.UIKit:UIPeripheralHost] endPlacementForInputViewSet: <<UIInputViewSet: 0x13b5b7900>; keyboard = <UIKeyboardAutomatic: 0x139f74c80; frame = (0 0; 402 233); opaque = NO; layer = <CALayer: 0x1320896e0>>%; assistant = <TUISystemInputAssistantView: 0x1392f0c00; frame = (0 0; 402 0); hidden = YES; >; usesKeyClicks = NO;  (not visible)> windowScene: <_UIKeyboardWindowScene: 0x13a858000; role: _UIScreenBasedSceneSession; persistentIdentifier: 1984CC79-F43E-41B4-BB91-2C476B30F56B; activationState: UISceneActivationStateForegroundActive>
2026-07-27 05:09:52.868 Df app[19104:4d7118] [com.apple.UIKit:UIPeripheralHost] endPlacementForInputViewSet: <<UIInputViewSet: 0x13b5b7900>; keyboard = <UIKeyboardAutomatic: 0x139f74c80; frame = (0 0; 402 233); opaque = NO; layer = <CALayer: 0x1320896e0>>%; assistant = <TUISystemInputAssistantView: 0x1392f0c00; frame = (0 0; 402 0); hidden = YES; >; usesKeyClicks = NO;  (not visible)> windowScene: <_UIKeyboardWindowScene: 0x13a858000; role: _UIScreenBasedSceneSession; persistentIdentifier: 1984CC79-F43E-41B4-BB91-2C476B30F56B; activationState: UISceneActivationStateForegroundActive>
2026-07-27 05:09:52.868 Df app[19104:4d7118] [com.apple.UIKit:UIPeripheralHost] endPlacementForInputViewSet: <<UIInputViewSet: 0x13b5b7900>; keyboard = <UIKeyboardAutomatic: 0x139f74c80; frame = (0 0; 402 233); opaque = NO; layer = <CALayer: 0x1320896e0>>%; assistant = <TUISystemInputAssistantView: 0x1392f0c00; frame = (0 0; 402 0); hidden = YES; >; usesKeyClicks = NO;  (not visible)> windowScene: <_UIKeyboardWindowScene: 0x13a858000; role: _UIScreenBasedSceneSession; persistentIdentifier: 1984CC79-F43E-41B4-BB91-2C476B30F56B; activationState: UISceneActivationStateForegroundActive>
2026-07-27 05:09:52.868 Df app[19104:4d7118] [com.apple.UIKit:UIPeripheralHost] endPlacementForInputViewSet: <<UIInputViewSet: 0x13b5b7900>; keyboard = <UIKeyboardAutomatic: 0x139f74c80; frame = (0 0; 402 233); opaque = NO; layer = <CALayer: 0x1320896e0>>%; assistant = <TUISystemInputAssistantView: 0x1392f0c00; frame = (0 0; 402 0); hidden = YES; >; usesKeyClicks = NO;  (not visible)> windowScene: <_UIKeyboardWindowScene: 0x13a858000; role: _UIScreenBasedSceneSession; persistentIdentifier: 1984CC79-F43E-41B4-BB91-2C476B30F56B; activationState: UISceneActivationStateForegroundActive>
2026-07-27 05:09:52.868 Df app[19104:4d7118] [com.apple.UIKit:UIPeripheralHost] endPlacementForInputViewSet: <<UIInputViewSet: 0x13b5b7900>; keyboard = <UIKeyboardAutomatic: 0x139f74c80; frame = (0 0; 402 233); opaque = NO; layer = <CALayer: 0x1320896e0>>%; assistant = <TUISystemInputAssistantView: 0x1392f0c00; frame = (0 0; 402 0); hidden = YES; >; usesKeyClicks = NO;  (not visible)> windowScene: <_UIKeyboardWindowScene: 0x13a858000; role: _UIScreenBasedSceneSession; persistentIdentifier: 1984CC79-F43E-41B4-BB91-2C476B30F56B; activationState: UISceneActivationStateForegroundActive>
2026-07-27 05:09:52.868 Df app[19104:4d7118] [com.apple.UIKit:UIPeripheralHost] endPlacementForInputViewSet: <<UIInputViewSet: 0x13b5b7900>; keyboard = <UIKeyboardAutomatic: 0x139f74c80; frame = (0 0; 402 233); opaque = NO; layer = <CALayer: 0x1320896e0>>%; assistant = <TUISystemInputAssistantView: 0x1392f0c00; frame = (0 0; 402 0); hidden = YES; >; usesKeyClicks = NO;  (not visible)> windowScene: <_UIKeyboardWindowScene: 0x13a858000; role: _UIScreenBasedSceneSession; persistentIdentifier: 1984CC79-F43E-41B4-BB91-2C476B30F56B; activationState: UISceneActivationStateForegroundActive>
2026-07-27 05:09:52.869 Df app[19104:4d7118] [com.apple.UIKit:UIKeyboardExtended] Requesting scene for autofill UI
2026-07-27 05:09:52.869 Df app[19104:4d7118] [com.apple.RemoteTextInput:InputSessionChange] -[RTIInputSystemClient beginAllowingRemoteTextInput:]  Begin allowing remote text input: AF938410-D2A3-4945-B624-BEA676A8B112
2026-07-27 05:09:52.885 Df app[19104:4d7118] [com.apple.RemoteTextInput:InputSessionChange] -[RTIInputSystemClient beginRemoteTextInputSessionWithID:options:documentTraits:initialDocumentState:]_block_invoke  Connection to service with mach name com.apple.rti-screencontinuity was invalidated. Attempting to create a new connection.
2026-07-27 05:09:52.886 Df app[19104:4fd325] [com.apple.FrontBoard:Common] [FBSSystemService][0x4246] Sending request to open "com.apple.iMessageAppsViewService"
2026-07-27 05:09:52.886 Df app[19104:4d7118] [com.apple.xpc:connection] [0x10620fac0] activating connection: mach=true listener=false peer=false name=com.apple.rti-screencontinuity
2026-07-27 05:09:52.886 Df app[19104:4d7118] [com.apple.xpc:connection] [0x10620fac0] failed to do a bootstrap look-up: xpc_error=[3: No such process]
2026-07-27 05:09:52.886 Df app[19104:4d7118] [com.apple.xpc:connection] [0x10620fac0] invalidated after a failed init
2026-07-27 05:09:52.886 Df app[19104:4f1452] [com.apple.RemoteTextInput:InputSessionChange] -[RTIInputSystemClient _configureConnection:withMachName:]_block_invoke_2  Client connection to service was invalidated: <NSXPCConnection: 0x1061c6940> connection to service named com.apple.rti-screencontinuity
2026-07-27 05:09:52.887 Df app[19104:4d7118] [com.apple.KeyboardArbiter:Client] TX setWindowContextID:1860720845 windowState:Enabled level:5.0
    focusContext:<contextID:0 sceneID:com.mediology.sinsin-care-default>
2026-07-27 05:09:52.888 Df app[19104:4d7118] [com.apple.UIKit:UIPeripheralHost] endPlacementForInputViewSet: <<UIInputViewSet: 0x13b54fd80>; keyboard = <UIKeyboardAutomatic: 0x139f74c80; frame = (0 0; 402 233); opaque = NO; layer = <CALayer: 0x1320896e0>>%; assistant = <TUISystemInputAssistantView: 0x1392f0c00; frame = (0 0; 402 0); hidden = YES; >; usesKeyClicks = NO;  (not visible)> windowScene: <UIWindowScene: 0x102b40200; role: UIWindowSceneSessionRoleApplication; persistentIdentifier: 6E797257-08E7-48F7-A749-DFECC04BF5BA; activationState: UISceneActivationStateForegroundInactive>
2026-07-27 05:09:52.889 Df app[19104:4d7118] [com.apple.UIKit:KeyboardArbiterClientLog] -[_UIRemoteKeyboards prepareToMoveKeyboard:withIAV:isIAVRelevant:showing:notifyRemote:forScene:] position: {{0, 0}, {402, 0}} visible: 1; notifyRemote: 1; isMinimized: YES
2026-07-27 05:09:52.889 Df app[19104:4f1452] [com.apple.FrontBoard:Common] [FBSSystemService][0x4246] Request successful: <BSProcessHandle: 0x13a927a80; iMessageAppsVie:12406; valid: YES>
2026-07-27 05:09:52.889 Df app[19104:4d7118] [com.apple.KeyboardArbiter:Client] prepareToMoveKeyboard: set currentKeyboard:Y
2026-07-27 05:09:52.889 Df app[19104:4d7118] [com.apple.KeyboardArbiter:Client] TX signalKeyboardChanged
2026-07-27 05:09:52.889 Df app[19104:4d7118] [com.apple.UIKit:KeyboardArbiterClientLog] -[_UIRemoteKeyboards signalToProxyKeyboardChanged:onCompletion:]  Signaling keyboard changed <<<_UIKeyboardChangedInformation: 0x13c598180>; appId (null) bundleId (null) animation fence (null); position {{0, 874}, {402, 0}}; animated YES; on screen YES; tracking NO; resizing NO; local NO, dock state: Unknown, hasValidNotif: NO>; source canvas com.apple.frontboard.systemappservices/FBSceneManager:sceneID%3Acom.mediology.sinsin-care-default; source display Main; source bundle com.mediology.sinsin-care; host bundle (null); animation fence (null); position {{0, 874}, {402, 0}} (with IAV same); floating 0; on screen YES;  intersectable YES; snapshot YES>
2026-07-27 05:09:52.890 Df app[19104:4d7118] [com.apple.KeyboardArbiter:Client] startConnection
2026-07-27 05:09:52.890 Df app[19104:4d7118] [com.apple.xpc:connection] [0x13ca0c000] activating connection: mach=true listener=false peer=false name=com.apple.UIKit.KeyboardManagement.hosted
2026-07-27 05:09:52.890 Df app[19104:4fd325] [com.apple.xpc:connection] [0x13c598180] activating connection: mach=true listener=false peer=false name=com.apple.iMessageAppsViewService.warmup-connection
2026-07-27 05:09:52.890 Df app[19104:4d7118] [com.apple.UIKit:KeyboardVisualMode] Show keyboard with visual mode windowed (0)
2026-07-27 05:09:52.890 Df app[19104:4d7118] [com.apple.UIKit:InputWindowController] Setting input views: <<UIInputViewSet: 0x13b54fc00>; keyboard = [uninitialized]; assistant = <TUISystemInputAssistantView: 0x1392f0c00; frame = (0 0; 402 0); hidden = YES; >; usesKeyClicks = NO;  (not visible)>
2026-07-27 05:09:52.890 Df app[19104:4d7118] [com.apple.UIKit:UIPeripheralHost] endPlacementForInputViewSet: <<UIInputViewSet: 0x13b5b7900>; keyboard = <UIKeyboardAutomatic: 0x139f74c80; frame = (0 0; 402 233); opaque = NO; layer = <CALayer: 0x1320896e0>>%; assistant = <TUISystemInputAssistantView: 0x1392f0c00; frame = (0 0; 402 0); hidden = YES; >; usesKeyClicks = NO;  (not visible)> windowScene: <_UIKeyboardWindowScene: 0x13a858000; role: _UIScreenBasedSceneSession; persistentIdentifier: 1984CC79-F43E-41B4-BB91-2C476B30F56B; activationState: UISceneActivationStateForegroundActive>
2026-07-27 05:09:52.891 Df app[19104:4d7118] [com.apple.UIKit:UIPeripheralHost] endPlacementForInputViewSet: <<UIInputViewSet: 0x13b5b7900>; keyboard = <UIKeyboardAutomatic: 0x139f74c80; frame = (0 0; 402 233); opaque = NO; layer = <CALayer: 0x1320896e0>>%; assistant = <TUISystemInputAssistantView: 0x1392f0c00; frame = (0 0; 402 0); hidden = YES; >; usesKeyClicks = NO;  (not visible)> windowScene: <_UIKeyboardWindowScene: 0x13a858000; role: _UIScreenBasedSceneSession; persistentIdentifier: 1984CC79-F43E-41B4-BB91-2C476B30F56B; activationState: UISceneActivationStateForegroundActive>
2026-07-27 05:09:52.891 Df app[19104:4d7118] [com.apple.UIKit:UIPeripheralHost] endPlacementForInputViewSet: <<UIInputViewSet: 0x13b5b7900>; keyboard = <UIKeyboardAutomatic: 0x139f74c80; frame = (0 0; 402 233); opaque = NO; layer = <CALayer: 0x1320896e0>>%; assistant = <TUISystemInputAssistantView: 0x1392f0c00; frame = (0 0; 402 0); hidden = YES; >; usesKeyClicks = NO;  (not visible)> windowScene: <_UIKeyboardWindowScene: 0x13a858000; role: _UIScreenBasedSceneSession; persistentIdentifier: 1984CC79-F43E-41B4-BB91-2C476B30F56B; activationState: UISceneActivationStateForegroundActive>
2026-07-27 05:09:52.891 Df app[19104:4d7118] [com.apple.UIKit:UIPeripheralHost] endPlacementForInputViewSet: <<UIInputViewSet: 0x13b5b7900>; keyboard = <UIKeyboardAutomatic: 0x139f74c80; frame = (0 0; 402 233); opaque = NO; layer = <CALayer: 0x1320896e0>>%; assistant = <TUISystemInputAssistantView: 0x1392f0c00; frame = (0 0; 402 0); hidden = YES; >; usesKeyClicks = NO;  (not visible)> windowScene: <_UIKeyboardWindowScene: 0x13a858000; role: _UIScreenBasedSceneSession; persistentIdentifier: 1984CC79-F43E-41B4-BB91-2C476B30F56B; activationState: UISceneActivationStateForegroundActive>
2026-07-27 05:09:52.901 Df app[19104:4d7118] [com.apple.UIKit:UIPeripheralHost] endPlacementForInputViewSet: <<UIInputViewSet: 0x13b5b7900>; keyboard = <UIKeyboardAutomatic: 0x139f74c80; frame = (0 0; 402 233); opaque = NO; layer = <CALayer: 0x1320896e0>>%; assistant = <TUISystemInputAssistantView: 0x1392f0c00; frame = (0 0; 402 0); hidden = YES; >; usesKeyClicks = NO;  (not visible)> windowScene: <_UIKeyboardWindowScene: 0x13a858000; role: _UIScreenBasedSceneSession; persistentIdentifier: 1984CC79-F43E-41B4-BB91-2C476B30F56B; activationState: UISceneActivationStateForegroundActive>
2026-07-27 05:09:52.901 Df app[19104:4d7118] [com.apple.UIKit:UIPeripheralHost] endPlacementForInputViewSet: <<UIInputViewSet: 0x13b5b7900>; keyboard = <UIKeyboardAutomatic: 0x139f74c80; frame = (0 0; 402 233); opaque = NO; layer = <CALayer: 0x1320896e0>>%; assistant = <TUISystemInputAssistantView: 0x1392f0c00; frame = (0 0; 402 0); hidden = YES; >; usesKeyClicks = NO;  (not visible)> windowScene: <_UIKeyboardWindowScene: 0x13a858000; role: _UIScreenBasedSceneSession; persistentIdentifier: 1984CC79-F43E-41B4-BB91-2C476B30F56B; activationState: UISceneActivationStateForegroundActive>
2026-07-27 05:09:52.901 Df app[19104:4d7118] [com.apple.UIKit:UIPeripheralHost] endPlacementForInputViewSet: <<UIInputViewSet: 0x13b5b7900>; keyboard = <UIKeyboardAutomatic: 0x139f74c80; frame = (0 0; 402 233); opaque = NO; layer = <CALayer: 0x1320896e0>>%; assistant = <TUISystemInputAssistantView: 0x1392f0c00; frame = (0 0; 402 0); hidden = YES; >; usesKeyClicks = NO;  (not visible)> windowScene: <_UIKeyboardWindowScene: 0x13a858000; role: _UIScreenBasedSceneSession; persistentIdentifier: 1984CC79-F43E-41B4-BB91-2C476B30F56B; activationState: UISceneActivationStateForegroundActive>
2026-07-27 05:09:52.901 Df app[19104:4d7118] [com.apple.UIKit:UIPeripheralHost] endPlacementForInputViewSet: <<UIInputViewSet: 0x13b5b7900>; keyboard = <UIKeyboardAutomatic: 0x139f74c80; frame = (0 0; 402 233); opaque = NO; layer = <CALayer: 0x1320896e0>>%; assistant = <TUISystemInputAssistantView: 0x1392f0c00; frame = (0 0; 402 0); hidden = YES; >; usesKeyClicks = NO;  (not visible)> windowScene: <_UIKeyboardWindowScene: 0x13a858000; role: _UIScreenBasedSceneSession; persistentIdentifier: 1984CC79-F43E-41B4-BB91-2C476B30F56B; activationState: UISceneActivationStateForegroundActive>
2026-07-27 05:09:52.901 Df app[19104:4d7118] [com.apple.UIKit:UIPeripheralHost] endPlacementForInputViewSet: <<UIInputViewSet: 0x13b54fc00>; keyboard = <UIKeyboardAutomatic: 0x139f74c80; frame = (0 0; 402 233); opaque = NO; layer = <CALayer: 0x1320896e0>>%; assistant = <TUISystemInputAssistantView: 0x1392f0c00; frame = (0 0; 402 0); hidden = YES; >; usesKeyClicks = NO;  (not visible)> windowScene: <_UIKeyboardWindowScene: 0x13a858000; role: _UIScreenBasedSceneSession; persistentIdentifier: 1984CC79-F43E-41B4-BB91-2C476B30F56B; activationState: UISceneActivationStateForegroundActive>
2026-07-27 05:09:52.901 Df app[19104:4d7118] [com.apple.UIKit:InputWindowController] Moving from placement: <UIInputViewSetPlacementOffScreenDown> to placement: <UIInputViewSetPlacementOffScreenDown> (currentPlacement: <UIInputViewSetPlacementOffScreenDown>)
2026-07-27 05:09:52.901 Df app[19104:4d7118] [com.apple.UIKit:InputWindowController] Change from input view set: <<UIInputViewSet: 0x13b5b7900>; keyboard = <UIKeyboardAutomatic: 0x139f74c80; frame = (0 0; 402 233); opaque = NO; layer = <CALayer: 0x1320896e0>>%; assistant = <TUISystemInputAssistantView: 0x1392f0c00; frame = (0 0; 402 0); hidden = YES; >; usesKeyClicks = NO;  (not visible)>
2026-07-27 05:09:52.901 Df app[19104:4d7118] [com.apple.UIKit:InputWindowController] Change to input view set: <<UIInputViewSet: 0x13b54fc00>; keyboard = <UIKeyboardAutomatic: 0x139f74c80; frame = (0 0; 402 233); opaque = NO; layer = <CALayer: 0x1320896e0>>%; assistant = <TUISystemInputAssistantView: 0x1392f0c00; frame = (0 0; 402 0); hidden = YES; >; usesKeyClicks = NO;  (not visible)>
2026-07-27 05:09:52.902 Df app[19104:4d7118] [com.apple.UIKit:UIPeripheralHost] endPlacementForInputViewSet: <<UIInputViewSet: 0x13b54fc00>; keyboard = <UIKeyboardAutomatic: 0x139f74c80; frame = (0 0; 402 233); opaque = NO; layer = <CALayer: 0x1320896e0>>%; assistant = <TUISystemInputAssistantView: 0x1392f0c00; frame = (0 0; 402 0); hidden = YES; >; usesKeyClicks = NO;  (not visible)> windowScene: <_UIKeyboardWindowScene: 0x13a858000; role: _UIScreenBasedSceneSession; persistentIdentifier: 1984CC79-F43E-41B4-BB91-2C476B30F56B; activationState: UISceneActivationStateForegroundActive>
2026-07-27 05:09:52.902 Df app[19104:4d7118] [com.apple.UIKit:UIPeripheralHost] endPlacementForInputViewSet: <<UIInputViewSet: 0x13b54fc00>; keyboard = <UIKeyboardAutomatic: 0x139f74c80; frame = (0 0; 402 233); opaque = NO; layer = <CALayer: 0x1320896e0>>%; assistant = <TUISystemInputAssistantView: 0x1392f0c00; frame = (0 0; 402 0); hidden = YES; >; usesKeyClicks = NO;  (not visible)> windowScene: <_UIKeyboardWindowScene: 0x13a858000; role: _UIScreenBasedSceneSession; persistentIdentifier: 1984CC79-F43E-41B4-BB91-2C476B30F56B; activationState: UISceneActivationStateForegroundActive>
2026-07-27 05:09:52.902 Df app[19104:4d7118] [com.apple.UIKit:UIPeripheralHost] endPlacementForInputViewSet: <<UIInputViewSet: 0x13b54fc00>; keyboard = <UIKeyboardAutomatic: 0x139f74c80; frame = (0 0; 402 233); opaque = NO; layer = <CALayer: 0x1320896e0>>%; assistant = <TUISystemInputAssistantView: 0x1392f0c00; frame = (0 0; 402 0); hidden = YES; >; usesKeyClicks = NO;  (not visible)> windowScene: <_UIKeyboardWindowScene: 0x13a858000; role: _UIScreenBasedSceneSession; persistentIdentifier: 1984CC79-F43E-41B4-BB91-2C476B30F56B; activationState: UISceneActivationStateForegroundActive>
2026-07-27 05:09:52.902 Df app[19104:4d7118] [com.apple.UIKit:UIPeripheralHost] endPlacementForInputViewSet: <<UIInputViewSet: 0x13b54fc00>; keyboard = <UIKeyboardAutomatic: 0x139f74c80; frame = (0 0; 402 233); opaque = NO; layer = <CALayer: 0x1320896e0>>%; assistant = <TUISystemInputAssistantView: 0x1392f0c00; frame = (0 0; 402 0); hidden = YES; >; usesKeyClicks = NO;  (not visible)> windowScene: <_UIKeyboardWindowScene: 0x13a858000; role: _UIScreenBasedSceneSession; persistentIdentifier: 1984CC79-F43E-41B4-BB91-2C476B30F56B; activationState: UISceneActivationStateForegroundActive>
2026-07-27 05:09:52.904 Df app[19104:4d7118] [com.apple.UIKit:KeyboardArbiterClientLog] -[_UIRemoteKeyboardPlaceholderView refreshPlaceholder]  refreshPlaceholder: size={402, 0} [previous size={402, 0}]
2026-07-27 05:09:52.905 Df app[19104:4d7118] [com.apple.UIKit:InputWindowController] chainPlacementsIfNecessaryFrom, from: <UIInputViewSetPlacementOffScreenDown>, to: <UIInputViewSetPlacementOffScreenDown> transition: <UIInputViewPlacementTransition: 0x13d5e0d20>
2026-07-27 05:09:52.905 Df app[19104:4d7118] [com.apple.UIKit:InputWindowController] updatePlacementWithPlacement: <UIInputViewSetPlacementOffScreenDown>
2026-07-27 05:09:52.905 Df app[19104:4d7118] [com.apple.UIKit:UIPeripheralHost] endPlacementForInputViewSet: <<UIInputViewSet: 0x13b54fc00>; keyboard = <UIKeyboardAutomatic: 0x139f74c80; frame = (0 0; 402 233); opaque = NO; layer = <CALayer: 0x1320896e0>>%; assistant = <TUISystemInputAssistantView: 0x1392f0c00; frame = (0 0; 402 0); hidden = YES; >; usesKeyClicks = NO;  (not visible)> windowScene: <_UIKeyboardWindowScene: 0x13a858000; role: _UIScreenBasedSceneSession; persistentIdentifier: 1984CC79-F43E-41B4-BB91-2C476B30F56B; activationState: UISceneActivationStateForegroundActive>
2026-07-27 05:09:52.905 Df app[19104:4d7118] [com.apple.UIKit:UIPeripheralHost] endPlacementForInputViewSet: <<UIInputViewSet: 0x13b54fc00>; keyboard = <UIKeyboardAutomatic: 0x139f74c80; frame = (0 0; 402 233); opaque = NO; layer = <CALayer: 0x1320896e0>>%; assistant = <TUISystemInputAssistantView: 0x1392f0c00; frame = (0 0; 402 0); hidden = YES; >; usesKeyClicks = NO;  (not visible)> windowScene: <_UIKeyboardWindowScene: 0x13a858000; role: _UIScreenBasedSceneSession; persistentIdentifier: 1984CC79-F43E-41B4-BB91-2C476B30F56B; activationState: UISceneActivationStateForegroundActive>
2026-07-27 05:09:52.905 Df app[19104:4d7118] [com.apple.UIKit:UIPeripheralHost] endPlacementForInputViewSet: <<UIInputViewSet: 0x13b54fc00>; keyboard = <UIKeyboardAutomatic: 0x139f74c80; frame = (0 0; 402 233); opaque = NO; layer = <CALayer: 0x1320896e0>>%; assistant = <TUISystemInputAssistantView: 0x1392f0c00; frame = (0 0; 402 0); hidden = YES; >; usesKeyClicks = NO;  (not visible)> windowScene: <_UIKeyboardWindowScene: 0x13a858000; role: _UIScreenBasedSceneSession; persistentIdentifier: 1984CC79-F43E-41B4-BB91-2C476B30F56B; activationState: UISceneActivationStateForegroundActive>
2026-07-27 05:09:52.905 Df app[19104:4d7118] [com.apple.UIKit:UIPeripheralHost] endPlacementForInputViewSet: <<UIInputViewSet: 0x13b54fc00>; keyboard = <UIKeyboardAutomatic: 0x139f74c80; frame = (0 0; 402 233); opaque = NO; layer = <CALayer: 0x1320896e0>>%; assistant = <TUISystemInputAssistantView: 0x1392f0c00; frame = (0 0; 402 0); hidden = YES; >; usesKeyClicks = NO;  (not visible)> windowScene: <_UIKeyboardWindowScene: 0x13a858000; role: _UIScreenBasedSceneSession; persistentIdentifier: 1984CC79-F43E-41B4-BB91-2C476B30F56B; activationState: UISceneActivationStateForegroundActive>
2026-07-27 05:09:52.906 Df app[19104:4d7118] [com.apple.UIKit:KeyboardArbiterClientLog] -[_UIRemoteKeyboardPlaceholderView refreshPlaceholder]  refreshPlaceholder: size={402, 0} [previous size={402, 0}]
2026-07-27 05:09:52.906 Df app[19104:4d7118] [com.apple.UIKit:InputWindowController] Tracking provider: moveFromPlacement: <UIInputViewSetPlacementOffScreenDown> toPlacement: <UIInputViewSetPlacementOffScreenDown> update to: {{0, 874}, {402, 233}}
2026-07-27 05:09:52.906 Df app[19104:4d7118] [com.apple.TextInputUI:KeyboardTrackingCoordinator] Updating tracking clients for start <TUIKeyboardTrackingCoordinator:0x1061a92c0 state=<TUIKeyboardState: 0x13d684da0 State: offscreen; is docked>; frame={{0, 874}, {402, 233}}; animation=<TUIKeyboardAnimationInfo: 0x13a947800, duration: 0.00, from local keyboard, is not rotating, should not animate, type: 0, notificationInfo: {
    UIKeyboardAnimationCurveUserInfoKey = 7;
    UIKeyboardAnimationDurationUserInfoKey = 0;
    UIKeyboardBoundsUserInfoKey = "NSRect: {{0, 0}, {402, 233}}";
    UIKeyboardCenterBeginUserInfoKey = "NSPoint: {201, 990.5}";
    UIKeyboardCenterEndUserInfoKey = "NSPoint: {201, 990.5}";
    UIKeyboardFrameBeginUserInfoKey = "NSRect: {{0, 874}, {402, 233}}";
    UIKeyboardFrameEndUserInfoKey = "NSRect: {{0, 874}, {402, 233}}";
    UIKeyboardIsLocalUserInfoKey = 1;
}notificationsDebug: >>
2026-07-27 05:09:52.906 Df app[19104:4fd325] [com.apple.BackBoard:EventDelivery] policyStatus:<BKSHIDEventDeliveryPolicyObserver: 0x102885920; token: com.apple.frontboard.systemappservices/FBSceneManager:sceneID%3Acom.mediology.sinsin-care-default; status: target> was:none
2026-07-27 05:09:52.906 Df app[19104:4d7118] [com.apple.UIKit:TrackingElementWindowController] Setting tracking element input views: <<UIInputViewSet: 0x13b54df80>; keyboard = [uninitialized]; usesKeyClicks = NO;  (not visible)>
2026-07-27 05:09:52.906 Df app[19104:4d7118] [com.apple.UIKit:KeyboardArbiterClientLog] -[_UIRemoteKeyboardPlaceholderView refreshPlaceholder]  refreshPlaceholder: size={402, 0} [previous size={402, 0}]
2026-07-27 05:09:52.906 Df app[19104:4d7118] [com.apple.UIKit:UIPeripheralHost] endPlacementForInputViewSet: <<UIInputViewSet: 0x13b54df80>; keyboard = <UIKeyboardAutomatic: 0x139f74c80; frame = (0 0; 402 233); opaque = NO; layer = <CALayer: 0x1320896e0>>%; usesKeyClicks = NO;  (not visible)> windowScene: <UIWindowScene: 0x102b40200; role: UIWindowSceneSessionRoleApplication; persistentIdentifier: 6E797257-08E7-48F7-A749-DFECC04BF5BA; activationState: UISceneActivationStateForegroundInactive>
2026-07-27 05:09:52.907 Df app[19104:4d7118] [com.apple.UIKit:TrackingElementWindowController] Moving from placement: <UIInputViewSetPlacementOffScreenDown> to placement: <UIInputViewSetPlacementOffScreenDown> (currentPlacement: <UIInputViewSetPlacementOffScreenDown>)
2026-07-27 05:09:52.907 Df app[19104:4d7118] [com.apple.UIKit:TrackingElementWindowController] Change from input view set: <<UIInputViewSet: 0x13b5b7a80>; keyboard = <UIKeyboardAutomatic: 0x139f74c80; frame = (0 0; 402 233); opaque = NO; layer = <CALayer: 0x1320896e0>>%; usesKeyClicks = NO;  (not visible)>
2026-07-27 05:09:52.907 Df app[19104:4d7118] [com.apple.UIKit:TrackingElementWindowController] Change to input view set: <<UIInputViewSet: 0x13b54df80>; keyboard = <UIKeyboardAutomatic: 0x139f74c80; frame = (0 0; 402 233); opaque = NO; layer = <CALayer: 0x1320896e0>>%; usesKeyClicks = NO;  (not visible)>
2026-07-27 05:09:52.907 Df app[19104:4d7118] [com.apple.UIKit:KeyboardArbiterClientLog] -[_UIRemoteKeyboardPlaceholderView refreshPlaceholder]  refreshPlaceholder: size={402, 0} [previous size={402, 0}]
2026-07-27 05:09:52.907 Df app[19104:4d7118] [com.apple.UIKit:UIPeripheralHost] endPlacementForInputViewSet: <<UIInputViewSet: 0x13b54df80>; keyboard = <UIKeyboardAutomatic: 0x139f74c80; frame = (0 0; 402 233); opaque = NO; layer = <CALayer: 0x1320896e0>>%; usesKeyClicks = NO;  (not visible)> windowScene: <UIWindowScene: 0x102b40200; role: UIWindowSceneSessionRoleApplication; persistentIdentifier: 6E797257-08E7-48F7-A749-DFECC04BF5BA; activationState: UISceneActivationStateForegroundInactive>
2026-07-27 05:09:52.910 Df app[19104:4d7118] [com.apple.UIKit:TrackingElementWindowController] updatePlacementWithPlacement: <UIInputViewSetPlacementOffScreenDown>
2026-07-27 05:09:52.910 Df app[19104:4d7118] [com.apple.KeyboardArbiter:Client] TX setWindowContextID:1860720845 windowState:Enabled level:5.0
    focusContext:<contextID:0 sceneID:com.mediology.sinsin-care-default>
2026-07-27 05:09:52.910 Df app[19104:4d7118] [com.apple.KeyboardArbiter:Client] TX setWindowContextID:1860720845 windowState:Enabled level:5.0
    focusContext:<contextID:0 sceneID:com.mediology.sinsin-care-default>
2026-07-27 05:09:52.912 Df app[19104:4d7118] [com.apple.UIKit:Application] Deactivation reason removed: 11; deactivation reasons: 6176 -> 4128; animating application lifecycle event: 1
2026-07-27 05:09:52.912 Df app[19104:4d7118] [com.apple.RemoteTextInput:InputSessionChange] -[RTIInputSystemClient _modifyTextEditingAllowedForReason:notify:animated:modifyAllowancesBlock:completion:]  Text editing allowed did change (editingAllowedAfter = YES)
2026-07-27 05:09:52.913 Df app[19104:4d7118] [com.apple.RemoteTextInput:InputSessionChange] -[RTIInputSystemClient _beginSessionWithID:forServices:force:]  Begin text input session. sessionID = AF938410-D2A3-4945-B624-BEA676A8B112, options = <RTISessionOptions: 0x13d687580; shouldResign = NO; animated = NO; offscreenDirection = 0; enhancedWindowingModeEnabled = NO
2026-07-27 05:09:52.916 Df app[19104:4d7118] [com.apple.BackBoard:Keyboard] currently observing: YES
2026-07-27 05:09:52.917 Df app[19104:4d7118] [com.apple.BackBoard:Keyboard] connected: (
    "<BKSHIDKeyboardDevice: 0x13d6865c0> {\134n    senderID: 0xACEFADE00000003;\134n    transport: <nil>;\134n    language: <nil>;\134n    layout: US;\134n    countryCode: 0;\134n    standardType: 4294967295;\134n    subinterfaceID: 0;\134n    capsLockKeyHasLanguageSwitchLabel: NO;\134n    globeKeyLabelHasGlobeSymbol: NO;\134n}"
)
2026-07-27 05:09:52.917 Df app[19104:4d7118] [com.apple.BackBoard:Keyboard] currently observing: NO
2026-07-27 05:09:52.917 Df app[19104:4d7118] [com.apple.BackBoard:Keyboard] disconnected: (
    "<BKSHIDKeyboardDevice: 0x13d6865c0> {\134n    senderID: 0xACEFADE00000003;\134n    transport: <nil>;\134n    language: <nil>;\134n    layout: US;\134n    countryCode: 0;\134n    standardType: 4294967295;\134n    subinterfaceID: 0;\134n    capsLockKeyHasLanguageSwitchLabel: NO;\134n    globeKeyLabelHasGlobeSymbol: NO;\134n}"
)
2026-07-27 05:09:52.918 Df app[19104:4fd325] [com.apple.UIIntelligenceSupport:xpc] establishing connection to agent
2026-07-27 05:09:52.918 Df app[19104:4d7118] [com.apple.UIKit:InterfaceStyle] Should not send trait collection or coordinate space update, interface style 1 -> 1, <UIWindowScene: 0x102b40200> (6E797257-08E7-48F7-A749-DFECC04BF5BA)
2026-07-27 05:09:52.919 Df app[19104:4fd325] [com.apple.xpc:session] [0x13d5e16d0] Session created.
2026-07-27 05:09:52.919 Df app[19104:4fd325] [com.apple.xpc:session] [0x13d5e16d0] Session created from connection [0x13c9a0280]
2026-07-27 05:09:52.919 Df app[19104:4fd325] [com.apple.xpc:connection] [0x13c9a0280] activating connection: mach=true listener=false peer=false name=com.apple.uiintelligencesupport.agent
2026-07-27 05:09:52.919 Df app[19104:4fd325] [com.apple.xpc:session] [0x13d5e16d0] Session activated
2026-07-27 05:09:52.919 Df app[19104:4d7118] [com.apple.UIKit:EventDeferring] [0x105c75f10] [keyboardFocus] Recreation of event deferring records requested: removing recreation reason: detachedContext; for reason: _UIEventDeferringManager: 0x105c75f10: recreating keyboardFocus: context attached for window: 0x102a3c400; contextID: 0x96F06BFE
2026-07-27 05:09:52.921 Df app[19104:4fd326] [com.apple.BackBoard:EventDelivery] policyStatus:<BKSHIDEventDeliveryPolicyObserver: 0x102885920; token: com.apple.frontboard.systemappservices/FBSceneManager:sceneID%3Acom.mediology.sinsin-care-default; status: ancestor> was:target
2026-07-27 05:09:52.923 Df app[19104:4fd325] [com.apple.TextInputUI:CandidateGeneration] All generators are not complete.
2026-07-27 05:09:52.926 Df app[19104:4fd325] [com.apple.TextInputUI:CandidateGeneration] All generators are not complete.
2026-07-27 05:09:52.930 Df app[19104:4fd325] [com.apple.TextInputUI:CandidateGeneration] All generators are complete, dispatching to `completionBlockJustOnce`
2026-07-27 05:09:52.930 Df app[19104:4fd325] [com.apple.TextInputUI:CandidateGeneration] All generators are complete, dispatching to `completionBlockJustOnce`
2026-07-27 05:09:52.930 Df app[19104:4f144d] [com.apple.TextInputUI:CandidateGeneration] Assigning candidates of source type kbd to `containerToPush, for autocorrection flow only` - 4ED82DE2
2026-07-27 05:09:52.931 Df app[19104:4f144d] [com.apple.TextInputUI:CandidateGeneration] Preparing to push <_TUIKeyboardCandidateContainer: 0x13d593d00> to candidate receiver, for request token: 4ED82DE2
2026-07-27 05:09:52.931 Df app[19104:4f144d] [com.apple.TextInputUI:CandidateGeneration] containerToPush has an autocorrection list.  pushing to candidate receiver with request token. 4ED82DE2.
2026-07-27 05:09:52.977 A  app[19104:4fd326] (RunningBoardServices) didChangeInheritances
2026-07-27 05:09:52.981 A  app[19104:4fd323] (RunningBoardServices) didChangeInheritances
2026-07-27 05:09:52.984 Df app[19104:4d7118] [com.apple.UIKit:UpdateScheduler] Target list changed: <CADisplay:LCD PurpleMain>
2026-07-27 05:09:52.984 Df app[19104:4d7118] [com.apple.KeyboardArbiter:Client] startConnection
2026-07-27 05:09:52.984 Df app[19104:4d7118] [com.apple.KeyboardArbiter:Client] TX setWindowContextID:1860720845 windowState:Enabled level:5.0
    focusContext:<contextID:2532338686 sceneID:com.mediology.sinsin-care-default>
2026-07-27 05:09:52.999 Df app[19104:4d7118] [com.apple.UIKit:UIPeripheralHost] endPlacementForInputViewSet: <<UIInputViewSet: 0x13b54fc00>; keyboard = <UIKeyboardAutomatic: 0x139f74c80; frame = (0 0; 402 233); opaque = NO; layer = <CALayer: 0x1320896e0>>%; assistant = <TUISystemInputAssistantView: 0x1392f0c00; frame = (0 0; 402 0); hidden = YES; >; usesKeyClicks = NO;  (not visible)> windowScene: <_UIKeyboardWindowScene: 0x13a858000; role: _UIScreenBasedSceneSession; persistentIdentifier: 1984CC79-F43E-41B4-BB91-2C476B30F56B; activationState: UISceneActivationStateForegroundActive>
2026-07-27 05:09:52.999 Df app[19104:4d7118] [com.apple.UIKit:UIPeripheralHost] endPlacementForInputViewSet: <<UIInputViewSet: 0x13b54fc00>; keyboard = <UIKeyboardAutomatic: 0x139f74c80; frame = (0 0; 402 233); opaque = NO; layer = <CALayer: 0x1320896e0>>%; assistant = <TUISystemInputAssistantView: 0x1392f0c00; frame = (0 0; 402 0); hidden = YES; >; usesKeyClicks = NO;  (not visible)> windowScene: <_UIKeyboardWindowScene: 0x13a858000; role: _UIScreenBasedSceneSession; persistentIdentifier: 1984CC79-F43E-41B4-BB91-2C476B30F56B; activationState: UISceneActivationStateForegroundActive>
2026-07-27 05:09:53.000 Df app[19104:4d7118] [com.apple.UIKit:UIPeripheralHost] endPlacementForInputViewSet: <<UIInputViewSet: 0x13b54fc00>; keyboard = <UIKeyboardAutomatic: 0x139f74c80; frame = (0 0; 402 233); opaque = NO; layer = <CALayer: 0x1320896e0>>%; assistant = <TUISystemInputAssistantView: 0x1392f0c00; frame = (0 0; 402 0); hidden = YES; >; usesKeyClicks = NO;  (not visible)> windowScene: <_UIKeyboardWindowScene: 0x13a858000; role: _UIScreenBasedSceneSession; persistentIdentifier: 1984CC79-F43E-41B4-BB91-2C476B30F56B; activationState: UISceneActivationStateForegroundActive>
2026-07-27 05:09:53.000 Df app[19104:4d7118] [com.apple.UIKit:UIPeripheralHost] endPlacementForInputViewSet: <<UIInputViewSet: 0x13b54fc00>; keyboard = <UIKeyboardAutomatic: 0x139f74c80; frame = (0 0; 402 233); opaque = NO; layer = <CALayer: 0x1320896e0>>%; assistant = <TUISystemInputAssistantView: 0x1392f0c00; frame = (0 0; 402 0); hidden = YES; >; usesKeyClicks = NO;  (not visible)> windowScene: <_UIKeyboardWindowScene: 0x13a858000; role: _UIScreenBasedSceneSession; persistentIdentifier: 1984CC79-F43E-41B4-BB91-2C476B30F56B; activationState: UISceneActivationStateForegroundActive>
2026-07-27 05:09:53.000 Df app[19104:4d7118] [com.apple.UIKit:UIPeripheralHost] endPlacementForInputViewSet: <<UIInputViewSet: 0x13b54fc00>; keyboard = <UIKeyboardAutomatic: 0x139f74c80; frame = (0 0; 402 233); opaque = NO; layer = <CALayer: 0x1320896e0>>%; assistant = <TUISystemInputAssistantView: 0x1392f0c00; frame = (0 0; 402 0); hidden = YES; >; usesKeyClicks = NO;  (not visible)> windowScene: <_UIKeyboardWindowScene: 0x13a858000; role: _UIScreenBasedSceneSession; persistentIdentifier: 1984CC79-F43E-41B4-BB91-2C476B30F56B; activationState: UISceneActivationStateForegroundActive>
2026-07-27 05:09:53.000 Df app[19104:4d7118] [com.apple.UIKit:UIPeripheralHost] endPlacementForInputViewSet: <<UIInputViewSet: 0x13b54fc00>; keyboard = <UIKeyboardAutomatic: 0x139f74c80; frame = (0 0; 402 233); opaque = NO; layer = <CALayer: 0x1320896e0>>%; assistant = <TUISystemInputAssistantView: 0x1392f0c00; frame = (0 0; 402 0); hidden = YES; >; usesKeyClicks = NO;  (not visible)> windowScene: <_UIKeyboardWindowScene: 0x13a858000; role: _UIScreenBasedSceneSession; persistentIdentifier: 1984CC79-F43E-41B4-BB91-2C476B30F56B; activationState: UISceneActivationStateForegroundActive>
2026-07-27 05:09:53.000 Df app[19104:4d7118] [com.apple.UIKit:UIPeripheralHost] endPlacementForInputViewSet: <<UIInputViewSet: 0x13b54fc00>; keyboard = <UIKeyboardAutomatic: 0x139f74c80; frame = (0 0; 402 233); opaque = NO; layer = <CALayer: 0x1320896e0>>%; assistant = <TUISystemInputAssistantView: 0x1392f0c00; frame = (0 0; 402 0); hidden = YES; >; usesKeyClicks = NO;  (not visible)> windowScene: <_UIKeyboardWindowScene: 0x13a858000; role: _UIScreenBasedSceneSession; persistentIdentifier: 1984CC79-F43E-41B4-BB91-2C476B30F56B; activationState: UISceneActivationStateForegroundActive>
2026-07-27 05:09:53.000 Df app[19104:4d7118] [com.apple.UIKit:UIPeripheralHost] endPlacementForInputViewSet: <<UIInputViewSet: 0x13b54fc00>; keyboard = <UIKeyboardAutomatic: 0x139f74c80; frame = (0 0; 402 233); opaque = NO; layer = <CALayer: 0x1320896e0>>%; assistant = <TUISystemInputAssistantView: 0x1392f0c00; frame = (0 0; 402 0); hidden = YES; >; usesKeyClicks = NO;  (not visible)> windowScene: <_UIKeyboardWindowScene: 0x13a858000; role: _UIScreenBasedSceneSession; persistentIdentifier: 1984CC79-F43E-41B4-BB91-2C476B30F56B; activationState: UISceneActivationStateForegroundActive>
2026-07-27 05:09:53.000 Df app[19104:4d7118] [com.apple.UIKit:UIPeripheralHost] endPlacementForInputViewSet: <<UIInputViewSet: 0x13b54fc00>; keyboard = <UIKeyboardAutomatic: 0x139f74c80; frame = (0 0; 402 233); opaque = NO; layer = <CALayer: 0x1320896e0>>%; assistant = <TUISystemInputAssistantView: 0x1392f0c00; frame = (0 0; 402 0); hidden = YES; >; usesKeyClicks = NO;  (not visible)> windowScene: <_UIKeyboardWindowScene: 0x13a858000; role: _UIScreenBasedSceneSession; persistentIdentifier: 1984CC79-F43E-41B4-BB91-2C476B30F56B; activationState: UISceneActivationStateForegroundActive>
2026-07-27 05:09:53.000 Df app[19104:4d7118] [com.apple.UIKit:UIPeripheralHost] endPlacementForInputViewSet: <<UIInputViewSet: 0x13b54fc00>; keyboard = <UIKeyboardAutomatic: 0x139f74c80; frame = (0 0; 402 233); opaque = NO; layer = <CALayer: 0x1320896e0>>%; assistant = <TUISystemInputAssistantView: 0x1392f0c00; frame = (0 0; 402 0); hidden = YES; >; usesKeyClicks = NO;  (not visible)> windowScene: <_UIKeyboardWindowScene: 0x13a858000; role: _UIScreenBasedSceneSession; persistentIdentifier: 1984CC79-F43E-41B4-BB91-2C476B30F56B; activationState: UISceneActivationStateForegroundActive>
2026-07-27 05:09:53.001 Df app[19104:4d7118] [com.apple.UIKit:UIPeripheralHost] endPlacementForInputViewSet: <<UIInputViewSet: 0x13b54fc00>; keyboard = <UIKeyboardAutomatic: 0x139f74c80; frame = (0 0; 402 233); opaque = NO; layer = <CALayer: 0x1320896e0>>%; assistant = <TUISystemInputAssistantView: 0x1392f0c00; frame = (0 0; 402 0); hidden = YES; >; usesKeyClicks = NO;  (not visible)> windowScene: <_UIKeyboardWindowScene: 0x13a858000; role: _UIScreenBasedSceneSession; persistentIdentifier: 1984CC79-F43E-41B4-BB91-2C476B30F56B; activationState: UISceneActivationStateForegroundActive>
2026-07-27 05:09:53.001 Df app[19104:4d7118] [com.apple.UIKit:UIPeripheralHost] endPlacementForInputViewSet: <<UIInputViewSet: 0x13b54fc00>; keyboard = <UIKeyboardAutomatic: 0x139f74c80; frame = (0 0; 402 233); opaque = NO; layer = <CALayer: 0x1320896e0>>%; assistant = <TUISystemInputAssistantView: 0x1392f0c00; frame = (0 0; 402 0); hidden = YES; >; usesKeyClicks = NO;  (not visible)> windowScene: <_UIKeyboardWindowScene: 0x13a858000; role: _UIScreenBasedSceneSession; persistentIdentifier: 1984CC79-F43E-41B4-BB91-2C476B30F56B; activationState: UISceneActivationStateForegroundActive>
2026-07-27 05:09:53.001 Df app[19104:4d7118] [com.apple.UIKit:UIPeripheralHost] endPlacementForInputViewSet: <<UIInputViewSet: 0x13b54fc00>; keyboard = <UIKeyboardAutomatic: 0x139f74c80; frame = (0 0; 402 233); opaque = NO; layer = <CALayer: 0x1320896e0>>%; assistant = <TUISystemInputAssistantView: 0x1392f0c00; frame = (0 0; 402 0); hidden = YES; >; usesKeyClicks = NO;  (not visible)> windowScene: <_UIKeyboardWindowScene: 0x13a858000; role: _UIScreenBasedSceneSession; persistentIdentifier: 1984CC79-F43E-41B4-BB91-2C476B30F56B; activationState: UISceneActivationStateForegroundActive>
2026-07-27 05:09:53.001 Df app[19104:4d7118] [com.apple.UIKit:UIPeripheralHost] endPlacementForInputViewSet: <<UIInputViewSet: 0x13b54fc00>; keyboard = <UIKeyboardAutomatic: 0x139f74c80; frame = (0 0; 402 233); opaque = NO; layer = <CALayer: 0x1320896e0>>%; assistant = <TUISystemInputAssistantView: 0x1392f0c00; frame = (0 0; 402 0); hidden = YES; >; usesKeyClicks = NO;  (not visible)> windowScene: <_UIKeyboardWindowScene: 0x13a858000; role: _UIScreenBasedSceneSession; persistentIdentifier: 1984CC79-F43E-41B4-BB91-2C476B30F56B; activationState: UISceneActivationStateForegroundActive>
2026-07-27 05:09:53.001 Df app[19104:4d7118] [com.apple.UIKit:UIPeripheralHost] endPlacementForInputViewSet: <<UIInputViewSet: 0x13b54fc00>; keyboard = <UIKeyboardAutomatic: 0x139f74c80; frame = (0 0; 402 233); opaque = NO; layer = <CALayer: 0x1320896e0>>%; assistant = <TUISystemInputAssistantView: 0x1392f0c00; frame = (0 0; 402 0); hidden = YES; >; usesKeyClicks = NO;  (not visible)> windowScene: <_UIKeyboardWindowScene: 0x13a858000; role: _UIScreenBasedSceneSession; persistentIdentifier: 1984CC79-F43E-41B4-BB91-2C476B30F56B; activationState: UISceneActivationStateForegroundActive>
2026-07-27 05:09:53.001 Df app[19104:4d7118] [com.apple.UIKit:UIPeripheralHost] endPlacementForInputViewSet: <<UIInputViewSet: 0x13b54fc00>; keyboard = <UIKeyboardAutomatic: 0x139f74c80; frame = (0 0; 402 233); opaque = NO; layer = <CALayer: 0x1320896e0>>%; assistant = <TUISystemInputAssistantView: 0x1392f0c00; frame = (0 0; 402 0); hidden = YES; >; usesKeyClicks = NO;  (not visible)> windowScene: <_UIKeyboardWindowScene: 0x13a858000; role: _UIScreenBasedSceneSession; persistentIdentifier: 1984CC79-F43E-41B4-BB91-2C476B30F56B; activationState: UISceneActivationStateForegroundActive>
2026-07-27 05:09:53.008 A  app[19104:4f144d] (RunningBoardServices) didChangeInheritances
2026-07-27 05:09:53.013 Df app[19104:4d7118] [com.apple.UIKit:KeyWindow] Scene target of keyboard event deferring environment did change: 1; scene: UIWindowScene: 0x102b40200; scene identity: com.apple.frontboard.systemappservices/FBSceneManager:sceneID%3Acom.mediology.sinsin-care-default
2026-07-27 05:09:53.013 Df app[19104:4d7118] [com.apple.UIKit:EventDeferring] [0x105c75f10] Scene target of event deferring environments did update: scene: 0x102b40200; current systemShellManagesKeyboardFocus: 1; systemShellManagesKeyboardFocusForScene: 0; eligibleForRecordRemoval: 1;
2026-07-27 05:09:53.013 Df app[19104:4d7118] [com.apple.UIKit:KeyWindow] Scene became target of keyboard event deferring environment: UIWindowScene: 0x102b40200; scene identity: com.apple.frontboard.systemappservices/FBSceneManager:sceneID%3Acom.mediology.sinsin-care-default
2026-07-27 05:09:53.013 Df app[19104:4d7118] [com.apple.UIKit:EventDeferring] [0x105c75f10] Scene target of event deferring environments did update: scene: 0x102b40200; current systemShellManagesKeyboardFocus: 1; systemShellManagesKeyboardFocusForScene: 0; eligibleForRecordRemoval: 1;
2026-07-27 05:09:53.013 Df app[19104:4d7118] [com.apple.UIKit:KeyWindow] Scene became target of keyboard event deferring environment: UIWindowScene: 0x102b40200; scene identity: com.apple.frontboard.systemappservices/FBSceneManager:sceneID%3Acom.mediology.sinsin-care-default
2026-07-27 05:09:53.016 Df app[19104:4d7118] [com.apple.UIKit:UIPeripheralHost] endPlacementForInputViewSet: <<UIInputViewSet: 0x13b54fc00>; keyboard = <UIKeyboardAutomatic: 0x139f74c80; frame = (0 0; 402 233); opaque = NO; layer = <CALayer: 0x1320896e0>>%; assistant = <TUISystemInputAssistantView: 0x1392f0c00; frame = (0 0; 402 0); >; usesKeyClicks = NO;  (not visible)> windowScene: <_UIKeyboardWindowScene: 0x13a858000; role: _UIScreenBasedSceneSession; persistentIdentifier: 1984CC79-F43E-41B4-BB91-2C476B30F56B; activationState: UISceneActivationStateForegroundActive>
2026-07-27 05:09:53.016 Df app[19104:4d7118] [com.apple.UIKit:UIPeripheralHost] endPlacementForInputViewSet: <<UIInputViewSet: 0x13b54fc00>; keyboard = <UIKeyboardAutomatic: 0x139f74c80; frame = (0 0; 402 233); opaque = NO; layer = <CALayer: 0x1320896e0>>%; assistant = <TUISystemInputAssistantView: 0x1392f0c00; frame = (0 0; 402 0); >; usesKeyClicks = NO;  (not visible)> windowScene: <_UIKeyboardWindowScene: 0x13a858000; role: _UIScreenBasedSceneSession; persistentIdentifier: 1984CC79-F43E-41B4-BB91-2C476B30F56B; activationState: UISceneActivationStateForegroundActive>
2026-07-27 05:09:53.017 Df app[19104:4d7118] [com.apple.UIKit:UIPeripheralHost] endPlacementForInputViewSet: <<UIInputViewSet: 0x13b54fc00>; keyboard = <UIKeyboardAutomatic: 0x139f74c80; frame = (0 0; 402 233); opaque = NO; layer = <CALayer: 0x1320896e0>>%; assistant = <TUISystemInputAssistantView: 0x1392f0c00; frame = (0 0; 402 0); >; usesKeyClicks = NO;  (not visible)> windowScene: <_UIKeyboardWindowScene: 0x13a858000; role: _UIScreenBasedSceneSession; persistentIdentifier: 1984CC79-F43E-41B4-BB91-2C476B30F56B; activationState: UISceneActivationStateForegroundActive>
2026-07-27 05:09:53.017 Df app[19104:4d7118] [com.apple.UIKit:UIPeripheralHost] endPlacementForInputViewSet: <<UIInputViewSet: 0x13b54fc00>; keyboard = <UIKeyboardAutomatic: 0x139f74c80; frame = (0 0; 402 233); opaque = NO; layer = <CALayer: 0x1320896e0>>%; assistant = <TUISystemInputAssistantView: 0x1392f0c00; frame = (0 0; 402 0); >; usesKeyClicks = NO;  (not visible)> windowScene: <_UIKeyboardWindowScene: 0x13a858000; role: _UIScreenBasedSceneSession; persistentIdentifier: 1984CC79-F43E-41B4-BB91-2C476B30F56B; activationState: UISceneActivationStateForegroundActive>
2026-07-27 05:09:53.017 Df app[19104:4d7118] [com.apple.UIKit:UIPeripheralHost] endPlacementForInputViewSet: <<UIInputViewSet: 0x13b54fc00>; keyboard = <UIKeyboardAutomatic: 0x139f74c80; frame = (0 0; 402 233); opaque = NO; layer = <CALayer: 0x1320896e0>>%; assistant = <TUISystemInputAssistantView: 0x1392f0c00; frame = (0 0; 402 0); >; usesKeyClicks = NO;  (not visible)> windowScene: <_UIKeyboardWindowScene: 0x13a858000; role: _UIScreenBasedSceneSession; persistentIdentifier: 1984CC79-F43E-41B4-BB91-2C476B30F56B; activationState: UISceneActivationStateForegroundActive>
2026-07-27 05:09:53.017 Df app[19104:4d7118] [com.apple.UIKit:UIPeripheralHost] endPlacementForInputViewSet: <<UIInputViewSet: 0x13b54fc00>; keyboard = <UIKeyboardAutomatic: 0x139f74c80; frame = (0 0; 402 233); opaque = NO; layer = <CALayer: 0x1320896e0>>%; assistant = <TUISystemInputAssistantView: 0x1392f0c00; frame = (0 0; 402 0); >; usesKeyClicks = NO;  (not visible)> windowScene: <_UIKeyboardWindowScene: 0x13a858000; role: _UIScreenBasedSceneSession; persistentIdentifier: 1984CC79-F43E-41B4-BB91-2C476B30F56B; activationState: UISceneActivationStateForegroundActive>
2026-07-27 05:09:53.017 Df app[19104:4d7118] [com.apple.UIKit:UIPeripheralHost] endPlacementForInputViewSet: <<UIInputViewSet: 0x13b54fc00>; keyboard = <UIKeyboardAutomatic: 0x139f74c80; frame = (0 0; 402 233); opaque = NO; layer = <CALayer: 0x1320896e0>>%; assistant = <TUISystemInputAssistantView: 0x1392f0c00; frame = (0 0; 402 0); >; usesKeyClicks = NO;  (not visible)> windowScene: <_UIKeyboardWindowScene: 0x13a858000; role: _UIScreenBasedSceneSession; persistentIdentifier: 1984CC79-F43E-41B4-BB91-2C476B30F56B; activationState: UISceneActivationStateForegroundActive>
2026-07-27 05:09:53.017 Df app[19104:4d7118] [com.apple.UIKit:UIPeripheralHost] endPlacementForInputViewSet: <<UIInputViewSet: 0x13b54fc00>; keyboard = <UIKeyboardAutomatic: 0x139f74c80; frame = (0 0; 402 233); opaque = NO; layer = <CALayer: 0x1320896e0>>%; assistant = <TUISystemInputAssistantView: 0x1392f0c00; frame = (0 0; 402 0); >; usesKeyClicks = NO;  (not visible)> windowScene: <_UIKeyboardWindowScene: 0x13a858000; role: _UIScreenBasedSceneSession; persistentIdentifier: 1984CC79-F43E-41B4-BB91-2C476B30F56B; activationState: UISceneActivationStateForegroundActive>
2026-07-27 05:09:53.020 Df app[19104:4d7118] [com.apple.UIKit:AppLifecycle] sceneOfRecord: sceneID: sceneID:com.mediology.sinsin-care-default  persistentID: 6E797257-08E7-48F7-A749-DFECC04BF5BA
2026-07-27 05:09:53.020 Df app[19104:4d7118] [com.apple.UIKit:InterfaceStyle] Not push traits update to screen for new style 1, <UIWindowScene: 0x102b40200> (6E797257-08E7-48F7-A749-DFECC04BF5BA)
2026-07-27 05:09:53.027 Df app[19104:4d7118] [com.apple.UIKit:KeyboardArbiterClientLog] -[_UIRemoteKeyboardPlaceholderView refreshPlaceholder]  refreshPlaceholder: size={402, 0} [previous size={402, 0}]
2026-07-27 05:09:53.031 Df app[19104:4d7118] [com.apple.KeyboardArbiter:Client] RX keyboardArbiterClientHandle:Y
2026-07-27 05:09:53.034 Df app[19104:4d7118] [com.apple.UIKit:AppLifecycle] sceneOfRecord: sceneID: sceneID:com.mediology.sinsin-care-default  persistentID: 6E797257-08E7-48F7-A749-DFECC04BF5BA
2026-07-27 05:09:53.035 Df app[19104:4d7118] [com.apple.KeyboardArbiter:Client] TX setWindowContextID:1860720845 windowState:Enabled level:5.0
    focusContext:<contextID:2532338686 sceneID:com.mediology.sinsin-care-default>
2026-07-27 05:09:53.036 Df app[19104:4d7118] [com.apple.UIKit:UIPeripheralHost] endPlacementForInputViewSet: <<UIInputViewSet: 0x13b5b7300>; keyboard = <UIKeyboardAutomatic: 0x139f74c80; frame = (0 0; 402 233); opaque = NO; layer = <CALayer: 0x1320896e0>>%; assistant = <TUISystemInputAssistantView: 0x1392f0c00; frame = (0 0; 402 78); >; usesKeyClicks = NO;  (not visible)> windowScene: <UIWindowScene: 0x102b40200; role: UIWindowSceneSessionRoleApplication; persistentIdentifier: 6E797257-08E7-48F7-A749-DFECC04BF5BA; activationState: UISceneActivationStateForegroundInactive>
2026-07-27 05:09:53.036 Df app[19104:4d7118] [com.apple.UIKit:KeyboardArbiterClientLog] -[_UIRemoteKeyboards prepareToMoveKeyboard:withIAV:isIAVRelevant:showing:notifyRemote:forScene:] position: {{0, 0}, {402, 0}} visible: 1; notifyRemote: 1; isMinimized: YES
2026-07-27 05:09:53.036 Df app[19104:4d7118] [com.apple.KeyboardArbiter:Client] prepareToMoveKeyboard: set currentKeyboard:Y
2026-07-27 05:09:53.036 Df app[19104:4d7118] [com.apple.KeyboardArbiter:Client] TX signalKeyboardChanged
2026-07-27 05:09:53.036 Df app[19104:4d7118] [com.apple.UIKit:KeyboardArbiterClientLog] -[_UIRemoteKeyboards signalToProxyKeyboardChanged:onCompletion:]  Signaling keyboard changed <<<_UIKeyboardChangedInformation: 0x13c5a8d80>; appId (null) bundleId (null) animation fence <BKSAnimationFenceHandle:0x13d8e1f10 -> <CAFenceHandle:0x13d715180 name=23 fence=1712e00000172 usable=YES>>; position {{0, 874}, {402, 0}}; animated YES; on screen YES; tracking NO; resizing NO; local NO, dock state: Unknown, hasValidNotif: NO>; source canvas com.apple.frontboard.systemappservices/FBSceneManager:sceneID%3Acom.mediology.sinsin-care-default; source display Main; source bundle com.mediology.sinsin-care; host bundle (null); animation fence <BKSAnimationFenceHandle:0x13d8e1f10 -> <CAFenceHandle:0x13d715180 name=23 fence=1712e00000172 usable=YES>>; position {{0, 874}, {402, 0}} (with IAV same); floating 0; on screen YES;  intersectable YES; snapshot YES>
2026-07-27 05:09:53.036 Df app[19104:4d7118] [com.apple.UIKit:KeyboardVisualMode] Show keyboard with visual mode windowed (0)
2026-07-27 05:09:53.036 Df app[19104:4d7118] [com.apple.UIKit:InputWindowController] Setting input views: <<UIInputViewSet: 0x13b5b7a80>; keyboard = [uninitialized]; assistant = <TUISystemInputAssistantView: 0x1392f0c00; frame = (0 0; 402 78); >; usesKeyClicks = NO;  (not visible)>
2026-07-27 05:09:53.037 Df app[19104:4d7118] [com.apple.UIKit:UIPeripheralHost] endPlacementForInputViewSet: <<UIInputViewSet: 0x13b54fc00>; keyboard = <UIKeyboardAutomatic: 0x139f74c80; frame = (0 0; 402 233); opaque = NO; layer = <CALayer: 0x1320896e0>>%; assistant = <TUISystemInputAssistantView: 0x1392f0c00; frame = (0 0; 402 78); >; usesKeyClicks = NO;  (not visible)> windowScene: <_UIKeyboardWindowScene: 0x13a858000; role: _UIScreenBasedSceneSession; persistentIdentifier: 1984CC79-F43E-41B4-BB91-2C476B30F56B; activationState: UISceneActivationStateForegroundActive>
2026-07-27 05:09:53.037 Df app[19104:4d7118] [com.apple.UIKit:UIPeripheralHost] endPlacementForInputViewSet: <<UIInputViewSet: 0x13b54fc00>; keyboard = <UIKeyboardAutomatic: 0x139f74c80; frame = (0 0; 402 233); opaque = NO; layer = <CALayer: 0x1320896e0>>%; assistant = <TUISystemInputAssistantView: 0x1392f0c00; frame = (0 0; 402 78); >; usesKeyClicks = NO;  (not visible)> windowScene: <_UIKeyboardWindowScene: 0x13a858000; role: _UIScreenBasedSceneSession; persistentIdentifier: 1984CC79-F43E-41B4-BB91-2C476B30F56B; activationState: UISceneActivationStateForegroundActive>
2026-07-27 05:09:53.037 Df app[19104:4d7118] [com.apple.UIKit:UIPeripheralHost] endPlacementForInputViewSet: <<UIInputViewSet: 0x13b54fc00>; keyboard = <UIKeyboardAutomatic: 0x139f74c80; frame = (0 0; 402 233); opaque = NO; layer = <CALayer: 0x1320896e0>>%; assistant = <TUISystemInputAssistantView: 0x1392f0c00; frame = (0 0; 402 78); >; usesKeyClicks = NO;  (not visible)> windowScene: <_UIKeyboardWindowScene: 0x13a858000; role: _UIScreenBasedSceneSession; persistentIdentifier: 1984CC79-F43E-41B4-BB91-2C476B30F56B; activationState: UISceneActivationStateForegroundActive>
2026-07-27 05:09:53.038 Df app[19104:4d7118] [com.apple.UIKit:UIPeripheralHost] endPlacementForInputViewSet: <<UIInputViewSet: 0x13b54fc00>; keyboard = <UIKeyboardAutomatic: 0x139f74c80; frame = (0 0; 402 233); opaque = NO; layer = <CALayer: 0x1320896e0>>%; assistant = <TUISystemInputAssistantView: 0x1392f0c00; frame = (0 0; 402 78); >; usesKeyClicks = NO;  (not visible)> windowScene: <_UIKeyboardWindowScene: 0x13a858000; role: _UIScreenBasedSceneSession; persistentIdentifier: 1984CC79-F43E-41B4-BB91-2C476B30F56B; activationState: UISceneActivationStateForegroundActive>
2026-07-27 05:09:53.039 Df app[19104:4d7118] [com.apple.UIKit:UIPeripheralHost] endPlacementForInputViewSet: <<UIInputViewSet: 0x13b54fc00>; keyboard = <UIKeyboardAutomatic: 0x139f74c80; frame = (0 0; 402 233); opaque = NO; layer = <CALayer: 0x1320896e0>>%; assistant = <TUISystemInputAssistantView: 0x1392f0c00; frame = (0 0; 402 78); >; usesKeyClicks = NO;  (not visible)> windowScene: <_UIKeyboardWindowScene: 0x13a858000; role: _UIScreenBasedSceneSession; persistentIdentifier: 1984CC79-F43E-41B4-BB91-2C476B30F56B; activationState: UISceneActivationStateForegroundActive>
2026-07-27 05:09:53.039 Df app[19104:4d7118] [com.apple.UIKit:UIPeripheralHost] endPlacementForInputViewSet: <<UIInputViewSet: 0x13b54fc00>; keyboard = <UIKeyboardAutomatic: 0x139f74c80; frame = (0 0; 402 233); opaque = NO; layer = <CALayer: 0x1320896e0>>%; assistant = <TUISystemInputAssistantView: 0x1392f0c00; frame = (0 0; 402 78); >; usesKeyClicks = NO;  (not visible)> windowScene: <_UIKeyboardWindowScene: 0x13a858000; role: _UIScreenBasedSceneSession; persistentIdentifier: 1984CC79-F43E-41B4-BB91-2C476B30F56B; activationState: UISceneActivationStateForegroundActive>
2026-07-27 05:09:53.039 Df app[19104:4d7118] [com.apple.UIKit:UIPeripheralHost] endPlacementForInputViewSet: <<UIInputViewSet: 0x13b54fc00>; keyboard = <UIKeyboardAutomatic: 0x139f74c80; frame = (0 0; 402 233); opaque = NO; layer = <CALayer: 0x1320896e0>>%; assistant = <TUISystemInputAssistantView: 0x1392f0c00; frame = (0 0; 402 78); >; usesKeyClicks = NO;  (not visible)> windowScene: <_UIKeyboardWindowScene: 0x13a858000; role: _UIScreenBasedSceneSession; persistentIdentifier: 1984CC79-F43E-41B4-BB91-2C476B30F56B; activationState: UISceneActivationStateForegroundActive>
2026-07-27 05:09:53.039 Df app[19104:4d7118] [com.apple.UIKit:UIPeripheralHost] endPlacementForInputViewSet: <<UIInputViewSet: 0x13b54fc00>; keyboard = <UIKeyboardAutomatic: 0x139f74c80; frame = (0 0; 402 233); opaque = NO; layer = <CALayer: 0x1320896e0>>%; assistant = <TUISystemInputAssistantView: 0x1392f0c00; frame = (0 0; 402 78); >; usesKeyClicks = NO;  (not visible)> windowScene: <_UIKeyboardWindowScene: 0x13a858000; role: _UIScreenBasedSceneSession; persistentIdentifier: 1984CC79-F43E-41B4-BB91-2C476B30F56B; activationState: UISceneActivationStateForegroundActive>
2026-07-27 05:09:53.039 Df app[19104:4d7118] [com.apple.UIKit:UIPeripheralHost] endPlacementForInputViewSet: <<UIInputViewSet: 0x13b5b7a80>; keyboard = <UIKeyboardAutomatic: 0x139f74c80; frame = (0 0; 402 233); opaque = NO; layer = <CALayer: 0x1320896e0>>%; assistant = <TUISystemInputAssistantView: 0x1392f0c00; frame = (0 0; 402 78); >; usesKeyClicks = NO;  (not visible)> windowScene: <_UIKeyboardWindowScene: 0x13a858000; role: _UIScreenBasedSceneSession; persistentIdentifier: 1984CC79-F43E-41B4-BB91-2C476B30F56B; activationState: UISceneActivationStateForegroundActive>
2026-07-27 05:09:53.039 Df app[19104:4d7118] [com.apple.UIKit:InputWindowController] Moving from placement: <UIInputViewSetPlacementOffScreenDown> to placement: <UIInputViewSetPlacementOffScreenDown> (currentPlacement: <UIInputViewSetPlacementOffScreenDown>)
2026-07-27 05:09:53.039 Df app[19104:4d7118] [com.apple.UIKit:InputWindowController] Change from input view set: <<UIInputViewSet: 0x13b54fc00>; keyboard = <UIKeyboardAutomatic: 0x139f74c80; frame = (0 0; 402 233); opaque = NO; layer = <CALayer: 0x1320896e0>>%; assistant = <TUISystemInputAssistantView: 0x1392f0c00; frame = (0 0; 402 78); >; usesKeyClicks = NO;  (not visible)>
2026-07-27 05:09:53.039 Df app[19104:4d7118] [com.apple.UIKit:InputWindowController] Change to input view set: <<UIInputViewSet: 0x13b5b7a80>; keyboard = <UIKeyboardAutomatic: 0x139f74c80; frame = (0 0; 402 233); opaque = NO; layer = <CALayer: 0x1320896e0>>%; assistant = <TUISystemInputAssistantView: 0x1392f0c00; frame = (0 0; 402 78); >; usesKeyClicks = NO;  (not visible)>
2026-07-27 05:09:53.040 Df app[19104:4d7118] [com.apple.UIKit:UIPeripheralHost] endPlacementForInputViewSet: <<UIInputViewSet: 0x13b5b7a80>; keyboard = <UIKeyboardAutomatic: 0x139f74c80; frame = (0 0; 402 233); opaque = NO; layer = <CALayer: 0x1320896e0>>%; assistant = <TUISystemInputAssistantView: 0x1392f0c00; frame = (0 0; 402 78); >; usesKeyClicks = NO;  (not visible)> windowScene: <_UIKeyboardWindowScene: 0x13a858000; role: _UIScreenBasedSceneSession; persistentIdentifier: 1984CC79-F43E-41B4-BB91-2C476B30F56B; activationState: UISceneActivationStateForegroundActive>
2026-07-27 05:09:53.040 Df app[19104:4d7118] [com.apple.UIKit:UIPeripheralHost] endPlacementForInputViewSet: <<UIInputViewSet: 0x13b5b7a80>; keyboard = <UIKeyboardAutomatic: 0x139f74c80; frame = (0 0; 402 233); opaque = NO; layer = <CALayer: 0x1320896e0>>%; assistant = <TUISystemInputAssistantView: 0x1392f0c00; frame = (0 0; 402 78); >; usesKeyClicks = NO;  (not visible)> windowScene: <_UIKeyboardWindowScene: 0x13a858000; role: _UIScreenBasedSceneSession; persistentIdentifier: 1984CC79-F43E-41B4-BB91-2C476B30F56B; activationState: UISceneActivationStateForegroundActive>
2026-07-27 05:09:53.040 Df app[19104:4d7118] [com.apple.UIKit:UIPeripheralHost] endPlacementForInputViewSet: <<UIInputViewSet: 0x13b5b7a80>; keyboard = <UIKeyboardAutomatic: 0x139f74c80; frame = (0 0; 402 233); opaque = NO; layer = <CALayer: 0x1320896e0>>%; assistant = <TUISystemInputAssistantView: 0x1392f0c00; frame = (0 0; 402 78); >; usesKeyClicks = NO;  (not visible)> windowScene: <_UIKeyboardWindowScene: 0x13a858000; role: _UIScreenBasedSceneSession; persistentIdentifier: 1984CC79-F43E-41B4-BB91-2C476B30F56B; activationState: UISceneActivationStateForegroundActive>
2026-07-27 05:09:53.040 Df app[19104:4d7118] [com.apple.UIKit:UIPeripheralHost] endPlacementForInputViewSet: <<UIInputViewSet: 0x13b5b7a80>; keyboard = <UIKeyboardAutomatic: 0x139f74c80; frame = (0 0; 402 233); opaque = NO; layer = <CALayer: 0x1320896e0>>%; assistant = <TUISystemInputAssistantView: 0x1392f0c00; frame = (0 0; 402 78); >; usesKeyClicks = NO;  (not visible)> windowScene: <_UIKeyboardWindowScene: 0x13a858000; role: _UIScreenBasedSceneSession; persistentIdentifier: 1984CC79-F43E-41B4-BB91-2C476B30F56B; activationState: UISceneActivationStateForegroundActive>
2026-07-27 05:09:53.042 Df app[19104:4d7118] [com.apple.UIKit:KeyboardArbiterClientLog] -[_UIRemoteKeyboardPlaceholderView refreshPlaceholder]  refreshPlaceholder: size={402, 0} [previous size={402, 0}]
2026-07-27 05:09:53.042 Df app[19104:4d7118] [com.apple.UIKit:InputWindowController] chainPlacementsIfNecessaryFrom, from: <UIInputViewSetPlacementOffScreenDown>, to: <UIInputViewSetPlacementOffScreenDown> transition: <UIInputViewPlacementTransition: 0x13d66ad50>
2026-07-27 05:09:53.043 Df app[19104:4d7118] [com.apple.UIKit:InputWindowController] updatePlacementWithPlacement: <UIInputViewSetPlacementOffScreenDown>
2026-07-27 05:09:53.043 Df app[19104:4d7118] [com.apple.UIKit:UIPeripheralHost] endPlacementForInputViewSet: <<UIInputViewSet: 0x13b5b7a80>; keyboard = <UIKeyboardAutomatic: 0x139f74c80; frame = (0 0; 402 233); opaque = NO; layer = <CALayer: 0x1320896e0>>%; assistant = <TUISystemInputAssistantView: 0x1392f0c00; frame = (0 0; 402 78); >; usesKeyClicks = NO;  (not visible)> windowScene: <_UIKeyboardWindowScene: 0x13a858000; role: _UIScreenBasedSceneSession; persistentIdentifier: 1984CC79-F43E-41B4-BB91-2C476B30F56B; activationState: UISceneActivationStateForegroundActive>
2026-07-27 05:09:53.043 Df app[19104:4d7118] [com.apple.UIKit:UIPeripheralHost] endPlacementForInputViewSet: <<UIInputViewSet: 0x13b5b7a80>; keyboard = <UIKeyboardAutomatic: 0x139f74c80; frame = (0 0; 402 233); opaque = NO; layer = <CALayer: 0x1320896e0>>%; assistant = <TUISystemInputAssistantView: 0x1392f0c00; frame = (0 0; 402 78); >; usesKeyClicks = NO;  (not visible)> windowScene: <_UIKeyboardWindowScene: 0x13a858000; role: _UIScreenBasedSceneSession; persistentIdentifier: 1984CC79-F43E-41B4-BB91-2C476B30F56B; activationState: UISceneActivationStateForegroundActive>
2026-07-27 05:09:53.043 Df app[19104:4d7118] [com.apple.UIKit:UIPeripheralHost] endPlacementForInputViewSet: <<UIInputViewSet: 0x13b5b7a80>; keyboard = <UIKeyboardAutomatic: 0x139f74c80; frame = (0 0; 402 233); opaque = NO; layer = <CALayer: 0x1320896e0>>%; assistant = <TUISystemInputAssistantView: 0x1392f0c00; frame = (0 0; 402 78); >; usesKeyClicks = NO;  (not visible)> windowScene: <_UIKeyboardWindowScene: 0x13a858000; role: _UIScreenBasedSceneSession; persistentIdentifier: 1984CC79-F43E-41B4-BB91-2C476B30F56B; activationState: UISceneActivationStateForegroundActive>
2026-07-27 05:09:53.043 Df app[19104:4d7118] [com.apple.UIKit:UIPeripheralHost] endPlacementForInputViewSet: <<UIInputViewSet: 0x13b5b7a80>; keyboard = <UIKeyboardAutomatic: 0x139f74c80; frame = (0 0; 402 233); opaque = NO; layer = <CALayer: 0x1320896e0>>%; assistant = <TUISystemInputAssistantView: 0x1392f0c00; frame = (0 0; 402 78); >; usesKeyClicks = NO;  (not visible)> windowScene: <_UIKeyboardWindowScene: 0x13a858000; role: _UIScreenBasedSceneSession; persistentIdentifier: 1984CC79-F43E-41B4-BB91-2C476B30F56B; activationState: UISceneActivationStateForegroundActive>
2026-07-27 05:09:53.044 Df app[19104:4d7118] [com.apple.UIKit:KeyboardArbiterClientLog] -[_UIRemoteKeyboardPlaceholderView refreshPlaceholder]  refreshPlaceholder: size={402, 0} [previous size={402, 0}]
2026-07-27 05:09:53.044 Df app[19104:4d7118] [com.apple.UIKit:InputWindowController] Tracking provider: moveFromPlacement: <UIInputViewSetPlacementOffScreenDown> toPlacement: <UIInputViewSetPlacementOffScreenDown> update to: {{0, 874}, {402, 311}}
2026-07-27 05:09:53.044 Df app[19104:4d7118] [com.apple.TextInputUI:KeyboardTrackingCoordinator] Updating tracking clients for start <TUIKeyboardTrackingCoordinator:0x1061a92c0 state=<TUIKeyboardState: 0x13209c960 State: offscreen; is docked>; frame={{0, 874}, {402, 311}}; animation=<TUIKeyboardAnimationInfo: 0x13a945040, duration: 0.00, from local keyboard, is not rotating, should not animate, type: 0, notificationInfo: {
    UIKeyboardAnimationCurveUserInfoKey = 7;
    UIKeyboardAnimationDurationUserInfoKey = 0;
    UIKeyboardBoundsUserInfoKey = "NSRect: {{0, 0}, {402, 311}}";
    UIKeyboardCenterBeginUserInfoKey = "NSPoint: {201, 1029.5}";
    UIKeyboardCenterEndUserInfoKey = "NSPoint: {201, 1029.5}";
    UIKeyboardFrameBeginUserInfoKey = "NSRect: {{0, 874}, {402, 311}}";
    UIKeyboardFrameEndUserInfoKey = "NSRect: {{0, 874}, {402, 311}}";
    UIKeyboardIsLocalUserInfoKey = 1;
}notificationsDebug: >>
2026-07-27 05:09:53.044 Df app[19104:4d7118] [com.apple.UIKit:TrackingElementWindowController] Setting tracking element input views: <<UIInputViewSet: 0x13b5b5f80>; keyboard = [uninitialized]; usesKeyClicks = NO;  (not visible)>
2026-07-27 05:09:53.044 Df app[19104:4d7118] [com.apple.UIKit:KeyboardArbiterClientLog] -[_UIRemoteKeyboardPlaceholderView refreshPlaceholder]  refreshPlaceholder: size={402, 0} [previous size={402, 0}]
2026-07-27 05:09:53.045 Df app[19104:4d7118] [com.apple.UIKit:UIPeripheralHost] endPlacementForInputViewSet: <<UIInputViewSet: 0x13b5b5f80>; keyboard = <UIKeyboardAutomatic: 0x139f74c80; frame = (0 0; 402 233); opaque = NO; layer = <CALayer: 0x1320896e0>>%; usesKeyClicks = NO;  (not visible)> windowScene: <UIWindowScene: 0x102b40200; role: UIWindowSceneSessionRoleApplication; persistentIdentifier: 6E797257-08E7-48F7-A749-DFECC04BF5BA; activationState: UISceneActivationStateForegroundInactive>
2026-07-27 05:09:53.045 Df app[19104:4d7118] [com.apple.UIKit:TrackingElementWindowController] Moving from placement: <UIInputViewSetPlacementOffScreenDown> to placement: <UIInputViewSetPlacementOffScreenDown> (currentPlacement: <UIInputViewSetPlacementOffScreenDown>)
2026-07-27 05:09:53.045 Df app[19104:4d7118] [com.apple.UIKit:TrackingElementWindowController] Change from input view set: <<UIInputViewSet: 0x13b54df80>; keyboard = <UIKeyboardAutomatic: 0x139f74c80; frame = (0 0; 402 233); opaque = NO; layer = <CALayer: 0x1320896e0>>%; usesKeyClicks = NO;  (not visible)>
2026-07-27 05:09:53.045 Df app[19104:4d7118] [com.apple.UIKit:TrackingElementWindowController] Change to input view set: <<UIInputViewSet: 0x13b5b5f80>; keyboard = <UIKeyboardAutomatic: 0x139f74c80; frame = (0 0; 402 233); opaque = NO; layer = <CALayer: 0x1320896e0>>%; usesKeyClicks = NO;  (not visible)>
2026-07-27 05:09:53.045 Df app[19104:4d7118] [com.apple.UIKit:KeyboardArbiterClientLog] -[_UIRemoteKeyboardPlaceholderView refreshPlaceholder]  refreshPlaceholder: size={402, 0} [previous size={402, 0}]
2026-07-27 05:09:53.046 Df app[19104:4d7118] [com.apple.UIKit:UIPeripheralHost] endPlacementForInputViewSet: <<UIInputViewSet: 0x13b5b5f80>; keyboard = <UIKeyboardAutomatic: 0x139f74c80; frame = (0 0; 402 233); opaque = NO; layer = <CALayer: 0x1320896e0>>%; usesKeyClicks = NO;  (not visible)> windowScene: <UIWindowScene: 0x102b40200; role: UIWindowSceneSessionRoleApplication; persistentIdentifier: 6E797257-08E7-48F7-A749-DFECC04BF5BA; activationState: UISceneActivationStateForegroundInactive>
2026-07-27 05:09:53.047 Df app[19104:4d7118] [com.apple.UIKit:TrackingElementWindowController] updatePlacementWithPlacement: <UIInputViewSetPlacementOffScreenDown>
2026-07-27 05:09:53.047 Df app[19104:4d7118] [com.apple.KeyboardArbiter:Client] TX setWindowContextID:1860720845 windowState:Enabled level:5.0
    focusContext:<contextID:2532338686 sceneID:com.mediology.sinsin-care-default>
2026-07-27 05:09:53.048 Df app[19104:4d7118] [com.apple.UIKit:UIPeripheralHost] endPlacementForInputViewSet: <<UIInputViewSet: 0x13b5b7a80>; keyboard = <UIKeyboardAutomatic: 0x139f74c80; frame = (0 0; 402 233); opaque = NO; layer = <CALayer: 0x1320896e0>>%; assistant = <TUISystemInputAssistantView: 0x1392f0c00; frame = (0 0; 402 78); >; usesKeyClicks = NO;  (not visible)> windowScene: <_UIKeyboardWindowScene: 0x13a858000; role: _UIScreenBasedSceneSession; persistentIdentifier: 1984CC79-F43E-41B4-BB91-2C476B30F56B; activationState: UISceneActivationStateForegroundActive>
2026-07-27 05:09:53.048 Df app[19104:4d7118] [com.apple.UIKit:UIPeripheralHost] endPlacementForInputViewSet: <<UIInputViewSet: 0x13b5b7a80>; keyboard = <UIKeyboardAutomatic: 0x139f74c80; frame = (0 0; 402 233); opaque = NO; layer = <CALayer: 0x1320896e0>>%; assistant = <TUISystemInputAssistantView: 0x1392f0c00; frame = (0 0; 402 78); >; usesKeyClicks = NO;  (not visible)> windowScene: <_UIKeyboardWindowScene: 0x13a858000; role: _UIScreenBasedSceneSession; persistentIdentifier: 1984CC79-F43E-41B4-BB91-2C476B30F56B; activationState: UISceneActivationStateForegroundActive>
2026-07-27 05:09:53.048 Df app[19104:4d7118] [com.apple.UIKit:UIPeripheralHost] endPlacementForInputViewSet: <<UIInputViewSet: 0x13b5b7a80>; keyboard = <UIKeyboardAutomatic: 0x139f74c80; frame = (0 0; 402 233); opaque = NO; layer = <CALayer: 0x1320896e0>>%; assistant = <TUISystemInputAssistantView: 0x1392f0c00; frame = (0 0; 402 78); >; usesKeyClicks = NO;  (not visible)> windowScene: <_UIKeyboardWindowScene: 0x13a858000; role: _UIScreenBasedSceneSession; persistentIdentifier: 1984CC79-F43E-41B4-BB91-2C476B30F56B; activationState: UISceneActivationStateForegroundActive>
2026-07-27 05:09:53.048 Df app[19104:4d7118] [com.apple.UIKit:UIPeripheralHost] endPlacementForInputViewSet: <<UIInputViewSet: 0x13b5b7a80>; keyboard = <UIKeyboardAutomatic: 0x139f74c80; frame = (0 0; 402 233); opaque = NO; layer = <CALayer: 0x1320896e0>>%; assistant = <TUISystemInputAssistantView: 0x1392f0c00; frame = (0 0; 402 78); >; usesKeyClicks = NO;  (not visible)> windowScene: <_UIKeyboardWindowScene: 0x13a858000; role: _UIScreenBasedSceneSession; persistentIdentifier: 1984CC79-F43E-41B4-BB91-2C476B30F56B; activationState: UISceneActivationStateForegroundActive>
2026-07-27 05:09:53.048 Df app[19104:4d7118] [com.apple.UIKit:UIPeripheralHost] endPlacementForInputViewSet: <<UIInputViewSet: 0x13b5b7a80>; keyboard = <UIKeyboardAutomatic: 0x139f74c80; frame = (0 0; 402 233); opaque = NO; layer = <CALayer: 0x1320896e0>>%; assistant = <TUISystemInputAssistantView: 0x1392f0c00; frame = (0 0; 402 78); >; usesKeyClicks = NO;  (not visible)> windowScene: <_UIKeyboardWindowScene: 0x13a858000; role: _UIScreenBasedSceneSession; persistentIdentifier: 1984CC79-F43E-41B4-BB91-2C476B30F56B; activationState: UISceneActivationStateForegroundActive>
2026-07-27 05:09:53.048 Df app[19104:4d7118] [com.apple.UIKit:UIPeripheralHost] endPlacementForInputViewSet: <<UIInputViewSet: 0x13b5b7a80>; keyboard = <UIKeyboardAutomatic: 0x139f74c80; frame = (0 0; 402 233); opaque = NO; layer = <CALayer: 0x1320896e0>>%; assistant = <TUISystemInputAssistantView: 0x1392f0c00; frame = (0 0; 402 78); >; usesKeyClicks = NO;  (not visible)> windowScene: <_UIKeyboardWindowScene: 0x13a858000; role: _UIScreenBasedSceneSession; persistentIdentifier: 1984CC79-F43E-41B4-BB91-2C476B30F56B; activationState: UISceneActivationStateForegroundActive>
2026-07-27 05:09:53.049 Df app[19104:4d7118] [com.apple.UIKit:UIPeripheralHost] endPlacementForInputViewSet: <<UIInputViewSet: 0x13b5b7a80>; keyboard = <UIKeyboardAutomatic: 0x139f74c80; frame = (0 0; 402 233); opaque = NO; layer = <CALayer: 0x1320896e0>>%; assistant = <TUISystemInputAssistantView: 0x1392f0c00; frame = (0 0; 402 78); >; usesKeyClicks = NO;  (not visible)> windowScene: <_UIKeyboardWindowScene: 0x13a858000; role: _UIScreenBasedSceneSession; persistentIdentifier: 1984CC79-F43E-41B4-BB91-2C476B30F56B; activationState: UISceneActivationStateForegroundActive>
2026-07-27 05:09:53.049 Df app[19104:4d7118] [com.apple.UIKit:UIPeripheralHost] endPlacementForInputViewSet: <<UIInputViewSet: 0x13b5b7a80>; keyboard = <UIKeyboardAutomatic: 0x139f74c80; frame = (0 0; 402 233); opaque = NO; layer = <CALayer: 0x1320896e0>>%; assistant = <TUISystemInputAssistantView: 0x1392f0c00; frame = (0 0; 402 78); >; usesKeyClicks = NO;  (not visible)> windowScene: <_UIKeyboardWindowScene: 0x13a858000; role: _UIScreenBasedSceneSession; persistentIdentifier: 1984CC79-F43E-41B4-BB91-2C476B30F56B; activationState: UISceneActivationStateForegroundActive>
2026-07-27 05:09:53.049 Df app[19104:4d7118] [com.apple.KeyboardArbiter:Client] RX keyboardArbiterClientHandle:Y
2026-07-27 05:09:53.049 Df app[19104:4d7118] [com.apple.UIKit:KeyboardArbiterClientLog] -[_UIRemoteKeyboardPlaceholderView refreshPlaceholder]  refreshPlaceholder: size={402, 0} [previous size={402, 0}]
2026-07-27 05:09:53.050 Df app[19104:4d7118] [com.apple.UIKit:UIKBFeedbackGenerator] <_UIKBFeedbackGenerator: 0x13b5b4b40>: -[_UIKBFeedbackGenerator activateWithCompletionBlock:]
2026-07-27 05:09:53.050 Df app[19104:4fd323] [com.apple.UIKit:UIKBFeedbackGenerator] <_UIKBFeedbackGenerator: 0x13b5b4b40>: Releasing engine and players.
2026-07-27 05:09:53.050 Df app[19104:4fd323] [com.apple.UIKit:UIKBFeedbackGenerator] <_UIKBFeedbackGenerator: 0x13b5b4b40>: Recreating engine with reason -[_UIKBFeedbackGenerator activateWithCompletionBlock:]_block_invoke.
2026-07-27 05:09:53.051 Df app[19104:4fd323] (libMobileGestalt.dylib) MGIsDeviceOfType is not supported on this platform.
2026-07-27 05:09:53.057 E  app[19104:4fd323] (CoreHaptics)        CHHapticPattern.mm:487   +[CHHapticPattern patternForKey:error:]: Failed to read pattern library data: Error Domain=NSCocoaErrorDomain Code=260 "파일이 존재하지 않기 때문에 ‘hapticpatternlibrary.plist’ 파일을 열 수 없습니다." UserInfo={NSFilePath=/Library/Audio/Tunings/Generic/Haptics/Library/hapticpatternlibrary.plist, NSURL=file:///Library/Audio/Tunings/Generic/Haptics/Library/hapticpatternlibrary.plist, NSUnderlyingError=0x13a925110 {Error Domain=NSPOSIXErrorDomain Code=2 "No such file or directory"}}
2026-07-27 05:09:53.058 E  app[19104:4fd323] [com.apple.UIKit:UIKBFeedbackGenerator] <_UIKBFeedbackGenerator: 0x13b5b4b40>: Error creating CHHapticPattern: Error Domain=NSCocoaErrorDomain Code=260 "파일이 존재하지 않기 때문에 ‘hapticpatternlibrary.plist’ 파일을 열 수 없습니다." UserInfo={NSFilePath=/Library/Audio/Tunings/Generic/Haptics/Library/hapticpatternlibrary.plist, NSURL=file:///Library/Audio/Tunings/Generic/Haptics/Library/hapticpatternlibrary.plist, NSUnderlyingError=0x13a925110 {Error Domain=NSPOSIXErrorDomain Code=2 "No such file or directory"}}
2026-07-27 05:09:53.058 E  app[19104:4fd323] (CoreHaptics)        CHHapticPattern.mm:487   +[CHHapticPattern patternForKey:error:]: Failed to read pattern library data: Error Domain=NSCocoaErrorDomain Code=260 "파일이 존재하지 않기 때문에 ‘hapticpatternlibrary.plist’ 파일을 열 수 없습니다." UserInfo={NSFilePath=/Library/Audio/Tunings/Generic/Haptics/Library/hapticpatternlibrary.plist, NSURL=file:///Library/Audio/Tunings/Generic/Haptics/Library/hapticpatternlibrary.plist, NSUnderlyingError=0x13a9259e0 {Error Domain=NSPOSIXErrorDomain Code=2 "No such file or directory"}}
2026-07-27 05:09:53.058 E  app[19104:4fd323] [com.apple.UIKit:UIKBFeedbackGenerator] <_UIKBFeedbackGenerator: 0x13b5b4b40>: Error creating CHHapticPattern: Error Domain=NSCocoaErrorDomain Code=260 "파일이 존재하지 않기 때문에 ‘hapticpatternlibrary.plist’ 파일을 열 수 없습니다." UserInfo={NSFilePath=/Library/Audio/Tunings/Generic/Haptics/Library/hapticpatternlibrary.plist, NSURL=file:///Library/Audio/Tunings/Generic/Haptics/Library/hapticpatternlibrary.plist, NSUnderlyingError=0x13a9259e0 {Error Domain=NSPOSIXErrorDomain Code=2 "No such file or directory"}}
2026-07-27 05:09:53.058 E  app[19104:4fd323] (CoreHaptics)        CHHapticPattern.mm:487   +[CHHapticPattern patternForKey:error:]: Failed to read pattern library data: Error Domain=NSCocoaErrorDomain Code=260 "파일이 존재하지 않기 때문에 ‘hapticpatternlibrary.plist’ 파일을 열 수 없습니다." UserInfo={NSFilePath=/Library/Audio/Tunings/Generic/Haptics/Library/hapticpatternlibrary.plist, NSURL=file:///Library/Audio/Tunings/Generic/Haptics/Library/hapticpatternlibrary.plist, NSUnderlyingError=0x13a925110 {Error Domain=NSPOSIXErrorDomain Code=2 "No such file or directory"}}
2026-07-27 05:09:53.058 E  app[19104:4fd323] [com.apple.UIKit:UIKBFeedbackGenerator] <_UIKBFeedbackGenerator: 0x13b5b4b40>: Error creating CHHapticPattern: Error Domain=NSCocoaErrorDomain Code=260 "파일이 존재하지 않기 때문에 ‘hapticpatternlibrary.plist’ 파일을 열 수 없습니다." UserInfo={NSFilePath=/Library/Audio/Tunings/Generic/Haptics/Library/hapticpatternlibrary.plist, NSURL=file:///Library/Audio/Tunings/Generic/Haptics/Library/hapticpatternlibrary.plist, NSUnderlyingError=0x13a925110 {Error Domain=NSPOSIXErrorDomain Code=2 "No such file or directory"}}
2026-07-27 05:09:53.058 E  app[19104:4fd323] (CoreHaptics)        CHHapticPattern.mm:487   +[CHHapticPattern patternForKey:error:]: Failed to read pattern library data: Error Domain=NSCocoaErrorDomain Code=260 "파일이 존재하지 않기 때문에 ‘hapticpatternlibrary.plist’ 파일을 열 수 없습니다." UserInfo={NSFilePath=/Library/Audio/Tunings/Generic/Haptics/Library/hapticpatternlibrary.plist, NSURL=file:///Library/Audio/Tunings/Generic/Haptics/Library/hapticpatternlibrary.plist, NSUnderlyingError=0x13a9259e0 {Error Domain=NSPOSIXErrorDomain Code=2 "No such file or directory"}}
2026-07-27 05:09:53.058 E  app[19104:4fd323] [com.apple.UIKit:UIKBFeedbackGenerator] <_UIKBFeedbackGenerator: 0x13b5b4b40>: Error creating CHHapticPattern: Error Domain=NSCocoaErrorDomain Code=260 "파일이 존재하지 않기 때문에 ‘hapticpatternlibrary.plist’ 파일을 열 수 없습니다." UserInfo={NSFilePath=/Library/Audio/Tunings/Generic/Haptics/Library/hapticpatternlibrary.plist, NSURL=file:///Library/Audio/Tunings/Generic/Haptics/Library/hapticpatternlibrary.plist, NSUnderlyingError=0x13a9259e0 {Error Domain=NSPOSIXErrorDomain Code=2 "No such file or directory"}}
2026-07-27 05:09:53.058 E  app[19104:4fd323] (CoreHaptics)        CHHapticPattern.mm:487   +[CHHapticPattern patternForKey:error:]: Failed to read pattern library data: Error Domain=NSCocoaErrorDomain Code=260 "파일이 존재하지 않기 때문에 ‘hapticpatternlibrary.plist’ 파일을 열 수 없습니다." UserInfo={NSFilePath=/Library/Audio/Tunings/Generic/Haptics/Library/hapticpatternlibrary.plist, NSURL=file:///Library/Audio/Tunings/Generic/Haptics/Library/hapticpatternlibrary.plist, NSUnderlyingError=0x13a925110 {Error Domain=NSPOSIXErrorDomain Code=2 "No such file or directory"}}
2026-07-27 05:09:53.058 E  app[19104:4fd323] [com.apple.UIKit:UIKBFeedbackGenerator] <_UIKBFeedbackGenerator: 0x13b5b4b40>: Error creating CHHapticPattern: Error Domain=NSCocoaErrorDomain Code=260 "파일이 존재하지 않기 때문에 ‘hapticpatternlibrary.plist’ 파일을 열 수 없습니다." UserInfo={NSFilePath=/Library/Audio/Tunings/Generic/Haptics/Library/hapticpatternlibrary.plist, NSURL=file:///Library/Audio/Tunings/Generic/Haptics/Library/hapticpatternlibrary.plist, NSUnderlyingError=0x13a925110 {Error Domain=NSPOSIXErrorDomain Code=2 "No such file or directory"}}
2026-07-27 05:09:53.058 E  app[19104:4fd323] (CoreHaptics)        CHHapticPattern.mm:487   +[CHHapticPattern patternForKey:error:]: Failed to read pattern library data: Error Domain=NSCocoaErrorDomain Code=260 "파일이 존재하지 않기 때문에 ‘hapticpatternlibrary.plist’ 파일을 열 수 없습니다." UserInfo={NSFilePath=/Library/Audio/Tunings/Generic/Haptics/Library/hapticpatternlibrary.plist, NSURL=file:///Library/Audio/Tunings/Generic/Haptics/Library/hapticpatternlibrary.plist, NSUnderlyingError=0x13a9259e0 {Error Domain=NSPOSIXErrorDomain Code=2 "No such file or directory"}}
2026-07-27 05:09:53.059 E  app[19104:4fd323] [com.apple.UIKit:UIKBFeedbackGenerator] <_UIKBFeedbackGenerator: 0x13b5b4b40>: Error creating CHHapticPattern: Error Domain=NSCocoaErrorDomain Code=260 "파일이 존재하지 않기 때문에 ‘hapticpatternlibrary.plist’ 파일을 열 수 없습니다." UserInfo={NSFilePath=/Library/Audio/Tunings/Generic/Haptics/Library/hapticpatternlibrary.plist, NSURL=file:///Library/Audio/Tunings/Generic/Haptics/Library/hapticpatternlibrary.plist, NSUnderlyingError=0x13a9259e0 {Error Domain=NSPOSIXErrorDomain Code=2 "No such file or directory"}}
2026-07-27 05:09:53.059 E  app[19104:4fd323] (CoreHaptics)        CHHapticPattern.mm:487   +[CHHapticPattern patternForKey:error:]: Failed to read pattern library data: Error Domain=NSCocoaErrorDomain Code=260 "파일이 존재하지 않기 때문에 ‘hapticpatternlibrary.plist’ 파일을 열 수 없습니다." UserInfo={NSFilePath=/Library/Audio/Tunings/Generic/Haptics/Library/hapticpatternlibrary.plist, NSURL=file:///Library/Audio/Tunings/Generic/Haptics/Library/hapticpatternlibrary.plist, NSUnderlyingError=0x13a925110 {Error Domain=NSPOSIXErrorDomain Code=2 "No such file or directory"}}
2026-07-27 05:09:53.059 E  app[19104:4fd323] [com.apple.UIKit:UIKBFeedbackGenerator] <_UIKBFeedbackGenerator: 0x13b5b4b40>: Error creating CHHapticPattern: Error Domain=NSCocoaErrorDomain Code=260 "파일이 존재하지 않기 때문에 ‘hapticpatternlibrary.plist’ 파일을 열 수 없습니다." UserInfo={NSFilePath=/Library/Audio/Tunings/Generic/Haptics/Library/hapticpatternlibrary.plist, NSURL=file:///Library/Audio/Tunings/Generic/Haptics/Library/hapticpatternlibrary.plist, NSUnderlyingError=0x13a925110 {Error Domain=NSPOSIXErrorDomain Code=2 "No such file or directory"}}
2026-07-27 05:09:53.059 E  app[19104:4fd323] (CoreHaptics)        CHHapticPattern.mm:487   +[CHHapticPattern patternForKey:error:]: Failed to read pattern library data: Error Domain=NSCocoaErrorDomain Code=260 "파일이 존재하지 않기 때문에 ‘hapticpatternlibrary.plist’ 파일을 열 수 없습니다." UserInfo={NSFilePath=/Library/Audio/Tunings/Generic/Haptics/Library/hapticpatternlibrary.plist, NSURL=file:///Library/Audio/Tunings/Generic/Haptics/Library/hapticpatternlibrary.plist, NSUnderlyingError=0x13a9259e0 {Error Domain=NSPOSIXErrorDomain Code=2 "No such file or directory"}}
2026-07-27 05:09:53.059 E  app[19104:4fd323] [com.apple.UIKit:UIKBFeedbackGenerator] <_UIKBFeedbackGenerator: 0x13b5b4b40>: Error creating CHHapticPattern: Error Domain=NSCocoaErrorDomain Code=260 "파일이 존재하지 않기 때문에 ‘hapticpatternlibrary.plist’ 파일을 열 수 없습니다." UserInfo={NSFilePath=/Library/Audio/Tunings/Generic/Haptics/Library/hapticpatternlibrary.plist, NSURL=file:///Library/Audio/Tunings/Generic/Haptics/Library/hapticpatternlibrary.plist, NSUnderlyingError=0x13a9259e0 {Error Domain=NSPOSIXErrorDomain Code=2 "No such file or directory"}}
2026-07-27 05:09:53.059 E  app[19104:4fd323] (CoreHaptics)        CHHapticPattern.mm:487   +[CHHapticPattern patternForKey:error:]: Failed to read pattern library data: Error Domain=NSCocoaErrorDomain Code=260 "파일이 존재하지 않기 때문에 ‘hapticpatternlibrary.plist’ 파일을 열 수 없습니다." UserInfo={NSFilePath=/Library/Audio/Tunings/Generic/Haptics/Library/hapticpatternlibrary.plist, NSURL=file:///Library/Audio/Tunings/Generic/Haptics/Library/hapticpatternlibrary.plist, NSUnderlyingError=0x13a925110 {Error Domain=NSPOSIXErrorDomain Code=2 "No such file or directory"}}
2026-07-27 05:09:53.059 E  app[19104:4fd323] [com.apple.UIKit:UIKBFeedbackGenerator] <_UIKBFeedbackGenerator: 0x13b5b4b40>: Error creating CHHapticPattern: Error Domain=NSCocoaErrorDomain Code=260 "파일이 존재하지 않기 때문에 ‘hapticpatternlibrary.plist’ 파일을 열 수 없습니다." UserInfo={NSFilePath=/Library/Audio/Tunings/Generic/Haptics/Library/hapticpatternlibrary.plist, NSURL=file:///Library/Audio/Tunings/Generic/Haptics/Library/hapticpatternlibrary.plist, NSUnderlyingError=0x13a925110 {Error Domain=NSPOSIXErrorDomain Code=2 "No such file or directory"}}
2026-07-27 05:09:53.061 Df app[19104:4fd323] [com.apple.coremedia:] -AVSystemController- +[AVSystemController sharedInstance]: Failed to allocate AVSystemController, numberOfAttempts=1
2026-07-27 05:09:53.061 Df app[19104:4fd323] [com.apple.coremedia:] -AVSystemController- +[AVSystemController sharedInstance]: Failed to allocate AVSystemController, numberOfAttempts=2
2026-07-27 05:09:53.061 Df app[19104:4fd323] [com.apple.coremedia:] -AVSystemController- +[AVSystemController sharedInstance]: Failed to allocate AVSystemController, numberOfAttempts=3
2026-07-27 05:09:53.061 Df app[19104:4fd323] [com.apple.UIKit:UIKBFeedbackGenerator] <_UIKBFeedbackGenerator: 0x13b5b4b40>: Preheating CoreHaptics.
2026-07-27 05:09:53.157 A  app[19104:4f144d] (RunningBoardServices) didChangeInheritances
2026-07-27 05:09:53.157 Df app[19104:4d7118] [com.apple.UIKit:InterfaceStyle] Not push traits update to screen for new style 1, <UIWindowScene: 0x102b40200> (6E797257-08E7-48F7-A749-DFECC04BF5BA)
2026-07-27 05:09:53.158 Df app[19104:4d7118] [com.apple.UIKit:AppLifecycle] sceneOfRecord: sceneID: sceneID:com.mediology.sinsin-care-default  persistentID: 6E797257-08E7-48F7-A749-DFECC04BF5BA
2026-07-27 05:09:53.158 Df app[19104:4d7118] [com.apple.UIKit:Application] Deactivation reason removed: 12; deactivation reasons: 4128 -> 32; animating application lifecycle event: 1
2026-07-27 05:09:53.158 Df app[19104:4d7118] [com.apple.KeyboardArbiter:Client] Send setDeactivating: N (-DeactivationReason:SuspendedEventsOnly)
2026-07-27 05:09:53.160 Df app[19104:4d7118] [com.apple.UIKit:Application] Deactivation reason removed: 5; deactivation reasons: 32 -> 0; animating application lifecycle event: 0
2026-07-27 05:09:53.160 Df app[19104:4d7118] [com.apple.KeyboardArbiter:Client] TX signalKeyboardChanged
2026-07-27 05:09:53.160 Df app[19104:4d7118] [com.apple.UIKit:KeyboardArbiterClientLog] -[_UIRemoteKeyboards signalToProxyKeyboardChanged:onCompletion:]  Signaling keyboard changed <<<_UIKeyboardChangedInformation: 0x13c5a8d80>; appId (null) bundleId (null) animation fence (null); position {{0, 874}, {402, 0}}; animated YES; on screen YES; tracking NO; resizing NO; local NO, dock state: Unknown, hasValidNotif: NO>; source canvas com.apple.frontboard.systemappservices/FBSceneManager:sceneID%3Acom.mediology.sinsin-care-default; source display Main; source bundle com.mediology.sinsin-care; host bundle (null); animation fence (null); position {{0, 874}, {402, 0}} (with IAV same); floating 0; on screen YES;  intersectable YES; snapshot NO>
2026-07-27 05:09:53.161 Df app[19104:4d7118] [com.apple.KeyboardArbiter:Client] TX setWindowContextID:1860720845 windowState:Enabled level:5.0
    focusContext:<contextID:2532338686 sceneID:com.mediology.sinsin-care-default>
2026-07-27 05:09:53.166 Df app[19104:4d7118] [com.apple.KeyboardArbiter:Client] RX keyboardArbiterClientHandle:Y
2026-07-27 05:09:54.505 Df app[19104:4f144d] [com.apple.TextInputUI:CandidateGeneration] Performing delayed generation for token=4ED82DE2
2026-07-27 05:09:54.819 Df app[19104:4d7118] [com.apple.CFNetwork:Default] TCP Conn [1430:0x13d718fa0] using empty proxy configuration
2026-07-27 05:09:54.819 Df app[19104:4d7118] [com.apple.CFNetwork:Default] Stream client bypassing proxies on TCP Conn [1430:0x13d718fa0]
2026-07-27 05:09:54.819 Df app[19104:4d7118] [com.apple.CFNetwork:Default] TCP Conn 0x13d718fa0 started
2026-07-27 05:09:54.819 Df app[19104:4fd323] [com.apple.network:connection] [C1430 7138107B-D1F9-44A9-8B4F-839F4008245A IPv4#d88bd194:8087 tcp, definite, attribution: developer, context: Default Network Context (private), proc: 015000E2-DAB9-340B-9C50-1DE21DB3B06A, delegated upid: 0, no proxy, prohibit fallback, allow socket access] start
2026-07-27 05:09:54.820 Df app[19104:4fd323] [com.apple.network:connection] [C1430 IPv4#d88bd194:8087 initial parent-flow ((null))] event: path:start @0.000s
2026-07-27 05:09:54.820 Df app[19104:4fd323] [com.apple.network:connection] [C1430 IPv4#d88bd194:8087 waiting parent-flow (satisfied (Path is satisfied), interface: lo0)] event: path:satisfied @0.000s, uuid: E5D89930-9B94-447A-B457-D9D0CFF094E8
2026-07-27 05:09:54.820 Df app[19104:4d7118] [com.apple.CFNetwork:Default] TCP Conn [1431:0x13d71abc0] using empty proxy configuration
2026-07-27 05:09:54.820 Df app[19104:4fd323] [com.apple.network:connection] nw_socket_initialize_socket [C1430:1] Not guarding fd 27
2026-07-27 05:09:54.820 Df app[19104:4d7118] [com.apple.CFNetwork:Default] Stream client bypassing proxies on TCP Conn [1431:0x13d71abc0]
2026-07-27 05:09:54.820 Df app[19104:4d7118] [com.apple.CFNetwork:Default] TCP Conn 0x13d71abc0 started
2026-07-27 05:09:54.820 Df app[19104:4fd323] [com.apple.network:connection] [C1430 IPv4#d88bd194:8087 in_progress socket-flow (satisfied (Path is satisfied), interface: lo0)] event: flow:start_connect @0.000s
2026-07-27 05:09:54.820 Df app[19104:4fd323] [com.apple.network:connection] nw_connection_report_state_with_handler_on_nw_queue [C1430] reporting state preparing
2026-07-27 05:09:54.820 Df app[19104:4d7118] [com.apple.CFNetwork:Default] TCP Conn [1432:0x13d71a8a0] using empty proxy configuration
2026-07-27 05:09:54.820 Df app[19104:4d7118] [com.apple.CFNetwork:Default] Stream client bypassing proxies on TCP Conn [1432:0x13d71a8a0]
2026-07-27 05:09:54.820 Df app[19104:4d7118] [com.apple.CFNetwork:Default] TCP Conn 0x13d71a8a0 started
2026-07-27 05:09:54.820 Df app[19104:4fd323] [com.apple.network:connection] [C1431 17D930C2-1BC0-4C9C-8A10-F797D6F7938F IPv4#d88bd194:8087 tcp, definite, attribution: developer, context: Default Network Context (private), proc: 015000E2-DAB9-340B-9C50-1DE21DB3B06A, delegated upid: 0, no proxy, prohibit fallback, allow socket access] start
2026-07-27 05:09:54.820 Df app[19104:4fd323] [com.apple.network:connection] [C1431 IPv4#d88bd194:8087 initial parent-flow ((null))] event: path:start @0.000s
2026-07-27 05:09:54.820 Df app[19104:4fd323] [com.apple.network:connection] [C1431 IPv4#d88bd194:8087 waiting parent-flow (satisfied (Path is satisfied), interface: lo0)] event: path:satisfied @0.000s, uuid: E5D89930-9B94-447A-B457-D9D0CFF094E8
2026-07-27 05:09:54.821 Df app[19104:4fd323] [com.apple.network:connection] nw_socket_initialize_socket [C1431:1] Not guarding fd 28
2026-07-27 05:09:54.821 Df app[19104:4fd323] [com.apple.network:connection] [C1431 IPv4#d88bd194:8087 in_progress socket-flow (satisfied (Path is satisfied), interface: lo0)] event: flow:start_connect @0.000s
2026-07-27 05:09:54.821 Df app[19104:4fd323] [com.apple.network:connection] nw_connection_report_state_with_handler_on_nw_queue [C1431] reporting state preparing
2026-07-27 05:09:54.821 Df app[19104:4fd323] [com.apple.network:connection] [C1432 9344BB72-3C9C-4FA9-9CAD-FEF550190B03 IPv4#d88bd194:8087 tcp, definite, attribution: developer, context: Default Network Context (private), proc: 015000E2-DAB9-340B-9C50-1DE21DB3B06A, delegated upid: 0, no proxy, prohibit fallback, allow socket access] start
2026-07-27 05:09:54.822 Df app[19104:4fd323] [com.apple.network:connection] [C1432 IPv4#d88bd194:8087 initial parent-flow ((null))] event: path:start @0.000s
2026-07-27 05:09:54.822 Df app[19104:4fd323] [com.apple.network:connection] [C1432 IPv4#d88bd194:8087 waiting parent-flow (satisfied (Path is satisfied), interface: lo0)] event: path:satisfied @0.000s, uuid: E5D89930-9B94-447A-B457-D9D0CFF094E8
2026-07-27 05:09:54.822 Df app[19104:4fd323] [com.apple.network:connection] nw_socket_initialize_socket [C1432:1] Not guarding fd 29
2026-07-27 05:09:54.822 Df app[19104:4fd323] [com.apple.network:connection] [C1432 IPv4#d88bd194:8087 in_progress socket-flow (satisfied (Path is satisfied), interface: lo0)] event: flow:start_connect @0.000s
2026-07-27 05:09:54.822 Df app[19104:4fd323] [com.apple.network:connection] nw_connection_report_state_with_handler_on_nw_queue [C1432] reporting state preparing
2026-07-27 05:09:54.822 Df app[19104:4fd323] [com.apple.network:connection] nw_socket_handle_socket_event [C1430:1] Socket received CONNECTED event
2026-07-27 05:09:54.822 Df app[19104:4fd323] [com.apple.network:connection] nw_flow_connected [C1430 IPv4#d88bd194:8087 in_progress socket-flow (satisfied (Path is satisfied), interface: lo0)] Output protocol connected (socket)
2026-07-27 05:09:54.822 Df app[19104:4fd323] [com.apple.network:connection] [C1430 IPv4#d88bd194:8087 ready socket-flow (satisfied (Path is satisfied), interface: lo0)] event: flow:finish_connect @0.002s
2026-07-27 05:09:54.823 Df app[19104:4fd323] [com.apple.network:connection] nw_connection_report_state_with_handler_on_nw_queue [C1430] reporting state ready
2026-07-27 05:09:54.823 Df app[19104:4fd323] [com.apple.network:connection] nw_socket_handle_socket_event [C1431:1] Socket received CONNECTED event
2026-07-27 05:09:54.823 Df app[19104:4fd326] [com.apple.CFNetwork:Default] TCP Conn 0x13d718fa0 event 1. err: 0
2026-07-27 05:09:54.823 Df app[19104:4fd326] [com.apple.CFNetwork:Default] TCP Conn 0x13d718fa0 complete. fd: 30, err: 0
2026-07-27 05:09:54.823 Df app[19104:4fd323] [com.apple.network:connection] nw_flow_connected [C1431 IPv4#d88bd194:8087 in_progress socket-flow (satisfied (Path is satisfied), interface: lo0)] Output protocol connected (socket)
2026-07-27 05:09:54.823 Df app[19104:4fd323] [com.apple.network:connection] [C1431 IPv4#d88bd194:8087 ready socket-flow (satisfied (Path is satisfied), interface: lo0)] event: flow:finish_connect @0.002s
2026-07-27 05:09:54.823 Df app[19104:4fd323] [com.apple.network:connection] nw_connection_report_state_with_handler_on_nw_queue [C1431] reporting state ready
2026-07-27 05:09:54.823 Df app[19104:4f1452] [com.apple.CFNetwork:Default] TCP Conn 0x13d71abc0 event 1. err: 0
2026-07-27 05:09:54.823 Df app[19104:4fd323] [com.apple.network:connection] nw_socket_handle_socket_event [C1432:1] Socket received CONNECTED event
2026-07-27 05:09:54.823 Df app[19104:4f1452] [com.apple.CFNetwork:Default] TCP Conn 0x13d71abc0 complete. fd: 31, err: 0
2026-07-27 05:09:54.823 Df app[19104:4fd323] [com.apple.network:connection] nw_flow_connected [C1432 IPv4#d88bd194:8087 in_progress socket-flow (satisfied (Path is satisfied), interface: lo0)] Output protocol connected (socket)
2026-07-27 05:09:54.823 Df app[19104:4fd323] [com.apple.network:connection] [C1432 IPv4#d88bd194:8087 ready socket-flow (satisfied (Path is satisfied), interface: lo0)] event: flow:finish_connect @0.001s
2026-07-27 05:09:54.823 Df app[19104:4fd323] [com.apple.network:connection] nw_connection_report_state_with_handler_on_nw_queue [C1432] reporting state ready
2026-07-27 05:09:54.823 Df app[19104:4fd326] [com.apple.CFNetwork:Default] TCP Conn 0x13d71a8a0 event 1. err: 0
2026-07-27 05:09:54.823 Df app[19104:4fd326] [com.apple.CFNetwork:Default] TCP Conn 0x13d71a8a0 complete. fd: 32, err: 0
2026-07-27 05:09:56.918 Df app[19104:4d7118] [com.apple.CFNetwork:Default] TCP Conn [1433:0x13d718000] using empty proxy configuration
2026-07-27 05:09:56.918 Df app[19104:4d7118] [com.apple.CFNetwork:Default] Stream client bypassing proxies on TCP Conn [1433:0x13d718000]
2026-07-27 05:09:56.918 Df app[19104:4d7118] [com.apple.CFNetwork:Default] TCP Conn 0x13d718000 started
2026-07-27 05:09:56.919 Df app[19104:4fd323] [com.apple.network:connection] [C1433 D3291EC3-C918-4614-A550-D26531385B59 IPv4#d88bd194:8087 tcp, definite, attribution: developer, context: Default Network Context (private), proc: 015000E2-DAB9-340B-9C50-1DE21DB3B06A, delegated upid: 0, no proxy, prohibit fallback, allow socket access] start
2026-07-27 05:09:56.919 Df app[19104:4fd323] [com.apple.network:connection] [C1433 IPv4#d88bd194:8087 initial parent-flow ((null))] event: path:start @0.000s
2026-07-27 05:09:56.919 Df app[19104:4d7118] [com.apple.CFNetwork:Default] TCP Conn [1434:0x13d71a580] using empty proxy configuration
2026-07-27 05:09:56.919 Df app[19104:4fd323] [com.apple.network:connection] [C1433 IPv4#d88bd194:8087 waiting parent-flow (satisfied (Path is satisfied), interface: lo0)] event: path:satisfied @0.000s, uuid: E5D89930-9B94-447A-B457-D9D0CFF094E8
2026-07-27 05:09:56.919 Df app[19104:4d7118] [com.apple.CFNetwork:Default] Stream client bypassing proxies on TCP Conn [1434:0x13d71a580]
2026-07-27 05:09:56.919 Df app[19104:4d7118] [com.apple.CFNetwork:Default] TCP Conn 0x13d71a580 started
2026-07-27 05:09:56.919 Df app[19104:4fd323] [com.apple.network:connection] nw_socket_initialize_socket [C1433:1] Not guarding fd 33
2026-07-27 05:09:56.919 Df app[19104:4fd323] [com.apple.network:connection] [C1433 IPv4#d88bd194:8087 in_progress socket-flow (satisfied (Path is satisfied), interface: lo0)] event: flow:start_connect @0.000s
2026-07-27 05:09:56.919 Df app[19104:4fd323] [com.apple.network:connection] nw_connection_report_state_with_handler_on_nw_queue [C1433] reporting state preparing
2026-07-27 05:09:56.919 Df app[19104:4fd323] [com.apple.network:connection] [C1434 A84F0536-E5ED-4660-B6DE-4E19E97A1C2E IPv4#d88bd194:8087 tcp, definite, attribution: developer, context: Default Network Context (private), proc: 015000E2-DAB9-340B-9C50-1DE21DB3B06A, delegated upid: 0, no proxy, prohibit fallback, allow socket access] start
2026-07-27 05:09:56.919 Df app[19104:4fd323] [com.apple.network:connection] [C1434 IPv4#d88bd194:8087 initial parent-flow ((null))] event: path:start @0.000s
2026-07-27 05:09:56.919 Df app[19104:4fd323] [com.apple.network:connection] [C1434 IPv4#d88bd194:8087 waiting parent-flow (satisfied (Path is satisfied), interface: lo0)] event: path:satisfied @0.000s, uuid: E5D89930-9B94-447A-B457-D9D0CFF094E8
2026-07-27 05:09:56.919 Df app[19104:4f1452] [com.apple.CFNetwork:Default] TCP Conn 0x13d718fa0 canceled
2026-07-27 05:09:56.919 Df app[19104:4fd323] [com.apple.network:connection] nw_socket_initialize_socket [C1434:1] Not guarding fd 34
2026-07-27 05:09:56.919 Df app[19104:4fd323] [com.apple.network:connection] [C1434 IPv4#d88bd194:8087 in_progress socket-flow (satisfied (Path is satisfied), interface: lo0)] event: flow:start_connect @0.000s
2026-07-27 05:09:56.920 Df app[19104:4fd323] [com.apple.network:connection] nw_connection_report_state_with_handler_on_nw_queue [C1434] reporting state preparing
2026-07-27 05:09:56.920 Df app[19104:4fd323] [com.apple.network:connection] [C1430 7138107B-D1F9-44A9-8B4F-839F4008245A IPv4#d88bd194:8087 tcp, legacy-socket, definite, attribution: developer] cancel
2026-07-27 05:09:56.920 Df app[19104:4fd323] [com.apple.network:connection] [C1430 7138107B-D1F9-44A9-8B4F-839F4008245A IPv4#d88bd194:8087 tcp, legacy-socket, definite, attribution: developer] cancelled
	[C1430 E5D89930-9B94-447A-B457-D9D0CFF094E8 172.30.1.90:61125<->IPv4#d88bd194:8087]
	Connected Path: satisfied (Path is satisfied), interface: lo0
	Privacy Stance: Not Eligible
	Duration: 2.100s, TCP @0.000s took 0.002s
	bytes in/out: 144/223, packets in/out: 3/2, rtt: 0.001s, retransmitted bytes: 0, out-of-order bytes: 0
	ecn packets sent/acked/marked/lost: 0/0/0/0
2026-07-27 05:09:56.920 Df app[19104:4fd323] [com.apple.network:connection] nw_connection_report_state_with_handler_on_nw_queue [C1430] reporting state cancelled
2026-07-27 05:09:56.920 Df app[19104:4fd323] [com.apple.network:connection] nw_socket_handle_socket_event [C1433:1] Socket received CONNECTED event
2026-07-27 05:09:56.920 Df app[19104:4fd326] [com.apple.CFNetwork:Default] TCP Conn 0x13d71abc0 canceled
2026-07-27 05:09:56.920 Df app[19104:4fd323] [com.apple.network:connection] nw_flow_connected [C1433 IPv4#d88bd194:8087 in_progress socket-flow (satisfied (Path is satisfied), interface: lo0)] Output protocol connected (socket)
2026-07-27 05:09:56.920 Df app[19104:4fd323] [com.apple.network:connection] [C1433 IPv4#d88bd194:8087 ready socket-flow (satisfied (Path is satisfied), interface: lo0)] event: flow:finish_connect @0.001s
2026-07-27 05:09:56.920 Df app[19104:4fd323] [com.apple.network:connection] nw_connection_report_state_with_handler_on_nw_queue [C1433] reporting state ready
2026-07-27 05:09:56.920 Df app[19104:4fd323] [com.apple.network:connection] [C1431 17D930C2-1BC0-4C9C-8A10-F797D6F7938F IPv4#d88bd194:8087 tcp, legacy-socket, definite, attribution: developer] cancel
2026-07-27 05:09:56.920 Df app[19104:4f144d] [com.apple.CFNetwork:Default] TCP Conn 0x13d718000 event 1. err: 0
2026-07-27 05:09:56.920 Df app[19104:4f144d] [com.apple.CFNetwork:Default] TCP Conn 0x13d718000 complete. fd: 30, err: 0
2026-07-27 05:09:56.920 Df app[19104:4fd323] [com.apple.network:connection] [C1431 17D930C2-1BC0-4C9C-8A10-F797D6F7938F IPv4#d88bd194:8087 tcp, legacy-socket, definite, attribution: developer] cancelled
	[C1431 E5D89930-9B94-447A-B457-D9D0CFF094E8 172.30.1.90:61126<->IPv4#d88bd194:8087]
	Connected Path: satisfied (Path is satisfied), interface: lo0
	Privacy Stance: Not Eligible
	Duration: 2.099s, TCP @0.000s took 0.002s
	bytes in/out: 144/224, packets in/out: 3/2, rtt: 0.001s, retransmitted bytes: 0, out-of-order bytes: 0
	ecn packets sent/acked/marked/lost: 0/0/0/0
2026-07-27 05:09:56.920 Df app[19104:4fd323] [com.apple.network:connection] nw_connection_report_state_with_handler_on_nw_queue [C1431] reporting state cancelled
2026-07-27 05:09:56.920 Df app[19104:4fd323] [com.apple.network:connection] nw_socket_handle_socket_event [C1434:1] Socket received CONNECTED event
2026-07-27 05:09:56.920 Df app[19104:4fd323] [com.apple.network:connection] nw_flow_connected [C1434 IPv4#d88bd194:8087 in_progress socket-flow (satisfied (Path is satisfied), interface: lo0)] Output protocol connected (socket)
2026-07-27 05:09:56.920 Df app[19104:4fd323] [com.apple.network:connection] [C1434 IPv4#d88bd194:8087 ready socket-flow (satisfied (Path is satisfied), interface: lo0)] event: flow:finish_connect @0.001s
2026-07-27 05:09:56.920 Df app[19104:4fd323] [com.apple.network:connection] nw_connection_report_state_with_handler_on_nw_queue [C1434] reporting state ready
2026-07-27 05:09:56.920 Df app[19104:4f144d] [com.apple.CFNetwork:Default] TCP Conn 0x13d71a580 event 1. err: 0
2026-07-27 05:09:56.920 Df app[19104:4f144d] [com.apple.CFNetwork:Default] TCP Conn 0x13d71a580 complete. fd: 27, err: 0
2026-07-27 05:10:31.205 A  app[19104:4f144d] (CoreFoundation) Loading Preferences From User Session CFPrefsD
2026-07-27 05:10:31.205 A  app[19104:4f144d] (CoreFoundation) Loading Preferences From User Session CFPrefsD
2026-07-27 05:10:31.206 A  app[19104:4f144d] (CoreFoundation) Loading Preferences From User Session CFPrefsD
2026-07-27 05:10:33.846 Df app[14090:4fec59] [com.apple.xpc:connection] [0x10168c400] activating connection: mach=true listener=false peer=false name=com.apple.cfprefsd.daemon
2026-07-27 05:10:33.849 Df app[14090:4fec59] [com.apple.UserNotifications:Connections] [com.mediology.sinsin-care] Creating a user notification center
2026-07-27 05:10:33.909 A  app[14090:4fecee] (CoreFoundation) Loading Preferences From User Session CFPrefsD
2026-07-27 05:10:33.911 Df app[14090:4fecef] [com.apple.BoardServices:XPCErrors] [C:1] Alloc com.apple.frontboard.systemappservices
2026-07-27 05:10:33.912 Df app[14090:4fecef] [com.apple.xpc:connection] [0x1016944c0] activating connection: mach=false listener=false peer=false name=(anonymous)
2026-07-27 05:10:33.913 Df app[14090:4fec59] (libMobileGestalt.dylib) No persisted cache on this platform.
2026-07-27 05:10:33.916 Df app[14090:4fec59] [com.apple.UIKit:Application] Deactivation reason added: 10; deactivation reasons: 0 -> 1024; animating application lifecycle event: 0
2026-07-27 05:10:33.916 Df app[14090:4fec59] [com.apple.runningboard:connection] Initializing connection
2026-07-27 05:10:33.916 Df app[14090:4fec59] [com.apple.runningboard:process] Removing all cached process handles
2026-07-27 05:10:33.917 Df app[14090:4fecef] [com.apple.runningboard:connection] Sending handshake request attempt #1 to server
2026-07-27 05:10:33.917 Df app[14090:4fecef] [com.apple.runningboard:connection] Creating connection to com.apple.runningboard
2026-07-27 05:10:33.917 Df app[14090:4fec59] [com.apple.BoardServices:Injection] activating monitor for service com.apple.frontboard.open
2026-07-27 05:10:33.917 Df app[14090:4fecef] [com.apple.xpc:connection] [0x1021f4280] activating connection: mach=true listener=false peer=false name=com.apple.runningboard
2026-07-27 05:10:33.917 Df app[14090:4fec59] [com.apple.BoardServices:Injection] activating monitor for service com.apple.frontboard.workspace-service
2026-07-27 05:10:33.917 Df app[14090:4fec59] [com.apple.FrontBoard:Common] FBSWorkspace registering source: com.apple.frontboard.systemappservices
2026-07-27 05:10:33.917 A  app[14090:4fecf0] (RunningBoardServices) didChangeInheritances
2026-07-27 05:10:33.918 Df app[14090:4fecef] [com.apple.runningboard:connection] Handshake succeeded
2026-07-27 05:10:33.918 Df app[14090:4fec59] [com.apple.FrontBoard:Common] FBSWorkspace connected to endpoint : <BSServiceConnectionEndpoint: 0x102184780; target: com.apple.frontboard.systemappservices; service: com.apple.frontboard.workspace-service>
2026-07-27 05:10:33.918 Df app[14090:4fecef] [com.apple.runningboard:connection] Identity resolved as app<com.mediology.sinsin-care((null))>
2026-07-27 05:10:33.918 Df app[14090:4fec59] [com.apple.FrontBoard:Common] <FBSWorkspaceScenesClient:0x102110c80 com.apple.frontboard.systemappservices> attempting immediate handshake from activate
2026-07-27 05:10:33.918 Df app[14090:4fec59] [com.apple.FrontBoard:Common] <FBSWorkspaceScenesClient:0x102110c80 com.apple.frontboard.systemappservices> sent handshake
2026-07-27 05:10:33.918 Df app[14090:4fec59] [com.apple.runningboard:general] Added observer for process assertions expiration warning: <_RBSExpirationWarningClient: 0x102184dc0>
2026-07-27 05:10:33.918 Df app[14090:4feced] [com.apple.UIKit:BackgroundTask] Creating new assertion because there is no existing background assertion.
2026-07-27 05:10:33.918 Df app[14090:4feced] [com.apple.UIKit:BackgroundTask] Creating new background assertion
2026-07-27 05:10:33.918 Df app[14090:4feced] [com.apple.UIKit:BackgroundTask] Created new background assertion <BKSProcessAssertion: 0x1022380f0>
2026-07-27 05:10:33.919 Df app[14090:4feced] [com.apple.UIKit:BackgroundTask] Incrementing reference count for background assertion <BKSProcessAssertion: 0x1022380f0>
2026-07-27 05:10:33.919 Df app[14090:4feced] [com.apple.UIKit:BackgroundTask] Created background task <_UIBackgroundTaskInfo: 0x1020c1980>: taskID = 1, taskName = Launch Background Task for Coalescing, creationTime = 150047 (elapsed = 0).
2026-07-27 05:10:33.919 Df app[14090:4feced] [com.apple.FrontBoard:SceneExtension] Realizing settings extension _UIApplicationSceneKeyboardSettings on FBSSceneSettings
2026-07-27 05:10:33.922 Df app[14090:4fec59] [com.apple.UIKit:UIScreen] Evaluated capturing state as 0 on <UIScreen: 0x1021f4500> for initial
2026-07-27 05:10:33.922 Df app[14090:4feced] [com.apple.FrontBoard:SceneExtension] Realizing settings extension <_UISceneOcclusionSettings> on FBSSceneSettings
2026-07-27 05:10:33.923 Df app[14090:4fec59] [com.apple.UIKit:UIScreen] Evaluated capturing state as 0 on <UIScreen: 0x1021f4500> for CADisplay KVO
2026-07-27 05:10:33.924 Df app[14090:4feced] [com.apple.FrontBoard:SceneExtension] Realizing settings extension <_UISceneInterfaceProtectionSettings> on FBSSceneSettings
2026-07-27 05:10:33.925 Df app[14090:4fec59] [com.apple.Accessibility:AXSupportCommon] Read CategoryName: per-app = 1, category name = (null)
2026-07-27 05:10:33.926 Df app[14090:4fec59] [com.apple.Accessibility:AXSupportCommon] Read CategoryName: per-app = 0, category name = UICTContentSizeCategoryL
2026-07-27 05:10:33.926 Df app[14090:4feced] [com.apple.FrontBoard:SceneExtension] Realizing settings extension _UISceneLayoutPreferencesHostSettingsExtension on FBSSceneSettings
2026-07-27 05:10:33.927 Df app[14090:4feced] [com.apple.FrontBoard:SceneExtension] Realizing settings extension _UISceneSafeAreaSettingsExtension on FBSSceneSettings
2026-07-27 05:10:33.928 Df app[14090:4feced] [com.apple.FrontBoard:SceneExtension] Realizing settings extension _UISceneLayoutPreferenceClientSettingsExtension on FBSSceneClientSettings
2026-07-27 05:10:33.929 Df app[14090:4feced] [com.apple.FrontBoard:SceneExtension] Realizing settings extension <_UIHomeAffordanceHostSceneSettings> on FBSSceneSettings
2026-07-27 05:10:33.930 Df app[14090:4feced] [com.apple.FrontBoard:SceneExtension] Realizing settings extension _UISystemShellSceneHostingEnvironmentSettings on FBSSceneSettings
2026-07-27 05:10:33.930 Df app[14090:4feced] [com.apple.FrontBoard:SceneExtension] Realizing settings extension _UISceneRenderingEnvironmentSettings on FBSSceneSettings
2026-07-27 05:10:33.932 Df app[14090:4feced] [com.apple.FrontBoard:SceneExtension] Realizing settings extension <_UISceneRenderingEnvironmentClientSettings> on FBSSceneClientSettings
2026-07-27 05:10:33.932 Df app[14090:4feced] [com.apple.FrontBoard:SceneExtension] Realizing settings extension <_UISceneTransitioningHostSettings> on FBSSceneSettings
2026-07-27 05:10:33.932 Df app[14090:4feced] [com.apple.FrontBoard:SceneExtension] Realizing settings extension <_UISceneFocusSystemSettings> on FBSSceneSettings
2026-07-27 05:10:33.933 Df app[14090:4feced] [com.apple.FrontBoard:SceneExtension] Realizing settings extension _UISceneOrientationSettingsExtension on FBSSceneSettings
2026-07-27 05:10:33.933 Df app[14090:4feced] [com.apple.FrontBoard:SceneExtension] Realizing settings extension _UISceneOrientationClientSettingsExtension on FBSSceneClientSettings
2026-07-27 05:10:33.933 Df app[14090:4feced] [com.apple.FrontBoard:SceneExtension] Realizing settings extension _UISceneWindowingControlClientSettings on FBSSceneClientSettings
2026-07-27 05:10:33.934 Df app[14090:4feced] [com.apple.FrontBoard:SceneExtension] Realizing settings extension <_UISceneHostingContentSizePreferenceClientSettings> on FBSSceneClientSettings
2026-07-27 05:10:33.934 Df app[14090:4feced] [com.apple.FrontBoard:SceneExtension] Realizing settings extension _UISceneHostingTraitCollectionPropagationSettings on FBSSceneSettings
2026-07-27 05:10:33.935 Df app[14090:4feced] [com.apple.FrontBoard:SceneExtension] Realizing settings extension <_UISceneHostingSheetPresentationSettings> on FBSSceneSettings
2026-07-27 05:10:33.936 Df app[14090:4feced] [com.apple.FrontBoard:SceneExtension] Realizing settings extension <_UISceneHostingSheetPresentationClientSettings> on FBSSceneClientSettings
2026-07-27 05:10:33.936 Df app[14090:4feced] [com.apple.FrontBoard:SceneExtension] Realizing settings extension <_UISceneHostingEventDeferringSettings> on FBSSceneSettings
2026-07-27 05:10:33.937 Df app[14090:4feced] [com.apple.FrontBoard:SceneExtension] Realizing settings extension <UIKit__UITypedKeyValueSceneSettings> on FBSSceneSettings
2026-07-27 05:10:33.937 Df app[14090:4feced] [com.apple.FrontBoard:SceneExtension] Realizing settings extension <UIKit__UITypedKeyValueSceneSettings> on FBSSceneClientSettings
2026-07-27 05:10:33.937 Df app[14090:4feced] [com.apple.FrontBoard:SceneExtension] Realizing settings extension <_UISceneHostingViewControllerPreferencePropagationClientSettings> on FBSSceneClientSettings
2026-07-27 05:10:33.937 Df app[14090:4feced] [com.apple.FrontBoard:SceneExtension] Realizing settings extension <_UISceneZoomTransitionSettings> on FBSSceneSettings
2026-07-27 05:10:33.937 Df app[14090:4fecf0] [com.apple.FrontBoard:SceneExtension] Realizing settings extension FBSSceneSettingsCore on FBSSceneSettings
2026-07-27 05:10:33.938 Df app[14090:4fecf0] [com.apple.FrontBoard:SceneExtension] Realizing settings extension FBSSceneClientSettingsCore on FBSSceneClientSettings
2026-07-27 05:10:33.960 Df app[14090:4fecf0] [com.apple.FrontBoard:SceneExtension] UIMutableApplicationSceneSettings setting counterpart class: UIApplicationSceneSettings
2026-07-27 05:10:33.962 Df app[14090:4fecf0] [com.apple.FrontBoard:SceneExtension] UIMutableApplicationSceneClientSettings setting counterpart class: UIApplicationSceneClientSettings
2026-07-27 05:10:33.962 Df app[14090:4fecf0] [com.apple.FrontBoard:SceneExtension] Realizing settings extension FBSSceneTransitionContextCore on FBSSceneTransitionContext
2026-07-27 05:10:34.010 A  app[14090:4feced] (CoreFoundation) Updating Key-Value Observers Of Preferences
2026-07-27 05:10:34.023 Df app[14090:4fec59] [com.apple.dt.xctest:Default] Registering for test daemon availability notify post.
2026-07-27 05:10:34.023 Df app[14090:4fec59] [com.apple.dt.xctest:Default] notify_get_state check indicated test daemon not ready.
2026-07-27 05:10:34.023 Df app[14090:4fec59] [com.apple.dt.xctest:Default] notify_get_state check indicated test daemon not ready.
2026-07-27 05:10:34.023 Df app[14090:4fec59] [com.apple.dt.xctest:Default] notify_get_state check indicated test daemon not ready.
2026-07-27 05:10:34.024 Df app[14090:4fec59] [com.apple.UIKit:UpdateScheduler] Selected display: name=LCD (PurpleMain), id=1
2026-07-27 05:10:34.025 Df app[14090:4fec59] [com.apple.app_launch_measurement:ApplicationLaunch] alm_acquire_pageins_recording_assertion: acquired pageins recording assertion!
2026-07-27 05:10:34.026 Df app[14090:4fec59] [com.apple.UIKit:Application] Deactivation reason added: 5; deactivation reasons: 1024 -> 1056; animating application lifecycle event: 1
2026-07-27 05:10:34.026 Df app[14090:4fec59] [com.apple.UIKit:InterfaceStyle] Not push traits update to screen for new style 1, <UIWindowScene: 0x10231c200> (6E797257-08E7-48F7-A749-DFECC04BF5BA)
2026-07-27 05:10:34.026 Df app[14090:4fec59] [com.apple.UIKit:InterfaceStyle] Should send trait collection or coordinate space update, interface style 1 -> 1, <UIWindowScene: 0x10231c200> (6E797257-08E7-48F7-A749-DFECC04BF5BA)
2026-07-27 05:10:34.027 Df app[14090:4fec59] [com.apple.UIKit:InterfaceStyle] Not push traits update to screen for new style 1, <UIWindowScene: 0x10231c200> (6E797257-08E7-48F7-A749-DFECC04BF5BA)
2026-07-27 05:10:34.027 Df app[14090:4fec59] [com.apple.UIKit:HomeAffordanceObservation] Initializing: <_UIHomeAffordanceSceneNotifier: 0x1022c5500>; with scene: <UIWindowScene: 0x10231c200>
2026-07-27 05:10:34.027 Df app[14090:4fec59] [com.apple.BacklightServices:scenes] 0x102286a00 setDelegate:<0x102286bb0 _UIBacklightEnvironment> hasDelegate:YES for environment:sceneID:com.mediology.sinsin-care-default
2026-07-27 05:10:34.028 Df app[14090:4fec59] [com.apple.UIKit:InterfaceStyle] Not push traits update to screen for new style 1, <UIWindowScene: 0x10231c200> (6E797257-08E7-48F7-A749-DFECC04BF5BA)
2026-07-27 05:10:34.029 Df app[14090:4fec59] [com.apple.UIKit:EventDeferring] [0x1022c5880] Initialized with scene: <UIWindowScene: 0x10231c200>; behavior: <_UIEventDeferringBehavior_iOS: 0x102185a60>; availableForProcess: 1, systemShellManagesKeyboardFocus: 1
2026-07-27 05:10:34.029 Df app[14090:4fec59] [com.apple.BoardServices:XPCErrors] [C:2] Alloc com.apple.backboard.hid-services.xpc
2026-07-27 05:10:34.029 Df app[14090:4fec59] [com.apple.xpc:connection] [0x1021f4dc0] activating connection: mach=false listener=false peer=false name=(anonymous)
2026-07-27 05:10:34.031 Df app[14090:4fecef] [com.apple.BackBoard:EventDelivery] BKSHIDEventObserver - connection activation
2026-07-27 05:10:34.031 Df app[14090:4fec59] [com.apple.BackBoard:EventDelivery] policyStatus:<BKSHIDEventDeliveryPolicyObserver: 0x102085980; process scope; status: target> was:none
2026-07-27 05:10:34.031 Df app[14090:4fec59] [com.apple.UIKit:KeyWindow] Setting default evaluation strategy for UIUserInterfaceIdiomPhone to LastOneWins
2026-07-27 05:10:34.031 Df app[14090:4fec59] [com.apple.UIKit:KeyWindow] Scene target of keyboard event deferring environment did change: 1; scene: UIWindowScene: 0x10231c200; scene identity: com.apple.frontboard.systemappservices/FBSceneManager:sceneID%3Acom.mediology.sinsin-care-default
2026-07-27 05:10:34.031 Df app[14090:4fec59] [com.apple.UIKit:EventDeferring] [0x1022c5880] Scene target of event deferring environments did update: scene: 0x10231c200; current systemShellManagesKeyboardFocus: 1; systemShellManagesKeyboardFocusForScene: 1; eligibleForRecordRemoval: 1;
2026-07-27 05:10:34.031 Df app[14090:4fec59] [com.apple.UIKit:KeyWindow] Scene became target of keyboard event deferring environment: UIWindowScene: 0x10231c200; scene identity: com.apple.frontboard.systemappservices/FBSceneManager:sceneID%3Acom.mediology.sinsin-care-default
2026-07-27 05:10:34.031 Df app[14090:4fec59] [com.apple.UIKit:KeyWindow] Stack[KeyWindow] 0x102287030: Taking no further action for migration from LastOneWins -> SystemShellManaged as there are no scenes
2026-07-27 05:10:34.032 Df app[14090:4fec59] [com.apple.UIKit:KeyWindow] Setting default evaluation strategy for UIUserInterfaceIdiomPhone to SystemShellManaged
2026-07-27 05:10:34.032 Df app[14090:4fec59] [com.apple.UIKit:KeyWindow] Key window needs update: 0; currentKeyWindowScene: 0x0; evaluatedKeyWindowScene: 0x10231c200; currentApplicationKeyWindow: 0x0; evaluatedApplicationKeyWindow: 0x0; reason: UIWindowScene: 0x10231c200: Window scene became target of keyboard environment
2026-07-27 05:10:34.032 Df app[14090:4fec59] [com.apple.UIKit:InterfaceStyle] Not push traits update to screen for new style 1, <UIWindowScene: 0x10231c200> (6E797257-08E7-48F7-A749-DFECC04BF5BA)
2026-07-27 05:10:34.032 Df app[14090:4fec59] [com.apple.UIKit:InterfaceStyle] Not push traits update to screen for new style 1, <UIWindowScene: 0x10231c200> (6E797257-08E7-48F7-A749-DFECC04BF5BA)
2026-07-27 05:10:34.033 Df app[14090:4fec59] [com.apple.UIKit:InterfaceStyle] Not push traits update to screen for new style 1, <UIWindowScene: 0x10231c200> (6E797257-08E7-48F7-A749-DFECC04BF5BA)
2026-07-27 05:10:34.033 F  app[14090:4fec59] [com.apple.runtime-issues:UIKit App Config] `UIScene` lifecycle will soon be required. Failure to adopt will result in an assert in the future.
2026-07-27 05:10:34.033 A  app[14090:4fec59] (libsystem_trace.dylib) Activity for state dumps
2026-07-27 05:10:34.034 Df app[14090:4fec59] [com.apple.UIKit:InterfaceStyle] Not push traits update to screen for new style 1, <UIWindowScene: 0x10231c200> (6E797257-08E7-48F7-A749-DFECC04BF5BA)
2026-07-27 05:10:34.035 Df app[14090:4fec59] [com.apple.UIKit:AppLifecycle] sceneOfRecord: sceneID: sceneID:com.mediology.sinsin-care-default  persistentID: 6E797257-08E7-48F7-A749-DFECC04BF5BA
2026-07-27 05:10:34.036 Df app[14090:4fec59] [com.apple.UIKit:Application] Ignoring already applied deactivation reason: 5; deactivation reasons: 1056
2026-07-27 05:10:34.036 Df app[14090:4fec59] [com.apple.UIKit:Application] Deactivation reason added: 11; deactivation reasons: 1056 -> 3104; animating application lifecycle event: 1
2026-07-27 05:10:34.036 Df app[14090:4fec59] [com.apple.KeyboardArbiter:Client] startConnection
2026-07-27 05:10:34.037 Df app[14090:4fec59] [com.apple.xpc:connection] [0x1021f5680] activating connection: mach=true listener=false peer=false name=com.apple.UIKit.KeyboardManagement.hosted
2026-07-27 05:10:34.083 Df app[14090:4fec59] (UIKitCore) You've implemented -[<UIApplicationDelegate> application:performFetchWithCompletionHandler:], but you still need to add "fetch" to the list of your supported UIBackgroundModes in your Info.plist.
2026-07-27 05:10:34.084 Df app[14090:4fec59] (UIKitCore) You've implemented -[<UIApplicationDelegate> application:didReceiveRemoteNotification:fetchCompletionHandler:], but you still need to add "remote-notification" to the list of your supported UIBackgroundModes in your Info.plist.
2026-07-27 05:10:34.085 Df app[14090:4fec59] (app.debug.dylib) _setUpFeatureFlags called with release level 2
2026-07-27 05:10:34.115 Df app[14090:4fec59] [com.apple.network:] networkd_settings_read_from_file_locked initialized networkd settings by reading plist directly
2026-07-27 05:10:34.115 Df app[14090:4fec59] [com.apple.network:] networkd_settings_read_from_file_locked initialized networkd settings by reading plist directly
2026-07-27 05:10:34.116 Df app[14090:4fec59] [com.apple.CFNetwork:Default] TCP Conn [1:0x102111540] using empty proxy configuration
2026-07-27 05:10:34.117 Df app[14090:4fec59] [com.apple.CFNetwork:Default] Stream client bypassing proxies on TCP Conn [1:0x102111540]
2026-07-27 05:10:34.117 Df app[14090:4fec59] [com.apple.CFNetwork:Default] TCP Conn 0x102111540 started
2026-07-27 05:10:34.118 Df app[14090:4fecef] [com.apple.network:connection] [C1 A2668C52-6B53-4917-AADF-D8726B4DD355 Hostname#06c262a7:8081 tcp, definite, attribution: developer, context: Default Network Context (private), proc: 015000E2-DAB9-340B-9C50-1DE21DB3B06A, delegated upid: 0, no proxy, prohibit fallback, allow socket access] start
2026-07-27 05:10:34.120 Df app[14090:4fecef] [com.apple.network:connection] [C1 Hostname#06c262a7:8081 initial parent-flow ((null))] event: path:start @0.000s
2026-07-27 05:10:34.123 Df app[14090:4fecef] [com.apple.network:connection] [C1 Hostname#06c262a7:8081 waiting parent-flow (satisfied (Path is satisfied), interface: en0[802.11], uses wifi, LQM: unknown)] event: path:satisfied @0.004s, uuid: 386DEBC1-E041-4A11-9459-DD658287B174
2026-07-27 05:10:34.123 Df app[14090:4fec59] [com.apple.CFNetwork:Default] Task <9B33101A-D7A7-4FEA-BEC6-564590286B50>.<1> resuming, timeouts(10.0, 604800.0) qos(0x21) voucher(<OS_voucher: 0x1022381e0>) activity(00000000-0000-0000-0000-000000000000)
2026-07-27 05:10:34.123 A  app[14090:4fec59] (CoreFoundation) Loading Preferences From User Session CFPrefsD
2026-07-27 05:10:34.123 Df app[14090:4fecef] [com.apple.network:connection] [C1 Hostname#06c262a7:8081 in_progress parent-flow (satisfied (Path is satisfied), interface: en0[802.11], uses wifi, LQM: unknown)] event: flow:start_connect @0.005s
2026-07-27 05:10:34.123 Df app[14090:4fecef] [com.apple.network:connection] nw_connection_report_state_with_handler_on_nw_queue [C1] reporting state preparing
2026-07-27 05:10:34.123 Df app[14090:4fecef] [com.apple.network:connection] [C1 Hostname#06c262a7:8081 in_progress parent-flow (satisfied (Path is satisfied), interface: en0[802.11], uses wifi, LQM: unknown)] event: flow:start_child @0.005s
2026-07-27 05:10:34.123 Df app[14090:4fecef] [com.apple.network:connection] [C1.1 Hostname#06c262a7:8081 initial path ((null))] event: path:start @0.005s
2026-07-27 05:10:34.123 Df app[14090:4fecef] [com.apple.network:connection] [C1.1 Hostname#06c262a7:8081 waiting path (satisfied (Path is satisfied), interface: en0[802.11], uses wifi, LQM: unknown)] event: path:satisfied @0.005s, uuid: 386DEBC1-E041-4A11-9459-DD658287B174
2026-07-27 05:10:34.123 Df app[14090:4fecef] [com.apple.network:connection] [C1.1 Hostname#06c262a7:8081 in_progress resolver (satisfied (Path is satisfied), interface: en0[802.11], uses wifi, LQM: unknown)] event: resolver:start_dns @0.005s
2026-07-27 05:10:34.125 Df app[14090:4fecef] [com.apple.network:connection] nw_endpoint_resolver_update [C1.1 Hostname#06c262a7:8081 in_progress resolver (satisfied (Path is satisfied), interface: en0[802.11], uses wifi, LQM: unknown)] Adding endpoint handler for IPv6#22eacc18.8081
2026-07-27 05:10:34.125 Df app[14090:4fecef] [com.apple.network:connection] nw_endpoint_resolver_update [C1.1 Hostname#06c262a7:8081 in_progress resolver (satisfied (Path is satisfied), interface: en0[802.11], uses wifi, LQM: unknown)] Adding endpoint handler for IPv4#b3f93a8a:8081
2026-07-27 05:10:34.125 Df app[14090:4fecef] [com.apple.network:connection] [C1.1 Hostname#06c262a7:8081 in_progress resolver (satisfied (Path is satisfied), interface: en0[802.11], uses wifi, LQM: unknown)] event: resolver:receive_dns @0.007s
2026-07-27 05:10:34.125 Df app[14090:4fecef] [com.apple.network:connection] [C1.1.1 IPv6#22eacc18.8081 initial path ((null))] event: path:start @0.007s
2026-07-27 05:10:34.126 Df app[14090:4fecef] [com.apple.network:connection] [C1.1.1 IPv6#22eacc18.8081 waiting path (satisfied (Path is satisfied), interface: lo0)] event: path:satisfied @0.007s, uuid: E15CDF20-D203-40DE-8DB6-DC28FBB4C862
2026-07-27 05:10:34.130 Df app[14090:4fecef] [com.apple.network:connection] nw_socket_initialize_socket [C1.1.1:1] Not guarding fd 4
2026-07-27 05:10:34.130 Df app[14090:4fecef] [com.apple.network:connection] [C1.1.1 IPv6#22eacc18.8081 in_progress socket-flow (satisfied (Path is satisfied), interface: lo0)] event: flow:start_connect @0.012s
2026-07-27 05:10:34.131 Df app[14090:4fecef] [com.apple.network:connection] nw_socket_handle_socket_event [C1.1.1:1] Socket received CONNRESET event
2026-07-27 05:10:34.131 Df app[14090:4fecef] [com.apple.network:connection] nw_socket_handle_socket_event [C1.1.1:1] Socket received DISCONNECTED event
2026-07-27 05:10:34.131 E  app[14090:4fecef] [com.apple.network:connection] nw_socket_handle_socket_event [C1.1.1:1] Socket SO_ERROR [61: Connection refused]
2026-07-27 05:10:34.131 E  app[14090:4fecef] [com.apple.network:connection] nw_endpoint_flow_failed_with_error [C1.1.1 IPv6#22eacc18.8081 in_progress socket-flow (satisfied (Path is satisfied), interface: lo0)] already failing, returning
2026-07-27 05:10:34.131 Df app[14090:4fecef] [com.apple.network:connection] [C1.1.1 IPv6#22eacc18.8081 failed socket-flow (satisfied (Path is satisfied), interface: lo0)] event: flow:failed_connect @0.013s, error Connection refused
2026-07-27 05:10:34.131 Df app[14090:4fecef] [com.apple.network:connection] [C1.1.2 IPv4#b3f93a8a:8081 initial path ((null))] event: path:start @0.013s
2026-07-27 05:10:34.132 Df app[14090:4fecef] [com.apple.network:connection] [C1.1.2 IPv4#b3f93a8a:8081 waiting path (satisfied (Path is satisfied), interface: lo0)] event: path:satisfied @0.013s, uuid: 28F4ED56-05CE-453B-904E-F862FF782645
2026-07-27 05:10:34.132 Df app[14090:4fecef] [com.apple.network:connection] nw_socket_initialize_socket [C1.1.2:1] Not guarding fd 4
2026-07-27 05:10:34.132 Df app[14090:4fecef] [com.apple.network:connection] [C1.1.2 IPv4#b3f93a8a:8081 in_progress socket-flow (satisfied (Path is satisfied), interface: lo0)] event: flow:start_connect @0.014s
2026-07-27 05:10:34.132 Df app[14090:4fecef] [com.apple.network:connection] nw_socket_handle_socket_event [C1.1.2:1] Socket received CONNRESET event
2026-07-27 05:10:34.132 Df app[14090:4fecef] [com.apple.network:connection] nw_socket_handle_socket_event [C1.1.2:1] Socket received DISCONNECTED event
2026-07-27 05:10:34.132 E  app[14090:4fecef] [com.apple.network:connection] nw_socket_handle_socket_event [C1.1.2:1] Socket SO_ERROR [61: Connection refused]
2026-07-27 05:10:34.132 E  app[14090:4fecef] [com.apple.network:connection] nw_endpoint_flow_failed_with_error [C1.1.2 IPv4#b3f93a8a:8081 in_progress socket-flow (satisfied (Path is satisfied), interface: lo0)] already failing, returning
2026-07-27 05:10:34.132 Df app[14090:4fecef] [com.apple.network:connection] [C1.1.2 IPv4#b3f93a8a:8081 failed socket-flow (satisfied (Path is satisfied), interface: lo0)] event: flow:failed_connect @0.014s, error Connection refused
2026-07-27 05:10:34.132 Df app[14090:4fecef] [com.apple.network:connection] [C1.1 Hostname#06c262a7:8081 in_progress resolver (satisfied (Path is satisfied), interface: en0[802.11], uses wifi, LQM: unknown)] event: resolver:children_stall @0.014s
2026-07-27 05:10:34.133 Df app[14090:4fecef] [com.apple.network:connection] [C1.1 Hostname#06c262a7:8081 failed resolver (satisfied (Path is satisfied), interface: en0[802.11], uses wifi, LQM: unknown)] event: resolver:children_failed @0.014s
2026-07-27 05:10:34.133 E  app[14090:4fecef] [com.apple.network:connection] nw_endpoint_flow_failed_with_error [C1.1.2 IPv4#b3f93a8a:8081 cancelled socket-flow ((null))] already failing, returning
2026-07-27 05:10:34.133 Df app[14090:4fecef] [com.apple.network:connection] [C1 Hostname#06c262a7:8081 failed parent-flow (satisfied (Path is satisfied), interface: en0[802.11], uses wifi, LQM: unknown)] event: flow:child_failed @0.014s
2026-07-27 05:10:34.133 Df app[14090:4fecef] [com.apple.network:connection] nw_connection_report_state_with_handler_on_nw_queue [C1] reporting state failed error Connection refused
2026-07-27 05:10:34.133 Df app[14090:4fecee] [com.apple.CFNetwork:Default] TCP Conn 0x102111540 event 3. err: 61
2026-07-27 05:10:34.133 E  app[14090:4fecee] [com.apple.network:connection] nw_connection_get_connected_socket_block_invoke [C1] Client called nw_connection_get_connected_socket on unconnected nw_connection
2026-07-27 05:10:34.133 Df app[14090:4fecee] [com.apple.CFNetwork:Default] TCP Conn 0x102111540 complete. fd: -1, err: 61
2026-07-27 05:10:34.133 E  app[14090:4fecee] [com.apple.CFNetwork:Default] TCP Conn 0x102111540 Failed : error 0:61 [61]
2026-07-27 05:10:34.133 Df app[14090:4fecf8] [com.apple.CFNetwork:Default] TCP Conn 0x102111540 canceled
2026-07-27 05:10:34.133 Df app[14090:4fecee] [com.apple.network:connection] [C1 A2668C52-6B53-4917-AADF-D8726B4DD355 Hostname#06c262a7:8081 tcp, legacy-socket, definite, attribution: developer] cancel
2026-07-27 05:10:34.133 Df app[14090:4fecee] [com.apple.network:connection] [C1 Hostname#06c262a7:8081 tcp, legacy-socket, definite, attribution: developer] cancelled
2026-07-27 05:10:34.133 Df app[14090:4fecee] [com.apple.network:connection] nw_connection_report_state_with_handler_on_nw_queue [C1] reporting state cancelled error Connection refused
2026-07-27 05:10:34.143 A  app[14090:4fecef] (Security) SecTrustReportNetworkingAnalytics
2026-07-27 05:10:34.143 A  app[14090:4fecee] (libsystem_containermanager.dylib) container_system_group_path_for_identifier
2026-07-27 05:10:34.143 Df app[14090:4fecee] [com.apple.containermanager:xpc] Requesting container lookup; class = 13, identifier = com.apple.nsurlsessiond, group_identifier = systemgroup.com.apple.nsurlstoragedresources, create = 1, temp = 0, euid = 501, uid = 501
2026-07-27 05:10:34.144 A  app[14090:4fecee] (libsystem_containermanager.dylib) container_query_t
2026-07-27 05:10:34.144 Df app[14090:4fecee] [com.apple.containermanager:xpc] Query; euid = 501, uid = 501, class = 13, identifier = [com.apple.nsurlsessiond](1), flags = 900000003
2026-07-27 05:10:34.147 Df app[14090:4fecef] [com.apple.securityd:keychain] System Keychain Always Supported set via feature flag to disabled
2026-07-27 05:10:34.147 Df app[14090:4fecef] [com.apple.xpc:connection] [0x1021f7700] activating connection: mach=true listener=false peer=false name=com.apple.trustd
2026-07-27 05:10:34.149 Df app[14090:4fecef] [com.apple.securityd:SecError] SecTrustReportNetworkingAnalytics failed with error: -4
2026-07-27 05:10:34.150 Df app[14090:4fecee] [com.apple.containermanager:unspecified] _container_query_get_result_at_index: success
2026-07-27 05:10:34.150 A  app[14090:4fecee] (libsystem_containermanager.dylib) container_copy_object
2026-07-27 05:10:34.150 Df app[14090:4fecee] [com.apple.containermanager:unspecified] container_system_group_path_for_identifier: success
2026-07-27 05:10:34.157 Df app[14090:4fecee] [com.apple.CFNetwork:Default] Initializing NSHTTPCookieStorage singleton
2026-07-27 05:10:34.158 Df app[14090:4fecee] [com.apple.CFNetwork:Default] Initializing CFHTTPCookieStorage singleton
2026-07-27 05:10:34.158 Df app[14090:4fecee] [com.apple.CFNetwork:Default] Creating default cookie storage with process/bundle identifier
2026-07-27 05:10:34.158 Df app[14090:4fecee] [com.apple.CFNetwork:Default] Initializing AlternativeServices Storage singleton
2026-07-27 05:10:34.159 Df app[14090:4fecee] [com.apple.FileURL:default] kExcludedFromBackupXattrName set on path: /Users/mediology/Library/Developer/CoreSimulator/Devices/3411C3A9-5525-4E59-99C2-7E39A28749E7/data/Containers/Data/Application/2E8CF7BA-2311-4067-8405-BC93FAFB447C/Library/HTTPStorages/com.mediology.sinsin-care
2026-07-27 05:10:34.163 Df app[14090:4fecf4] [com.apple.CFNetwork:Default] Garbage collection for alternative services
2026-07-27 05:10:34.164 Df app[14090:4fecee] [com.apple.CFNetwork:Default] Connection 2: starting, TC(0x0)
2026-07-27 05:10:34.164 Df app[14090:4fecee] [com.apple.network:connection] [C2 92B08648-147B-4797-A577-EC2A12B2D50B IPv4#41a43436:8087 tcp, url: http://172.30.1.90:8087/, definite, attribution: developer, context: com.apple.CFNetwork.NSURLSession.{89B162BB-0997-42C9-9D01-9DACA94D4BF7}{(null)}{Y}{2}{0x0} (private), proc: 015000E2-DAB9-340B-9C50-1DE21DB3B06A, delegated upid: 0] start
2026-07-27 05:10:34.164 Df app[14090:4fecee] [com.apple.network:connection] [C2 IPv4#41a43436:8087 initial parent-flow ((null))] event: path:start @0.000s
2026-07-27 05:10:34.164 Df app[14090:4fecee] [com.apple.network:connection] [C2 IPv4#41a43436:8087 waiting parent-flow (satisfied (Path is satisfied), interface: lo0)] event: path:satisfied @0.000s, uuid: 18D3C92C-5CF1-457A-B9BF-EA70EEA81AC9
2026-07-27 05:10:34.165 Df app[14090:4fecee] [com.apple.network:connection] [C2 IPv4#41a43436:8087 in_progress socket-flow (satisfied (Path is satisfied), interface: lo0)] event: flow:start_connect @0.001s
2026-07-27 05:10:34.166 Df app[14090:4fecee] [com.apple.network:connection] nw_connection_report_state_with_handler_on_nw_queue [C2] reporting state preparing
2026-07-27 05:10:34.166 Df app[14090:4fecee] [com.apple.CFNetwork:Default] Task <9B33101A-D7A7-4FEA-BEC6-564590286B50>.<1> setting up Connection 2
2026-07-27 05:10:34.166 Df app[14090:4fecee] [com.apple.network:connection] nw_socket_handle_socket_event [C2:2] Socket received CONNECTED event
2026-07-27 05:10:34.166 Df app[14090:4fecee] [com.apple.network:connection] nw_flow_connected [C2 IPv4#41a43436:8087 in_progress socket-flow (satisfied (Path is satisfied), interface: lo0)] Transport protocol connected (socket)
2026-07-27 05:10:34.167 Df app[14090:4fecee] [com.apple.network:connection] [C2 IPv4#41a43436:8087 in_progress socket-flow (satisfied (Path is satisfied), interface: lo0)] event: flow:finish_transport @0.002s
2026-07-27 05:10:34.167 Df app[14090:4fecee] [com.apple.network:connection] nw_flow_connected [C2 IPv4#41a43436:8087 in_progress socket-flow (satisfied (Path is satisfied), interface: lo0)] Output protocol connected (CFNetworkConnection-966803653)
2026-07-27 05:10:34.167 Df app[14090:4fecee] [com.apple.network:connection] [C2 IPv4#41a43436:8087 ready socket-flow (satisfied (Path is satisfied), interface: lo0)] event: flow:finish_connect @0.002s
2026-07-27 05:10:34.167 Df app[14090:4fecee] [com.apple.network:connection] nw_connection_report_state_with_handler_on_nw_queue [C2] reporting state ready
2026-07-27 05:10:34.167 Df app[14090:4fecee] [com.apple.CFNetwork:Default] Connection 2: connected successfully
2026-07-27 05:10:34.167 Df app[14090:4fecee] [com.apple.CFNetwork:Default] Connection 2: ready C(N) E(N)
2026-07-27 05:10:34.167 Df app[14090:4fecee] [com.apple.CFNetwork:Default] Task <9B33101A-D7A7-4FEA-BEC6-564590286B50>.<1> now using Connection 2
2026-07-27 05:10:34.168 Df app[14090:4fecee] [com.apple.CFNetwork:Default] Task <9B33101A-D7A7-4FEA-BEC6-564590286B50>.<1> sent request, body N 0
2026-07-27 05:10:34.177 A  app[14090:4fec59] (CoreFoundation) Updating Key-Value Observers Of Preferences
2026-07-27 05:10:34.263 Df app[14090:4fecee] [com.apple.xpc:connection] [0x105617700] activating connection: mach=true listener=false peer=false name=com.apple.fontservicesd
2026-07-27 05:10:34.270 Df app[14090:4fecf3] [com.apple.CFNetwork:Default] Task <9B33101A-D7A7-4FEA-BEC6-564590286B50>.<1> received response, status 200 content U
2026-07-27 05:10:34.270 Df app[14090:4fecf3] [com.apple.CFNetwork:Default] Task <9B33101A-D7A7-4FEA-BEC6-564590286B50>.<1> response ended
2026-07-27 05:10:34.270 Df app[14090:4fecf3] [com.apple.CFNetwork:Default] Task <9B33101A-D7A7-4FEA-BEC6-564590286B50>.<1> done using Connection 2
2026-07-27 05:10:34.270 Df app[14090:4fecf3] [com.apple.network:connection] [C2] event: client:connection_idle @0.106s
2026-07-27 05:10:34.270 Df app[14090:4fecf3] [com.apple.network:connection] nw_protocol_socket_notify [C2:2] nw_protocol_notification_type_connection_idle is true
2026-07-27 05:10:34.270 Df app[14090:4fecf3] [com.apple.network:connection] [C2] event: client:connection_idle @0.106s
2026-07-27 05:10:34.271 Df app[14090:4fecf3] [com.apple.network:connection] nw_protocol_socket_notify [C2:2] nw_protocol_notification_type_connection_idle is true
2026-07-27 05:10:34.271 Df app[14090:4fecee] [com.apple.CFNetwork:Summary] Task <9B33101A-D7A7-4FEA-BEC6-564590286B50>.<1> summary for task success {transaction_duration_ms=140, response_status=200, connection=2, protocol="http/1.1", domain_lookup_duration_ms=0, connect_duration_ms=1, secure_connection_duration_ms=0, private_relay=false, request_start_ms=36, request_duration_ms=0, response_start_ms=139, response_duration_ms=0, request_bytes=346, request_throughput_kbps=9477, response_bytes=222, response_throughput_kbps=9814, cache_hit=false}
2026-07-27 05:10:34.271 Df app[14090:4fecee] [com.apple.CoreAnalytics:client] No XPC connection in Simulator
2026-07-27 05:10:34.271 Df app[14090:4fecf3] [com.apple.CFNetwork:Default] Task <9B33101A-D7A7-4FEA-BEC6-564590286B50>.<1> finished successfully
2026-07-27 05:10:34.271 Df app[14090:4fecf3] [com.apple.CFNetwork:Default] Task <02E4E9A8-5D59-4BA2-B641-530D17326EDE>.<2> resuming, timeouts(10.0, 604800.0) qos(0x19) voucher(<OS_voucher: 0x1022381e0>) activity(00000000-0000-0000-0000-000000000000)
2026-07-27 05:10:34.272 A  app[14090:4fecf3] (Security) SecTrustReportNetworkingAnalytics
2026-07-27 05:10:34.273 Df app[14090:4fecf0] [com.apple.network:connection] [C2] event: client:connection_idle @0.109s
2026-07-27 05:10:34.273 Df app[14090:4fecf0] [com.apple.network:connection] nw_protocol_socket_notify [C2:2] nw_protocol_notification_type_connection_idle is true
2026-07-27 05:10:34.273 Df app[14090:4fecf0] [com.apple.CFNetwork:Default] Task <02E4E9A8-5D59-4BA2-B641-530D17326EDE>.<2> now using Connection 2
2026-07-27 05:10:34.273 Df app[14090:4fecf0] [com.apple.network:connection] [C2] event: client:connection_reused @0.109s
2026-07-27 05:10:34.273 Df app[14090:4fecf0] [com.apple.network:connection] nw_protocol_socket_notify [C2:2] nw_protocol_notification_type_connection_idle is false
2026-07-27 05:10:34.273 Df app[14090:4fecf3] [com.apple.securityd:SecError] SecTrustReportNetworkingAnalytics failed with error: -4
2026-07-27 05:10:34.274 Df app[14090:4fecf0] [com.apple.CFNetwork:Default] Task <02E4E9A8-5D59-4BA2-B641-530D17326EDE>.<2> sent request, body N 0
2026-07-27 05:10:34.277 Df app[14090:4fec59] [PrototypeTools:domain] Not observing PTDefaults on customer install.
2026-07-27 05:10:34.290 Df app[14090:4fecf3] [com.apple.CFNetwork:Default] Task <02E4E9A8-5D59-4BA2-B641-530D17326EDE>.<2> received response, status 200 content C
2026-07-27 05:10:34.290 Df app[14090:4fecf3] [com.apple.CFNetwork:Default] Task <02E4E9A8-5D59-4BA2-B641-530D17326EDE>.<2> response ended
2026-07-27 05:10:34.290 Df app[14090:4fecf3] [com.apple.CFNetwork:Default] Task <02E4E9A8-5D59-4BA2-B641-530D17326EDE>.<2> done using Connection 2
2026-07-27 05:10:34.290 Df app[14090:4fecf3] [com.apple.network:connection] [C2] event: client:connection_idle @0.126s
2026-07-27 05:10:34.290 Df app[14090:4fecf0] [com.apple.CFNetwork:Summary] Task <02E4E9A8-5D59-4BA2-B641-530D17326EDE>.<2> summary for task success {transaction_duration_ms=18, response_status=200, connection=2, reused=1, reused_after_ms=0, request_start_ms=1, request_duration_ms=0, response_start_ms=17, response_duration_ms=0, request_bytes=345, request_throughput_kbps=17579, response_bytes=5786, response_throughput_kbps=126438, cache_hit=true}
2026-07-27 05:10:34.290 Df app[14090:4fecf3] [com.apple.network:connection] nw_protocol_socket_notify [C2:2] nw_protocol_notification_type_connection_idle is true
2026-07-27 05:10:34.290 Df app[14090:4fecf0] [com.apple.CFNetwork:Default] Task <02E4E9A8-5D59-4BA2-B641-530D17326EDE>.<2> finished successfully
2026-07-27 05:10:34.290 Df app[14090:4fecf3] [com.apple.network:connection] [C2] event: client:connection_idle @0.126s
2026-07-27 05:10:34.291 Df app[14090:4fecf3] [com.apple.network:connection] nw_protocol_socket_notify [C2:2] nw_protocol_notification_type_connection_idle is true
2026-07-27 05:10:34.450 Df app[14090:4fec59] [com.apple.UIKit:Orientation] <UIWindowScene: 0x10231c200> (6E797257-08E7-48F7-A749-DFECC04BF5BA) Scene updated orientation preferences: none -> ( Pu )
2026-07-27 05:10:34.729 Df app[14090:4fecef] [com.apple.xpc:connection] [0x105a33340] activating connection: mach=true listener=false peer=false name=com.apple.IOSurface.Remote
2026-07-27 05:10:34.735 Df app[14090:4fec59] [com.apple.network:browser] -[NWConcrete_nw_browser initWithDescriptor:parameters:] [B1] create with <nw_browse_descriptor bonjour _expo._tcp.<NULL> (txt)>, parameters: generic, attribution: developer, reuse local address, context: Default Network Context (private), proc: 015000E2-DAB9-340B-9C50-1DE21DB3B06A, delegated upid: 0, use awdl
2026-07-27 05:10:34.735 Df app[14090:4fec59] [com.apple.network:browser] nw_browser_start_dns_browser_locked [B1] start: dns browser
2026-07-27 05:10:34.750 Df app[14090:4fec59] [com.apple.network:browser] nw_browser_start_path_browser_locked [B1] path: start browser
2026-07-27 05:10:34.750 Df app[14090:4fec59] [com.apple.network:browser] nw_browser_set_state_locked [B1] state changed: invalid -> ready
2026-07-27 05:10:34.778 Df app[14090:4fec59] [com.apple.UIKit:KeyWindow] Key window API is scene-level: YES
2026-07-27 05:10:34.778 Df app[14090:4fec59] [com.apple.UIKit:KeyWindow] UIWindowScene: 0x10231c200: Window became key in scene: UIWindow: 0x102240400; contextId: 0xA3575BC0: reason: UIWindowScene: 0x10231c200: Window requested to become key in scene: 0x102240400
2026-07-27 05:10:34.778 Df app[14090:4fec59] [com.apple.UIKit:KeyWindow] Key window needs update: 1; currentKeyWindowScene: 0x0; evaluatedKeyWindowScene: 0x10231c200; currentApplicationKeyWindow: 0x0; evaluatedApplicationKeyWindow: 0x102240400; reason: UIWindowScene: 0x10231c200: Window requested to become key in scene: 0x102240400
2026-07-27 05:10:34.778 Df app[14090:4fec59] [com.apple.UIKit:KeyWindow] Window did become application key: UIWindow: 0x102240400; contextId: 0xA3575BC0; scene identity: com.apple.frontboard.systemappservices/FBSceneManager:sceneID%3Acom.mediology.sinsin-care-default
2026-07-27 05:10:34.778 Df app[14090:4fec59] [com.apple.UIKit:EventDeferring] [0x1022c5880] Begin local event deferring requested for token: 0x102087300; environments: 1; reason: UIWindowScene: 0x10231c200: Begin event deferring in keyboardFocus for window: 0x102240400
2026-07-27 05:10:34.779 Df app[14090:4fecef] [com.apple.BackBoard:EventDelivery] BKSHIDEventDeliveryManager - connection activation
2026-07-27 05:10:34.780 Df app[14090:4fecef] [com.apple.BackBoard:EventDelivery] policyStatus:<BKSHIDEventDeliveryPolicyObserver: 0x102085980; token: com.apple.frontboard.systemappservices/FBSceneManager:sceneID%3Acom.mediology.sinsin-care-default; status: ancestor> was:target
2026-07-27 05:10:34.782 Df app[14090:4fec59] [com.apple.UIKit:Application] Deactivation reason removed: 10; deactivation reasons: 3104 -> 2080; animating application lifecycle event: 1
2026-07-27 05:10:34.782 Df app[14090:4fec59] [com.apple.UIKit:Application] Deactivation reason added: 12; deactivation reasons: 2080 -> 6176; animating application lifecycle event: 1
2026-07-27 05:10:34.782 Df app[14090:4fec59] [com.apple.UIKit:Application] Deactivation reason removed: 11; deactivation reasons: 6176 -> 4128; animating application lifecycle event: 1
2026-07-27 05:10:34.782 Df app[14090:4fec59] [com.apple.FrontBoard:SceneExtension] Realizing settings extension <_UISceneIntelligenceSupportSettings> on FBSSceneSettings
2026-07-27 05:10:34.782 Df app[14090:4fecf3] [com.apple.UIIntelligenceSupport:xpc] establishing connection to agent
2026-07-27 05:10:34.783 Df app[14090:4fec59] [com.apple.UIKit:InterfaceStyle] Not push traits update to screen for new style 1, <UIWindowScene: 0x10231c200> (6E797257-08E7-48F7-A749-DFECC04BF5BA)
2026-07-27 05:10:34.783 Df app[14090:4fecf3] [com.apple.xpc:session] [0x105a26ee0] Session created.
2026-07-27 05:10:34.783 Df app[14090:4fecf3] [com.apple.xpc:session] [0x105a26ee0] Session created from connection [0x121059b80]
2026-07-27 05:10:34.783 Df app[14090:4fecf3] [com.apple.xpc:connection] [0x121059b80] activating connection: mach=true listener=false peer=false name=com.apple.uiintelligencesupport.agent
2026-07-27 05:10:34.783 Df app[14090:4fecf3] [com.apple.xpc:session] [0x105a26ee0] Session activated
2026-07-27 05:10:34.826 A  app[14090:4fecf3] (RunningBoardServices) didChangeInheritances
2026-07-27 05:10:34.827 A  app[14090:4fecef] (RunningBoardServices) didChangeInheritances
2026-07-27 05:10:34.828 Df app[14090:4fec59] [com.apple.xpc:connection] [0x121058000] activating connection: mach=true listener=false peer=false name=com.apple.lsd.mapdb
2026-07-27 05:10:34.850 Df app[14090:4fec59] [com.apple.network:activity] Create activity from XPC object <nw_activity 50:1 [2920CA51-9F12-421C-8552-2605C0B9051A] (reporting strategy default)>
2026-07-27 05:10:34.850 Df app[14090:4fec59] [com.apple.network:activity] Create activity from XPC object <nw_activity 50:2 [6F5A7B56-559C-4ED5-970C-19C83A050537] (reporting strategy default)>
2026-07-27 05:10:34.850 Df app[14090:4fec59] [com.apple.network:activity] Set activity <nw_activity 50:1 [2920CA51-9F12-421C-8552-2605C0B9051A] (reporting strategy default)> as the global parent
2026-07-27 05:10:34.850 Df app[14090:4fec59] [com.apple.UIKit:BackgroundTask] Ending background task with UIBackgroundTaskIdentifier: 1
2026-07-27 05:10:34.850 Df app[14090:4fec59] [com.apple.UIKit:BackgroundTask] Ending task with identifier 1 and description: <_UIBackgroundTaskInfo: 0x1020c1980>: taskID = 1, taskName = Launch Background Task for Coalescing, creationTime = 150047 (elapsed = 1), _expireHandler: (null)
2026-07-27 05:10:34.850 Df app[14090:4fec59] [com.apple.UIKit:BackgroundTask] Decrementing reference count for assertion <BKSProcessAssertion: 0x1022380f0> (used by background task with identifier 1: <_UIBackgroundTaskInfo: 0x1020c1980>: taskID = 1, taskName = Launch Background Task for Coalescing, creationTime = 150047 (elapsed = 1))
2026-07-27 05:10:34.850 Df app[14090:4fec59] [com.apple.UIKit:BackgroundTask] Will invalidate assertion: <BKSProcessAssertion: 0x1022380f0> for task identifier: 1
2026-07-27 05:10:34.851 Df app[14090:4fec59] [com.apple.UIKit:EventBus] Event Timing Profile for Touch: not found, path="/System/Library/EventTimingProfiles/Sim.Touch.plist"
2026-07-27 05:10:34.851 Df app[14090:4fec59] [com.apple.UIKit:EventBus] Event Timing Profile for Pencil: not found, path="/System/Library/EventTimingProfiles/Sim.Pencil.plist"
2026-07-27 05:10:34.851 Df app[14090:4fec59] [com.apple.UIKit:UpdateScheduler] Target list changed: <CADisplay:LCD PurpleMain>
2026-07-27 05:10:34.852 Df app[14090:4fec59] [com.apple.UIKit:AppLifecycle] sceneOfRecord: sceneID: sceneID:com.mediology.sinsin-care-default  persistentID: 6E797257-08E7-48F7-A749-DFECC04BF5BA
2026-07-27 05:10:34.852 Df app[14090:4fec59] [com.apple.UIKit:InterfaceStyle] Not push traits update to screen for new style 1, <UIWindowScene: 0x10231c200> (6E797257-08E7-48F7-A749-DFECC04BF5BA)
2026-07-27 05:10:34.934 A  app[14090:4fecef] (RunningBoardServices) didChangeInheritances
2026-07-27 05:10:35.019 Sd app[14090:0] (21AB2359-DEEC-3444-94FE-B7257E43BE34) IOHIDManager State
{
    DispatchQueue = 0;
    RunLoop = 1;
    createOptions = 0;
    isOpen = 0;
    openOptions = 0;
}
2026-07-27 05:10:35.028 Df app[14090:4fec59] [com.apple.CFNetwork:Default] TCP Conn [3:0x1059e9ae0] using empty proxy configuration
2026-07-27 05:10:35.028 Df app[14090:4fec59] [com.apple.CFNetwork:Default] Stream client bypassing proxies on TCP Conn [3:0x1059e9ae0]
2026-07-27 05:10:35.028 Df app[14090:4fec59] [com.apple.CFNetwork:Default] TCP Conn 0x1059e9ae0 started
2026-07-27 05:10:35.029 Df app[14090:4fecf3] [com.apple.network:connection] [C3 96BBDDFE-0D1A-4A5F-BA32-0D732CF8026C IPv4#41a43436:8087 tcp, definite, attribution: developer, context: Default Network Context (private), proc: 015000E2-DAB9-340B-9C50-1DE21DB3B06A, delegated upid: 0, no proxy, prohibit fallback, allow socket access] start
2026-07-27 05:10:35.029 Df app[14090:4fecf3] [com.apple.network:connection] [C3 IPv4#41a43436:8087 initial parent-flow ((null))] event: path:start @0.000s
2026-07-27 05:10:35.029 Df app[14090:4fec59] [com.apple.CFNetwork:Default] TCP Conn [4:0x1059e90e0] using empty proxy configuration
2026-07-27 05:10:35.029 Df app[14090:4fec59] [com.apple.CFNetwork:Default] Stream client bypassing proxies on TCP Conn [4:0x1059e90e0]
2026-07-27 05:10:35.029 Df app[14090:4fec59] [com.apple.CFNetwork:Default] TCP Conn 0x1059e90e0 started
2026-07-27 05:10:35.029 Df app[14090:4fecf3] [com.apple.network:connection] [C3 IPv4#41a43436:8087 waiting parent-flow (satisfied (Path is satisfied), interface: lo0)] event: path:satisfied @0.000s, uuid: 445439C0-89ED-4F02-A4A9-EE3E397DCF5B
2026-07-27 05:10:35.029 Df app[14090:4fecf3] [com.apple.network:connection] nw_socket_initialize_socket [C3:1] Not guarding fd 16
2026-07-27 05:10:35.029 Df app[14090:4fecf3] [com.apple.network:connection] [C3 IPv4#41a43436:8087 in_progress socket-flow (satisfied (Path is satisfied), interface: lo0)] event: flow:start_connect @0.000s
2026-07-27 05:10:35.029 Df app[14090:4fecf3] [com.apple.network:connection] nw_connection_report_state_with_handler_on_nw_queue [C3] reporting state preparing
2026-07-27 05:10:35.030 Df app[14090:4fecf3] [com.apple.network:connection] [C4 5027D937-04A7-45D1-8C9D-0AAA6FFD3E92 IPv4#41a43436:8087 tcp, definite, attribution: developer, context: Default Network Context (private), proc: 015000E2-DAB9-340B-9C50-1DE21DB3B06A, delegated upid: 0, no proxy, prohibit fallback, allow socket access] start
2026-07-27 05:10:35.030 Df app[14090:4fecf3] [com.apple.network:connection] [C4 IPv4#41a43436:8087 initial parent-flow ((null))] event: path:start @0.000s
2026-07-27 05:10:35.030 Df app[14090:4fecf3] [com.apple.network:connection] [C4 IPv4#41a43436:8087 waiting parent-flow (satisfied (Path is satisfied), interface: lo0)] event: path:satisfied @0.000s, uuid: 445439C0-89ED-4F02-A4A9-EE3E397DCF5B
2026-07-27 05:10:35.030 Df app[14090:4fecf3] [com.apple.network:connection] nw_socket_initialize_socket [C4:1] Not guarding fd 17
2026-07-27 05:10:35.030 Df app[14090:4fecf3] [com.apple.network:connection] [C4 IPv4#41a43436:8087 in_progress socket-flow (satisfied (Path is satisfied), interface: lo0)] event: flow:start_connect @0.000s
2026-07-27 05:10:35.030 Df app[14090:4fecf3] [com.apple.network:connection] nw_connection_report_state_with_handler_on_nw_queue [C4] reporting state preparing
2026-07-27 05:10:35.031 Df app[14090:4fecf3] [com.apple.network:connection] nw_socket_handle_socket_event [C3:1] Socket received CONNECTED event
2026-07-27 05:10:35.031 Df app[14090:4fecf3] [com.apple.network:connection] nw_flow_connected [C3 IPv4#41a43436:8087 in_progress socket-flow (satisfied (Path is satisfied), interface: lo0)] Output protocol connected (socket)
2026-07-27 05:10:35.031 Df app[14090:4fecf3] [com.apple.network:connection] [C3 IPv4#41a43436:8087 ready socket-flow (satisfied (Path is satisfied), interface: lo0)] event: flow:finish_connect @0.002s
2026-07-27 05:10:35.031 Df app[14090:4fecf3] [com.apple.network:connection] nw_connection_report_state_with_handler_on_nw_queue [C3] reporting state ready
2026-07-27 05:10:35.031 Df app[14090:4fecf3] [com.apple.network:connection] nw_socket_handle_socket_event [C4:1] Socket received CONNECTED event
2026-07-27 05:10:35.031 Df app[14090:4fecf0] [com.apple.CFNetwork:Default] TCP Conn 0x1059e9ae0 event 1. err: 0
2026-07-27 05:10:35.031 Df app[14090:4fecf0] [com.apple.CFNetwork:Default] TCP Conn 0x1059e9ae0 complete. fd: 18, err: 0
2026-07-27 05:10:35.031 Df app[14090:4fecf3] [com.apple.network:connection] nw_flow_connected [C4 IPv4#41a43436:8087 in_progress socket-flow (satisfied (Path is satisfied), interface: lo0)] Output protocol connected (socket)
2026-07-27 05:10:35.031 Df app[14090:4fecf3] [com.apple.network:connection] [C4 IPv4#41a43436:8087 ready socket-flow (satisfied (Path is satisfied), interface: lo0)] event: flow:finish_connect @0.001s
2026-07-27 05:10:35.031 Df app[14090:4fecf3] [com.apple.network:connection] nw_connection_report_state_with_handler_on_nw_queue [C4] reporting state ready
2026-07-27 05:10:35.031 Df app[14090:4fecf0] [com.apple.CFNetwork:Default] TCP Conn 0x1059e90e0 event 1. err: 0
2026-07-27 05:10:35.031 Df app[14090:4fecf0] [com.apple.CFNetwork:Default] TCP Conn 0x1059e90e0 complete. fd: 21, err: 0
2026-07-27 05:10:35.063 Df app[14090:4fec59] [com.apple.BackBoard:Display] [FBSDisplaySource 1-1] silently connecting raw configuration: <FBSDisplayConfiguration: 0x102178a00; Main; mode: "402x874@3x 60Hz p3 SDR">
2026-07-27 05:10:35.063 Df app[14090:4fec59] [com.apple.Accessibility:AXCommon] Read Per-App on Init: Smart invert = (null)
2026-07-27 05:10:35.065 Df app[14090:4fec59] [com.apple.UIKit:EventDeferring] [0x1022c5880] Scene target of event deferring environments did update: scene: 0x10231c200; current systemShellManagesKeyboardFocus: 1; systemShellManagesKeyboardFocusForScene: 1; eligibleForRecordRemoval: 1;
2026-07-27 05:10:35.065 Df app[14090:4fec59] [com.apple.UIKit:KeyWindow] Scene became target of keyboard event deferring environment: UIWindowScene: 0x10231c200; scene identity: com.apple.frontboard.systemappservices/FBSceneManager:sceneID%3Acom.mediology.sinsin-care-default
2026-07-27 05:10:35.076 A  app[14090:4fecee] (RunningBoardServices) didChangeInheritances
2026-07-27 05:10:35.086 Df app[14090:4fec59] [com.apple.network:browser] nw_browser_cancel_path_browser_locked [B1] path: cancel browse
2026-07-27 05:10:35.086 Df app[14090:4fec59] [com.apple.network:browser] nw_browser_set_state_locked [B1] state changed: ready -> cancelled
2026-07-27 05:10:35.088 Df app[14090:4fec59] [com.apple.FrontBoard:SceneExtension] Realizing settings extension SBUISecureRenderingSettingsExtension on FBSSceneSettings
2026-07-27 05:10:35.090 Df app[14090:4fec59] [com.apple.UIKit:InterfaceStyle] Not push traits update to screen for new style 1, <UIWindowScene: 0x10231c200> (6E797257-08E7-48F7-A749-DFECC04BF5BA)
2026-07-27 05:10:35.090 Df app[14090:4fec59] [com.apple.UIKit:InterfaceStyle] Not push traits update to screen for new style 1, <UIWindowScene: 0x10231c200> (6E797257-08E7-48F7-A749-DFECC04BF5BA)
2026-07-27 05:10:35.091 Df app[14090:4fec59] [com.apple.UIKit:AppLifecycle] sceneOfRecord: sceneID: sceneID:com.mediology.sinsin-care-default  persistentID: 6E797257-08E7-48F7-A749-DFECC04BF5BA
2026-07-27 05:10:35.091 Df app[14090:4fec59] [com.apple.UIKit:Application] Deactivation reason removed: 12; deactivation reasons: 4128 -> 32; animating application lifecycle event: 1
2026-07-27 05:10:35.091 Df app[14090:4fec59] [com.apple.KeyboardArbiter:Client] Send setDeactivating: N (-DeactivationReason:SuspendedEventsOnly)
2026-07-27 05:10:35.091 Df app[14090:4fec59] [com.apple.UIKit:Application] Deactivation reason removed: 5; deactivation reasons: 32 -> 0; animating application lifecycle event: 0
2026-07-27 05:10:35.100 Df app[14090:4fec59] [com.apple.KeyboardArbiter:Client] startConnection
2026-07-27 05:10:35.108 Df app[14090:4fecee] [com.apple.network:connection] [C6 6A464B45-57FC-43E3-A7D2-E24C2B704D00 IPv4#41a43436:8082 tcp, prefer no proxy, attribution: developer] cancel
2026-07-27 05:10:35.109 Df app[14090:4fecee] [com.apple.network:connection] nw_connection_report_state_with_handler_on_nw_queue [C6] not reporting state cancelled
2026-07-27 05:10:35.109 Df app[14090:4fecee] [com.apple.network:connection] [C7 D179328A-ECBB-47D7-9EDA-23CFE13BF96B IPv4#41a43436:8083 tcp, prefer no proxy, attribution: developer] cancel
2026-07-27 05:10:35.109 E  app[14090:4fecff] [com.apple.network:connection] nw_connection_set_state_changed_handler_block_invoke [C7] Cannot set state changed handler after cancel
2026-07-27 05:10:35.109 Df app[14090:4fecee] [com.apple.network:connection] nw_connection_report_state_with_handler_on_nw_queue [C7] not reporting state cancelled
2026-07-27 05:10:35.109 E  app[14090:4fecf3] [com.apple.network:connection] nw_connection_set_state_changed_handler_block_invoke [C6] Cannot set state changed handler after cancel
2026-07-27 05:10:35.109 Df app[14090:4fecee] [com.apple.network:connection] [C5 59438952-F1A8-4289-B14F-C84E25EBDB38 IPv4#41a43436:8081 tcp, prefer no proxy, attribution: developer] cancel
2026-07-27 05:10:35.109 Df app[14090:4fecee] [com.apple.network:connection] nw_connection_report_state_with_handler_on_nw_queue [C5] reporting state cancelled
2026-07-27 05:10:35.109 E  app[14090:4fecf1] [com.apple.network:connection] nw_connection_set_progress_handler_block_invoke [C5] Cannot set progress handler after cancel
2026-07-27 05:10:35.109 E  app[14090:4fecff] [com.apple.network:connection] nw_connection_set_progress_handler_block_invoke [C7] Cannot set progress handler after cancel
2026-07-27 05:10:35.109 Df app[14090:4fec59] [com.apple.KeyboardArbiter:Client] handleKeyboardChange: set currentKeyboard:N (wasKeyboard:N)
2026-07-27 05:10:35.109 E  app[14090:4fecf3] [com.apple.network:connection] nw_connection_set_progress_handler_block_invoke [C6] Cannot set progress handler after cancel
2026-07-27 05:10:35.109 F  app[14090:4fecee] [com.apple.network:connection] __nw_connection_async_on_queue [C5] unable to dispatch block
2026-07-27 05:10:35.109 A  app[14090:4fecee] (libsystem_trace.dylib) Activity for state dumps
2026-07-27 05:10:35.109 Df app[14090:4fecee] [com.apple.network:connection] [C5 59438952-F1A8-4289-B14F-C84E25EBDB38 IPv4#41a43436:8081 tcp, attribution: developer, reuse local address, context: Default Network Context (private), proc: 015000E2-DAB9-340B-9C50-1DE21DB3B06A, delegated upid: 0, use awdl, prefer no proxy] start
2026-07-27 05:10:35.109 E  app[14090:4fecee] [com.apple.network:connection] [C5 172.30.1.90:8081 tcp, prefer no proxy, attribution: developer] cannot start after being torn down, in state cancelled
2026-07-27 05:10:35.109 Df app[14090:4fecee] [com.apple.network:connection] [C7 D179328A-ECBB-47D7-9EDA-23CFE13BF96B IPv4#41a43436:8083 tcp, attribution: developer, reuse local address, context: Default Network Context (private), proc: 015000E2-DAB9-340B-9C50-1DE21DB3B06A, delegated upid: 0, use awdl, prefer no proxy] start
2026-07-27 05:10:35.109 E  app[14090:4fecee] [com.apple.network:connection] [C7 172.30.1.90:8083 tcp, prefer no proxy, attribution: developer] cannot start after being torn down, in state cancelled
2026-07-27 05:10:35.109 Df app[14090:4fecee] [com.apple.network:connection] [C6 6A464B45-57FC-43E3-A7D2-E24C2B704D00 IPv4#41a43436:8082 tcp, attribution: developer, reuse local address, context: Default Network Context (private), proc: 015000E2-DAB9-340B-9C50-1DE21DB3B06A, delegated upid: 0, use awdl, prefer no proxy] start
2026-07-27 05:10:35.109 E  app[14090:4fecee] [com.apple.network:connection] [C6 172.30.1.90:8082 tcp, prefer no proxy, attribution: developer] cannot start after being torn down, in state cancelled
2026-07-27 05:10:35.115 Df app[14090:4fec59] [com.apple.UIKit:KeyboardSceneDelegate] forceReloadInputViews
2026-07-27 05:10:35.116 Df app[14090:4fec59] [com.apple.UIKit:KeyboardSceneDelegate] Reloading input views for key-window scene responder: <(null): 0x0; > force:Y
2026-07-27 05:10:35.127 Df app[14090:4fec59] [com.apple.UIKit:KeyboardArbiterClientLog] isWritingToolsHandlingKeyboardTracking:Y (WT ready:Y, Arbiter ready:Y)
2026-07-27 05:10:35.128 Sd app[14090:0] (21AB2359-DEEC-3444-94FE-B7257E43BE34) IOHIDManager State
{
    DispatchQueue = 0;
    RunLoop = 1;
    createOptions = 0;
    isOpen = 0;
    openOptions = 0;
}
2026-07-27 05:10:35.183 Df app[14090:4fec59] [com.apple.network:activity] <nw_activity 50:1 [2920CA51-9F12-421C-8552-2605C0B9051A] (global parent) (reporting strategy default) complete (reason success)> complete with reason 2 (success), duration 2825ms
2026-07-27 05:10:35.183 Df app[14090:4fec59] [com.apple.network:activity] <nw_activity 50:2 [6F5A7B56-559C-4ED5-970C-19C83A050537] (reporting strategy default) complete (reason success)> complete with reason 2 (success), duration 2825ms
2026-07-27 05:10:35.183 Df app[14090:4fec59] [com.apple.network:activity] Unsetting the global parent activity <nw_activity 50:1 [2920CA51-9F12-421C-8552-2605C0B9051A] (global parent) (reporting strategy default) complete (reason success)>
2026-07-27 05:10:35.183 Df app[14090:4fec59] [com.apple.network:activity] Unset the global parent activity
2026-07-27 05:10:35.183 Df app[14090:4fec59] [com.apple.app_launch_measurement:ApplicationLaunch] alm_release_pageins_recording_assertion: releasing pageins recording assertion
