식품명,에너지kcal,수분g,단백질g,지방 g,회분g,탄수화물g,당류g,"총 
 식이섬유g",칼슘 mg,철 mg,마그네슘 mg,인 mg,칼륨 mg,나트륨 mg,비타민 D ug,총 아미노산 mg,"총 필수
 아미노산 mg"
"귀리, 겉귀리, 도정, 생것",388,11.7,9.88,8.84,1.56,68.03,0.92,7.6,52,5.3,127,361,423,3,0,"8,480","3,285"
"귀리, 겉귀리, 도정, 밥",197,55.5,5.01,4.7,0.72,34.08,0.4,4.9,26,2.6,61,172,195,1,0,"4,325","1,678"
"귀리, 쌀귀리, 도정, 생것",388,11.6,11.14,8.9,1.7,66.66,0.91,8.1,61,4.31,138,409,405,1,0,"10,920","4,736"
"귀리, 쌀귀리, 대양, 도정, 생것",386,11.8,11.51,8.78,1.81,66.1,0.91,7.8,59,4.25,142,439,428,2,0,"11,301","4,981"
"귀리, 쌀귀리, 조양, 도정, 생것",390,11.4,10.78,9.01,1.6,67.23,0.91,8.4,63,4.37,135,379,383,1,0,"10,539","4,491"
"귀리, 쌀귀리, 도정, 밥",218,50.7,6.51,5.36,0.95,36.53,0.42,3.9,34,2.46,78,228,212,1,0,"6,390","2,809"
"귀리, 쌀귀리, 대양, 도정, 밥",215,51.1,6.71,5.13,1.01,36.09,0.43,4,32,2.4,82,248,225,1,0,"6,869","2,957"
"귀리, 쌀귀리, 조양, 도정, 밥",221,50.2,6.31,5.59,0.88,36.98,0.41,3.8,35,2.52,75,209,200,0,0,"5,911","2,661"
"귀리, 오트밀",382,12,13.2,8.2,1.7,64.9,-,18.8,60,5.8,-,381,383,4,-,-,-
"기장, 도정, 생것",360,11.3,11.2,1.9,1,74.6,-,-,15,2.8,-,226,233,6,-,-,-
"기장, 찰기장, 도정, 생것",371,11.3,13.41,3.69,1.57,70,0.61,4.4,19,4.57,151,354,288,4,0,"11,029","4,539"
"기장, 찰기장, 이백찰, 도정, 생것",373,11.2,13.72,4.03,1.59,69.49,0.61,4.4,27,5.81,163,385,366,4,0,"10,497","4,503"
"기장, 찰기장, 한라찰, 도정, 생것",373,11.3,12.8,4.35,1.81,69.78,0.61,4.4,26,5.46,192,436,328,7,0,"9,782","4,192"
"기장, 찰기장, 황실찰, 도정, 생것",368,11.5,15.55,3.62,1.89,67.42,0.61,4.4,23,5.14,160,371,307,7,0,"12,148","5,089"
"기장, 찰기장, 도정, 밥",136,67.5,4.76,1.24,0.48,25.99,0.22,2.1,5,1.39,49,107,83,1,0,"4,043","1,543"
"메밀, 도정, 생것",363,13.1,13.64,3.38,2.04,67.84,0.3,6.3,21,2.78,244,453,444,1,0,"12,685","5,832"
"메밀, 도정, 가루",374,10.5,12.96,3.29,1.89,71.36,0.3,8.5,17,2.92,227,435,432,1,0,"11,830","5,442"
"메밀 국수, 생것",291,28.8,7.59,0.96,1.51,61.14,0,1.9,13,0.59,21,64,116,455,0,"7,232","2,296"
"메밀 국수, 생것, 삶은것",124,70.1,3.54,0.44,0.19,25.73,0,1.7,7,0.28,4,21,7,38,0,"3,313","1,101"
"메밀 국수, 말린것",372,8.3,13.58,1.27,2.44,74.41,2.77,4.6,28,2.54,83,173,198,707,0,"12,792","4,200"
"메밀 국수, 말린것, 삶은것",114,72.4,4.28,0.4,0.27,22.65,0,1.5,12,0.87,21,47,9,35,0,"3,993","1,325"
"메밀 냉면, 말린것",360,12.1,10.74,1.44,2.06,73.66,0,3.2,27,1.36,36,109,176,628,0,"9,822","3,128"
"메밀 냉면, 말린것, 삶은것",141,66.2,4.22,0.59,0.28,28.71,0,1.4,18,0.56,15,40,17,68,0,"3,878","1,240"
메밀묵,54,86.2,1.11,0.41,0.52,11.77,0,1.2,8,0.9,22,37,48,132,0,917,431
"메밀묵, 가루",371,11,8.33,2.04,1.24,77.4,0,4.1,21,1.84,151,289,287,2,0,"7,254","3,344"
"멥쌀, 배아미, 생것",343,14.9,6.5,2,0.7,75.8,0.6,1.3,7,0.9,51,150,150,1,0,-,-
"멥쌀, 백미, 생것",366,13,6.81,1.05,0.4,78.74,0.5,1.9,7,0.24,30,101,88,2,0,"5,132","2,101"
"멥쌀, 백미, 고시히카리, 생것",364,13.9,5.86,1.17,0.26,78.8,0.21,1.4,6,0.3,30,94,75,2,0,"4,471","1,878"
"멥쌀, 백미, 고아미2호, 생것",362,14.4,8.4,2.04,0.83,74.3,1.81,10.9,13,0.71,78,205,170,1,0,"6,564","3,067"
"멥쌀, 백미, 골든퀸3호, 생것",354,15.6,6.07,0.67,0.39,77.23,0.03,0.9,4,0.25,26,91,73,3,0,"5,393","2,455"
"멥쌀, 백미, 금강1호, 생것",369,12.4,6.69,1.1,0.35,79.46,0.82,-,34,0.56,29,106,89,4,0,"4,836","1,911"
"멥쌀, 백미, 남찬, 생것",366,13.3,6.85,1.34,0.35,78.14,0.89,-,7,0.17,21,88,76,4,0,"4,921","1,947"
"멥쌀, 백미, 도담쌀, 생것",360,14.5,6.97,1.14,0.47,76.91,0.31,3.7,7,0.34,38,118,79,1,0,"5,536","2,186"
"멥쌀, 백미, 미품, 생것",361,14.1,7.77,0.81,0.41,76.89,0.18,2.4,6,0.29,29,98,80,4,0,"5,866","2,456"
"멥쌀, 백미, 바로미2, 생것",374,12.2,7.05,2.47,0.93,77.38,1.91,2.6,8,0.53,65,153,171,1,0,"6,813","2,917"
"멥쌀, 백미, 보람찬, 생것",370,12.7,7.16,1.53,0.26,78.36,0.46,-,8,0.15,21,88,76,4,0,"4,727","1,864"
"멥쌀, 백미, 삼광, 생것",367,12.8,6.31,0.9,0.25,79.71,0.16,1.8,7,0.2,22,85,89,1,0,"4,017","1,720"
"멥쌀, 백미, 새일미, 생것",366,13,6.92,1.04,0.45,78.57,0.15,3,5,0.12,25,93,90,0,0,"4,407","1,800"
"멥쌀, 백미, 새추청, 생것",366,12.4,6.1,0.2,0.4,80.9,-,-,4,3.8,-,46,469,8,-,-,-
"멥쌀, 백미, 설갱, 생것",363,13.7,6.71,1.04,0.44,78.14,0.37,0.8,8,0.32,38,112,91,0,0,"5,154","2,210"
"멥쌀, 백미, 수라, 생것",346,17.2,5.7,0.1,0.3,76.7,-,-,6,0.8,-,74,160,17,-,-,-
"멥쌀, 백미, 신동진, 생것",361,14.5,6.06,1.09,0.34,78.01,0.09,2,4,0.07,15,76,72,1,0,"4,587","1,921"
"멥쌀, 백미, 안남미, 장립종, 생것",371,11.9,6.76,0.99,0.29,80.1,0.07,1.4,5,0.29,17,78,69,0,0,"5,087","2,183"
"멥쌀, 백미, 알찬미, 생것",374,11.7,6.02,1.57,0.31,80.36,1.03,-,8,0.27,33,109,97,2,0,"4,103","1,609"
"멥쌀, 백미, 영호진미, 생것",371,12.6,5.72,1.54,0.24,79.87,0.81,-,8,0.25,27,99,92,3,0,"3,468","1,430"
"멥쌀, 백미, 예찬, 생것",363,13.4,6.6,0.75,0.52,78.78,0.76,-,8,0.16,22,81,71,2,0,"4,868","1,895"
"멥쌀, 백미, 오대, 생것",371,11.7,7.38,0.93,0.49,79.46,0.47,1.8,7,0.38,52,145,119,0,0,"5,498","2,346"
"멥쌀, 백미, 운광, 생것",365,13.3,6.2,0.99,0.43,79.1,0.22,-,7,0.21,29,101,86,1,0,"4,222","1,810"
"멥쌀, 백미, 일미벼, 생것",372,11.5,7.7,1,0.5,79.3,-,-,12,1.1,-,95,114,11,-,-,-
"멥쌀, 백미, 일품, 생것",367,12.8,7.06,1.12,0.46,78.52,0.43,1.1,7,0.34,42,125,92,1,0,"5,925","2,667"
"멥쌀, 백미, 추청벼, 생것",360,14.7,6.42,1.03,0.21,77.63,0.17,1.1,5,0.26,20,77,77,1,0,"5,300","2,096"
"멥쌀, 백미, 친들, 생것",364,13.4,6.43,0.77,0.28,79.09,0.79,-,11,0.32,24,86,76,4,0,"4,067","1,538"
"멥쌀, 백미, 큰눈, 생것",375,10.6,6.3,1,0.7,81.4,-,-,3,1.1,-,146,144,19,-,-,-
"멥쌀, 백미, 통일벼, 생것",375,10.3,8.3,0.6,0.6,80.3,-,-,11,1.2,-,112,93,3,-,-,-
"멥쌀, 백미, 팔방미, 생것",366,13.1,8.33,0.94,0.32,77.32,0.1,0.7,6,0.36,36,122,84,0,0,"5,013","2,319"
"멥쌀, 백미, 하이아미, 생것",367,12.7,7.35,1.05,0.47,78.46,0.43,1.8,7,0.3,34,112,88,0,0,"5,952","2,580"
"멥쌀, 백미, 한가루, 생것",373,11.4,7.11,1.05,0.4,80.03,1.42,-,8,0.37,40,120,103,2,0,"3,554","1,467"
"멥쌀, 백미, 한아름4호, 생것",369,12.4,7.13,0.88,0.3,79.3,1.06,-,7,0.22,24,96,91,3,0,"5,112","1,946"
"멥쌀, 백미, 해담쌀, 생것",371,11.7,6.65,0.93,0.51,80.24,1.17,-,7,0.36,38,118,90,3,0,"4,589","1,778"
"멥쌀, 백미, 해들, 생것",365,13.4,7.33,1.34,0.55,77.39,0.38,2.7,7,0.28,41,121,114,0,0,"5,557","2,465"
"멥쌀, 백미, 해품, 생것",362,13.6,8.23,0.56,0.32,77.3,0.09,0.5,7,0.15,21,81,72,4,0,"5,607","2,446"
"멥쌀, 백미, 향미벼, 생것",368,12,7,0.6,0.5,79.9,-,-,5,1,-,72,113,4,-,-,-
"멥쌀, 백미, 호품, 생것",354,15.8,5.91,0.73,0.36,77.21,0.04,0.8,4,0.18,22,88,71,0,0,"5,642","2,376"
"멥쌀, 백미, 히토메보레, 생것",364,12.8,6.5,0.3,0.4,80,-,4.6,7,0.5,-,100,76,3,-,-,-
"멥쌀, 백미, 밭벼, 생것",331,14.9,9.3,0.9,0.4,74.5,-0.3,0.5,5,0.8,23,95,89,1,0,"-9,000","-4,130"
"멥쌀, 백미, 밥",146,65.2,2.65,0.33,0.1,31.71,0.01,0.9,2,0.02,4,25,20,0,0,"1,797",708
"멥쌀, 백미, 고시히카리, 밥",147,65.2,2.56,0.47,0.14,31.62,0,0.9,2,0.1,5,25,19,0,0,"1,885",758
"멥쌀, 백미, 농림나1호, 밥",213,49,2.2,0.1,0.2,48.5,-,-,5,0.4,-,58,77,2,-,-,-
"멥쌀, 백미, 밭벼, 밥",157,60,3.5,0.3,0.1,36.1,-0.1,0.3,3,0.1,7,34,29,1,0,"-3,233","-1,478"
"멥쌀, 백미, 삼광, 밥",146,65.4,2.52,0.33,0.08,31.71,0,0.9,2,0.02,3,22,20,0,0,"1,425",533
"멥쌀, 백미, 새일미, 밥",142,66.3,2.67,0.25,0.12,30.69,0,1,1,0,3,21,17,0,0,"1,812",704
"멥쌀, 백미, 새추청, 밥",153,63.5,2.5,0.1,0.1,33.8,-,-,4,1.4,-,24,178,7,-,-,-
"멥쌀, 백미, 수라, 밥",159,61.8,2.4,-,0.1,35.7,-,-,5,0.3,-,22,126,4,-,-,-
"멥쌀, 백미, 신동진, 밥",147,64.9,2.53,0.28,0.1,32.17,0,0.7,1,0,3,22,16,0,0,"1,705",660
"멥쌀, 백미, 안남미, 장립종, 밥",156,63,3.04,0.41,0.12,33.4,0,0.6,3,0.1,4,26,24,0,0,"2,196",940
"멥쌀, 백미, 오대, 밥",151,64.3,2.85,0.44,0.09,32.28,0.04,0.8,2,0.06,8,33,25,0,0,"2,245",936
"멥쌀, 백미, 일품벼, 밥",156,62.6,2.6,0.1,0.1,34.6,-,-,5,1.1,-,24,74,5,-,-,-
"멥쌀, 백미, 추청벼, 밥",152,64,2.59,0.34,0.09,33,0,0.6,2,0.09,3,22,20,1,0,"1,909",749
"멥쌀, 백미, 죽",53,87.4,0.99,0.15,0.04,11.45,0,0,0,0,1,9,6,0,0,612,210
"멥쌀, 백미, 삼광, 죽",53,87.4,0.89,0.1,0.05,11.51,0,0,1,0,1,8,6,0,0,559,184
"멥쌀, 백미, 새일미, 죽",55,87,1.09,0.17,0.04,11.72,0,0,0,0,1,8,6,0,0,628,212
"멥쌀, 백미, 신동진, 죽",53,87.4,0.96,0.15,0.06,11.42,0,0,1,0,1,8,5,0,0,571,193
"멥쌀, 백미, 오대, 죽",52,87.6,1.02,0.18,0.02,11.16,0,0,0,0,2,11,7,0,0,690,250
"멥쌀, 백미, 미음",19,-95,-0.3,0,0,-4.7,0,(Tr),(Tr),(Tr),-1,-4,-4,(Tr),0,-278.2,-126.8
"멥쌀, 백미, 가루",378,10.2,7.24,1.07,0.48,81.07,0.22,0.6,7,0.22,29,110,91,2,0,"5,528","2,332"
"멥쌀, 쌀눈, 생것",441,8.9,20.27,26.11,7.92,36.81,11.91,24,47,8.9,700,"1,996","1,980",4,0,"19,342","9,229"
"멥쌀, 쌀눈, 찐것",152,68.8,6.96,8.95,2.57,12.74,4.08,8.5,17,3.16,242,675,652,2,0,"6,423","3,149"
"멥쌀, 쌀눈, 볶은것",468,3.1,21.74,27.77,8.42,38.97,12.67,22.2,49,9.31,746,"2,127","2,115",5,0,"20,617","10,193"
"멥쌀, 칠분도미, 생것",348,14.9,6.3,1.5,0.6,76.6,0.3,0.9,6,1.3,45,180,120,1,0,"-6,229","-2,849"
"멥쌀, 칠분도미, 농림나1호, 생것",370,12.4,5.6,1.9,0.9,79.2,-,-,32,-,-,226,298,9,-,-,-
"멥쌀, 칠분도미, 밭벼, 생것",359,14.9,9.5,1.5,0.7,73.4,-0.3,0.9,6,1.3,45,180,120,1,0,"-9,370","-4,270"
"멥쌀, 칠분도미, 밥",160,60,2.6,0.5,0.2,36.7,0.2,0.5,4,0.2,13,44,35,1,0,"-2,449","-1,124"
"멥쌀, 칠분도미, 농림나1호, 밥",205,50.6,2.5,0.2,0.5,46.2,-,-,7,1.4,-,144,131,2,-,-,-
"멥쌀, 칠분도미, 밭벼, 밥",155,60,3.6,0.5,0.2,35.7,-0.2,0.5,4,0.2,13,44,35,1,0,"-3,375","-1,559"
"멥쌀, 칠분도미, 죽",68,-83,-1.1,-0.2,-0.1,-15.6,-0.1,-0.2,-2,-0.1,-6,-19,-15,(Tr),0,"-1,036",-477
"멥쌀, 칠분도미, 미음",20,-95,-0.3,-0.1,0,-4.6,0,(Tr),-1,(Tr),-2,-5,-4,(Tr),0,-283.4,-129.1
"멥쌀, 현미, 생것",357,13.3,7.33,2.23,1.25,75.92,1.18,3.9,14,1.05,123,295,248,3,0,"5,593","2,302"
"멥쌀, 현미, 고아미2호, 생것",359,14.1,9.17,4.11,1.57,71,3.17,15.3,20,1.7,157,352,325,3,0,"5,070","2,636"
"멥쌀, 현미, 골든퀸3호, 생것",357,13.3,6.16,2.01,1.29,77.26,0.5,3.8,9,0.91,109,270,232,1,0,"6,106","2,747"
"멥쌀, 현미, 금강1호, 생것",365,12,7.08,2.72,1.12,77.11,0.57,-,13,0.87,119,291,261,2,0,"4,378","1,852"
"멥쌀, 현미, 남찬, 생것",355,14.1,7.25,2.31,1.1,75.26,0.89,-,13,0.86,114,282,231,5,0,"5,098","2,002"
"멥쌀, 현미, 농림나1호, 생것",371,12.9,5.8,4.8,1.2,75.3,-,-,14,0.8,-,305,275,1,-,-,-
"멥쌀, 현미, 도담쌀, 생것",356,14,7.73,2.85,1.29,74.15,1.26,9.7,14,1.26,125,299,244,2,0,"5,500","2,618"
"멥쌀, 현미, 미품, 생것",348,14.9,8.41,2.07,1.28,73.3,0.83,3.7,11,1.21,132,310,223,5,0,"6,228","2,719"
"멥쌀, 현미, 바로미2, 생것",372,12.2,8.61,5.13,1.55,72.53,4.14,8.2,14,1.15,154,339,346,1,0,"7,385","3,200"
"멥쌀, 현미, 보람찬, 생것",355,13.6,7.42,2.01,1.25,75.74,1.07,-,14,1.01,120,307,249,5,0,"4,214","1,745"
"멥쌀, 현미, 삼광, 생것",358,12.9,6.88,2,1.29,76.98,0.92,3,14,0.93,125,303,281,2,0,"4,550","1,870"
"멥쌀, 현미, 새일미, 생것",357,13,7.6,2.12,1.3,76,1,3.8,10,0.93,124,306,272,1,0,"4,942","2,106"
"멥쌀, 현미, 설갱, 생것",356,13.5,7.53,2.34,1.28,75.36,1.3,4.7,15,1.21,136,306,265,2,0,"6,082","2,676"
"멥쌀, 현미, 신동진, 생것",350,15,6.69,1.98,1.06,75.24,0.76,3.9,10,0.86,114,292,251,1,0,"4,833","2,037"
"멥쌀, 현미, 알찬미, 생것",365,11.5,6.91,2.34,1.15,78.09,1.41,-,12,0.86,102,241,218,5,0,"3,981","1,656"
"멥쌀, 현미, 영호진미, 생것",363,12.4,6.21,2.32,0.98,78.1,1.28,-,11,0.75,88,216,194,4,0,"4,342","1,727"
"멥쌀, 현미, 예찬, 생것",356,13.8,7.23,2.47,1.29,75.25,1.81,-,34,1.29,118,281,230,6,0,"4,186","1,675"
"멥쌀, 현미, 오대, 생것",363,11.7,8.07,2.31,1.36,76.53,1.27,5.1,13,1.26,154,352,308,0,0,"6,147","2,727"
"멥쌀, 현미, 운광, 생것",355,13.9,6.52,2.28,1.36,75.94,1.12,3.7,12,0.98,119,305,271,1,0,"4,469","1,948"
"멥쌀, 현미, 일미벼, 생것",354,12.5,9,1,1.3,76.2,-,-,10,1.7,-,248,289,12,-,-,-
"멥쌀, 현미, 일품, 생것",357,13.1,7,2.18,1.32,76.37,1.13,4.1,12,1.04,125,289,228,2,0,"6,290","2,766"
"멥쌀, 현미, 추청벼, 생것",362,12.7,6.4,2.7,1.3,76.9,-,-,12,1.1,-,92,263,14,-,-,-
"멥쌀, 현미, 친들, 생것",353,13.9,6.97,1.98,1.32,75.8,1.57,-,15,1.02,115,276,225,8,0,"4,670","1,774"
"멥쌀, 현미, 큰눈, 생것",371,10.5,7.3,3,1.3,77.9,-,-,3,1.5,-,278,295,23,-,-,-
"멥쌀, 현미, 통일벼, 생것",362,11.1,8.9,1.6,1.2,77.2,-,-,2,3.5,-,232,203,2,-,-,-
"멥쌀, 현미, 팔방미, 생것",358,13.2,9.12,2.65,1.29,73.74,0.47,2.6,11,1.3,143,328,236,1,0,"7,134","3,218"
"멥쌀, 현미, 하이아미, 생것",360,13.2,7.41,2.6,1.1,75.73,1.15,3.6,13,1.17,121,288,239,1,0,"6,345","2,717"
"멥쌀, 현미, 한가루, 생것",361,12.5,7.92,2.2,1.02,76.38,2.15,-,12,1.19,121,278,234,3,0,"6,049","2,343"
"멥쌀, 현미, 한아름4호, 생것",363,11.9,7.56,2.2,1.08,77.23,1.53,-,12,0.87,107,274,265,6,0,"4,738","1,881"
"멥쌀, 현미, 해담쌀, 생것",366,11.3,7.42,2.44,1.23,77.58,1.68,-,12,1.19,137,321,254,4,0,"5,162","2,056"
"멥쌀, 현미, 해들, 생것",356,13.1,8.06,2.34,1.48,74.99,1.24,4.5,13,1.21,145,339,297,2,0,"6,233","2,818"
"멥쌀, 현미, 해품, 생것",349,14.5,8.71,1.88,1.37,73.53,0.86,4,13,1.24,133,314,252,8,0,"6,356","2,738"
"멥쌀, 현미, 호품, 생것",343,16.8,6.3,1.94,1.07,73.94,0.33,3.5,10,0.82,100,275,224,1,0,"6,154","2,779"
"멥쌀, 현미, 발아현미, 생것",384,7.5,7.22,2.88,1.25,81.18,0.76,4.1,16,1.05,135,342,301,2,0,"7,056","2,977"
"멥쌀, 현미, 적진주, 생것",360,12.5,7.47,2.48,1.54,76.01,1.81,5.7,15,1.06,127,310,281,2,0,"5,841","2,560"
"멥쌀, 현미, 흑미, 생것",357,13.3,7.7,2.21,1.27,75.56,0.94,7.3,17,0.91,125,309,284,2,0,"5,614","2,570"
"멥쌀, 현미, 흑진미, 생것",357,13,7.82,2.11,1.25,75.82,1.22,7.1,14,0.96,136,318,261,0,0,"5,986","2,603"
"멥쌀, 현미, 흑진주벼, 생것",369,10.3,7.9,2.6,1.5,77.7,-,7.4,23,2.5,-,373,351,2,-,-,-
"멥쌀, 현미, 밥",166,59.6,3.47,0.96,0.62,35.34,0.4,2.2,5,0.44,60,142,122,0,0,"2,370",944
"멥쌀, 현미, 농림나1호, 밥",201,50.2,2.8,0.2,0.7,46.1,-,-,8,0.2,-,166,118,2,-,-,-
"멥쌀, 현미, 밭벼, 밥",156,60,4.1,1,0.6,34.3,-1.1,1.4,7,0.6,49,130,95,1,0,"-4,023","-1,868"
"멥쌀, 현미, 삼광, 밥",165,59.9,3.5,1.15,0.61,34.83,0.38,-,5,0.44,58,140,121,1,0,"2,234",850
"멥쌀, 현미, 새일미, 밥",172,58.1,3.43,1.08,0.69,36.67,0.41,1.7,7,0.4,59,141,124,0,0,"2,339",929
"멥쌀, 현미, 신동진, 밥",160,61.1,3.15,0.76,0.44,34.57,0.26,2.6,5,0.39,52,130,107,0,0,"2,363",958
"멥쌀, 현미, 오대, 밥",166,59.3,3.81,0.87,0.73,35.29,0.53,2.3,5,0.52,70,159,136,0,0,"2,546","1,038"
"멥쌀, 현미, 발아현미, 밥",178,57,4.05,1.38,0.54,37.02,0.38,2,8,0.44,58,146,130,0,0,"3,517","1,519"
"멥쌀, 현미, 흑진미, 밥",174,57.6,3.98,1.01,0.63,36.83,0.5,4.7,7,0.45,67,153,120,0,0,"3,080","1,253"
"멥쌀, 현미, 죽",64,-83,-1.2,-0.4,-0.2,-15.2,-0.4,-0.6,-3,-0.2,-21,-55,-41,-1,0,"-1,170",-543
"멥쌀, 현미, 미음",19,-95,-0.4,-0.1,-0.1,-4.4,-0.1,-0.2,-1,-0.1,-6,-16,-12,(Tr),0,-390.7,-181.4
"멥쌀밥, 쪄서 말린것",373,10.9,5.2,0.1,0.1,83.7,-,-,44,1.4,-,65,19,29,-,-,-
누룽지,414,1.7,8,1.1,0.37,88.8,0.11,2.3,11,0.19,14,82,70,2,0,"6,723","3,108"
"누룽지, 끓인것",53,87.5,1.03,0.27,0.09,11.06,0,0.3,2,0.04,2,10,8,0,0,796,369
"누룽지, 끓인것, 밥알",115,72.8,2.21,0.4,0.09,24.55,0,0.5,3,0.11,2,19,8,1,0,"1,953",909
"누룽지, 끓인것, 국물",3,99.3,0.02,0.1,0.03,0.53,0,0,0,0.01,0,2,6,0,0,51,21
"즉석밥, 누룽지",415,1.1,6.64,0.84,0.44,90.96,0.24,2.3,12,0.19,14,86,92,70,0,"6,514","2,817"
"즉석밥, 누룽지, 끓는물 부음",69,83.4,1.32,0.1,0.12,15.08,0.04,0.6,4,0.08,2,12,13,13,0,"1,029",470
"즉석밥, 백미",152,63.9,2.11,0.28,0.12,33.59,1.04,1.2,5,0.07,3,21,18,1,0,"2,242","1,004"
"즉석밥, 잡곡밥(멥쌀, 찹쌀, 흑미, 팥, 기장, 찰수수)",150,62.5,2.83,0.38,0.53,33.76,0.03,0.7,9,0.24,9,39,41,159,0,"2,717","1,291"
"멥쌀 과자, 떡, 팽화",404,4.2,7.22,1.01,0.31,87.29,0.1,0.8,9,0.1,19,90,57,2,0,"6,861","3,063"
"멥쌀 과자, 쌀엿강정, 팽화",395,3.5,4.11,2.13,0.3,89.95,29.97,0.8,8,0.18,13,55,63,4,0,"3,786","1,723"
"멥쌀 과자, 단맛",467,1.3,6.73,15.07,0.87,75.99,10,0.8,12,0.11,6,56,27,340,0,"4,838","2,130"
"멥쌀 과자, 짠맛",471,0.8,5.01,15.97,1.32,76.93,8.64,0.8,13,0.18,9,67,45,542,0,"5,055","2,264"
"멥쌀 과자, 튀밥, 팽화",404,4.4,7.32,1.23,0.37,86.73,0.18,0.8,5,0.07,23,103,86,0,0,"6,763","2,990"
"멥쌀 국수, 말린것",380,9.3,7.2,0.72,0.43,82.36,0,0.9,19,0.72,12,158,31,87,0,"6,129","2,776"
"멥쌀 국수, 말린것, 삶은것",132,68.6,2.59,0.29,0.15,28.37,0,0.5,5,0.17,4,24,5,23,0,"2,140",970
"멥쌀떡, 가래떡",213,46.4,3.71,0.37,0.72,48.8,0.09,0.7,10,0.14,11,36,29,261,0,"3,267","1,445"
"멥쌀떡, 가래떡, 현미",222,45.4,4.88,1.42,0.79,47.54,0.25,2.7,13,0.56,64,172,116,225,0,"4,118","1,946"
"멥쌀떡, 가래떡, 흑미",217,46.3,4.53,1.09,0.71,47.4,0.09,1.9,8,0.17,21,78,61,329,0,"3,705","1,749"
"멥쌀떡, 개피떡(바람떡)",206,48.7,5.32,0.81,0.92,44.3,7.62,0.7,14,0.29,20,53,66,286,0,"3,778","1,695"
"멥쌀떡, 꿀떡",210,48.5,3.09,1.46,0.81,46.14,7.39,1.6,25,0.38,14,36,18,248,0,"2,800","1,295"
"멥쌀떡, 무지개떡",229,42.4,3.5,0.3,0.8,53,-,0.2,10,1.4,-,41,32,277,-,-,-
"멥쌀떡, 백설기",245,41.4,3.99,0.52,0.64,53.45,9.61,0.5,6,0,12,37,31,212,0,"2,995","1,350"
"멥쌀떡, 백설기, 검정콩",229,43.6,5.75,1.46,0.88,48.31,2.07,2.5,19,0.63,23,76,116,223,0,"5,334","2,329"
"멥쌀떡, 송편, 검정콩",214,49.1,8.21,3.06,1.14,38.49,1.96,3.1,24,0.97,38,112,225,246,0,"6,920","3,245"
"멥쌀떡, 송편, 깨",223,46.3,5.74,2.53,1.01,44.37,6.97,1.2,25,0.54,26,80,147,232,0,"5,450","2,393"
"멥쌀떡, 송편, 밤",177,55.8,3.56,0.79,0.89,38.95,2.67,3.5,2,0.19,23,44,156,212,0,"3,039","1,380"
"멥쌀떡, 송편, 팥",200,49.5,5.4,0.4,1.1,43.6,-,-,5,0.5,-,62,108,466,-,-,-
"멥쌀떡, 모싯잎송편, 동부",190,52.2,5.65,0.66,1.22,40.29,3.18,4,88,0.99,37,96,142,262,0,"5,194","2,387"
"멥쌀떡, 모싯잎송편, 동부(국내산)",190,52.2,5.28,0.65,1.23,40.68,1.59,4.2,91,0.88,36,91,139,282,0,"4,950","2,262"
"멥쌀떡, 모싯잎송편, 동부(수입산)",190,52.2,6.03,0.67,1.21,39.9,3.18,3.9,85,1.1,37,100,145,242,0,"5,437","2,511"
"멥쌀떡, 시루떡, 팥",183,53.7,5.83,0.41,1.12,38.9,6.18,1.3,18,0.88,28,85,195,233,0,"5,277","2,365"
"멥쌀떡, 절편",214,46.5,3.69,0.48,0.66,48.68,0.1,0.7,10,0.17,10,38,25,247,0,"3,330","1,430"
"멥쌀떡, 절편, 쑥",208,48.1,4.51,0.73,0.9,45.73,0.06,1.4,21,0.3,15,49,46,291,0,"3,777","1,631"
"멥쌀떡, 증편",195,51,3.02,0.43,0.91,44.66,8.74,0.8,9,0.05,13,32,25,265,0,"2,443","1,130"
"미숫가루, 혼합곡물",412,1.8,14.36,5.3,1.82,76.69,1.16,12.8,61,4.04,131,343,552,5,0,"12,512","5,340"
"밀, 도정, 생것",333,10.6,10.6,1,2,75.8,-,-,52,4.7,-,254,538,17,-,-,-
"밀, 금강, 도정, 생것",329,13.3,13.06,1.28,0.66,71.7,0,3.3,14,2.36,38,155,143,1,0,"12,131","3,930"
"밀, 신미찰, 도정, 생것",334,11.5,11.3,1.6,1.4,74.2,-,-,24,5.9,-,296,319,6,-,-,-
"밀, 흑밀, 도정, 생것",328,12.1,12.9,0.9,1.7,72.5,-,-,37,5,-,336,368,6,-,-,-
"밀, 통밀, 생것",342,9.2,13.2,1.5,1.5,74.6,-,16,24,5.2,-,290,780,-,-,-,-
"밀, 호라산, 생것",334,11.6,13.74,1.91,1.59,71.16,4.37,11.9,24,3.32,142,376,417,3,0,"13,625","5,659"
"밀, 강력밀가루",334,12,13.59,1.11,0.41,72.89,0,2.5,17,0.64,29,104,95,1,0,"12,419","3,915"
"밀, 도넛가루",410,6.5,7.98,5.75,1.82,77.98,19.53,0.8,79,0.5,18,276,156,558,0,"6,784","2,390"
"밀, 박력밀가루",374,11.8,9.15,0.94,0.38,77.73,0,2.1,18,0.51,19,83,116,1,0,"8,398","2,770"
"밀, 부침가루",368,11.5,9.8,0.98,2.2,75.52,3.49,2.5,32,0.58,24,154,140,786,0,"8,895","2,848"
"밀, 빵가루",392,7.8,11.95,2.05,1.16,77.04,4.74,4.2,21,0.77,30,105,134,306,0,"10,854","3,527"
"밀, 중력밀가루",375,11.6,10.34,1.01,0.41,76.64,0,2.7,17,0.73,25,86,115,1,0,"9,483","3,047"
"밀, 통밀가루",347,8.9,13.73,2.2,1.37,73.77,1.23,10.5,33,5.12,111,355,299,5,0,"11,630","3,632"
"밀, 튀김가루",367,10.7,7.22,0.8,2.87,78.41,0,2.2,72,0.89,18,330,137,876,0,"7,063","2,393"
"밀, 팬케이크가루",384,6.3,7.75,3.79,2.53,79.63,29.14,2,162,0.27,13,377,158,827,0,"7,605","2,558"
밀떡,227,46.5,5.49,1.11,0.76,46.15,3.11,1.3,11,0.35,13,47,92,260,0,"5,171","1,720"
"과자, 건빵",419,4.2,9.92,8.67,1.84,75.37,16.84,6.9,23,1.55,42,144,177,457,0,"9,512","3,005"
"과자, 마늘바게트",480,3.3,9.36,20.17,1.85,65.3,18.94,1,18,1.56,28,105,143,633,0,"8,816","2,935"
"과자, 마카로니",457,1.6,11.5,13.96,1.66,71.28,0.93,5.1,24,1.81,43,127,160,497,0,"11,363","3,853"
"과자, 만주, 밤",330,19.6,6.35,2.39,0.8,70.86,42.45,4.5,43,1.48,24,133,78,158,0,"6,042","2,375"
"과자, 모나카",346,13.3,3.35,0.29,0.44,82.62,36.58,2.4,21,1.29,16,47,89,64,0,"2,921","1,282"
"과자, 바닐라 웨하스",512,1.8,5.89,24.62,0.98,66.68,25.55,2.3,103,0.5,24,155,247,148,0,"5,849","2,370"
"과자, 비스킷, 소프트",489,7.7,5.7,24.93,1.33,60.34,23.46,2.1,184,3.27,17,113,107,227,0,"5,310","1,999"
"과자, 비스킷, 하드",534,0.7,6.68,28.58,1.41,62.63,9.21,2.1,42,6.99,18,92,111,481,0,"6,203","2,021"
"과자, 뻥튀기, 원반 모양, 팽화",383,4.9,11.06,1.07,0.68,82.29,1.74,2,21,0.81,27,76,135,112,0,"11,120","3,570"
"과자, 사과파이",471,7.8,5.5,21,0.72,64.98,22.83,1.9,11,0.41,16,58,60,207,0,"5,043","1,609"
"과자, 스낵, 밀쌀",447,0.6,9.34,10.71,0.96,78.38,28.76,5.6,21,1.97,82,218,194,147,1.91,"7,849","2,374"
"과자, 스낵, 새우",494,2.9,6.04,22.77,1.97,66.32,4,2.5,137,1.14,22,84,91,577,0,"5,525","1,879"
"과자, 스낵, 옥수수",520,1.1,5.25,26.27,1.65,65.73,2.01,1.1,163,1.01,29,41,81,420,0,"5,167","2,041"
"과자, 약과",418,13,5.2,14.3,0.45,67.03,10.51,1.2,13,0.86,25,73,109,92,0,"4,886","1,670"
"과자, 전병, 김",410,0.9,7.48,3.8,1.41,86.45,37.87,1.5,34,3.78,45,100,209,313,0,"7,106","2,234"
"과자, 전병, 땅콩",407,1.3,7.72,2.91,0.7,87.43,41.23,1.6,39,4.91,48,95,204,299,0,"6,869","2,685"
"과자, 초코볼",501,1.5,4.3,22.5,1.5,70.2,-,-,119,2,-,119,258,54,-,-,-
"과자, 초코파이",460,11.6,5.63,22.26,1.14,59.37,32.67,2,91,2.21,33,108,221,205,0,"4,145","1,514"
"과자, 쿠키, 땅콩버터",493,1.6,8.36,20.87,1.2,67.97,22.42,2.4,17,0.84,35,112,145,346,0,"8,229","2,783"
"과자, 쿠키, 버터",512,1.8,6.37,24.52,0.84,66.47,16.45,1.4,28,0.84,14,87,91,226,0,"6,032","2,169"
"과자, 쿠키, 초코칩",494,1,5.92,20.55,1.15,71.38,23.18,3,39,1.59,31,110,196,312,0,"5,342","1,892"
"과자, 쿠키, 통밀",471,1.9,6.48,17.17,1.72,72.73,16.62,17.1,17,0.64,21,83,123,652,0,"5,330","2,706"
"과자, 크래커",444,3.1,10.4,12.76,1.96,71.8,1.19,2.1,29,0.68,30,86,136,700,0,"9,599","3,309"
"과자, 크래커, 땅콩샌드",524,0.9,7.66,26.24,0.97,64.23,14.64,2.1,35,0.76,38,128,191,195,0,"6,921","2,528"
"과자, 크래커, 채소",506,0.4,7.38,22.62,1.34,68.26,12.12,1.8,65,0.76,18,142,121,394,0,"6,597","2,066"
"과자, 크래커, 치즈샌드",497,1.7,6.08,22.23,1.75,68.24,14.69,1.9,53,0.66,15,113,128,539,0,"5,580","1,815"
"국수, 생것",291,30.5,7.25,0.87,1.29,60.09,7.39,1.8,13,0.4,12,49,93,395,0,"6,944","2,178"
"국수, 말린것",368,10.4,10.38,1.24,3.61,74.41,2.57,2.2,19,0.78,25,92,138,"1,279",0,"9,767","3,108"
"국수, 말린것, 삶은것",123,71,3.55,0.44,0.28,24.7,0,0.7,7,0.27,5,25,7,78,0,"3,275","1,050"
"국수, 소면, 말린것",370,10,10.36,1.27,3.51,74.88,2.58,1.9,19,0.82,25,96,125,"1,274",0,"9,684","3,074"
"국수, 소면, 말린것, 삶은것",126,70.4,3.55,0.48,0.26,25.36,0,0.6,7,0.28,6,26,5,68,0,"3,317","1,056"
"국수, 중면, 말린것",366,10.7,10.4,1.21,3.71,73.94,2.56,2.4,18,0.75,24,88,150,"1,284",0,"9,851","3,142"
"국수, 중면, 말린것, 삶은것",120,71.7,3.55,0.4,0.3,24.04,0,0.8,8,0.26,4,24,8,88,0,"3,233","1,044"
"라면, 말린것",432,7.1,8.07,13.56,1.79,69.52,1.1,3.8,212,0.45,18,89,181,327,0,"7,019","2,149"
"라면, 말린것, 삶은것",182,60.2,3.7,4.91,0.5,30.66,0.31,-,95,0.32,8,37,37,79,0,"3,296","1,014"
"라면, 용기라면, 말린것",453,7.4,7.44,18.04,1.89,65.27,0.53,1.9,224,0.46,17,78,221,493,0,"6,457","1,867"
"라면, 용기라면, 말린것, 삶은것",187,61.6,3.27,7.18,0.57,27.4,0.06,-,93,0.09,6,31,52,127,0,"2,687",753
"마카로니, 말린것",380,10.7,12.98,1.53,0.71,74.13,2.05,2.7,24,1.8,42,167,195,7,0,"12,628","4,181"
"마카로니, 말린것, 삶은것",159,62.7,5.5,0.62,0.3,30.86,0.67,1.7,13,0.55,17,70,38,4,0,"5,266","1,743"
"수제비면, 감자, 생것",270,35.7,6.49,0.82,1.06,55.98,2.68,2,14,0.42,15,51,98,360,0,"5,969","1,911"
"수제비면, 감자, 생것, 삶은것",186,56.1,4.83,0.56,0.44,38.12,1.33,1.3,9,0.3,8,33,34,145,0,"4,455","1,418"
"스파게티면, 말린것",380,10.6,12.64,1.47,0.74,74.52,2.05,2.7,24,1.31,46,167,234,6,0,"12,628","4,181"
"스파게티면, 말린것, 삶은것",197,53.8,8.13,0.88,0.34,36.83,1.18,1.6,12,0.56,21,79,87,2,0,"6,262","2,119"
"에그누들, 말린것",387,7.6,13.78,2,2.7,73.97,1.63,1.9,25,1.11,34,138,508,657,0,"12,520","4,289"
"에그누들, 말린것, 삶은것",116,73.3,4.29,1.02,0.3,21.1,0.14,0.5,11,0.38,10,34,30,54,0,"3,901","1,332"
"우동면, 생것",152,64.8,3.15,1.25,0.28,30.47,0.34,1.8,9,0.17,3,20,16,142,0,"2,848",922
"우동면, 생것, 삶은것",131,69.1,2.85,0.46,0.27,27.3,0.27,1.6,8,0.14,3,16,8,78,0,"2,603",849
"중식면, 생것",293,29.4,7.36,1.06,2.13,60.03,1.3,0.8,15,0.3,14,51,255,746,0,"6,458","2,008"
"중식면, 생것, 삶은것",155,63.1,4.09,0.53,0.67,31.61,0.57,0.4,8,0.17,6,27,70,255,0,"3,189","1,067"
"쫄면, 말린것",348,14.2,9.16,1.08,4.27,71.29,4.5,1.7,19,0.57,22,73,123,"1,697",0,"8,661","2,931"
"칼국수면, 생것",303,27.8,7.25,0.87,1.06,63.02,1.56,1.7,15,0.41,14,50,93,327,0,"6,913","2,199"
"칼국수면, 생것, 삶은것",140,66.9,3.49,0.43,0.2,28.96,0.71,0.9,6,0.13,4,17,11,47,0,"3,326","1,064"
"칼국수면, 말린것",364,11.3,10.47,1.03,3.38,73.81,2.13,2.1,20,0.63,23,78,157,"1,338",0,"9,940","3,117"
"칼국수면, 말린것, 삶은것",120,71.8,3.59,0.41,0.2,23.99,0.28,0.7,6,0.25,4,21,6,59,0,"3,160",991
"빵, 건포도빵",263,35.7,8.2,3.5,1.5,51.1,-,2.2,32,0.9,23,86,210,400,Tr,"-8,636","-2,836"
"빵, 곰보빵",415,13.2,9.5,14.54,1.32,61.44,17.01,4.1,35,0.71,37,155,175,307,0,"8,439","3,155"
"빵, 꽈배기",320,36,6.17,13.8,1.19,42.78,8.48,1.7,12,0.53,19,97,55,393,0,"6,042","2,084"
"빵, 난",257,37.2,10.3,3.4,1.5,47.6,-,2,11,0.8,22,77,97,530,0,-,-
"빵, 도넛, 링",426,24.9,7.3,26,1.2,40.6,-,-,28,1.1,-,120,73,360,-,-,-
"빵, 도넛, 팥",285,37.8,5.91,8.02,0.92,47.36,26.47,2.6,18,1.02,20,96,90,264,0,"4,973","1,902"
"빵, 또띠아, 밀",303,31.5,8.25,6.89,1.27,52.1,2.29,2.2,14,0.55,22,75,95,421,0,"7,537","2,479"
"빵, 또띠아, 통밀",295,34.7,9.32,8.64,2.38,44.94,1.32,6.4,56,2.56,76,315,210,693,0,"8,424","2,886"
"빵, 롤빵, 소프트",309,30.7,10.1,9,1.6,48.6,6.4,2,44,0.7,22,97,110,490,0.1,"9,860","3,330"
"빵, 롤빵, 하드",293,31,9.9,4.3,2,52.7,1.77,2.3,95,3.28,27,100,108,544,0,"9,920","3,391"
"빵, 마늘빵",438,14.9,10.73,20.72,1.56,52.1,7.62,3,80,0.86,24,90,113,483,0,"9,220","2,675"
"빵, 머핀",415,21.4,5.18,21.21,1.35,50.91,25.74,1.5,45,0.61,13,257,103,460,0,"5,035","2,066"
"빵, 머핀, 우유",296,37.7,6.9,11.4,2.7,41.4,-,2.7,200,2.39,17,153,121,467,-,"6,857","2,674"
"빵, 머핀, 잉글리쉬",255,40.7,7.89,4.54,1.31,45.6,1.22,1.8,16,0.7,23,82,99,451,0,"7,543","2,336"
"빵, 머핀, 초코",422,21.9,5.87,23.35,1.82,47.06,29.73,1.5,44,3.06,39,283,260,377,0,"5,330","2,257"
"빵, 모닝빵",316,26,9.06,4.91,1.04,58.99,11.33,2.1,33,0.68,22,88,114,260,0,"8,994","3,042"
"빵, 모카빵",354,19.7,8.31,7.53,1.17,63.29,15.43,1.4,26,0.77,23,93,161,316,0,"7,769","2,809"
"빵, 바게트",284,28.5,9.14,1.11,1.83,59.45,2.81,2.8,17,0.92,26,101,98,446,0,"7,936","2,753"
"빵, 베이글",291,28.9,9.32,2.55,1.68,57.59,5.04,2.6,58,1.37,19,91,61,565,0,"9,223","3,019"
"빵, 붕어빵, 팥",254,43.5,4.81,6.44,1.13,44.17,11.97,1.5,17,0.78,20,49,144,276,0,"4,609","1,816"
"빵, 소시지빵",323,38,10.59,16.52,1.89,33,5.05,4.8,30,0.65,19,132,179,571,0,"9,317","4,155"
"빵, 식빵, 버터 첨가",279,34.8,9.01,4.91,1.6,49.68,4.12,3.7,26,0.6,19,78,98,516,0,"8,606","2,663"
"빵, 식빵, 쇼트닝 첨가",267,36,9.32,3.48,1.57,49.61,4.16,3.6,17,0.44,23,81,81,490,0,"8,352","2,580"
"빵, 식빵, 쇼트닝 첨가, 구운것",287,31.2,9.83,3.7,1.63,53.6,4.12,3.9,18,0.14,25,87,81,582,0,"9,655","3,143"
"빵, 식빵, 밤",285,34.4,6.62,5.46,1.08,52.42,21.32,3.2,62,0.48,22,80,100,325,0,"6,694","2,270"
"빵, 식빵, 옥수수",270,35.1,9.44,3.42,1.59,50.45,5.32,3.7,17,0.68,18,68,75,524,0,"7,723","2,825"
"빵, 식빵, 우유",284,35,9.05,6.15,1.62,48.14,7.88,2.5,91,0.6,29,129,193,480,0,"8,903","3,051"
"빵, 옥수수빵",321,30.5,7.4,10.2,2.8,49.1,-,2.4,75,1.94,21,384,131,795,-,"7,307","3,091"
"빵, 와플",291,42,7.9,14.1,3.1,32.9,-,-,255,2.31,19,190,159,511,-,"7,936","3,279"
"빵, 와플, 벨기에",415,17.5,7.93,18,1.38,55.2,20.66,1.5,68,0.82,19,110,120,478,0,"7,934","2,962"
"빵, 와플, 잼",279,-33,-4.9,-4.2,-0.6,-57.3,-36.4,-1.3,-44,-0.4,-10,-68,-120,-43,-0.5,"-5,157","-2,147"
"빵, 와플, 커스터드 크림",241,-45.9,-7.3,-7.9,-0.9,-38.1,-15,-0.8,-99,-0.8,-12,-150,-160,-63,-1.7,"-7,650","-3,320"
"빵, 잼빵",285,-32,-5.3,-3.9,-0.6,-58.1,-27.6,-1.6,-20,-0.5,-12,-47,-84,-120,-0.2,"-5,172","-1,742"
"빵, 찐빵, 단호박, 막걸리 발효",239,39.7,5.4,0.9,1.6,52.4,-,-,26,0.7,-,66,272,280,-,-,-
"빵, 찐빵, 채소",223,49.5,7.66,5.34,1.37,36.09,6.75,3.6,34,0.55,19,110,213,448,0,"6,981","2,532"
"빵, 찐빵, 팥, 막걸리 발효",213,47.5,5.96,1.29,0.89,44.31,10.42,2.2,22,0.93,31,73,190,158,0,"5,460","1,994"
"빵, 찐빵, 팥",266,35.3,7.06,1.96,0.77,54.92,19.08,2.7,16,0.72,17,60,91,250,0,"6,303","2,428"
"빵, 찐빵, 피자",233,45,8.73,4.04,1.78,40.5,10.19,1.7,44,0.92,33,101,324,511,0,"7,654","2,828"
"빵, 카스텔라",306,29.4,6.91,3.72,0.51,59.47,24.85,1.4,29,0.79,9,101,82,81,0,"6,115","2,802"
"빵, 크루아상",457,16.7,8.56,26,1.53,47.22,8.55,2,32,0.52,24,116,90,414,0,"7,162","2,310"
"빵, 크로켓, 채소",273,47.5,6.35,13.82,1.6,30.74,4.96,3.7,51,0.71,23,99,161,405,0,"6,211","2,322"
"빵, 크림빵",379,21.7,8.67,14.28,1.34,54.05,15.28,0.8,19,0.53,17,83,115,340,0,"6,877","2,417"
"빵, 팥빵",253,39.8,7.57,3.17,0.95,48.47,16.37,2.2,25,0.99,22,102,157,180,0,"6,914","2,712"
"빵, 페이스트리",457,17.4,8.6,26.3,1.3,46.5,-,3,31,5.2,-,94,119,423,-,-,-
"빵, 페이스트리, 과일",371,27.1,5.4,18.5,1.2,47.8,27.53,1.9,46,1.77,15,89,83,445,0,"5,374","1,990"
"빵, 페이스트리, 치즈",374,31.4,8,21.9,1.5,37.2,6.95,1,35,1.8,15,108,98,417,0,"7,982","3,344"
"빵, 피칸파이",407,18.25,4.5,16.69,0.95,59.61,25.18,2.1,22,0.93,22,83,99,275,0.1,"3,999","1,696"
"빵, 호두과자",344,28.6,7.77,12.29,0.79,50.58,23.82,3.9,36,1.46,34,119,165,145,0,"7,118","3,119"
"빵, 호떡빵",301,30,6.37,4.97,1.05,57.58,23.51,1.5,17,0.65,19,84,96,295,0,"5,258","1,614"
"케이크, 과일(후르츠)",324,25.3,2.9,9.1,1,61.6,27.42,3.7,33,2.07,16,52,153,101,0,"2,909","1,268"
"케이크, 롤 케이크",369,32.3,7.51,20.22,0.73,39.24,17.41,6.3,32,0.87,7,122,95,162,0,"7,142","2,601"
"케이크, 생크림 블루베리",280,53.2,3.03,18.88,0.5,24.39,22.87,0.8,44,0.45,8,70,106,67,0,"3,011","1,315"
"케이크, 스펀지 케이크",300,33.7,5.09,7.4,0.64,53.16,26.41,1.3,48,1.22,13,166,127,118,0,"5,056","2,155"
"케이크, 엔젤푸드 케이크",258,33.2,5.9,0.8,2.3,57.8,-,1.5,140,0.52,12,324,93,749,-,"5,931","2,785"
"케이크, 초콜릿 케이크",417,22.2,5.23,22.09,1.17,49.31,38.19,0.7,54,2.65,45,125,318,146,0,"3,891","1,811"
"케이크, 치즈 케이크",331,42.9,5.87,21.32,1.09,28.82,17.61,0.7,100,0.78,10,176,122,240,0,"5,702","2,876"
"케이크, 파운드 케이크",408,23,5.66,20.71,0.98,49.65,17.43,0.9,52,0.74,14,148,130,207,0,"5,114","2,072"
"케이크, 팬케이크",261,39.1,7.15,4.87,1.67,47.24,15.79,1.1,114,0.68,10,282,132,507,0,"6,154","2,409"
"보리, 겉보리, 도정, 생것",349,11.8,8.75,1.67,0.9,76.89,0.92,10.9,33,1.84,64,207,223,3,0,"7,946","3,331"
"보리, 겉보리, 큰알보리1호, 도정, 생것",345,13,8.13,1.75,0.75,76.39,0.72,9.5,26,1.65,57,185,172,4,0,"7,284","3,107"
"보리, 겉보리, 흑수정찰, 도정, 생것",352,10.6,9.38,1.6,1.06,77.39,1.11,12.4,40,2.03,70,229,274,2,0,"8,608","3,556"
"보리, 겉보리, 늘보리, 도정, 생것",346,12.4,9.79,1.77,0.96,75.08,0.5,20.8,30,2.44,72,203,216,6,0,"9,129","3,488"
"보리, 겉보리, 조곡, 생것",347,11.3,11.01,2.37,2.45,72.84,1.42,19.6,55,4.7,152,418,493,7,0,"10,630","4,224"
"보리, 겉보리, 큰알보리1호, 조곡, 생것",345,12.1,10.39,2.41,2.24,72.85,1.43,19.8,52,4.54,149,391,412,6,0,"10,744","4,116"
"보리, 겉보리, 흑수정찰, 조곡, 생것",349,10.5,11.64,2.34,2.66,72.82,1.42,19.4,58,4.87,156,444,574,7,0,"10,515","4,331"
"보리, 겉보리, 압맥",343,13.4,8.74,1.66,0.82,75.38,0.1,11,30,2.4,54,161,202,9,0,"8,178","3,113"
"보리, 겉보리, 할맥",354,10.5,9.3,1.67,0.82,77.71,1.62,17,31,2.02,53,163,211,11,0,"8,594","3,236"
"보리, 겉보리, 밥",144,63.7,3.55,0.7,0.26,31.79,0.37,2.7,11,0.69,18,66,57,0,0,"3,383","1,368"
"보리, 겉보리, 큰알보리1호, 밥",138,65.3,3.17,0.65,0.23,30.6,0.22,1.9,9,0.63,15,60,37,0,0,"3,006","1,205"
"보리, 겉보리, 흑수청찰, 밥",150,62.1,3.93,0.75,0.28,32.97,0.53,3.4,14,0.75,20,73,76,0,0,"3,761","1,531"
"보리, 맥주보리, 두산8호, 도정, 생것",352,10,10,1,1,78,-,-,24,1.7,-,129,270,18,-,-,-
"보리, 쌀보리, 도정, 생것",341,13.7,8.66,1.66,0.9,75.04,0.51,12.5,38,2.28,64,203,275,5,0,"8,253","3,221"
"보리, 쌀보리, 누리찰, 도정, 생것",340,13.8,8.89,1.57,0.94,74.77,0.57,11.8,56,2.79,74,220,320,7,0,"8,192","3,343"
"보리, 쌀보리, 호강, 도정, 생것",341,13.9,7.8,1.59,0.76,75.91,0.46,12.8,29,1.45,49,182,224,4,0,"7,207","3,010"
"보리, 쌀보리, 찰보리, 도정, 생것",346,12.6,11.87,2.15,1.09,72.29,0.5,13.6,34,3.37,78,224,296,5,0,"11,121","4,189"
"보리, 쌀보리, 찰보리, 서둔찰, 도정, 생것",354,9.5,9.7,1.1,1.3,78.5,-,-,26,2.9,-,117,227,13,-,-,-
"보리, 쌀보리, 찰보리, 할맥",362,7.7,8.5,1,0.8,82,-,-,28,1.8,-,127,269,7,-,-,-
"보리, 쌀보리, 밥",144,63.7,3.58,0.73,0.25,31.72,0.08,3.3,14,0.78,18,66,66,1,0,"3,320","1,331"
"보리, 쌀보리, 누리찰, 밥",142,64.3,3.77,0.72,0.27,30.99,0.08,2.4,16,0.94,20,65,73,1,0,"3,484","1,406"
"보리, 쌀보리, 호강, 밥",146,63.2,3.39,0.73,0.24,32.45,0.08,4.2,11,0.63,16,67,59,1,0,"3,155","1,256"
"보리, 가루",357,9.5,11.16,1.83,1.03,76.48,0.3,12.8,35,2.44,91,209,287,20,0,"10,654","3,842"
"보리, 가루, 껍질 포함",364,8.2,10.95,2.99,1.77,76.09,0,22.1,48,7.68,112,216,307,17,0,"9,793","3,834"
"보리, 엿기름",358,8.8,14.65,2.71,2.16,71.68,10.24,20.4,48,8.63,142,424,289,10,6.55,"12,873","4,980"
"수수, 도정, 생것",374,10.2,11.67,3.01,1.51,73.63,0.46,6.4,8,2.84,123,302,367,6,0,"10,835","4,659"
"수수, 찰수수, 도정, 생것",368,11.8,10.94,3.17,1.53,72.54,0.75,6.3,8,2.28,139,322,399,3,0,"9,852","4,168"
"수수, 찰수수, 남풍찰, 도정, 생것",378,9.6,11.03,3.67,1.65,74.03,0.68,6.4,8,2.3,140,317,365,5,0,"10,701","4,628"
"수수, 찰수수, 소담찰, 도정, 생것",376,9.4,12.73,3.02,1.65,73.19,0.66,6.5,8,2.36,136,321,375,4,0,"12,452","5,386"
"수수, 찰수수, 도정, 밥",153,63.4,4.49,1.26,0.52,30.36,0.25,3,4,0.9,52,114,159,1,0,"3,970","1,619"
"수수, 통수수, 생것",360,8.7,10.5,3.1,1.2,76.5,-,-,10,2.1,-,191,524,4,-,-,-
"수수떡, 수수경단",224,44,5.04,0.89,1.09,49,7.99,0.9,15,0.53,36,54,117,288,0,"4,596","1,983"
"시리얼, 쌀",390,2.1,6.65,1.68,2.58,86.99,21.72,1.9,259,18.75,24,166,91,625,48.56,"6,418","2,352"
"시리얼, 옥수수",378,5,5.11,0.59,1.25,88.05,39.55,2.5,3,8.96,9,30,63,434,4.01,"4,873","1,957"
"시리얼, 옥수수, 그래놀라, 건조과일",395,4.5,5.81,3.65,1.38,84.66,35.14,3.3,41,11.95,20,60,129,390,3.75,"5,458","2,140"
"시리얼, 옥수수, 그래놀라, 코코넛",434,2.6,5.56,9.75,1.16,80.93,29.49,4.7,19,7.31,32,120,132,279,2.87,"4,911","2,014"
"시리얼, 옥수수, 아몬드",426,3.7,7.3,9.29,1.53,78.18,34.79,4.4,35,7.83,40,85,170,379,18.82,"7,196","2,857"
"시리얼, 옥수수, 코코아",407,1.9,6.08,4.34,1.9,85.78,40.91,4.6,203,7.65,64,217,320,232,4.65,"5,556","2,173"
"시리얼, 현미",394,2.8,6.8,2.79,2.28,85.33,17.24,3.3,11,8.97,108,321,225,551,3.99,"5,898","2,536"
"아마란스, 노란색, 말린것",383,6.9,17.09,5.94,2.8,67.27,1.65,13.8,252,9.79,388,662,615,0,-,"16,507","7,263"
"아마란스, 빨간색, 말린것",381,7.4,16.47,5.78,2.76,67.59,1.71,16.4,287,9.21,434,631,418,0,-,"13,696","5,619"
"옥수수, 단옥수수, 생것",118,70.4,4.01,1.5,0.73,23.39,4.91,3.1,3,0.75,40,105,261,0,0,"3,257","1,187"
"옥수수, 단옥수수, 고당옥, 생것",108,72.5,3.87,1.24,0.74,21.61,4.58,2.8,3,0.67,37,99,267,0,0,"3,011","1,096"
"옥수수, 단옥수수, 고당옥1호, 생것",108,72.6,3.91,1.09,0.63,21.82,6.07,2.2,3,0.63,34,98,269,0,0,"3,090","1,094"
"옥수수, 단옥수수, 단옥3호, 생것",137,66,4.26,2.15,0.81,26.74,4.09,4.3,4,0.95,48,118,248,0,0,"3,670","1,370"
"옥수수, 단옥수수, 삶은것",118,70.3,3.99,1.47,0.7,23.53,4.2,3.2,4,0.7,40,104,252,0,0,"3,359","1,266"
"옥수수, 단옥수수, 고당옥, 삶은것",112,71.6,3.93,1.2,0.63,22.64,4.42,2.8,3,0.58,35,96,260,0,0,"2,927","1,071"
"옥수수, 단옥수수, 고당옥1호, 삶은것",108,72.6,4.14,1.33,0.67,21.25,3.61,2.9,5,0.71,40,102,248,0,0,"3,278","1,210"
"옥수수, 단옥수수, 단옥3호, 삶은것",134,66.7,3.91,1.89,0.8,26.71,4.57,4,4,0.83,45,113,249,0,0,"3,871","1,516"
"옥수수, 단옥수수, 찐것",135,65.2,4.2,0.7,0.8,29.1,-,-,21,2.1,-,123,356,1,-,-,-
"옥수수, 메옥수수, 생것",178,55.3,5.34,2.06,1.04,36.26,0.31,4.9,4,1.01,68,157,270,0,0,"5,316","2,403"
"옥수수, 메옥수수, 삶은것",173,56.9,5.11,2.19,0.91,34.89,0.29,5.7,4,0.95,64,149,246,0,0,"4,687","2,143"
"옥수수, 메옥수수, 구운것",372,7.6,8.9,3.9,1.3,78.3,-,-,-,1.5,-,292,301,1,-,-,-
"옥수수, 메옥수수, 말린것",358,10.7,9.94,3.83,1.41,74.12,1.94,7.1,10,2.63,102,321,343,3,0,"7,956","3,196"
"옥수수, 메옥수수, 강다옥, 말린것",361,10.7,9.82,4.46,1.35,73.68,1.32,9.4,25,2.56,113,353,375,2,0,"9,182","3,931"
"옥수수, 메옥수수, 광평옥, 말린것",358,11.5,9.73,4.69,1.51,72.54,1.41,11,8,2.54,118,339,370,3,0,"9,300","3,979"
"옥수수, 메옥수수, 다안옥, 말린것",356,11.4,10.25,4.28,1.55,72.49,1.54,7.6,6,2.58,103,351,325,2,0,"9,712","4,149"
"옥수수, 메옥수수, 다평옥, 말린것",359,10.7,9.02,3.64,1.33,75.32,2.13,5.7,19,3.16,91,289,353,4,0,"6,618","2,626"
"옥수수, 메옥수수, 신광옥, 말린것",354,10.9,9.79,3.06,1.42,74.78,1.7,7.1,9,2.77,104,316,326,5,0,"7,518","2,974"
"옥수수, 메옥수수, 신황옥, 말린것",357,10.6,10.22,3.62,1.39,74.14,2.51,7.2,8,3.06,107,348,375,2,0,"7,943","3,161"
"옥수수, 메옥수수, 안다옥, 말린것",356,10.6,10.25,3.41,1.44,74.3,2.27,6.8,7,2.37,106,320,318,3,0,"6,764","2,777"
"옥수수, 메옥수수, 양안옥, 말린것",358,10.5,9.56,3.61,1.32,74.98,1.72,7.2,9,2.08,81,240,290,6,0,"7,638","3,051"
"옥수수, 메옥수수, 장다옥, 말린것",357,10.5,11,3.76,1.4,73.36,2.26,4.4,9,2.93,93,295,313,2,0,"8,230","3,246"
"옥수수, 메옥수수, 청다옥, 말린것",360,10.4,8.93,3.47,1.23,75.96,1.79,6.2,6,2.29,89,270,299,4,0,"6,683","2,582"
"옥수수, 메옥수수, 청안옥, 말린것",360,10.3,9.11,3.8,1.5,75.29,2.4,6.2,8,2.17,92,325,371,2,0,"7,343","2,844"
"옥수수, 메옥수수, 평강옥, 말린것",359,10.3,9.45,3.54,1.38,75.3,2.16,6.7,6,2.72,89,287,341,1,0,"7,299","2,825"
"옥수수, 메옥수수, 평안옥, 말린것",358,10.8,11.77,4.61,1.55,71.24,2.26,7.8,7,2.52,128,412,368,4,0,"9,282","3,575"
"옥수수, 메옥수수, 황다옥, 말린것",358,10.4,10.32,3.65,1.39,74.27,1.64,6.2,9,3.13,109,353,375,2,0,"7,873","3,028"
"옥수수, 찰옥수수, 생것",141,64,4.79,1.4,0.83,28.96,3.42,4.8,5,0.82,49,133,303,0,0,"4,183","1,574"
"옥수수, 찰옥수수, 대학, 생것",164,58.6,4.79,1.62,0.95,34.02,3.42,5.4,5,1.12,64,162,297,1,0,"4,737","1,905"
"옥수수, 찰옥수수, 일미찰, 생것",126,67.7,5.12,1.25,0.78,25.18,3.53,3.9,6,0.66,42,121,322,0,0,"4,254","1,569"
"옥수수, 찰옥수수, 찰옥4호, 생것",162,59,4.63,1.51,0.94,33.96,3.74,6.2,5,0.87,53,144,290,0,0,"4,023","1,489"
"옥수수, 찰옥수수, 황금맛찰, 생것",114,70.8,4.62,1.21,0.64,22.68,2.98,3.8,5,0.62,37,102,303,0,0,"3,583","1,332"
"옥수수, 찰옥수수, 삶은것",136,65.6,4.72,1.48,0.74,27.42,2.62,4.5,6,0.75,46,122,267,0,0,"3,991","1,536"
"옥수수, 찰옥수수, 대학, 삶은것",140,64.7,4.22,1.42,0.79,28.85,2.62,4.4,6,0.9,49,127,234,2,0,"4,042","1,658"
"옥수수, 찰옥수수, 일미찰, 삶은것",129,67,5.14,1.37,0.79,25.69,2.83,4.4,6,0.73,45,125,302,0,0,"4,232","1,602"
"옥수수, 찰옥수수, 찰옥4호, 삶은것",156,61,4.73,1.9,0.76,31.65,3.06,5,5,0.8,51,132,247,0,0,"4,157","1,565"
"옥수수, 찰옥수수, 황금맛찰, 삶은것",118,69.9,4.78,1.24,0.64,23.48,1.98,4,5,0.59,39,103,285,0,0,"3,412","1,317"
"옥수수, 찰옥수수, 찐것",132,65.7,6.6,1.4,0.9,25.4,-,-,21,2.3,-,122,326,1,-,-,-
"옥수수, 찰옥수수, 말린것",371,7.5,11.5,4.6,1.7,74.7,-,-,8,1.8,-,127,180,2,-,-,-
"옥수수, 가루",364,8.1,7.32,0.97,0.31,83.3,0.54,1.9,5,0.73,14,52,105,2,0,"7,013","2,861"
"옥수수 과자, 강냉이",409,0.6,7.16,3.25,1.09,87.9,13.52,0.4,2,1.55,78,228,258,51,0,"5,578","2,546"
"옥수수 과자, 팝콘, 전자레인지 조리",497,1.9,8.12,27.28,1.52,61.18,0,10.9,6,2.03,90,221,219,315,0,"7,770","3,177"
"옥수수 과자, 팝콘, 캐러멜맛",459,2.4,4.77,14.36,0.77,77.74,34.78,8.6,22,1.42,52,147,143,49,0,"3,995","1,980"
"옥수수, 통조림, 가당",105,73.8,2.07,0.73,0.99,22.45,4.17,1.3,2,0.35,17,63,200,206,0,"1,777",783
"옥수수, 통조림, 크림",82,78.2,1.7,0.5,1,18.6,-,1.8,2,0.4,18,46,150,260,0,"-1,733",-728
옥수수묵,55,86,1.1,0,0.3,12.6,-,-,154,0.7,-,7,4,28,-,-,-
"옥수수 샐러드, 콘샐러드",129,75,1.78,6.42,0.88,15.96,8.76,0.9,2,0.26,10,32,105,259,0,"1,169",517
"율무, 도정, 생것",380,10.9,14.95,5.25,1.23,67.63,0.97,4.7,14,5.41,161,345,285,4,0,"13,199","5,593"
"율무, 도정, 밥",172,59.7,7.1,2.35,0.53,30.34,0.15,1.9,6,2.45,84,169,105,2,0,"5,596","2,424"
"율무, 죽",77,81.8,3.26,0.98,0.22,13.75,0.1,0.7,3,1.11,32,67,58,1,0,"3,032","1,227"
"잡곡, 현미, 찹쌀, 현미찹쌀, 보리 등, 생것",358,13.5,9.79,2.09,1.22,73.4,0.93,6.2,27,1.66,85,234,366,4,0,"5,877","2,626"
"조, 메조, 도정, 생것",373,11.2,11.48,3.91,1.68,71.7,0.71,6,23,3.45,141,335,304,6,0,"9,826","4,393"
"조, 메조, 다황메, 도정, 생것",374,10.9,11.13,3.96,1.74,72.3,0.71,6,26,3.25,131,314,303,11,0,"9,232","4,138"
"조, 메조, 단아메, 도정, 생것",372,11.3,13.45,4.17,1.92,69.16,0.68,6,25,3.31,166,419,334,8,0,"11,505","5,131"
"조, 메조, 삼다메, 도정, 생것",372,11.2,10.78,3.74,1.72,72.57,0.79,6,28,3.33,137,301,298,6,0,"8,729","3,931"
"조, 메조, 조황메, 도정, 생것",373,11.4,11.33,4,1.64,71.68,0.89,6,21,3.7,142,339,306,6,0,"9,311","4,151"
"조, 메조, 도정, 찐것",115,72.7,3.14,1.13,0.32,22.71,0,2.7,8,1.31,43,93,40,1,0,"3,004","1,355"
"조, 차조, 도정, 생것",370,11.9,10.95,3.85,1.65,71.69,0.89,4.9,23,3.68,140,329,335,4,0,"9,489","4,017"
"조, 차조, 경관1호, 도정, 생것",376,10.4,10.74,3.82,1.55,73.5,0.75,5.5,18,2.9,128,309,316,4,0,"10,354","4,637"
"조, 차조, 경관2호, 도정, 생것",375,10.9,12.83,4.37,1.91,70.03,0.78,5,26,3.93,134,325,339,6,0,"10,208","4,375"
"조, 차조, 삼다찰, 도정, 생것",369,11.8,12.07,3.86,1.89,70.39,0.97,4.9,28,4.15,148,352,370,4,0,"10,310","4,436"
"조, 차조, 황미찰, 도정, 생것",371,11.1,9.28,3.38,1.72,74.54,1.06,5,38,3.45,153,354,352,8,0,"8,012","3,382"
"조, 차조, 도정, 밥",143,66.1,4.5,1.53,0.54,27.28,0.28,1.9,7,1.4,53,112,119,0,0,"3,816","1,588"
"찹쌀, 백미, 생것",363,13.7,6.64,0.99,0.46,78.17,0.29,1.2,7,0.34,36,101,104,1,0,"3,937","1,822"
"찹쌀, 백미, 생것, 칼슘 첨가",361,13.1,7.09,1,1.48,77.37,0.09,1.2,586,1.45,84,114,112,17,0,"5,779","2,658"
"찹쌀, 백미, 동진찰, 생것",363,13.6,6.64,1.04,0.56,78.11,0.07,1.9,7,0.38,43,130,111,1,0,"2,228","1,090"
"찹쌀, 백미, 백옥찰, 생것",365,13.3,6.54,1.04,0.41,78.67,0.28,1,8,0.3,33,82,95,1,0,"3,908","1,879"
"찹쌀, 백미, 백진주, 생것",365,13.3,6.77,1.12,0.55,78.23,0.55,0.6,6,0.42,39,112,109,0,0,"5,092","2,338"
"찹쌀, 백미, 보람찰, 생것",359,14.6,6.63,0.76,0.34,77.68,0.25,1.2,8,0.24,29,82,100,3,0,"4,520","1,980"
"찹쌀, 백미, 화선찰벼, 생것",375,11.1,9.5,2.6,1.6,75.2,-,-,9,2.1,-,303,307,26,-,-,-
"찹쌀, 백미, 밥, 칼슘 첨가",170,59.2,3.39,0.62,0.79,36.03,0,0.6,300,0.73,41,53,51,8,0,"2,780","1,276"
"찹쌀, 백미, 보람찰, 밥",155,63.1,2.58,0.33,0.05,33.93,0,0.8,4,0.09,4,13,22,1,0,"1,777",661
"찹쌀, 백미, 보람찰, 죽",53,87.5,0.91,0.28,0.01,11.3,0,0,1,0.02,1,4,8,0,0,453,135
"찹쌀, 백미, 가루",377,10.4,7.56,0.98,0.45,80.62,0.41,0.8,14,0.25,27,81,79,3,0,"6,341","2,726"
"찹쌀, 현미, 생것",356,13.7,7.28,2.29,1.26,75.52,0.9,5.2,12,1.19,123,301,266,1,0,"4,485","2,057"
"찹쌀, 현미, 동진찰, 생것",357,13.2,7.14,2.18,1.26,76.22,0.39,6.2,10,1.18,118,322,248,1,0,"2,627","1,277"
"찹쌀, 현미, 백옥찰, 생것",358,13.4,7.47,2.38,1.15,75.65,1.05,5.6,14,1.11,115,269,258,1,0,"4,957","2,234"
"찹쌀, 현미, 백진주, 생것",358,13.2,7.38,2.39,1.24,75.82,1.12,3.6,11,1.25,122,283,257,1,0,"5,215","2,450"
"찹쌀, 현미, 보람찰, 생것",350,14.9,7.11,2.21,1.41,74.39,1.03,5.4,14,1.22,139,329,301,2,0,"5,142","2,266"
"찹쌀, 현미, 보람찰, 밥",181,56.1,3.55,1.25,0.67,38.41,0.45,3,8,0.57,65,151,136,1,0,"2,535",926
"찹쌀, 현미, 흑미, 생것",362,12.5,7.83,2.75,1.26,75.66,1.77,7.1,19,1.15,125,310,362,2,0,"5,263","2,363"
"찹쌀, 현미, 눈큰흑찰1호, 생것",360,12.7,8.19,2.69,1.35,75.08,2.19,7.8,22,1.42,140,341,397,3,0,"5,533","2,527"
"찹쌀, 현미, 조생흑찰, 생것",363,12.3,7.47,2.8,1.17,76.23,1.34,6.5,16,0.88,110,280,327,1,0,"4,993","2,198"
"다식, 검정깨",455,8.6,13.99,20.69,3.54,53.23,13.32,9.1,958,5.35,271,535,377,6,0,"12,107","5,823"
"다식, 송화",352,12.8,5.99,1.5,1.11,78.61,52.74,24.1,8,2.27,41,135,436,10,0,"5,492","2,321"
"찹쌀 과자, 산자",417,10.4,2,11.8,0.2,75.6,-,-,3,0.7,-,26,24,28,-,-,-
"찹쌀 과자, 유과",411,9.9,1.96,10.37,0.28,77.49,14.72,0.8,26,1.62,14,31,81,18,0,"1,897",798
"찹쌀 국수, 흑미, 말린것",334,11.8,8.1,0.3,5.2,74.6,-,-,34,27,-,119,182,"1,975",-,-,-
찹쌀떡,241,39.4,4.7,0.51,0.86,54.49,19.9,2.5,12,0.58,17,38,43,262,0,"4,287","2,124"
"찹쌀떡, 경단 카스텔라",227,44.4,4.59,1.6,0.85,48.52,10.62,0.5,15,0.26,19,47,39,287,0,"4,330","1,969"
"찹쌀떡, 모둠 찰떡",233,46,6.31,4.12,0.95,42.59,3.12,3.9,24,0.66,41,96,182,203,0,"5,549","2,614"
"찹쌀떡, 약식",220,47,4.44,2.32,0.85,45.43,10.21,1.8,14,0.35,22,56,139,233,0,"3,532","1,714"
"찹쌀떡, 인절미, 팥고물",204,49.1,4.2,0.9,1,44.8,-,-,16,1.9,-,37,58,269,-,-,-
"찹쌀떡, 인절미, 콩고물",231,42.4,5.52,1.15,1.24,49.69,2.81,2.1,12,0.33,22,46,88,337,0,"4,925","2,402"
"찹쌀떡, 찰시루떡",191,51.7,6.09,0.42,1.09,40.74,6.45,1.4,15,0.99,30,89,215,216,0,"5,802","2,584"
"찹쌀빵, 찹쌀도넛",325,29,4.14,8.88,0.95,57.02,16.19,2.4,6,1.17,17,63,31,281,0,"3,533","1,436"
"퀴노아, 쪄서 말린것",363,12.5,9.56,3.26,2.02,72.62,1.34,7.7,63,3.54,143,308,645,0,0,"9,043","4,741"
"피, IEC525(NO.5), 도정, 생것",376,9.4,8.5,4.6,3.6,73.9,-,-,39,3.2,-,497,617,10,-,-,-
"호밀, 통호밀, 생것",334,10.1,15.9,1.5,1.8,70.7,-,-,10,6.4,-,378,501,2,-,-,-
"호밀, 가루",365,9,9.4,1.82,1.63,78.16,1.24,14.2,40,3.03,129,353,520,1,0,"8,418","2,970"
호밀빵,285,33.3,8.47,5.11,1.76,51.35,4.78,5.2,27,1.44,30,133,113,536,0,"8,016","2,855"
"감자, 대지, 생것",67,81.9,2.01,0.04,0.97,15.08,0,2.7,9,0.58,25,33,412,1,0,"1,682",595
"감자, 대지, 삶은것",77,79.5,2.07,0.08,0.96,17.39,0,1.6,8,0.65,22,35,374,1,0,"1,790",620
"감자, 대지, 찐것",80,78.6,2.11,0.09,1.03,18.17,0,1.6,10,0.48,23,36,402,2,0,"1,891",670
"감자, 대지, 구운것",90,75.8,2.43,0.09,1.18,20.5,0,2,11,0.61,29,46,482,1,0,"2,152",749
"감자, 수미, 생것",70,81.1,1.93,0.03,0.87,16.07,0,1.7,6,0.4,20,62,335,1,0,"1,610",616
"감자, 수미, 삶은것",76,79.8,1.99,0.04,0.74,17.43,0,1.5,8,0.61,18,55,254,1,0,"1,689",602
"감자, 수미, 찐것",75,79.8,1.94,0.05,0.93,17.28,0,1.4,6,0.42,20,58,318,0,0,"1,634",598
"감자, 수미, 구운것",85,77.1,2.3,0.08,1.14,19.38,0,1.8,8,0.52,24,73,394,0,0,"2,006",707
"감자, 로즈밸리, 생것",68,81.6,2.25,0.03,0.94,15.18,0,1.7,5,0.51,18,51,359,0,0,"2,006",826
"감자, 로즈밸리, 삶은것",79,78.8,2.34,0.09,0.9,17.87,0,1.9,5,0.49,18,50,351,1,0,"1,943",750
"감자, 자색, 생것",82,77.8,2.8,-,0.9,18.5,-,-,5,0.8,-,56,588,18,-,-,-
"감자, 자색, 찐것",85,77.1,2.3,-,1.1,19.5,-,-,9,0.7,-,52,498,18,-,-,-
"감자, 자색, 보라밸리, 생것",60,83.7,1.45,0.02,1.04,13.79,0,2.1,7,0.41,16,63,390,2,0,"1,158",445
"감자, 자색, 보라밸리, 삶은것",69,81.6,1.39,0.05,0.99,15.97,0,1.6,7,0.34,17,59,386,2,0,"1,218",438
"감자, 자심, 생것",64,82.3,1.8,0,1.2,14.7,-,-,4,1.7,-,37,482,4,-,-,-
"감자, 부침가루",355,11.9,12.1,1.4,1,73.6,-,-,11,2,-,102,299,18,-,-,-
"감자 과자, 감자칩, 구운것",469,1.4,5,18.2,3.98,71.4,5.01,4.8,125,0.8,43,274,721,536,0,-,-
"감자 과자, 감자칩, 튀긴것",536,1.3,4.95,30.33,2.5,60.92,0,4,20,1.14,57,193,818,342,0,"4,733","2,007"
"감자 튀김, 튀긴것",293,39.3,3.54,11.3,1.7,44.16,0.19,3,22,0.69,29,143,604,258,0,"3,423","1,438"
"감자 튀김, 해시브라운, 튀긴것",219,55.95,2.65,11.59,1.3,28.51,0.27,3.2,17,0.54,28,79,496,15,0,"2,696","1,172"
"감자, 으깬감자",83,78.48,1.91,0.57,1.46,17.57,1.48,1.5,24,0.27,18,46,296,302,0.2,"1,949",805
감자 샐러드,143,76,2.68,8.2,1.95,11.17,-,1.3,19,0.65,15,52,254,529,0,"2,702","1,259"
"고구마, 생것",147,62.2,1.09,0.15,1.02,35.52,9.83,2.4,18,0.48,25,52,375,8,0,"1,011",447
"고구마, 분질(밤) 고구마, 생것",154,60.6,1.01,0.11,1.09,37.22,9.83,2.7,15,0.45,22,49,370,7,0,931,400
"고구마, 점질(호박) 고구마, 생것",141,63.9,1.17,0.2,0.96,33.81,9.83,2,21,0.52,27,55,379,8,0,"1,092",493
"고구마, 베니하루까, 생것",147,62.7,1.03,0.45,0.91,34.91,7.08,2.8,23,0.55,28,57,359,13,-,"1,500",821
"고구마, 신율미, 생것",164,58.9,1,0.61,0.65,38.84,4.64,2.2,16,0.45,27,52,237,47,-,"1,221",674
"고구마, 신자미, 생것",107,72.2,1.3,0.1,0.9,25.5,-,-,34,1.1,-,53,506,10,-,-,-
"고구마, 연황미, 생것",127,67.2,1.1,0,1,30.7,-,-,42,0.8,-,62,451,14,-,-,-
"고구마, 주황미, 생것",105,72.9,1,0.1,0.9,25.1,-,-,28,0.9,-,57,516,14,-,-,-
"고구마, 진홍미, 생것",140,64,1.2,-,1,33.8,-,-,43,0.8,-,51,556,9,-,-,-
"고구마, 찐것",163,58.4,1.08,0.15,1,39.41,13.75,3.8,20,0.44,24,52,428,6,0,987,432
"고구마, 분질(밤) 고구마, 찐것",169,56.8,1.07,0.15,1.06,40.9,13.02,4.2,17,0.42,22,47,461,7,0,952,408
"고구마, 점질(호박) 고구마, 찐것",157,59.9,1.1,0.15,0.94,37.91,14.48,3.5,23,0.46,26,57,394,5,0,"1,021",456
"고구마, 구운것",188,52.1,1.13,0.16,1.14,45.48,19.08,4.2,19,0.61,28,59,445,9,0,"1,019",438
"고구마, 분질(밤) 고구마, 구운것",189,51.7,1.01,0.16,1.17,45.94,14.95,4.8,17,0.56,24,54,431,10,0,938,387
"고구마, 점질(호박) 고구마, 구운것",186,52.5,1.25,0.16,1.11,45.02,23.21,3.7,21,0.66,31,63,459,9,0,"1,100",488
"고구마, 말린것",312,19.6,2.3,0.1,2.3,75.7,-,-,4,3.5,-,102,989,-,-,-,-
"고구마, 고구마말랭이, 말린것",277,28.8,3.62,0.34,1.64,65.58,31.77,3.7,62,1.01,50,129,724,72,0,"2,951","1,366"
"당면, 고구마, 말린것",358,10.7,0.08,0.07,0.4,88.75,0,1.7,98,4.69,6,15,2,8,0,74,36
"당면, 고구마, 삶은것",123,69.4,0.03,0.04,0.15,30.38,0,1.4,35,1.58,2,4,2,3,0,33,15
"당면, 고구마, 감자, 말린것",346,12.9,0,0.2,0.3,86.6,0,1.2,41,0.4,5,46,14,7,0,-,-
"당면, 넓적당면, 말린것",348,13.3,0.26,0.09,0.44,85.87,0,1.2,49,1.29,5,32,36,50,0,5,4
"당면, 넓적당면, 삶은것",154,61.7,0.12,0.04,0.2,37.95,0,0.5,21,0.58,2,12,4,6,0,1,1
"당면, 분모자, 생것",148,63.2,0.07,0.1,0.16,36.48,0,0.6,14,0.41,1,7,5,36,0,1,1
"당면, 분모자, 삶은것",143,64.5,0.07,0.1,0.12,35.23,0,0.6,12,0.42,1,7,2,31,0,1,1
"곤약(구약나물), 가루",194,6,3,0.1,5.6,85.3,-,79.9,57,2.1,70,160,"3,000",18,0,-,-
"곤약(구약나물), 국수형, 생것",7,96.6,0.08,0.01,0.09,3.18,0,2.4,41,0.08,3,4,13,2,0,24,8
"곤약(구약나물), 국수형, 데친것",7,96.3,0.01,0.01,0.07,3.58,0,2.6,36,0.08,3,6,14,2,0,26,9
"곤약(구약나물), 판형, 생것",6,96.7,0.12,0.01,0.11,3.06,0,2.4,67,0.11,2,3,13,2,0,24,10
"돼지감자, 생것",35,81.4,2.18,0.09,1.41,14.92,6.37,1.8,17,0.53,14,100,561,2,0,"1,469",749
"돼지감자, 삶은것",39,79.3,2.23,0.11,1.2,17.16,0,2,20,0.63,14,107,533,2,0,"1,641",831
"돼지감자, 말린것",172,9.2,10.43,0.46,5.56,74.35,11.64,9.9,87,3.49,94,474,"2,375",10,0,"6,729","3,603"
"마, 단마, 생것",63,83.1,1.84,0.12,0.89,14.05,1,2.4,9,0.44,17,52,417,4,0,"1,653",884
"마, 둥근마, 생것",152,61.1,3.56,0.98,1.12,33.24,0.15,-,10,0.65,29,76,570,3,-,"3,032","1,488"
"마, 장마, 생것",45,87.8,1.56,0.28,0.81,9.55,2.22,1.8,15,0.22,18,44,374,3,0,"1,169",483
"마, 장마, 삶은것",49,87.1,1.47,0.25,0.67,10.51,2.47,2.7,9,0.22,15,36,313,1,0,"1,082",409
"아피오스감자, 생것",175,53.5,6.1,0.5,1.7,38.2,-,-,67,2,-,126,719,31,-,-,-
"야콘, 뿌리, 생것",52,86.3,0.6,0.3,0.4,12.4,0.5,1.1,11,0.2,8,31,240,0,0,-,-
"야콘, 뿌리, 삶은것",42,88.8,0.6,0.3,0.4,9.9,-,1.2,11,0.2,7,26,190,0,0,-,-
올방개묵,44,88.8,0.05,0.04,0.23,10.91,0,0,3,0.83,0,0,22,111,0,32,14
"전분, 감자, 가루",334,17,0.07,0.02,0.21,82.7,0.05,0,4,0.09,3,57,44,22,0,29,14
"전분, 고구마, 가루",346,13.9,0,0.05,0.24,85.85,0.01,0,104,0.25,0,19,11,8,0,12,11
"전분, 밀, 가루",360,13.1,0.2,0.5,0.2,86,0,0,14,0.6,5,33,8,3,0,-,-
"전분, 쌀, 가루",375,9.7,0.2,0.7,0.1,89.3,0,0,29,1.5,8,20,2,11,0,-,-
"전분, 옥수수, 가루",366,9.6,0.19,0.56,0.05,89.6,0.05,0.4,3,0.19,3,17,13,6,0,44,20
"전분, 옥수수, 밀, 가루",379,5.8,0.3,0,0.1,93.8,-,0.4,6,0.8,-,14,14,16,-,-,-
"전분, 칡뿌리, 가루",356,13.9,0.2,0.2,0.1,85.6,0,0,18,2,3,12,2,2,0,-,-
"천마, 생것",77,79.9,0.9,0,0.7,18.5,-,-,16,0.9,-,21,332,8,-,-,-
"천마, 찐것",81,78.7,1.1,0,0.9,19.3,-,-,16,0.5,-,34,353,7,-,-,-
"칡, 뿌리, 생것",137,63.7,2.48,0.1,1.67,32.05,3.58,4.4,383,2,242,61,243,0,0,"1,112",590
칡즙,21,94.4,0.44,0,0.25,4.91,1.51,0.4,44,0.07,39,11,57,3,0,101,38
"토란, 생것",71,80.8,2.08,0.14,1.21,15.77,0,2.8,11,0.59,18,55,520,2,0,"1,840",820
"토란, 삶은것",73,80.3,2.17,0.18,1.07,16.28,0.46,3,18,0.77,19,55,489,2,0,"1,988",881
"토란, 찐것",76,79.5,2.4,0.17,1.18,16.75,0,2.9,19,0.81,19,56,368,2,0,"2,285","1,031"
"히카마(얌빈), 생것",44,88.5,0.68,0.06,0.4,10.36,4.59,0.7,13,0.23,10,30,181,1,0,456,141
"히카마(얌빈), 삶은것",45,88.5,0.39,0.06,0.39,10.66,2.93,1.4,13,0.15,8,28,165,0,0,356,114
과당,375,0.1,0,0,0,99.9,-99.9,0,Tr,Tr,Tr,0,Tr,Tr,0,-,-
"껌, 무설탕",268,3.5,0,0.4,1.3,94.8,0,2.4,20,0,0,0,0,7,0,-,-
"껌, 추잉 껌",388,-3.1,0,0,(Tr),-96.9,-,0,-3,-0.1,-,(Tr),-3,-3,0,-,-
"껌, 풍선껌",387,-3.3,0,0,(Tr),-96.7,-,0,-3,-0.1,-,(Tr),-4,-3,0,-,-
꿀,313,14.6,0.28,0.01,0.29,84.83,72.67,0,9,0.14,5,7,142,1,0,157,50
"꿀, 밤",314,14.2,0.45,0.02,0.42,84.95,67.37,0,18,0.25,9,8,248,1,0,218,70
"꿀, 아카시아",308,16.3,0.12,0,0.1,83.46,74.68,0,2,0.05,1,3,21,1,0,83,29
"꿀, 잡화",318,13.3,0.26,0.02,0.37,86.07,75.96,0,7,0.11,6,9,156,1,0,169,50
"꿀, 토종",313,14.4,0.38,0.02,0.47,84.75,67.17,0,10,0.14,7,8,203,1,0,211,72
"당밀, 가공당",274,31.5,0.2,0,0.1,68.2,-,0,Tr,0.7,Tr,Tr,Tr,10,0,-,-
로열 젤리,104,70.3,14.29,1.4,1.2,12.82,12.04,1.8,12,0.96,28,202,264,12,0,"11,142","5,541"
물엿,306,20.7,0.02,0,0.05,79.19,43.97,0,0,0,0,0,0,0,0,13,1
"사탕, 과일사탕",396,1.1,0.05,0.1,0.07,98.64,70.56,0,2,0,3,7,0,1,0,55,13
"사탕, 드롭스",396,1.2,0.31,0.55,0.37,97.54,42.77,0,25,0.06,5,30,-,44,0,205,88
"사탕, 땅콩",354,0.6,0.23,7.14,0.83,91.2,37.08,2.6,7,0.21,23,50,84,271,0,"2,618","1,093"
"사탕, 마시멜로",350,12.7,3.87,0.12,0.05,83.27,57.71,0,1,0.01,0,1,3,6,0,"2,286",607
"사탕, 박하사탕",394,1.3,0.02,0.02,0.07,98.54,41.67,0,27,0,2,14,1,0,0,13,3
"사탕, 버터",431,2,0.35,8.39,0.77,88.5,71.75,0,7,0.07,2,9,17,376,0,146,57
"사탕, 추잉 사탕, 과일맛",430,5.7,1.81,10.63,0.03,81.84,64.85,0,4,0.1,1,2,0,22,0,"1,287",370
"사탕, 추잉 사탕, 우유맛",431,8.4,4.69,13.97,1.29,71.65,56.82,0,107,0.14,12,98,136,303,0,"4,279","1,714"
"설탕, 가루",389,0.23,0,0,0.01,99.77,97.81,0,1,0.06,0,0,2,2,0,-,-
"설탕, 각설탕",387,0.1,0,0,0,99.95,99.5,0,1,0,0,0,0,0,0,0,0
"설탕, 백설탕",386,0.2,0,0,0,99.8,99.7,0,6,0.13,1,0,1,2,0,0,0
"설탕, 비정제",386,0.2,0.09,0,0.11,99.58,95.95,0,15,0.33,5,2,8,2,0,3,0
"설탕, 빙설탕",394,0.1,0.1,0,Tr,99.8,99.9,0,1,0.2,Tr,Tr,Tr,2,0,-,-
"설탕, 황설탕",386,0.2,0.03,0.01,0.08,99.66,98.29,0,10,0.16,2,0,8,2,0,10,4
"설탕, 흑설탕",380,1.7,0.12,0.02,0.2,97.97,92.85,0,48,0.69,9,1,94,18,0,31,7
"시럽, 단풍나무",260,32.39,0.04,0.06,0.47,67.04,60.46,0,102,0.11,21,2,212,12,0,-,-
"시럽, 바닐라",251,34.9,0,0.01,0,65.05,65,0,1,0,0,0,1,2,0,0,0
"시럽, 올리고당",299,22.4,0.04,0,0,77.52,30.63,0,0,0,0,0,0,0,0,3,0
"시럽, 초콜릿",289,29.2,2.5,1.92,0.99,65.42,58.97,5.1,26,1.75,84,108,294,51,0,"1,374",453
"시럽, 캐러멜",321,21.2,0.9,1.62,0.51,75.73,52.83,0,28,0.01,3,31,39,177,0,390,148
"양갱, 팥",298,22.9,3.37,0.14,0.15,73.44,41.94,4,18,0.77,11,23,42,2,0,"3,217","1,542"
"엿, 쌀",357,5.6,1.22,0.3,0.4,92.5,86.42,0,29,1.8,39,66,109,8,0,697,271
"젤라틴, 디저트용, 가루",381,1,7.8,0,0.7,90.5,86.04,0,3,0.13,2,141,7,466,0,"7,820","2,070"
"젤리, 구미",344,14.5,7.5,0.42,0.05,77.53,50,0,6,0.18,0,2,8,5,0,"5,546","1,311"
"조청, 고구마",289,20.6,1.38,0.35,0.67,77,46.86,1,4,0.3,12,41,87,3,0,965,385
"조청, 도라지",323,11.8,1.7,0.1,0.4,86,-,-,14,0.4,-,33,135,19,-,-,-
"조청, 쌀",326,10.9,0.53,0.24,0.43,87.9,49.91,0,52,0.15,16,37,127,21,0,231,75
"초코바, 땅콩 캐러멜",479,5.8,9.36,21.51,1.37,61.98,48.03,-,65,1.59,74,179,321,138,0,"7,382","3,314"
"초코바, 쿠키 캐러멜",489,4.8,4.33,22.33,0.93,67.6,43.07,1.1,83,1.63,27,106,203,151,0,"3,181","1,166"
"초콜릿, 다크 초콜릿",598,1.37,7.79,42.63,2.32,45.9,23.99,10.9,73,11.9,228,308,715,20,-,-,-
"초콜릿, 땅콩 초콜릿",519,1.9,13.1,33.5,1.8,49.7,37.59,4.7,104,1.31,96,212,502,41,0,-,-
"초콜릿, 밀크 아몬드 초콜릿",526,1.5,9,34.4,1.7,53.4,43.9,6.2,224,1.63,90,264,444,74,0,-,-
"초콜릿, 밀크 초콜릿",549,1.7,7.8,32.54,1.83,56.17,46.18,3.9,221,4.56,85,259,480,59,0,"6,205","2,839"
"초콜릿, 스위트 초콜릿",507,0.5,3.9,34.2,1,60.4,51.48,5.5,24,2.76,113,147,290,16,0,"3,401","1,543"
"초콜릿, 크런치 초콜릿",520,1.9,7.25,26.81,1.52,62.49,44.12,1.9,174,2.74,75,213,406,101,0,"5,323","2,187"
"초콜릿, 화이트 초콜릿",552,1.6,6.4,32.93,1.5,57.57,55.5,0,245,0.09,27,210,374,96,0,"4,779","2,089"
"캐러멜, 우유",408,7.3,3.61,8.3,0.99,79.78,56.22,0,128,0.4,11,100,170,190,3.27,"3,064","1,350"
커스터드,143,65.2,0.04,0.87,0.12,33.74,18.76,0.9,3,0.64,0,0,20,11,0,17,5
"커스터드, 가루",426,1.3,1.06,8.03,2.29,87.3,40.5,3.8,147,0.11,5,302,216,538,0,"1,053",503
"커스터드, 가루, 물에 섞은것",125,71.3,0.31,2.54,0.69,25.2,10.9,1.1,50,0.03,2,96,67,182,0,275,133
포도당,342,9,0,0,0,91,-88.2,0,Tr,0.1,0,1,Tr,Tr,0,-,-
"푸딩, 밀크, 캐러멜",233,58.6,3.4,13.84,0.57,23.64,21.55,0,97,0.14,12,80,138,36,0,"2,641","1,215"
"푸딩, 커스터드",120,76.7,4.19,5.67,0.42,13.03,12.03,0,79,0.36,6,67,73,50,0,"3,294","1,173"
"강낭콩, 생것",174,56.1,8.8,0.86,1.86,32.35,1.65,14.1,49,3.11,89,281,730,0,0,"8,360","3,955"
"강낭콩, 삶은것",171,57,8.46,0.9,1.74,31.92,0.77,15.2,59,2.89,83,270,575,3,0,"8,177","3,830"
"강낭콩, 말린것",348,12.1,21.01,1.41,3.58,61.89,3.32,25.6,99,6.22,178,562,"1,462",1,0,"16,754","7,926"
"강낭콩, 말린것, 삶은것",169,57.9,10.35,0.93,1.42,29.43,0.75,12.4,57,2.83,82,265,563,3,0,"8,013","3,754"
"녹두, 말린것",352,9.4,24.51,1.52,4.42,60.15,0,22.4,100,4.11,174,441,"1,420",1,0,"21,913","10,436"
"녹두, 삶은것",158,60,11.29,0.67,1.38,26.66,0,9.8,47,2,69,225,460,2,0,"10,228","4,903"
"녹두 빈대떡, 가루",347,9.9,20.7,1.2,4.8,63.4,-,-,55,4.2,-,514,"1,004",723,-,-,-
"녹두 빈대떡가루, 반죽",98,75.6,6.2,0.6,0.6,17,-,-,23,1.3,-,88,210,15,-,-,-
"녹두 국수, 말린것",344,11.8,0.2,0.4,0.1,87.5,0,4.1,20,0.5,3,10,13,14,0,-,-
녹두묵,40,89.8,0.12,0.03,0.26,9.81,0.02,-,5,0.04,0,2,4,92,0,10,8
"대두, 검은색, 서리태, 말린것",401,10.5,38.02,13.35,4.73,33.43,3.28,21.3,191,7.74,233,702,"1,885",1,0,"35,038","15,712"
"대두, 검은색, 서리태, 삶은것",184,61,17.93,7.58,1.8,11.72,1.77,9.7,86,2.83,91,291,646,2,0,"15,865","7,019"
"대두, 검은색, 서리태, 볶은것",435,5.2,41.72,16.72,5.09,31.22,3.47,19.5,221,2.7,243,637,"1,853",4,0,"37,635","16,763"
"대두, 검은색, 청자3호, 말린것",399,10.1,34.6,12.6,4.86,37.84,9.36,11,240,11.81,337,928,"2,712",0,0,"34,132","13,651"
"대두, 검은색, 청자3호, 볶은것",452,2.6,37.4,18.1,5.2,36.7,-,-,313,9.5,-,657,"1,955",4,-,-,-
"대두, 검은색, 흑태, 말린것",406,11.7,35.82,15.37,4.57,32.58,3.24,21.4,174,7.67,221,651,"1,850",2,0,"32,585","14,318"
"대두, 검은색, 흑태, 삶은것",181,61.1,15.76,6.97,1.74,14.39,1.84,11.8,77,3.02,87,264,649,2,0,"15,191","6,767"
"대두, 검은색, 흑태, 볶은것",446,3.3,40.99,17.31,5.09,33.34,3.55,20.5,177,6.66,234,650,"1,976",6,0,"36,813","16,473"
"대두, 노란색, 말린것",409,11.2,36.21,14.71,4.89,32.99,6.64,25.6,260,6.66,256,660,"1,838",2,0,"32,644","14,627"
"대두, 노란색, 삶은것",201,58.6,17.82,9.5,2.06,12.02,2.43,10.2,127,2.27,109,305,692,4,0,"15,850","7,131"
"대두, 노란색, 볶은것",444,3.5,40.47,17.21,5.25,33.57,6.32,20.3,256,7.6,257,636,"1,988",3,0,"38,949","17,365"
"대두, 노란색, 대풍, 말린것",405,10,34.36,13.83,4.87,36.94,5.51,11.1,322,10.92,330,921,"2,842",0,0,"33,666","13,736"
"대두, 노란색, 대풍, 볶은것",460,2.2,35.8,19.5,5.2,37.3,-,-,230,7.8,-,610,"2,173",5,-,-,-
"대두, 노란색, 미국산, 말린것",432,9.5,33.9,16,1,39.6,-,-,118,6.5,-,34,842,3,-,-,-
"대두, 노란색, 중국산, 말린것",433,10.3,32.7,16.9,0.9,39.2,-,-,117,7.7,-,31,"1,129",3,-,-,-
"대두, 콩가루",430,4.1,38.5,21.36,5.25,30.81,7.51,22.1,236,11.38,255,678,"1,964",4,0,"38,332","17,110"
두부,97,81.2,9.62,4.63,0.8,3.75,0,2.9,64,1.54,80,158,132,1,0,"8,513","3,797"
"두부, 동두부, 동결건조",496,7.2,50.5,34.1,4,4.2,0,2.5,630,7.5,140,820,34,440,0,"58,180","26,310"
"두부, 순두부",44,90.6,6.85,1.35,0.47,0.69,0.6,0.3,15,0.7,25,69,176,4,0,"4,288","2,062"
"두부, 연두부",50,90.4,4.66,2.51,0.53,1.93,0.74,0.3,30,0.8,28,72,160,55,0,"3,886","1,830"
"두부, 유부",450,29.3,26.11,34.23,2.44,7.93,0.42,1.5,584,4.6,65,413,128,7,0,"22,897","10,495"
"두부, 유부, 조미",201,63.7,9.77,12.67,1.73,12.09,7.98,0.8,152,1.42,26,141,69,522,0,"9,537","4,656"
비지,51,88.9,4,1.93,0.51,4.61,0.5,4,34,1.2,15,17,133,1,0,"2,866","1,293"
"두유, 대두",62,89,3.01,3.92,0.63,3.42,3.02,0.7,80,0.56,18,45,152,72,1.58,"2,805","1,288"
"두유, 검은콩",86,82.6,3.21,3.77,0.55,9.87,4.71,0.9,23,0.42,22,57,178,77,0.95,"3,418","1,552"
"두유, 검은콩, 검은참깨",77,83.9,3.4,3.15,0.79,8.76,4.54,1.4,119,0.52,26,59,184,65,1.14,"3,311","1,374"
"두유, 콩국물, 소금 0.3%",57,87.8,4.84,2.57,1.05,3.74,0.91,1.1,27,0.62,29,80,240,155,0,"4,214","1,919"
콩조림(콩자반),239,44.8,14.11,6.77,3.96,30.35,13.92,10.4,73,3.39,91,261,666,"1,003",0,"13,776","5,826"
"동부, 생것",166,58.5,9.51,1.02,1.63,29.34,0.21,10.2,27,2.5,81,242,573,2,0,"7,932","3,896"
"동부, 삶은것",138,65.9,8.11,0.77,0.8,24.46,0.14,10.4,23,2.16,54,165,278,2,0,"7,378","3,597"
"동부, 말린것",343,14.4,19.61,2.1,3.37,60.56,0.44,21,56,5.15,168,499,"1,181",4,0,"16,355","8,031"
"동부, 수입산, 말린것",345,13.5,22.08,2.07,2.92,59.43,0,20.6,88,4.54,177,408,"1,070",6,0,"19,907","9,417"
"동부, 수입산, 삶은것",155,61.8,10.02,1.12,0.78,26.28,0,11.3,43,1.82,57,151,209,2,0,"9,021","4,343"
"리마콩, 말린것",306,11.7,21.9,1.8,3.8,60.8,1.2,19.6,78,6.2,170,250,"1,800",Tr,0,"-21,680","-10,210"
"리마콩, 삶은것",122,62.3,9.6,0.9,1.1,26,-0.5,10.9,27,2.3,52,95,490,0,0,"-9,600","-4,540"
"렌즈콩(렌틸콩), 갈색, 말린것",365,9.2,22.64,1.52,2.35,64.3,1.56,14.9,72,7.17,106,384,943,6,0,"19,390","9,652"
"렌즈콩(렌틸콩), 빨간색, 말린것",368,8.8,23.58,1.73,2.25,63.68,1.94,12.2,33,5.72,80,349,951,6,0,"21,759","10,072"
"렌즈콩(렌틸콩), 빨간색, 말린것, 삶은것",150,63.4,9.79,0.88,0.53,25.39,0.49,6.7,12,2.12,21,195,224,1,0,"9,069","4,600"
"밤콩, 갈색, 말린것",410,11.2,35,17.2,6,30.6,-,-,239,8.1,-,660,"1,453",4,-,-,-
"병아리콩, 말린것",377,10.3,17.78,5.67,2.92,63.3,2.55,14.5,130,5.54,143,385,"1,112",3,0,"17,052","7,789"
"병아리콩, 말린것, 삶은것",183,57.3,9.18,3.2,1.04,29.24,0.71,8.8,45,2.58,61,173,350,0,0,"8,065","4,292"
"완두, 생것",115,71,7.92,0.44,1.13,19.54,1.72,8.4,36,2.08,45,174,356,0,0,"6,834","3,359"
"완두, 삶은것",123,69.7,7.27,1.1,1.15,20.78,1.8,9.1,35,2.03,46,174,338,2,0,"7,059","3,415"
"완두, 말린것",354,11.8,25.37,2.61,3.6,56.65,5.24,19.8,113,6.22,154,497,"1,337",11,0,"21,608","10,709"
"완두, 말린것, 삶은것",174,57,13.03,1.35,1.58,27.06,2.04,11.9,59,2.99,72,245,516,3,0,"11,169","5,541"
"완두, 통조림",82,74.9,3.6,0.4,1.4,19.7,-3.8,6.9,33,1.8,18,82,37,330,0,"-2,970","-1,513"
"작두(도두), 생것",125,68,9,0.3,1.2,21.5,-,11.2,85,0.8,-,133,398,3,-,-,-
"작두(도두), 말린것",344,12,26.3,1,3.3,57.4,-,-,84,3.7,-,353,"1,296",5,-,-,-
"잠두, 말린것",341,10.98,26.12,1.53,3.08,58.29,5.7,25,103,6.7,192,421,"1,062",13,0,"24,388","11,415"
"잠두, 삶은것",110,71.54,7.6,0.4,0.81,19.65,1.82,5.4,36,1.5,43,125,268,5,0,"7,098","3,322"
"쥐눈이콩(검정소립콩), 말린것",403,12.6,37.32,14.61,4.88,30.59,5.58,22.2,212,8.14,211,743,"1,888",2,0,"33,872","15,257"
"쥐눈이콩(검정소립콩), 삶은것",184,60.6,17.99,6.79,1.91,12.71,1.55,10.5,101,3.31,92,290,663,3,0,"15,970","7,209"
"쥐눈이콩(검정소립콩), 볶은것",447,3.8,42.31,16.71,5.45,31.73,5.56,23,238,2.27,240,793,"1,955",3,0,"37,805","16,861"
"팥, 검은색, 말린것",330,16.1,20.63,0.96,3.54,58.72,0.43,14.4,72,4.81,124,394,"1,181",10,0,"15,102","7,747"
"팥, 검은색, 검구슬, 말린것",336,14.6,20.57,1.05,3.57,60.26,0.4,14.8,74,4.56,127,374,"1,249",16,0,"15,126","7,619"
"팥, 검은색, 삶은것",156,61.2,9.49,0.86,1.34,27.15,0.28,8.4,30,2.14,49,175,395,1,0,"7,881","4,036"
"팥, 녹색, 연두채, 말린것",341,12.8,22.58,1,4.04,59.54,0.28,15.4,71,4.92,136,489,"1,258",1,0,"18,782","8,886"
"팥, 적색, 말린것",337,14.2,21.59,1.1,3.77,59.29,0.47,15.5,71,5.49,138,426,"1,333",6,0,"16,240","7,985"
"팥, 적색, 서나, 말린것",341,12.7,21.14,1.22,4.34,60.56,0.46,15.5,78,5.8,148,466,"1,394",11,0,"16,525","8,134"
"팥, 적색, 아라리, 말린것",338,13.8,21.59,1.06,4.01,59.5,0.52,15.3,80,5.94,134,437,"1,411",10,0,"16,573","8,187"
"팥, 적색, 삶은것",113,71.2,7.91,0.32,1.12,19.4,0.16,6.2,21,1.71,39,131,353,1,0,"6,274","3,235"
"팥, 황백, 말린것",343,13,22.38,1.17,3.65,59.85,0.36,15.4,72,5.61,139,407,"1,169",2,0,"19,007","8,962"
"팥, 황백, 흰구슬, 말린것",348,11.9,21.55,1.44,3.7,61.43,0.39,15.6,61,5.51,132,466,"1,208",2,0,"18,585","8,740"
"팥, 황백, 흰나래, 말린것",337,14,23.2,0.89,3.6,58.26,0.34,15.2,83,5.7,146,349,"1,131",2,0,"19,428","9,184"
"팥, 앙금",259,35,5.74,0.31,0.57,58.39,35.37,6.1,12,1.61,14,48,99,60,0,"5,665","2,745"
"팥, 팥빙수용 단팥",206,49.2,4.51,0.22,0.49,45.63,36.53,5.4,24,0.87,20,63,149,26,0,"4,142","2,055"
"개암, 헤이즐넛, 말린것",628,5.31,14.95,60.75,2.29,16.7,4.34,9.7,114,4.7,163,290,680,0,0,"15,724","6,946"
"개암, 헤이즐넛, 볶은것",646,2.52,15.03,62.4,2.45,17.6,4.89,9.4,123,4.38,173,310,755,0,0,"15,801","6,982"
"도토리, 생것",230,44.9,4.4,3,1.1,46.7,-,-,16,0.6,-,84,-,-,-,-,-
"도토리, 가루",354,13.8,1.1,1.1,0.3,83.7,-,-,60,3.3,-,17,3,2,-,-,-
"도토리, 가루, 졸참도토리",342,14.2,4.6,0.5,1.5,79.2,-,-,61,2.1,-,90,787,54,-,-,-
"도토리, 가루, 종가시도토리",348,13.9,3.3,1.6,1.7,79.5,-,-,76,1.7,-,72,827,3,-,-,-
"도토리, 국수, 말린것",343,10.9,12.4,0.7,3.8,72.2,-,-,86,2.3,-,123,258,517,-,-,-
도토리묵,47,88.1,0.33,0.11,0.19,11.23,0,-,15,0.23,3,3,12,76,0,259,136
"도토리묵, 가루",366,9.7,1.7,1.23,0.3,87.09,0.01,-,56,1.19,7,15,78,5,0,"1,179",556
"들깨, 말린것",530,4.6,22.68,39.74,3.72,29.26,1.46,22,391,7.74,254,716,583,1,0,"21,503","10,214"
"들깨, 볶은것",530,0.9,23.59,36.23,3.78,35.53,1.48,22,416,7.5,315,726,599,5,0,"22,442","10,236"
"땅콩, 말린것",520,10.8,25.74,42.57,2.53,18.36,4.4,13.4,67,3.07,182,425,746,5,0,"21,958","9,392"
"땅콩, 검은색, 말린것",574,4,19.3,47.7,2.5,26.5,-,-,75,0.7,-,591,816,6,-,-,-
"땅콩, 대립종, 말린것",571,4.9,26.1,49.1,3,17.1,-,-,78,2.1,-,359,904,16,-,-,-
"땅콩, 중립종, 말린것",549,5.3,20.3,43,2.3,29.1,-,-,24,2.8,-,344,808,2,-,-,-
"땅콩, 소립종, 말린것",564,5.1,22.4,46.3,2,24.2,-,-,43,3.2,-,300,616,3,-,-,-
"땅콩, 삶은것, 소금첨가",318,41.78,13.5,22.01,1.45,21.26,2.47,8.8,55,1.01,102,198,180,751,0,"13,619","5,816"
"땅콩, 볶은것",567,2.7,28.5,46.24,2.65,19.91,5.18,10.5,67,2.01,199,476,799,4,0,"23,910","10,014"
"땅콩, 가루",560,1.2,28.43,43.11,2.64,24.62,6.26,12.1,48,2.04,231,517,879,4,0,"24,094","10,413"
"땅콩, 조미, 볶은것",558,2.2,26.54,43.59,2.76,24.92,5.31,8.5,51,1.5,204,475,751,261,0,"23,126","10,052"
"때죽, 말린것",551,7.6,13.6,44.7,2.3,31.8,-,-,9,1.6,-,135,-,-,-,-,-
"마름, 생것",183,51.8,5.8,0.5,1.3,40.6,1.6,2.9,45,1.1,84,150,430,5,0,"-6,370","-3,010"
"마카다미아, 조미, 볶은것",751,1.3,8.3,76.7,1.5,12.2,-3.8,6.2,47,1.3,94,140,300,190,0,"8,937","3,777"
"머루씨, 생것",282,33.6,6.3,4.8,1.3,54,-,-,301,3.7,-,169,466,3,-,-,-
"목화씨, 구운것",506,4.65,32.59,36.29,4.58,21.9,-,5.5,100,5.4,440,800,"1,350",25,0,"36,254","16,410"
"밤, 생것",153,61.5,3.16,0.74,1.12,33.46,6.3,6,21,0.91,42,69,442,1,0,"2,523",909
"밤, 대보, 생것",161,59.9,3.27,0.93,1.01,34.87,6.91,6.6,29,1.05,48,67,440,0,0,"2,804",954
"밤, 옥광, 생것",147,63.2,2.94,0.78,1.03,32.1,7.03,6.1,17,0.83,38,72,447,1,0,"2,229",833
"밤, 삶은것",155,61.1,3.23,0.69,1.02,33.96,6.69,5.8,18,0.85,39,71,408,0,0,"2,616",972
"밤, 대보, 삶은것",162,59.7,3.13,0.91,0.97,35.32,6.71,6.8,20,0.84,46,70,418,0,0,"2,487",862
"밤, 옥광, 삶은것",149,62.7,3.1,0.66,0.91,32.65,7.32,5.2,15,0.8,35,71,393,1,0,"2,500",960
"밤, 구운것",188,52.7,4.07,0.79,1.26,41.15,7.95,7.1,19,1.03,46,85,481,1,0,"3,520","1,362"
"밤, 대보, 구운것",183,54.2,3.83,0.97,1.17,39.82,7.88,7.2,21,0.99,53,81,482,0,0,"3,278","1,267"
"밤, 옥광, 구운것",175,56.2,3.72,0.73,1.09,38.31,8.23,6.5,18,0.97,40,81,459,1,0,"3,161","1,224"
"밤, 말린것",370,8.6,6.94,2.45,2.15,79.86,24.4,15.3,48,1.89,102,172,"1,010",1,0,"6,177","2,080"
"밤, 구운것, 레토르트",199,50.4,4.48,1.1,1.18,42.81,7.63,3.8,26,0.95,59,84,385,3,0,"3,530","1,540"
"밤, 통조림",214,46.6,0.76,0.19,0.07,52.39,34.55,1.6,9,0.05,1,9,6,11,0,652,330
"브라질너트, 말린것",659,3.42,14.32,67.1,3.43,11.74,2.33,7.5,160,2.43,376,725,659,3,0,"15,731","7,770"
"브라질너트, 조미, 볶은것",703,2.8,14.9,69.1,3.6,9.6,-2.3,7.2,200,2.6,370,680,620,78,0,"-16,320","-8,050"
"삼씨(대마씨), 말린것",450,4.6,29.9,28.3,5.5,31.7,2.3,23,130,13,400,"1,100",340,2,0,"29,920","14,260"
"수박씨, 말린것",451,8.1,19.3,22.9,2.5,47.2,-,-,42,4.9,-,128,-,-,-,-,-
"수박씨, 조미, 볶은것",528,5.9,29.6,46.4,4.7,13.4,2,7.1,70,5.3,410,620,640,580,0,"-33,280","-16,620"
"아마씨, 볶은것",540,0.8,21.8,43.3,3.7,30.4,0.9,23.8,210,9,410,710,760,70,0,"23,690","10,490"
"아몬드, 말린것",581,3.4,23.44,49.96,3.11,20.09,6.82,14.5,368,4.76,335,523,780,6,0,"20,253","8,018"
"아몬드, 볶은것",594,1.7,23.45,51.29,3.07,20.49,3.91,11.3,337,4.59,322,542,759,2,0,"19,928","7,887"
"아몬드, 조미, 볶은것",568,1.5,25.74,46.61,4.33,21.82,5.82,9.6,409,3.74,308,555,674,549,0,"22,154","8,662"
"연씨, 생것",81,77.5,5.9,0.5,1.2,14.9,-0.5,2.6,53,0.6,57,190,410,2,0,"-6,771","-2,924"
"은행, 생것",203,49.6,4.69,1.53,1.4,42.78,2.95,2.2,7,0.9,48,161,684,1,0,"4,083","1,885"
"은행, 삶은것",186,54.5,4.31,1.86,1.08,38.25,1.91,3.5,7,0.79,42,146,442,1,0,"3,934","1,861"
"은행, 볶은것",221,45.7,5,2.05,1.49,45.76,3.33,4.3,6,0.99,53,192,622,0,0,"4,714","2,153"
"잣, 생것",658,3.1,16.62,65.69,2.14,12.5,2.02,6.6,20,6.05,259,525,521,3,0,"14,626","6,811"
"잣, 볶은것",669,0.8,18.93,66.43,2.31,11.51,2.02,7.1,24,6.16,275,571,577,2,0,"17,485","7,736"
잣두부,78,83.6,7.5,4.3,0.6,4,-,-,27,1.2,-,89,213,34,-,-,-
잣죽,64,87.1,1.45,3.06,0.53,7.9,0.12,3.1,3,0.24,14,31,33,160,0,"1,225",564
"참깨, 검은색, 말린것",549,2.7,20.85,44.12,5.88,26.45,0,22.4,"1,146",5.8,383,746,530,0,0,"17,429","8,317"
"참깨, 검은색, 볶은것",539,3.3,21.28,42.3,5.7,27.42,0,19.3,"1,316",5.32,406,828,457,1,0,"17,338","8,275"
"참깨, 흰색, 말린것",556,2.4,25.41,45.31,5.11,21.77,0,14.9,750,8.04,371,584,679,4,0,"21,383","10,270"
"참깨, 흰색, 볶은것",557,2.6,25.96,45.11,4.5,21.83,0,14.1,854,6.39,353,702,459,2,0,"21,597","10,121"
"참깨 과자, 엿강정",538,4.4,15,32.9,2.3,45.4,-,-,520,4.6,-,419,225,81,-,-,-
참깨죽,38,91.6,1,1.2,0.3,5.9,-,-,17,1.3,-,25,23,120,-,-,-
"치아씨, 말린것",486,5.8,16.54,30.74,4.8,42.12,-,34.4,631,7.72,335,860,407,16,-,"19,486","9,515"
"캐슈너트, 조미, 볶은것",581,2.34,16.84,47.77,2.89,30.16,5.01,3.3,43,6.05,273,531,632,308,0,"18,502","8,457"
"코코넛, 말린것",660,3,6.88,64.53,1.94,23.65,7.35,16.3,26,3.32,90,206,543,37,0,"7,514","3,600"
"코코넛, 볶은것",592,1,5.3,47,2.3,44.4,-,-,27,3.39,92,211,554,37,0,"5,785","2,771"
"코코넛, 코코넛밀크",230,67.62,2.29,23.84,0.72,5.54,3.34,2.2,16,1.64,37,100,263,15,0,"2,500","1,198"
코코넛수,19,94.99,0.72,0.2,0.39,3.71,2.61,1.1,24,0.29,25,20,250,105,0,785,376
"피스타치오, 말린것",560,4.37,20.16,45.32,2.99,27.17,7.66,10.6,105,3.92,121,490,"1,025",1,0,"21,129","9,941"
"피스타치오, 볶은것",584,1.6,25.99,48.89,2.7,20.82,8.15,10,101,3.79,92,515,938,4,0,"21,687","9,764"
"피스타치오, 조미, 볶은것",583,1.3,22.9,48.22,2.93,24.66,5.95,9.3,110,3.52,122,498,"1,024",109,0,"17,497","8,465"
"피칸, 말린것",691,3.52,9.17,71.97,1.49,13.86,3.97,9.6,70,2.53,121,277,410,0,0,"8,891","4,079"
"피칸, 조미, 볶은것",710,1.12,9.5,74.27,1.56,13.55,4.06,9.4,72,2.8,132,293,424,383,0,"9,210","4,224"
"해바라기씨, 말린것",589,4.4,21.93,52.26,2.84,18.58,2.68,8.1,103,5.65,312,611,573,2,0,"18,767","8,439"
"해바라기씨, 볶은것",582,1.2,19.33,49.8,5.6,24.07,2.73,11.1,70,3.8,129,"1,155",850,3,0,"21,218","9,356"
"해바라기씨, 조미, 볶은것",587,2.6,20.1,56.3,3.8,17.2,-1.4,6.9,81,3.6,390,830,750,250,0,"-21,640","-9,710"
"호두, 말린것",688,2.9,15.47,71.99,1.72,7.92,0,6.7,81,2.49,129,355,353,3,0,"13,900","6,877"
"호두, 볶은것",713,3.1,14.6,68.8,1.8,11.7,2.5,7.5,85,2.6,150,280,540,4,0,"15,540","7,330"
"호박씨, 말린것",548,6.7,35.35,48.18,4.43,5.34,0,4.9,38,8.62,503,"1,154",688,6,0,"29,907","14,584"
"호박씨, 조미, 볶은것",590,4.5,26.5,51.8,5.2,12,-1.3,7.3,44,6.5,530,"1,100",840,47,0,"-29,350","-14,500"
"가시오갈피, 순, 생것",76,76,5.67,0.7,1.76,15.87,2.48,8.8,211,3.43,55,104,678,1,0,"4,155","2,022"
"가시오갈피, 순, 데친것",63,80.5,5.25,0.85,1.41,11.99,2.07,11.1,184,2.2,47,86,469,1,0,"3,012","1,527"
"가지, 생것",19,93.9,1.13,0.03,0.58,4.36,2.32,2.7,16,0.26,15,35,232,0,0,998,431
"가지, 데친것",19,94,1,0.1,0.5,4.4,1.94,3.4,17,0.32,14,27,179,1,0,829,361
"가지, 말린것",290,8.9,14.53,2.4,8.58,65.59,18.13,29.4,235,3.47,227,496,"3,471",13,0,"10,383","4,295"
"가지, 염절임",22,90.4,1.4,0.1,2.9,5.2,-,2.7,18,0.6,18,33,260,880,0,"-1,053",-457
"갓, 생것",36,87.8,3.5,0.2,1.2,7.3,-,-,193,2.7,-,59,378,33,-,-,-
"갓, 돌산, 생것",22,92.1,2.53,0.27,1.36,3.7,0.91,2.4,140,1,15,48,544,7,0,"2,425",983
"갓, 돌산, 삶은것",19,93.7,2.17,0.4,0.85,2.9,0.72,1.9,88,0.98,13,36,371,7,0,"2,067",843
"갓, 돌산, 찐것",20,93,2.31,0.39,1.19,3.08,0.74,2.1,114,0.54,17,43,530,8,0,"2,302",926
"비름, 생것",23,91.3,2.72,0.29,1.73,3.96,0.31,3.4,133,1.42,155,56,670,65,0,"1,685",856
"비름, 데친것",27,90.6,2.98,0.41,1.5,4.51,0.27,4.1,183,0.83,84,54,541,46,0,"1,989",998
"갯기름나물, 생것",47,84.2,3.71,0.41,2.05,9.67,0,6.2,216,1.12,26,83,447,5,0,"3,463","1,731"
"갯기름나물, 노지, 생것",41,85.8,3.94,0.32,1.99,7.91,0,5.1,200,1.47,25,74,204,3,0,"3,720","1,870"
"갯기름나물, 노지, 어린잎, 생것",53,82.3,4.17,0.52,2.1,10.92,0,7.1,181,1.26,25,102,659,2,0,"3,534","1,765"
"갯기름나물, 하우스, 생것",50,83.6,3.12,0.44,2.09,10.75,0,6.2,226,0.77,22,67,661,9,0,"2,838","1,413"
"갯기름나물, 하우스, 어린잎, 생것",44,84.9,3.59,0.36,2.03,9.09,0,6.4,259,0.99,31,88,264,4,0,"3,392","1,697"
"갯기름나물, 데친것",49,84.3,3.86,0.71,1.78,9.39,0,6.6,209,0.89,23,85,393,4,0,"3,574","1,782"
"갯기름나물, 노지, 데친것",44,85.6,3.62,0.57,1.67,8.56,0,6.4,187,0.88,22,80,191,2,0,"2,791","1,398"
"갯기름나물, 노지, 어린잎, 데친것",53,83.1,4.11,0.8,1.82,10.15,0,7.4,179,1.07,24,102,579,3,0,"3,655","1,822"
"갯기름나물, 하우스, 데친것",52,83.7,3.41,0.79,1.86,10.25,0,7.2,228,0.8,20,70,556,7,0,"3,281","1,625"
"갯기름나물, 하우스, 어린잎, 데친것",47,84.6,4.28,0.69,1.79,8.61,0,5.4,243,0.82,28,90,247,4,0,"3,493","1,742"
"갯나물, 세발나물, 생것",18,93.1,1.61,0.14,1.56,3.59,0,2.7,51,0.83,60,38,322,321,0,"1,351",635
"갯나물, 세발나물, 데친것",23,92,2.29,0.28,1.23,4.2,0,3.8,103,0.82,60,45,223,249,0,"1,983",950
"갯나물, 칠면초, 생것",27,88.6,2.7,0.3,3.4,5,-,-,51,3.1,-,26,197,673,-,-,-
"갯나물, 퉁퉁마디(함초), 노지, 생것",19,90.3,1.4,0.15,4.18,3.97,0,4.5,34,0.54,80,21,145,"1,409",0,858,404
"갯나물, 퉁퉁마디(함초), 하우스, 생것",19,89.8,1.34,0.15,4.58,4.13,0,3.3,58,0.36,100,16,133,"1,573",0,741,354
"갯나물, 퉁퉁마디(함초), 환",262,4.3,9.28,6.14,27.68,52.6,0.94,-,325,39.83,463,311,"1,763","7,935",0,"5,785","2,628"
"게걸무, 생것",57,83.5,2.84,0.2,1.07,12.43,3.24,3.5,61,0.6,28,86,494,9,0,"1,808",724
"게걸무, 잎, 생것",32,89.4,2.08,0.25,1.33,6.95,1.63,3.5,124,-,-,64,571,28,0,-,-
"겨자, 녹색, 생것",24,90.7,3.03,0.17,1.91,4.19,0,2.6,256,3.09,53,55,529,36,0,"2,373","1,172"
"겨자, 적색, 생것",24,90.9,3.54,0.27,1.72,3.57,0,2.6,234,6.19,64,55,457,43,0,"2,737","1,294"
"경수채, 어린잎, 생것",26,91.4,1.68,0.24,1.09,5.57,2.1,1.7,141,0.69,32,55,369,40,0,"1,245",534
"고구마, 잎, 생것",47,86.5,3.92,0.44,1.8,7.34,0,5.8,196,5.64,63,36,794,0,0,"3,489","1,722"
"고구마, 잎, 데친것",41,88.8,3.44,0.62,1.34,5.8,0,5.4,186,3.38,55,29,376,1,0,"2,804","1,356"
"고구마, 줄기, 생것",18,94.3,0.76,0.02,1.29,3.63,0,2.2,92,0.41,21,15,559,1,0,333,136
"고구마, 줄기, 데친것",17,94.8,0.59,0.05,0.92,3.64,0,2.2,89,0.31,17,11,364,1,0,295,128
"고구마, 줄기, 삶은것",14,95.9,0.45,0.05,0.72,2.88,0,1.8,65,0.26,11,9,184,1,0,292,141
"고구마, 줄기, 삶아서 말린것, 삶은것",23,94.1,0.48,0.11,0.35,4.96,0,4.5,125,0.45,10,8,31,3,0,429,211
"고구마, 줄기, 껍질 포함, 생것",23,93,0.88,0.03,1.13,4.96,1.52,3.5,132,0.33,44,30,370,1,0,370,145
"고구마, 줄기, 껍질 포함, 삶은것",22,93.6,0.74,0.06,0.95,4.65,0.33,3.1,126,0.4,46,26,279,2,0,335,150
"고구마, 줄기, 껍질 포함, 삶아서 말린것",262,11.4,6.98,1.02,14.22,66.35,17.6,35.4,"1,091",9.34,249,275,"5,681",13,0,"4,785","1,999"
"고구마, 줄기, 껍질 포함, 삶아서 말린것, 삶은것",29,91.3,0.64,0.17,0.59,7.28,0,7.2,179,0.85,21,9,87,4,0,508,225
"고들빼기, 생것",29,91.2,1.6,0.5,0.9,5.8,-,-,82,10.8,-,37,451,34,-,-,-
"고들빼기, 이고들빼기, 생것",39,87.6,2.5,0.4,1.3,8.2,-,3.3,128,4.8,-,39,531,57,-,-,-
"고려엉겅퀴(곤드레), 재래종, 잎, 생것",28,90.6,2.99,0.52,1.26,4.67,0.35,3.7,269,2.04,22,26,312,0,0,"2,561","1,379"
"고려엉겅퀴(곤드레), 말린것",290,8.9,28.72,5.01,7.57,49.84,1.76,35.9,"1,718",12.84,195,419,"1,966",4,0,"24,628","13,258"
"고려엉겅퀴(곤드레), 말린것, 삶은것",40,88.5,3.8,0.92,0.44,6.32,0,4.9,138,1.68,9,43,248,0,0,"3,626","1,989"
"고비, 야생, 생것",28,91.1,1.72,0.13,0.64,6.41,2.09,3.7,15,0.71,19,33,271,1,0,"1,575",675
"고비, 야생, 삶은것",25,92.4,1.58,0.16,0.43,5.43,0,3.5,16,0.29,15,25,184,2,0,"1,507",670
"고비, 야생, 말린것, 삶은것",31,91,1.68,0.26,0.22,6.84,0,4,36,0.75,12,29,60,4,0,"1,539",760
"고비, 야생, 삶아서 말린것",299,5.2,17.95,1.7,7.64,67.51,7.61,36.2,226,7.18,209,313,"2,947",28,0,"14,454","6,230"
"고비, 재배, 생것",28,90.8,2.1,0.1,0.8,6.2,-,-,14,3.7,-,164,385,6,-,-,-
"고사리, 생것",22,92.3,2.9,0.17,0.83,3.8,0.2,3.4,9,0.88,23,67,305,0,0,"2,399","1,029"
"고사리, 데친것",21,92.9,2.74,0.24,0.57,3.55,0.43,2.7,15,0.48,20,57,197,2,0,"2,090",833
"고사리, 말린것",261,12.2,25.8,0.6,7.2,54.2,-,-,188,6.4,-,246,"2,879",15,-,-,-
"고사리, 삶아서 말린것",273,7.1,27.85,2.11,8.13,56.58,0,42,147,6.75,265,760,"3,287",24,0,"26,851","11,837"
"고수(향채), 생것",25,91.4,2.43,0.31,1.33,4.53,0.7,2.4,79,0.83,43,52,358,51,0,-,-
"고추, 싹, 생것",21,92.9,2.6,0.1,0.6,3.8,-,-,39,8.5,-,61,-,-,-,-,-
"고추, 빨간색, 생것",85,77.4,3.12,2.73,1.41,15.34,5.48,10.2,14,0.75,43,81,575,1,0,"2,683","1,114"
"고추, 빨간색, 녹광, 생것",41,85.7,2.3,1.3,1.6,6.9,-,-,12,1,-,44,370,11,-,-,-
"고추, 빨간색, 수비초, 생것",77,78.3,3.7,1.8,1.4,14.8,-,-,17,0.9,-,90,580,2,-,-,-
"고추, 빨간색, 말린것",312,13.6,13.88,8.71,6.34,57.47,-,35.8,57,3.97,160,365,"2,634",4,0,"10,057","4,188"
"고추, 연두색, 시레나, 생것",19,94.1,1,0.1,0.4,4.4,-,-,5,0.4,-,19,231,3,-,-,-
"고추, 초록색, 녹광, 생것",27,92.6,1.4,0.8,0.5,4.6,-,-,14,0.9,-,39,162,9,-,-,-
"고추, 초록색, 시레나, 생것",23,92.9,1.1,0.1,0.5,5.4,-,-,4,0.5,-,23,199,3,-,-,-
"고추, 풋고추, 생것",29,91.1,1.71,0.19,0.58,6.42,1.8,4.4,15,0.5,19,38,270,1,0,"1,024",388
"고추, 풋고추, 재래종, 생것",26,91.9,1.2,0.2,0.7,6,-,5.6,13,0.4,-,28,231,0,-,-,-
"고추, 꽈리고추, 생것",33,89.6,1.83,0.13,0.66,7.78,1.98,3.2,15,0.6,22,42,279,2,0,"1,369",579
"고추, 오이고추, 생것",23,92.9,0.99,0.12,0.48,5.51,0.76,2.7,11,0.39,16,27,227,1,0,922,351
"고추, 청양고추, 생것",31,90.5,1.53,0.3,0.66,7.01,0.34,4.7,10,0.51,19,37,290,1,0,"1,141",429
고추장아찌,124,59.7,2.39,0.63,5.79,31.49,11.38,4.8,16,1.1,30,34,209,"2,026",0,"1,998",790
"고춧잎, 생것",45,83.6,5.07,0.32,2.52,8.49,0,2.8,369,4.35,107,62,589,4,0,"4,281","2,104"
"고춧잎, 데친것",51,83,5.16,0.85,2.09,8.9,0,6.9,457,1.85,70,54,518,2,0,"4,814","2,363"
"고춧잎, 말린것",266,8.6,35.43,5.3,12.87,37.8,0,33.7,"1,495",31.61,607,447,"3,780",25,0,"31,130","15,566"
"고춧잎, 삶아서 말린것, 삶은것",41,86.8,4.41,0.76,1.37,6.66,0,6.5,590,2,34,21,53,4,0,"4,331","2,236"
"고추냉이, 뿌리, 생것",103,71.5,2.9,0.5,1.3,23.7,-,-,41,0.6,-,68,570,1,-,-,-
"고추냉이, 잎줄기, 생것",27,91.1,1.93,0.41,1.23,5.35,1.06,4.2,175,2.45,62,37,253,15,0,-,-
"곤달비, 생것",32,89.9,2.81,0.64,1.14,5.51,1.02,4.3,82,1.08,30,63,427,3,0,"2,311","1,141"
"곤달비, 데친것",29,90.9,2.74,0.53,0.91,4.96,0.61,3.5,78,0.75,26,57,364,2,0,"2,553","1,211"
"공심채, 생것",26,91.2,1.67,0.25,1.34,5.57,0.66,2.7,110,1.89,38,47,506,33,0,"1,496",592
"공심채, 데친것",26,91.4,1.69,0.34,1.25,5.36,0.38,2.9,88,0.56,31,39,500,18,0,"1,511",598
"꾸지뽕, 잎, 생것",85,72.8,5.06,0.51,2.45,19.18,3.07,13.5,595,1.74,70,139,618,7,0,"4,000","1,986"
"꾸지뽕, 잎, 삶은것",61,81,3.93,0.51,1.41,13.15,0.98,7.2,415,1.74,43,101,312,1,0,"2,784","1,390"
"꾸지뽕, 잎, 말린것",282,8.9,18.25,1.4,8.15,63.3,12.44,32.3,"1,574",11.5,211,530,"2,114",4,0,"17,480","8,358"
"구기자, 순, 재래종, 생것",50,83.9,6.27,1.08,1.7,7.05,0.78,5.1,10,1.58,70,102,551,2,-,"5,547","2,585"
"구기자, 잎, 재래종, 생것",56,81.4,6.33,1.57,2.93,7.77,0.24,5.4,572,2.32,303,68,690,8,-,"5,979","2,790"
"국화꽃, 생것",25,91.5,1.4,0,0.6,6.5,-,3.4,22,0.7,12,28,280,2,0,"-1,348",-626
"국화꽃, 데친것",21,92.9,1,0,0.4,5.7,-,2.9,16,0.5,9,20,140,1,0,-956,-445
"국화꽃, 말린것",283,9.5,11.6,0.2,5.2,73.5,-,29.6,160,11,140,250,"2,500",14,0,"-11,150","-5,140"
"근대, 생것",18,93,1.78,0.2,1.74,3.28,0,2.7,49,0.53,72,34,562,173,0,"1,376",667
"근대, 데친것",20,92.6,1.79,0.2,1.46,3.95,0,2.6,61,0.46,60,32,467,138,0,"1,676",816
"김치, 갓김치",37,86.4,3.26,0.4,2.87,7.07,2.46,3,103,0.83,32,49,328,720,0,"1,814",904
"김치, 고들빼기",68,81.1,2.84,0.66,2.83,12.58,4.12,3.9,46,2.78,40,37,221,894,0,"2,201",924
"김치, 깍두기",40,88.1,1.36,0.21,2.04,8.27,3.22,2.7,32,0.29,28,25,258,523,0,918,339
"김치, 나박 김치",7,97,0.34,0.07,1.32,1.27,0.29,1.2,12,0.1,4,12,88,421,0,276,145
"김치, 동치미",8,96.2,0.33,0.01,1.69,1.77,0.62,0.5,10,0.07,13,8,82,533,0,312,127
"김치, 배추 김치",38,88.9,1.98,0.43,2.21,6.49,2.4,2.5,43,0.43,25,49,334,551,0,"1,382",531
"김치, 배추 김치, 봄 재배",39,88.4,2.22,0.67,2.76,5.95,1.9,3.7,53,0.56,27,56,430,626,0,"1,350",558
"김치, 배추 김치, 여름 재배",38,88.7,1.84,0.49,2.41,6.6,1.85,3.6,51,0.45,24,52,324,606,0,"1,448",556
"김치, 배추 김치, 가을 재배",37,89.2,1.85,0.54,2.21,6.16,2.7,3.4,50,0.51,25,50,312,548,0,"1,365",517
"김치, 백김치",16,94.5,0.95,0.07,1.48,3,1.04,1.9,35,0.24,12,29,187,395,0,710,290
"김치, 열무 김치",36,89,2.39,0.38,2.34,5.87,0.68,2.7,115,0.65,34,44,353,583,0,"1,521",677
"김치, 열무 물김치",18,94.1,1.41,0.07,1.51,2.91,1.68,0.5,32,0.21,13,13,103,493,0,"1,234",525
"김치, 오이 소박이",37,89.8,1.76,0.37,1.41,6.66,3.17,3.1,29,0.57,22,40,283,302,0,"1,131",420
"김치, 유채 김치",62,82.4,3.5,0.8,3.2,10.1,-,-,67,-,-,77,464,926,-,-,-
"김치, 유채 물김치",17,94.7,1,0.1,1.2,3,-,-,37,-,-,23,112,452,-,-,-
"김치, 총각 김치",42,87.6,1.92,0.29,2.31,7.89,3,2.4,38,0.52,26,44,331,630,0,"1,526",723
"김치, 파 김치",49,86,2.5,0.58,2.41,8.51,2.8,4.6,60,0.73,34,41,282,655,0,"1,502",553
"김치, 얼갈이배추 김치",30,91,1.88,0.58,2.17,4.37,1.15,3.3,125,0.39,34,53,201,581,0,"1,256",572
"꽃양배추(콜리플라워), 생것",27,91.4,2.17,0.48,1.09,4.84,2.28,4.6,14,0.33,23,62,403,13,0,"1,924",812
"꽃양배추(콜리플라워), 데친것",26,91.4,2.4,0.47,1.13,4.62,2.42,3.5,15,0.43,23,63,377,13,0,"2,089",894
"꿀풀(하고초), 생것",48,84.8,1.6,0.2,1.5,11.9,-,-,160,21.3,-,61,836,3,-,-,-
"꿀풀(하고초), 말린것",309,9,8.2,4,7.2,71.6,-,-,996,20.9,-,279,"2,232",10,-,-,-
"날개콩, 미숙, 생것",36,90.7,1.9,0.2,0.7,6.5,-,-,40,1.4,-,27,-,-,-,-,-
"냉이, 생것",37,87.7,3.81,0.42,1.37,6.74,0.77,4.5,322,9.49,58,81,332,8,0,"2,889","1,435"
"냉이, 데친것",40,86.9,4.19,0.5,1.08,7.3,0,4.5,207,6.99,42,85,207,3,0,"2,791","1,346"
"누리장나무잎, 생것",65,79.7,4.5,1,2.1,12.7,-,-,-,-,-,-,-,-,-,-,-
"는쟁이냉이, 생것",28,90.1,2.5,0.3,1.7,5.4,-,-,47,3.9,-,86,-,-,-,-,-
"달래, 생것",56,83,2.35,0.31,0.94,13.41,2.83,2.9,83,1.78,18,45,316,4,0,"1,827",852
"달래, 삶은것",58,82.5,2.23,0.31,0.9,14.09,1.27,3,86,1.64,18,47,307,4,0,"1,662",763
"당귀, 일당귀, 잎, 생것",43,86.3,3.2,0.4,1.3,8.8,-,-,80,17.8,-,92,453,3,-,-,-
"당귀, 참당귀, 잎, 생것",39,87.8,2.6,0.7,1.5,7.4,-,-,54,15,-,71,685,3,-,-,-
"당근, 뿌리, 생것",31,91.1,1.02,0.13,0.72,7.03,6.23,3.1,24,0.28,14,42,299,23,0,801,247
"당근, 뿌리, 데친것",31,91.2,0.97,0.13,0.69,7.01,2.39,2.6,25,0.24,12,39,266,16,0,863,273
당근 주스,38,89,0.44,0.09,0.44,10.03,6.87,2.1,11,0.09,7,16,193,42,0,414,108
"당근 주스, 캔",40,88.87,0.95,0.15,0.75,9.28,3.91,0.8,24,0.46,14,42,292,66,0,-,-
"대나무순(죽순), 생것",24,91.6,3.48,0.22,0.93,3.77,1.11,2.8,14,0.39,12,66,468,0,0,"2,495",927
"대나무순(죽순), 데친것",30,90.1,3.2,0.3,0.9,5.5,-,-,9,0.9,-,83,855,6,-,-,-
"대나무순(죽순), 삶은것",19,93.3,2.29,0.28,1.01,3.12,0.41,2.3,18,0.28,5,34,156,0,0,"1,543",573
"대나무순(죽순), 삶아서 말린것",314,5.4,28.31,4.69,3.98,57.62,2.27,44.8,259,3.84,76,455,"1,372",11,0,"26,109","11,725"
"대나무순(죽순), 통조림",22,92.8,2.7,0.2,0.3,4,-1.4,2.3,19,0.3,4,38,77,3,0,"-2,143",-741
"더덕, 뿌리, 생것",80,78.7,2.28,0.76,0.69,17.58,4.86,3.7,30,0.74,28,75,226,0,0,"1,300",902
"더덕, 뿌리, 구운것(팬)",86,76.9,3.45,0.74,0.75,18.17,6.61,3.4,38,0.73,30,100,262,0,0,"1,844","1,306"
"더덕, 뿌리, 가루",339,5.3,11.19,0.77,4.34,78.38,15.09,35.7,261,25.88,185,454,"1,415",6,0,"10,083","6,891"
"더덕, 순, 생것",47,86,2.23,0.85,1.35,9.58,1.68,6.1,172,0.95,52,57,495,1,0,"1,941",929
"더덕, 순, 데친것",35,89.7,1.83,0.55,0.78,7.13,0.61,5.1,115,0.76,32,37,265,2,0,"1,528",727
"도라지, 뿌리, 생것",65,82,2.01,0.15,0.74,15.15,1.14,4.2,40,0.32,22,67,231,3,0,"1,059",551
"도라지, 뿌리, 데친것",58,84.1,1.75,0.15,0.63,13.42,0.61,2.4,43,0.36,22,61,184,4,0,"1,006",520
"도라지, 뿌리, 말린것",330,8.3,10.33,0.89,4.04,76.44,5.78,24.9,246,2.11,168,498,"1,700",22,0,"7,216","3,263"
"도라지, 뿌리, 가루",339,5.5,12.53,1.12,4.21,76.65,5.96,31.9,299,5.41,174,443,"1,450",29,0,"8,215","4,220"
"도라지, 순, 생것",51,85,2.38,0.84,1.11,10.69,1.81,6.6,137,1.73,39,59,384,1,0,"2,000",946
"도라지, 순, 데친것",41,87.8,1.96,0.63,0.84,8.81,1.08,6.1,114,1.56,31,47,281,1,0,"1,761",831
"돌나물, 생것",15,94.7,1.19,0.08,0.8,3.23,0,1,190,0.77,21,19,198,0,0,883,404
"동아, 생것",15,95.2,0.5,0.1,0.4,3.8,-,1.3,19,0.2,7,18,200,1,0,-377.9,-141.9
"동아, 데친것",15,95.3,0.6,0.1,0.3,3.7,-,1.5,22,0.3,7,19,200,1,0,-458.5,-169.7
"두릅, 땅두릅, 생것",25,91.4,2.4,0.22,1.19,4.79,0.81,4.4,80,8,32,67,456,2,0,"1,684",667
"두릅, 땅두릅, 잎, 생것",43,85.7,4.3,0.3,1.2,8.5,-,-,140,1.9,-,66,172,22,-,-,-
"두릅, 땅두릅, 줄기, 생것",17,94.4,1.6,0.2,0.7,3.1,-,-,36,1.1,-,34,264,29,-,-,-
"두릅, 땅두릅, 데친것",24,92,2.3,0.25,0.89,4.56,1.08,3.4,73,1.57,26,67,370,2,0,"1,858",774
"두릅, 땅두릅, 잎, 데친것",61,81,6.3,0.8,1.1,10.8,-,-,221,2.5,-,75,235,27,-,-,-
"두릅, 땅두릅, 줄기, 데친것",16,94.4,1.5,0.1,0.7,3.3,-,-,55,0.8,-,26,196,3,-,-,-
"두릅, 참두릅, 생것",33,88.2,4.13,0.22,1.56,5.89,0,2.3,48,1.68,52,123,547,1,0,"3,284","1,494"
"두릅, 참두릅, 잎, 생것",46,84.1,6.69,0.46,1.43,7.32,0.63,5.3,40,2.34,52,184,577,2,0,"4,491","2,110"
"두릅, 참두릅, 줄기, 생것",33,88.8,3.56,0.24,1.28,6.12,1,4.2,44,0.79,34,106,519,1,0,"2,027",857
"두릅, 참두릅, 데친것",32,89.4,3.49,0.28,1.02,5.81,0,3,67,1.27,41,96,391,2,0,"3,143","1,430"
"두릅, 참두릅, 잎, 데친것",41,86.5,5.53,0.51,1.02,6.44,0,5,40,1.34,43,144,395,2,0,"3,509","1,662"
"두릅, 참두릅, 줄기, 데친것",28,90.6,2.81,0.28,1.07,5.24,0.48,4.1,33,0.45,29,93,423,1,0,"1,869",809
"둥굴레, 잎, 생것",52,84,3.4,0.2,0.6,11.7,-,-,58,8.9,-,47,362,9,-,-,-
"둥굴레, 잎, 말린것",289,10.3,16.5,0.9,4.6,67.7,-,-,572,59.9,-,199,264,7,-,-,-
"들깨, 싹, 생것",17,95.1,1.7,0.1,0.6,2.5,-,-,29,7.8,-,62,-,-,-,-,-
"들깻잎, 생것",47,84.3,4.46,0.5,1.85,8.89,0,5.7,296,1.91,151,83,421,1,0,"3,600","1,743"
"들깻잎, 데친것",32,89.6,3.93,0.6,1.07,4.8,0,3.9,226,1.39,56,72,196,1,0,"3,208","1,577"
"들깻잎, 찐것",37,87.3,4.37,0.55,1.71,6.07,0,4.7,265,2.42,111,77,411,1,0,"3,126","1,477"
들깻잎장아찌,124,63.6,4.03,0.42,5.95,26,16.41,4.4,178,2.34,54,53,285,"1,809",0,"3,419","1,641"
"들깻잎장아찌, 통조림",76,77.7,4.7,1.7,5.5,10.4,-,-,166,4,-,42,166,"1,679",-,-,-
"루꼴라, 생것",26,90.8,3.17,0.43,1.39,4.2,0.97,1.3,159,1.5,42,57,524,13,0,"2,330",988
"리크, 생것",54,84,1.8,0.3,0.7,13.2,-,-,20,0.1,-,205,380,4,-,-,-
"리크, 데친것",28,91.3,1.3,0.1,0.5,6.8,-2.6,2.6,26,0.6,9,26,180,2,0,"-1,108",-450
"마늘, 생것",128,64.8,7.45,0.16,1.21,26.42,0.23,3.8,12,0.78,24,156,531,3,0,"5,274","2,654"
"마늘, 데친것",135,62.9,8.04,0.13,1.24,27.69,0.77,2.8,13,0.76,24,165,503,3,0,"5,891","2,977"
"마늘, 통마늘, 구운것",169,53.5,10.04,0.22,1.63,34.6,0.02,3.3,16,1.29,32,229,690,4,0,"7,148","3,663"
"마늘, 말린것",333,6,16.3,0.7,3.7,73.3,-,-,18,6.5,-,182,"1,937",7,-,-,-
"마늘, 동결건조",330,7.3,15.3,0.5,3.2,73.7,-,-,13,1.6,-,174,"1,852",5,-,-,-
"마늘, 난지형, 생것",128,65.3,7.03,0.12,0.9,26.61,0.47,3.3,8,0.82,23,124,357,2,0,"4,986","2,434"
"마늘, 난지형, 데친것",138,62.5,7.84,0.13,0.94,28.59,0,2.2,8,0.85,24,137,367,1,0,"5,788","2,815"
"마늘, 난지형, 통마늘, 구운것",147,60.1,8.29,0.17,1.05,30.42,0.03,2.2,8,1.56,27,163,415,2,0,"6,190","3,015"
"마늘, 난지형, 냉동",131,64.3,7.38,0.07,0.96,27.29,0.12,3,7,0.99,23,133,365,1,0,"5,187","2,635"
"마늘, 한지형, 생것",129,64.2,7.88,0.19,1.51,26.23,0,4.4,16,0.73,25,188,705,5,0,"5,562","2,874"
"마늘, 한지형, 데친것",132,63.3,8.25,0.14,1.54,26.78,1.55,3.4,17,0.67,25,194,640,5,0,"5,994","3,138"
"마늘, 한지형, 통마늘, 구운것",184,46.9,11.8,0.27,2.21,38.78,0,4.3,24,1.03,38,294,966,7,0,"8,106","4,311"
"마늘, 한지형, 볶은것",165,55.8,9.84,1.35,1.7,31.26,1.73,4.1,20,0.92,31,244,753,6,0,"6,829","3,587"
"마늘, 깐마늘, 수입산, 생것",120,67.8,6.99,0.99,1.45,22.78,2.26,6.1,13,0.79,28,143,562,14,0,"4,187","2,136"
"마늘, 깐마늘, 수입산, 데친것",127,66.3,6.74,1.21,1.45,24.27,2.4,4.7,13,0.83,28,145,563,14,0,"4,078","2,069"
"마늘, 다진것",99,72.8,5,0.27,1.38,20.55,2.11,3,9,0.6,19,120,410,199,0,"4,072","2,049"
마늘 장아찌,113,68.8,2.43,0.16,3.25,25.36,15.03,2.9,7,0.37,6,29,69,"1,127",0,"2,403",784
"마늘종, 꽃줄기, 생것",53,84.1,1.86,0.06,0.59,13.39,5.46,4.6,49,0.51,19,48,214,1,0,"1,290",538
"마늘종, 꽃줄기, 데친것",59,82.4,1.98,0.17,0.63,14.82,2.74,4.2,51,0.49,21,47,218,2,0,"1,573",629
마늘종 장아찌,118,66.5,1.96,0.14,4.06,27.34,13.02,5.2,21,0.61,19,19,105,"1,410",0,645,253
"풋마늘, 잎줄기, 생것",29,89.9,1.9,0.17,0.7,7.33,4.01,3.7,63,0.55,14,36,287,2,0,"1,389",549
"풋마늘, 잎줄기, 데친것",30,90,1.82,0.29,0.61,7.28,2.31,3.4,72,0.36,13,37,224,2,0,"1,462",585
"마타리, 생것",45,85.4,2.1,0.1,1.5,10.9,-,-,8,0.2,-,80,-,-,-,-,-
"머위, 생것",17,93.5,2.31,0.14,1.31,2.74,0.07,2.7,103,1.05,18,50,530,2,0,"1,148",526
"머위, 데친것",25,91.9,2.17,0.41,1.1,4.42,0.17,4.2,105,0.86,22,59,424,2,0,"1,843",903
"머위, 삶은것",28,91,2.44,0.44,0.92,5.2,1.81,4.5,121,0.99,29,54,325,5,0,"1,952",965
"머위, 말린것",281,7.2,17.4,3.7,13.5,58.2,-,-,"1,104",59.3,-,366,"1,114",48,-,-,-
"머위, 삶아서 말린것",278,8.3,26.73,4.67,11.68,48.62,1.85,39.1,"1,253",14.43,320,608,"3,552",46,0,"23,063","11,463"
"메밀, 싹, 생것",24,94.6,1.9,1.2,0.4,1.9,-,3.6,11,0.9,-,49,106,4,-,-,-
"모링가(드럼스틱), 생것",66,80.1,4.21,1.38,1.88,12.43,2.15,6.4,313,2.46,67,101,556,6,-,"4,440","2,130"
"모시풀, 잎, 생것",64,77.5,6.61,0.71,3.33,11.85,0,5.3,877,2.31,137,86,602,3,0,"5,488","2,644"
"모시풀, 잎, 삶은것",49,83.7,6.09,1.02,1.95,7.24,0,6.3,651,1.66,79,69,92,2,0,"5,346","2,616"
"모시풀, 잎, 서방종, 생것",51,83.4,4.4,1.36,2.71,8.13,1.13,5.7,895,2.46,108,49,96,1,-,"4,037","1,967"
"무, 조선무, 생것",21,93.8,0.77,0.15,0.55,4.72,2.96,1.1,22,0.16,8,33,279,13,0,505,191
"무, 조선무, 삶은것",21,94.2,0.74,0.14,0.36,4.53,2.23,1.1,20,0.16,7,24,195,12,0,395,129
"무청, 조선무, 생것",23,92.1,1.84,0.42,1.36,4.29,0.82,2.9,200,0.85,23,28,509,45,0,"1,618",858
"무청, 시래기, 말린것",249,18.2,18.46,5.04,12.91,45.41,9.74,30.5,"1,140",16.52,201,431,"5,065",100,0,"14,668","6,298"
"무청, 시래기, 말린것, 삶은것",27,92,1.81,0.39,0.47,5.34,0.04,4.9,114,1.74,13,15,124,3,0,"1,603",766
"무순, 싹, 생것",20,94.8,1.89,1.01,0.44,1.82,0.67,1.7,36,0.3,26,52,55,15,0,"1,497",708
"무 절임, 단무지",12,95.4,0.36,0.05,1.77,2.42,0.55,2.1,21,0.16,4,8,42,637,0,236,91
"무 절임, 쌈무",15,95,0.54,0.03,1.33,3.1,1.46,2.3,16,0.16,5,10,138,400,0,372,126
"무 절임, 치킨무",22,93.7,0.44,0.21,0.79,4.89,3.54,1.4,14,0.29,4,13,115,219,0,263,103
"무말랭이, 말린것",282,14.5,13.15,0.41,8.97,62.97,19.76,23.7,326,4.41,150,409,"3,489",234,0,"10,200","4,268"
"무말랭이, 말린것, 불린것",49,86,1.78,0.25,0.97,10.97,3.78,3.9,51,1.06,19,67,371,13,0,"1,666",697
무말랭이 무침,131,63.9,2.25,0.61,4,29.24,16.75,7.6,87,1.83,32,43,266,"1,073",0,"2,077",727
무국물,3,99.2,0.16,0,0.08,0.55,0.36,0,2,0.09,1,3,16,2,0,98,31
"물냉이, 생것",23,91.5,3.5,0.1,1.2,3.7,-,-,105,9.1,-,48,57,28,-,-,-
"물쑥, 생것",36,87,5.4,0.3,1.7,5.6,-,-,106,12.1,-,99,-,-,-,-,-
"물쑥, 데친것",47,85.7,1.9,0.1,0.6,11.7,-,-,44,2.5,-,63,86,7,-,-,-
"미나리, 돌미나리, 생것",16,94.2,1.9,0.16,0.96,2.74,0.85,1.3,52,0.87,14,46,379,4,0,"1,550",687
"미나리, 돌미나리, 데친것",18,94.1,1.82,0.29,0.82,3.01,0.76,1.4,64,0.91,18,52,294,3,0,"1,803",825
"미나리, 물미나리, 생것",18,93.9,1.69,0.22,0.72,3.5,1.14,2.4,46,0.58,24,47,280,24,0,"1,201",518
"미나리, 물미나리, 데친것",20,93.4,1.82,0.22,0.73,3.88,1.06,2.4,50,0.5,21,50,254,18,0,"1,531",710
"미나리, 물미나리, 찐것",19,93.7,1.63,0.23,0.8,3.66,1.1,2.3,48,0.6,22,45,283,26,0,"1,492",681
"미나리, 물미나리, 잎, 생것",30,90.1,2.84,0.4,1.04,5.62,1.26,3.7,104,0.87,40,79,313,5,0,"1,810",859
"미나리, 물미나리, 줄기, 생것",22,93.1,0.9,0.16,0.69,5.15,1.43,3.1,34,0.29,16,49,267,6,0,701,278
미나리청,120,65.8,0.36,0,0.36,33.48,28.49,1.4,31,0.11,24,24,124,6,0,179,73
"민들레, 생것",29,90.2,2.44,0.44,1.44,5.48,0,3.3,119,5.42,31,44,593,1,0,"2,388","1,120"
"민들레, 데친것",30,90.5,2.18,0.51,1.07,5.74,0,4.6,115,1.44,24,38,396,1,0,"2,099",989
"바젤라, 생것",11,95.1,0.7,0.2,1.1,2.6,-,2.2,150,0.5,67,28,210,9,0,-609.2,-287
"바젤라, 데친것",12,94.5,0.9,0.2,0.9,3.2,-,3.1,180,0.4,41,24,150,7,0,-786,-370
"바질, 잎, 생것",32,90.1,2.43,0.71,1.22,5.56,0.8,2.6,238,0.64,46,69,340,3,0,"2,351","1,104"
"바질, 잎, 데친것",34,89.4,2.81,0.7,1.17,5.9,0.37,2.7,270,0.67,45,66,290,1,0,"2,494","1,202"
"박, 과육, 생것",21,93.8,0.5,0.1,0.4,5.2,-,-,27,2.1,-,25,35,6,-,-,-
"박, 생것, 씨 포함",32,90.4,1,0.1,0.5,8,-,-,14,2.2,-,46,46,5,-,-,-
"박고지, 말린것",268,18.1,7.6,0.4,4.9,69,-,-,321,4.4,-,246,"1,075",14,-,-,-
"박쥐나무, 잎, 생것",100,68,6.7,1.2,3.4,20.7,-,-,718,3.5,-,64,547,27,-,-,-
"방가지똥, 생것",46,85.2,2.5,0.4,1.6,10.3,-,-,39,4.4,-,34,324,5,-,-,-
"방울다다기양배추, 생것",46,85.1,3.75,0.22,1.11,9.82,3.49,4,39,1.04,22,68,405,16,0,"3,737","1,381"
"방울다다기양배추, 데친것",41,87.1,3.76,0.4,0.9,7.84,3.02,3.5,28,0.9,21,58,351,10,0,"3,453","1,267"
"방울다다기양배추, 찐것",44,85.9,4.02,0.35,0.98,8.74,3.3,3.8,27,0.98,21,64,383,13,0,"3,550","1,319"
"배암차즈기(곰보배추), 잎, 생것",25,92.2,1.73,0.62,0.97,4.5,1.44,2.1,88,2.5,16,31,391,7,-,"1,516",647
"배초향(방아), 잎, 생것",55,81.7,4.87,0.46,1.84,11.13,1.52,6.4,237,3.8,64,69,625,2,0,"3,855","2,187"
"배추, 싹, 생것",63,86.3,3.4,4.3,0.7,5.3,-,4.3,61,1.1,-,150,123,8,-,-,-
"배추, 생것",15,94.7,1.25,0.06,0.66,3.32,1.71,1.3,52,0.36,13,41,262,8,0,899,327
"배추, 봄 재배, 생것",13,95.2,1.61,0.07,0.84,2.26,0.93,1.2,55,0.58,14,52,331,13,0,960,357
"배추, 여름 재배, 생것",17,94.5,0.9,0.04,0.59,3.97,1.98,1.3,60,0.25,12,34,222,3,0,774,280
"배추, 가을 재배, 생것",17,94.4,1.24,0.05,0.56,3.72,2.21,1.4,40,0.25,12,35,235,9,0,962,344
"배추, 데친것",17,94.3,1.4,-,0.4,3.9,-,-,41,2.6,-,27,168,7,-,-,-
"배추, 삶은것",15,95,1.16,0.15,0.5,3.16,1.1,1.6,69,0.33,12,35,160,6,0,943,371
"배추, 봄 재배, 삶은것",14,95.3,1.39,0.12,0.58,2.59,0.85,1.7,52,0.34,12,44,200,8,0,"1,002",381
"배추, 여름 재배, 삶은것",17,94.9,0.85,0.23,0.49,3.58,1,1.6,94,0.33,11,30,144,3,0,810,336
"배추, 가을 재배, 삶은것",16,94.9,1.25,0.11,0.43,3.32,1.44,1.6,60,0.33,12,31,136,7,0,"1,018",396
"배추, 염절임",17,92.9,1.34,0.08,2.04,3.67,2.08,1.5,57,0.31,22,45,309,488,0,"1,044",370
"배추, 봄 재배, 염절임",15,93,1.63,0.09,2.39,2.92,1.43,1.5,61,0.36,25,58,393,496,0,"1,330",492
"배추, 여름 재배, 염절임",17,92.6,1.03,0.05,2.28,4.01,2.26,1.5,53,0.28,21,39,272,606,0,835,275
"배추, 가을 재배, 염절임",19,93,1.35,0.08,1.46,4.09,2.54,1.5,57,0.28,19,39,263,363,0,968,342
"배추, 시래기, 말린것",278,12.8,14.38,3.89,10.06,58.92,25.52,24.1,981,9.45,156,452,"3,513",153,0,"10,489","4,622"
"배추, 시래기, 말린것, 삶은것",23,93.2,1.68,0.24,0.28,4.6,0.12,1.9,111,0.89,9,26,29,4,0,"1,298",685
"배추, 알배기, 생것",15,95,1.46,0.09,0.45,2.99,2.11,0.8,23,0.26,12,39,239,7,0,"1,068",386
"배추, 알배기, 삶은것",17,94.5,1.64,0.13,0.5,3.27,2.12,1.1,23,0.34,11,38,195,10,0,"1,255",488
"배추, 알배기, 찐것",18,93.8,1.76,0.11,0.62,3.69,1.99,1.2,28,0.37,12,43,227,8,0,"1,171",453
"배추, 우거지, 생것",18,93.9,1.35,0.14,0.85,3.71,1.81,1.9,141,0.44,30,29,306,9,0,905,390
"배추, 우거지, 삶은것",18,94.4,1.26,0.21,0.52,3.66,0.39,2,103,0.51,17,27,160,5,0,"1,164",522
"배추, 유기재배, 생것",14,95.1,1.1,0,0.6,3.2,-,-,26,0.6,-,19,279,13,-,-,-
"배추, 봄동, 생것",23,92.4,1.81,0.21,0.83,4.78,2.16,2.2,99,0.73,16,47,243,30,0,"1,433",589
"배추, 봄동, 데친것",22,92.7,1.83,0.22,0.7,4.5,2,2.2,98,0.52,14,42,172,23,0,"1,466",614
"배추, 얼갈이배추, 생것",14,95.1,1.22,0.18,0.92,2.62,0.58,2,146,0.36,28,40,246,52,0,869,386
"배추, 얼갈이배추, 데친것",13,95.5,1.46,0.14,0.6,2.29,0.56,1.7,108,0.3,18,35,157,43,0,939,427
"배추, 얼갈이배추, 염절임",15,93.6,1.58,0.11,1.88,2.85,0.63,2.2,172,0.46,39,50,182,393,0,899,406
"백모근, 뿌리, 말린것",337,7,9,2,5,77,-,-,275,29,-,250,"1,054",115,-,-,-
"백합, 뿌리, 생것",118,68.9,3.34,1.52,1.33,24.91,0.44,-,9,0.65,25,78,538,2,-,"2,646","1,500"
"보리, 순, 가루",314,4.4,26.6,4.8,5.7,58.5,-,-,429,6.4,-,783,"1,438",282,-,-,-
"보리, 쌀보리, 순, 생것",24,92.6,2,0.3,0.5,4.6,-,-,40,1.6,-,62,239,18,-,-,-
"보리, 올보리, 순, 생것",66,80,3.1,1.1,1.9,13.9,-,-,24,5.3,-,27,-,-,-,-,-
"보리, 큰알보리, 순, 생것",24,92,2.91,0.27,0.83,3.99,0.52,3.1,19,2.22,20,65,211,62,0,"1,666",846
"보리, 큰알보리, 순, 동결건조",283,3.2,28.3,3.39,13.15,51.96,2.83,41.1,553,17.87,174,430,"5,374",282,0,"24,562","11,362"
"뽕잎, 생것",65,78.3,6.28,0.5,2.1,12.82,2.47,10.7,243,2.99,62,105,688,10,0,"4,047","1,984"
"뽕잎, 삶은것",48,84.5,4.86,0.53,1.11,9,0.41,8.1,204,1.22,43,98,267,6,0,"3,377","1,666"
"뽕잎, 삶아서 말린것",279,10.3,26.22,2.98,7.28,53.22,0,38.4,"1,348",11.37,308,625,"1,865",11,0,"24,596","11,625"
"뽕잎, 삶아서 말린것, 삶은것",51,83.8,5.9,0.55,0.83,8.92,0.1,8.7,272,1.87,44,100,46,3,0,"4,553","2,260"
"부지깽이(섬쑥부쟁이), 생것",30,90,3.65,0.43,1.02,4.9,1.21,4.6,75,0.93,27,72,371,15,0,"2,911","1,258"
"부지깽이(섬쑥부쟁이), 데친것",33,89.5,4,0.65,0.93,4.92,0.61,4.3,80,0.83,25,72,312,11,0,"2,650","1,213"
"부지깽이(섬쑥부쟁이), 말린것",258,14.2,25.7,2,8.1,50,-,-,112,-,-,404,-,-,-,-,-
"부지깽이(섬쑥부쟁이), 삶아서 말린것",296,7.8,25.09,2.88,5.16,59.07,5.2,31.1,571,9.49,145,468,"1,466",214,0,"22,729","10,136"
"부지깽이(섬쑥부쟁이), 삶아서 말린것, 삶은것",48,85.4,5.17,0.68,0.51,8.24,0.38,6.7,121,1.28,24,73,50,10,0,"3,567","1,793"
"부추, 두메부추, 생것",46,86.1,1.2,0.1,0.7,11.9,-,-,107,3.1,-,45,251,2,-,-,-
"부추, 산부추, 생것",41,86.2,3.5,0.1,1.4,8.8,-,-,14,0.3,-,82,225,15,-,-,-
"부추, 솔부추, 생것",21,93.3,1.58,0.25,0.54,4.32,1.69,1.3,41,0.58,12,29,277,0,0,809,369
"부추, 솔부추, 데친것",24,92.8,1.53,0.35,0.47,4.81,1.69,1.5,45,0.27,13,30,271,0,0,"1,258",575
"부추, 재래종, 생것",22,93,1.8,0.3,0.8,4.1,-,-,28,3.4,-,23,-,3,-,-,-
"부추, 재래종, 데친것",20,93.1,2.3,0.2,0.8,3.6,-,-,52,0.7,-,23,-,2,-,-,-
"부추, 호부추, 생것",30,90.5,2.06,0.33,0.88,6.23,2.86,4.8,59,0.83,17,42,396,0,0,"1,155",527
"부추, 호부추, 데친것",32,90,2.37,0.35,0.86,6.42,2.39,4.1,63,0.38,18,42,381,1,0,"1,766",808
"브로콜리, 생것",32,89.4,3.08,0.2,1,6.32,0.79,3.1,39,0.8,23,68,365,3,0,"2,214",998
"브로콜리, 데친것",28,90.7,2.8,0.31,0.85,5.34,0.4,3.1,37,0.68,20,60,301,4,0,"2,143","1,017"
"브로콜리, 삶은것",30,89.9,3.9,0.4,0.6,5.2,1.2,4.3,41,0.9,17,74,210,5,0,"-3,072","-1,356"
"브로콜리, 싹, 생것",31,90.9,3.81,0.92,0.57,3.8,0.91,1.8,73,0.66,50,101,85,16,0,"1,768",766
"브로콜리, 잎, 생것",38,88.1,2.2,0.4,1.2,8.1,-,-,173,0.3,-,37,103,18,-,-,-
"브로콜리, 잎, 말린것",258,11.2,15.4,2.8,15.3,55.3,-,-,"2,705",2.7,-,332,"1,707",193,-,-,-
"브로콜리, 잎, 삶아서 말린것",271,13.4,17.4,1.8,7.6,59.8,-,-,"1,716",3.9,-,364,671,35,-,-,-
"브로콜리, 가루",284,4.6,17.5,3.9,15.6,58.4,-,-,-,5.4,-,307,"1,468",145,-,-,-
"비비추(이밥추), 생것",48,84.4,3,0.6,1.9,10.1,-,-,121,5.4,-,22,742,3,-,-,-
"비타민채(다채), 생것",14,94.5,2.1,0.2,1.2,2,-,-,91,2.7,-,51,559,17,-,-,-
"비타민채(다채), 어린잎, 생것",15,94.5,2.26,0.5,1.27,1.44,0,0.9,142,9.74,39,53,391,31,0,"1,330",593
"비트, 뿌리, 생것",26,92.1,1.56,0.14,0.96,5.26,2.87,3.7,9,0.29,18,33,393,83,0,900,209
"비트, 뿌리, 데친것",23,93.3,1.28,0.13,0.67,4.66,2.82,3,8,0.28,14,27,309,69,0,821,212
"비트 피클, 통조림",65,81.88,0.8,0.08,0.96,16.28,11.05,0.8,11,0.41,15,17,115,149,0,605,212
"비트, 잎, 생것",16,92.9,2.2,0.1,2,2.8,-,-,57,4,-,54,494,254,-,-,-
"비트, 잎, 데친것",15,93.9,2.3,0.2,1.4,2.2,-,-,75,1.6,-,40,365,159,-,-,-
"비트, 어린잎, 생것",21,91.9,2.85,0.42,1.9,2.91,0.15,0.9,86,10.22,108,62,704,149,0,"1,826",755
"사탕무, 생것",77,78.5,1.8,0,1,18.7,-,-,11,0.8,-,30,343,61,-,-,-
"사탕수수, 생것",77,77.3,1.1,0,0.7,20.9,-,-,26,0.9,-,10,328,10,-,-,-
"산마늘(명이나물), 생것",36,89,2.02,0.21,0.56,8.21,3.8,4.1,53,0.59,14,41,309,0,0,"1,642",745
"산마늘(명이나물), 데친것",37,88.5,2.08,0.31,0.82,8.29,2.99,3.9,60,0.55,17,44,300,0,0,"1,723",780
산마늘(명이나물)장아찌,55,82.1,2.37,0.62,2.72,12.2,7.83,3.4,44,0.72,18,34,191,865,0,"1,925",916
"삼나물, 말린것",293,7.5,22.8,2.2,6.2,61.3,-,-,25,2.4,-,586,-,-,-,-,-
"삼붕냐와, 생것",27,92.1,1.62,1.09,1.35,3.84,0.24,3.8,108,1.05,48,17,295,186,-,"1,846",901
"삼채, 뿌리, 생것",49,86.2,0.77,0.04,0.84,12.15,3.21,4.8,64,5.78,38,63,195,15,0,612,275
"삼채, 잎, 생것",24,91.9,1.95,0.2,1.15,4.8,1.82,4.1,60,3.75,22,46,404,4,0,"1,381",548
"삼채, 줄기, 생것",19,93.7,0.78,0.09,0.78,4.65,1.31,3.8,95,0.64,24,44,25,2,0,624,286
"삼채, 잎줄기, 생것",23,92.4,1.55,0.13,0.93,4.99,0.81,2.8,60,0.83,20,49,318,2,0,"1,208",530
"삼채, 잎줄기, 데친것",28,91,2.04,0.27,0.92,5.77,0,3,71,0.73,21,46,296,3,0,"1,838",840
"상추, 잎상추, 치마상추, 녹색, 생것",20,92.9,1.88,0.36,1.38,3.48,1.22,2.4,95,3.41,30,50,591,17,0,"1,330",612
"상추, 잎상추, 적색, 생것",19,93.6,1.42,0.28,1.01,3.69,1.17,2.7,77,1.59,19,36,488,6,0,"1,142",539
"상추, 잎상추, 뚝섬적축면, 적색, 생것",14,95.5,1.1,0.3,0.7,2.4,-,-,41,1.5,-,20,379,5,-,-,-
"상추, 잎상추, 롤로로사, 적색, 생것",20,92.9,1.1,0.2,1.3,4.5,-,-,118,2.7,-,52,207,161,-,-,-
"상추, 잎상추, 적하계, 적색, 생것",19,93.5,1.7,0.2,0.9,3.7,-,-,55,1.4,-,19,429,5,-,-,-
"상추, 잎상추, 축면상추, 적색, 생것",15,95.1,1.31,0.21,0.62,2.79,1.03,1.6,42,0.96,15,29,298,6,0,"1,095",499
"상추, 잎상추, 치마상추, 적색, 생것",23,92.1,1.53,0.36,1.4,4.59,1.31,3.8,111,2.22,24,43,678,6,0,"1,161",561
"상추, 반결구, 로메인, 녹색, 생것",18,94.1,1.66,0.31,0.86,3.11,0.5,1.9,103,0.51,22,30,245,10,0,"1,131",540
"상추, 반결구, 로메인, 모스트청쌈, 녹색, 생것",15,94.9,1.6,0.3,0.88,2.36,0.5,1,84,0.42,18,25,199,8,0,920,440
"상추, 반결구, 버터헤드, 녹색, 생것",11,96.2,1.05,0.18,0.46,2.09,1.07,0.9,30,1.07,11,28,205,4,0,834,353
"상추, 반결구, 아시아아이스, 녹색, 생것",24,92.3,1.8,0.6,1.3,4,-,-,178,0.5,-,77,231,102,-,-,-
"상추, 반결구, 천상, 녹색, 생것",17,94.6,1.2,0.3,0.7,3.2,-,-,29,1.1,-,18,306,5,-,-,-
"상추, 반결구, 로메인, 적색, 생것",17,93.4,2.28,0.22,1.41,2.72,0.15,1.7,143,1.08,45,42,567,30,0,"1,054",549
"상추, 결구(양상추), 녹색, 생것",14,95.6,0.72,0.08,0.26,3.37,1.77,1.5,26,0.35,10,22,155,4,0,528,191
"상추, 결구(양상추), 녹색, 찐것",15,95.3,0.87,0.09,0.25,3.51,1.77,1.7,22,0.37,8,20,152,4,0,644,239
"상추, 결구, 아담, 녹색, 생것",9,97.3,0.9,0.2,0.3,1.3,-,-,38,1,-,24,329,6,-,-,-
"상추, 결구, 유레이크, 녹색, 생것",16,94.8,0.8,0.2,0.7,3.5,-,-,20,1.8,-,12,211,2,-,-,-
"상추, 결구, 풍성, 녹색, 생것",10,96.7,0.6,0.1,0.5,2.1,-,-,47,1.6,-,14,409,8,-,-,-
"생강, 뿌리줄기, 생것",42,88.2,0.97,0.15,0.86,9.82,0.45,2.6,18,0.95,37,33,337,4,0,"1,012",452
"생강, 뿌리줄기, 수입산, 생것",38,89,1.3,0.3,1,8.4,-,-,8,2.3,-,38,294,11,-,-,-
"생강, 편강, 당조림",364,9.8,0.7,0.86,0.25,88.35,19.9,-,30,0.53,10,7,100,6,0,425,151
생강 피클,15,89.2,0.3,0.2,5.9,3.9,-,2.2,22,0.2,6,5,25,"2,200",0,-300.7,-106.2
"선인장, 보검선인장, 열매, 생것",83,78.4,0.97,0.19,1.09,19.35,2.53,12.4,157,0.45,80,27,286,23,0,689,282
"선인장, 보검선인장, 줄기, 생것",34,89.8,1.03,0.12,1.9,7.15,0.43,5,524,0.44,126,15,316,17,0,777,331
"선인장, 저단선인장, 열매, 생것",91,76.6,0.8,0.38,1.22,21,6,14.7,222,0.38,63,59,316,0,0,809,296
"선인장, 저단선인장, 줄기, 생것",75,79.9,0.75,0.15,1.44,17.76,0,16.3,279,0.85,60,28,267,-,0,481,217
"섬초롱, 생것",41,86.8,3,0.4,1.3,8.5,-,-,94,4.1,-,60,950,2,-,-,-
"섬초롱, 데친것",34,89.5,2,0.2,0.7,7.6,-,-,70,1.7,-,43,173,1,-,-,-
"셀러리, 생것",17,93.9,1.04,0.07,1.04,3.95,0,2.2,88,0.28,12,36,343,70,0,715,250
"셀러리, 데친것",17,94,1.1,0.12,0.97,3.81,0,2.2,91,0.16,11,36,334,69,0,670,240
"소리쟁이, 잎, 말린것",259,10.2,21.7,2.2,13.3,52.6,-,-,703,12.4,-,203,"6,405",77,-,-,-
"쇠귀나물, 뿌리, 생것",128,65.5,6.3,0.1,1.5,26.6,-,2.4,5,0.8,34,150,600,3,0,-,-
"쇠귀나물, 뿌리, 데친것",129,65,6.2,0.1,1.5,27.2,-,2.8,5,0.8,32,140,550,3,0,-,-
"수리취(떡취), 생것",64,79.1,3.9,0.2,2.1,14.7,-,-,46,3.2,-,21,-,-,-,-,-
"숙주나물, 생것",13,95.6,1.73,0.05,0.28,2.34,0,1.7,13,0.22,8,27,84,4,0,"1,347",616
"숙주나물, 데친것",12,95.9,2.2,0.2,0.3,1.4,-,-,12,0.9,-,39,160,5,-,-,-
"숙주나물, 찐것",16,94.8,1.96,0.11,0.23,2.9,0,1.7,16,0.32,10,31,82,4,0,"1,508",706
"순무, 전체, 생것",27,91.6,1.5,0.09,1.16,5.65,2.11,2.7,99,0.93,27,37,350,59,0,"1,149",465
"순무, 전체, 데친것",28,91.7,1.32,0.09,0.85,6.03,2.48,2.2,62,0.64,18,40,338,25,0,960,363
"순무, 뿌리, 생것",32,90.8,1.09,0.21,0.71,7.17,4.1,2.2,43,0.46,14,37,290,46,0,748,264
"순무, 뿌리, 데친것",33,90.3,1.28,0.09,0.82,7.52,2.98,2.2,35,0.31,17,43,295,47,0,929,334
"순무, 잎, 생것",21,91.9,2.05,0.17,1.74,4.15,0.29,3,197,1.14,47,35,537,68,0,"1,535",702
"순무, 잎, 데친것",20,93,1.58,0.18,1.07,4.15,0.25,3.1,157,0.94,31,28,388,26,0,"1,140",562
"스테비아, 생것",40,87,2.4,0.32,1.57,8.71,0,5.4,200,1.23,84,59,412,1,0,"1,871",858
"스테비아, 말린것",303,5.6,14.2,2,7.7,70.5,-,63,736,38.9,-,349,"1,974",111,-,-,-
"시금치, 생것",29,89.6,3.35,0.39,1.79,4.86,0.4,3.1,66,2.49,77,75,691,23,0,"2,678","1,233"
"시금치, 노지, 생것",29,89.1,4.15,0.43,1.95,4.4,0,3.2,59,2.73,84,97,790,20,0,"3,186","1,451"
"시금치, 하우스, 생것",27,90.1,2.6,0.33,1.87,5.08,1.6,2.9,42,1.22,76,66,813,37,0,"2,223","1,010"
"시금치, 섬초, 생것",24,91.5,3.11,0.34,1.33,3.76,0,3.1,59,2.06,73,57,495,16,0,"2,338","1,071"
"시금치, 포항초, 생것",35,87.8,3.56,0.46,2.01,6.22,0,3.3,106,3.93,74,81,666,20,0,"2,966","1,400"
"시금치, 데친것",34,88.6,4.02,0.61,1.48,5.26,0.16,3.5,86,1.79,64,73,565,29,0,"3,376","1,578"
"시금치, 노지, 데친것",37,87.8,4.78,0.79,1.43,5.21,0,3.6,81,1.31,61,86,571,13,0,"4,068","1,888"
"시금치, 하우스, 데친것",32,89.2,3.01,0.49,1.48,5.84,0.63,3.4,51,0.85,57,63,652,31,0,"2,606","1,201"
"시금치, 섬초, 데친것",32,89.1,4.12,0.55,1.42,4.8,0,3.3,122,3.45,74,66,460,15,0,"3,443","1,612"
"시금치, 포항초, 데친것",34,88.4,4.19,0.63,1.61,5.19,0,3.7,90,1.54,65,76,576,57,0,"3,387","1,613"
"신선초(명일엽), 생것",24,92,1.08,0.14,1.12,5.66,1.95,2.8,158,1.33,17,33,346,31,0,774,365
"쌈추, 생것",25,91.1,3.07,0.23,1.31,4.29,0,3.2,129,2.57,32,69,473,29,0,"2,348","1,098"
"쌈추, 싸미나, 생것",20,92.5,2.7,0.3,1.5,3,-,-,134,2,-,33,499,53,-,-,-
"쑥, 생것",37,87.3,3.4,0.38,1.88,7.04,0,5.9,109,8.14,32,69,652,3,0,"3,069","1,306"
"쑥, 데친것",39,87.9,3.71,0.63,0.97,6.79,0,6,111,1.57,24,66,290,3,0,"3,235","1,613"
"쑥, 말린것",272,5.2,25.8,2.05,13.15,53.8,0.16,44.4,944,78.15,260,519,"5,140",39,0,"20,043","7,973"
"쑥, 사자발쑥, 생것",56,83,2.6,0.5,1.2,12.7,-,4.9,58,4,-,49,337,3,-,-,-
"쑥, 사자발쑥, 데친것",55,83.4,1.9,0.3,1.1,13.3,-,-,116,3.1,-,53,494,13,-,-,-
"쑥갓, 생것",15,94.6,1.93,0.17,0.95,2.35,0,2.4,91,0.79,18,36,239,145,0,"1,341",681
"쑥갓, 데친것",21,92.8,2.1,0.3,1,3.8,0,2.9,109,0.62,17,43,255,135,0,"1,539",731
"쑥부쟁이, 생것",26,91.6,2.92,0.72,1.23,3.53,0.08,3,68,1.26,28,60,576,1,-,"4,125","1,449"
"씀바귀, 생것",43,85.8,2.9,0.4,1.7,9.2,-,-,74,1.1,-,45,440,36,-,-,-
"씀바귀, 데친것",31,90,2.6,0.2,0.9,6.3,-,-,81,0.8,-,35,152,19,-,-,-
"씀바귀, 뿌리, 생것",71,80.5,2.54,0.13,0.59,16.24,5.05,4,33,1.57,34,66,192,3,0,"1,644",967
"아스파라거스, 생것",17,94.5,2.02,0.34,0.61,2.53,1.35,1.7,11,0.47,13,55,293,3,0,"1,432",537
"아스파라거스, 데친것",17,94.3,2.08,0.19,0.57,2.81,1.24,2.8,10,0.49,13,52,275,4,0,"1,492",552
"아스파라거스, 통조림",14,94.4,1.1,0.1,1.4,3,-,-,14,12,-,26,104,387,-,-,-
"아스파라거스, 하얀색, 생것",21,93.6,1.85,0.53,0.51,3.51,3.49,1.9,11,0.21,7,34,205,0,-,"1,548",464
"아욱, 생것",37,87.4,3.08,0.31,1.57,7.64,0,4.5,267,0.57,68,76,426,37,0,"2,766","1,277"
"아욱, 데친것",31,89.7,3.52,0.49,1.09,5.2,0,3.9,178,0.68,34,73,340,17,0,"2,934","1,398"
"아이비카, 닥풀, 말린것",260,11.1,27.7,4.4,13.1,43.7,-,-,285,0.5,-,291,-,-,-,-,-
"아주까리, 순, 말린것",287,8.1,36.8,3.1,4,48,-,-,"1,128",25.1,-,444,815,50,-,-,-
"아주까리, 잎, 생것",82,73.3,5.8,0.5,2.6,17.8,-,-,661,4,-,86,298,7,-,-,-
"아티초크, 생것",47,84.94,3.27,0.15,1.13,10.51,0.99,5.4,44,1.28,60,90,370,94,0,-,-
"아티초크, 삶은것",53,84.08,2.89,0.34,0.74,11.95,0.99,5.7,21,0.61,42,73,286,60,0,-,-
"아티초크, 냉동",38,88.59,2.63,0.43,0.6,7.75,-,3.9,19,0.5,27,58,248,47,0,-,-
"아티초크, 냉동, 삶은것",45,86.5,3.11,0.5,0.71,9.18,0.84,4.6,21,0.56,31,61,264,53,0,-,-
"알로에, 과육, 생것",3,99.1,0.1,-,0.1,0.7,-,0.4,14,0.2,-,3,92,13,-,-,-
알로에 음료,40,88.8,0,0,0.11,11.09,9.21,0.7,58,0.11,1,1,13,20,0,0,0
"알팔파, 싹, 생것",21,92.8,3.53,0.2,0.33,3.14,0.34,2.6,19,1.01,18,73,79,5,0,"2,611","1,014"
"양배추, 생것",29,91,1.36,0.12,0.58,6.98,4.4,2.5,45,0.22,14,32,252,9,0,"1,127",344
"양배추, 데친것",32,90,1.51,0.12,0.61,7.77,3.56,2.4,43,0.31,14,38,240,7,0,"1,213",362
"양배추, 삶은것",19,94.3,0.8,0.1,0.31,4.52,2.79,1.6,46,0.17,11,20,148,7,0,716,219
"양배추, 찐것",28,91.3,1.34,0.12,0.54,6.75,4.13,2.4,37,0.25,13,31,236,4,0,"1,195",355
"양배추, 적색, 생것",35,89,2.23,0.21,0.86,7.69,4.14,2.8,30,0.47,17,43,344,6,0,"1,447",505
"양배추, 적색, 삶은것",26,91.4,2.21,0.16,0.7,5.51,3.04,2.2,35,0.48,18,48,279,6,0,"1,495",534
"양배추, 적색, 찐것",32,89.8,2.34,0.19,0.9,6.8,3.91,2.6,35,0.46,21,54,333,6,0,"1,563",570
"양배추, 적색, 싹, 생것",39,89.7,3.38,1.77,0.55,4.6,0.73,3.4,59,1.15,40,99,94,8,0,"2,625","1,195"
"양배추 샐러드, 코울슬로",153,73.42,0.95,9.91,0.84,14.89,12.19,1.9,30,0.22,8,20,129,203,-,-,-
"양파, 생것",29,92,0.96,0.17,0.33,6.52,4.71,1.6,16,0.2,9,27,148,2,0,726,363
"양파, 데친것",28,92.3,0.9,0.16,0.3,6.36,4,1.5,14,0.2,8,25,126,2,0,689,333
"양파, 찐것",31,91.4,1.08,0.18,0.38,6.97,4.39,1.6,16,0.2,9,28,152,1,0,786,392
"양파, 말린것",340,5.9,11.7,1,3.4,78,-,-,36,1.9,-,298,"1,726",7,-,-,-
"양파, 적색, 생것",29,91.9,0.85,0.09,0.37,6.82,5.43,1.2,17,0.19,10,28,146,1,0,681,304
"양파, 적색, 데친것",27,92.5,0.88,0.1,0.3,6.23,5.02,1.1,16,0.14,9,26,136,2,0,742,331
"양파, 레드프라임, 생것",37,90,0.86,0.11,0.35,8.66,6.52,1.5,9,0.18,5,25,142,2,0,670,298
"양파, 썬파워, 생것",32,91.3,0.88,0.18,0.33,7.29,5.5,1,12,0.08,4,25,134,2,0,607,257
"양파, 샬롯, 생것",80,79.6,2.28,2.54,0.74,14.84,2.1,-,6,0.48,17,56,333,0,-,"2,451","1,352"
"양파링, 튀김옷, 냉동",258,51.22,3.15,14.1,1,30.53,-,1.8,46,0.93,14,49,190,246,0,"3,077","1,128"
"양파링, 튀긴것(튀김옷)",411,24.52,3.86,25.23,2.82,43.58,5.43,2.7,115,0.78,19,158,167,776,0,-,-
양파 장아찌,85,73,1.59,0.05,4.35,20.99,15.24,2,15,0.47,20,36,181,"1,442",0,"1,498",617
"양하, 생것",13,95.6,0.6,0.1,0.9,2.8,-,-,15,-,-,10,270,1,-,-,-
"어수리, 생것",31,88.5,4.4,0.3,1.8,5,-,-,7,6.1,-,35,-,-,-,-,-
"어수리, 잎, 생것",45,84.9,2.4,0.3,2,10.4,-,-,299,7.8,-,89,872,16,-,-,-
"음나무(엄나무), 잎, 생것",41,86,6.94,0.67,1.19,5.2,0.36,4,47,0.9,41,159,435,1,0,"4,457","2,100"
"음나무(엄나무), 잎, 데친것",37,87.3,7.05,0.75,1.04,3.86,0,3.5,49,0.71,37,133,347,3,0,"4,625","2,074"
"엉겅퀴, 말린것",267,8.6,22.4,1.6,11.8,55.6,-,-,435,10.8,-,290,"1,120",7,-,-,-
"엉겅퀴, 삶아서 말린것",279,8,27.4,2.2,8.2,54.2,-,-,156,10.9,-,330,681,7,-,-,-
"여주(고야), 생것",22,93.3,1.28,0.36,0.58,4.48,0.36,3.7,15,0.15,11,27,253,0,-,"2,321","1,183"
"연근, 생것",75,80,1.63,0.07,1.02,17.28,1.81,3.3,28,0.8,23,75,478,21,0,"1,396",447
"연근, 데친것",62,84,1.07,0.08,0.44,14.41,0.59,2.8,20,0.29,10,43,172,6,0,873,339
연근 조림,261,34.3,2.1,1.3,2.1,60.2,-,4.3,23,5.4,-,27,100,668,-,-,-
"열대비름(아마란스), 잎, 생것",45,84.2,5.8,0.9,2.6,6.5,-,-,172,2.3,-,52,-,-,-,-,-
"열대비름(아마란스), 어린잎, 생것",21,91.4,2.99,0.35,2.14,3.11,0,1,300,7,208,81,595,18,0,"2,118",926
"열무, 생것",14,94.8,1.86,0.22,0.98,2.18,0.38,1.8,127,1.13,34,41,329,73,0,"1,803",895
"열무, 데친것",17,94.3,2.12,0.24,0.71,2.62,0.37,1.9,107,0.63,25,41,186,55,0,"1,962",974
"염교(락교), 뿌리줄기, 생것",83,68.3,1.4,0.2,0.8,29.3,-,20.7,14,0.5,14,35,230,2,0,"1,025",465
염교(락교),93,74.3,0.52,1,2.4,21.79,18.72,2.6,21,2.83,1,8,20,840,0,419,193
"영아자, 생것",34,88.1,2.5,0.1,1.6,7.7,-,-,57,3.1,-,55,-,14,-,-,-
"영아자, 데친것",36,88.6,2.5,0.2,0.9,7.8,-,-,52,1.6,-,49,397,6,-,-,-
"영아자, 말린것",278,7.2,23.8,3.1,11.5,54.4,-,-,790,10.6,-,312,"1,876",15,-,-,-
"오이, 겨울살이청장, 생것",13,95.7,0.8,0,0.4,3.1,-,-,18,0.5,-,23,195,3,-,-,-
"오이, 늙은오이, 생것",9,96.6,1.19,0.03,0.47,1.71,0.85,1.5,17,0.17,14,25,200,5,0,702,123
"오이, 다다기, 생것",13,95.7,1.06,0.05,0.43,2.79,1.51,0.6,18,0.2,14,39,196,3,0,668,215
"오이, 취청, 생것",12,96.1,0.95,0.04,0.39,2.55,1.77,0.8,34,0.18,13,23,161,2,0,652,222
오이 피클,91,71.6,0.38,0.12,2.83,25.07,22.69,2.1,51,0.25,2,5,36,"1,040",0,160,77
"오이지, 염절임",11,92.6,0.55,0.1,4.36,2.35,0.54,1.3,42,0.39,3,8,55,"1,647",0,464,227
"오크라, 생것",26,90.2,2.1,0.2,0.9,6.6,1.9,5,92,0.5,51,58,260,4,0,"1,738",692
"오크라, 데친것",29,89.4,2.1,0.1,0.8,7.6,-2.1,5.2,90,0.5,51,56,280,4,0,"-1,692",-670
"옥수수, 순, 생것",40,89.2,1.7,0.3,0.6,8.2,-,-,10,0.4,-,53,-,-,-,-,-
"우엉, 생것",69,81,2.61,0.06,1.04,15.29,2.87,4.6,46,0.8,43,87,406,6,0,"1,444",779
"우엉, 데친것",52,86.1,1.88,0.09,0.59,11.34,0.69,5.4,41,0.68,35,66,212,5,0,"1,249",686
"우엉, 장조림",149,60.3,2.1,0.3,2.93,34.37,17.4,4.8,40,0.91,33,49,95,"1,092",0,"1,898",814
"울금, 생것",87,78.5,1.8,2.56,1.42,15.77,3.83,3.1,16,0.6,42,67,599,11,0,0,0
울외장아찌,67,74.2,5.1,0.3,7.3,13.1,-,-,12,0.8,-,60,"8,075","3,487",-,-,-
"원추리, 생것",35,88.7,3.55,0.36,0.91,6.48,2.51,2.2,22,3.51,16,68,390,1,0,"2,201",982
"원추리, 데친것",28,90.7,3.22,0.29,0.7,5.09,1.78,2.3,17,0.97,10,53,329,1,0,"2,071",900
"유채, 싹, 생것",78,84.5,3.4,4.6,0.7,6.8,-,6.4,36,1.2,-,152,141,5,-,-,-
"유채, 잎, 생것",30,89.5,3.89,0.31,1.32,4.98,0.58,3.3,185,1.4,28,68,441,12,0,"3,097","1,433"
"유채, 잎, 데친것",29,90.1,4.36,0.38,0.99,4.15,0.49,3.6,157,0.97,27,65,279,12,0,"2,725","1,345"
"유채, 동채, 생것",29,89.7,4.13,0.32,1.28,4.6,0.6,3.4,174,1.45,29,70,428,11,0,"3,107","1,425"
"유채, 동채, 데친것",31,89.6,4.45,0.4,1,4.6,0.62,3.8,165,0.94,30,64,272,15,0,"2,841","1,446"
"유채, 잎줄기, 생것",36,88.3,4.1,0.4,1.1,6,-,3.7,97,0.9,28,78,410,12,0,"-3,883","-1,836"
"유채, 잎줄기, 데친것",30,90,3.6,0.4,0.7,5.3,-,4.1,95,0.7,19,71,210,10,0,"-3,388","-1,597"
"잇꽃(홍화), 잎, 생것",45,85.7,3.9,0.4,1.9,9,-,-,244,1.4,-,40,566,5,-,-,-
"자운영, 생것",40,87.2,4.6,0.6,1,6.6,-,-,3,6.1,-,47,-,-,-,-,-
"잔대, 뿌리, 생것",79,78.2,2.1,0.2,0.9,18.6,-,7.3,50,3.4,-,70,208,8,-,-,-
"잔대, 순, 생것",55,84.2,3.4,0.9,1.6,9.9,-,6.1,82,1.1,-,81,525,1,-,-,-
"적양무, 어린잎, 생것",19,92.9,2.54,0.42,1.61,2.54,0.22,0.8,166,10.95,55,60,508,70,0,"1,620",650
"전호, 생것",23,90.8,3.1,0.1,1.8,4.2,-,-,161,5.3,-,54,849,62,-,-,-
"제비쑥, 생것",35,88.2,4.5,0.7,1.6,5,-,-,88,7.9,-,61,-,-,-,-,-
"조뱅이, 생것",47,84.5,4,0.2,1.2,10.1,-,-,7,0.3,-,118,-,-,-,-,-
"줄나물, 말린것",236,18.7,29.7,1.7,8,41.9,-,-,31,4.8,-,649,-,-,-,-,-
"진달래꽃, 생것",26,92.2,1,0.1,0.4,6.3,-,-,22,1.6,-,16,86,17,-,-,-
"질경이, 생것",48,83.8,3,0.2,2.2,10.8,-,-,119,1.5,-,56,383,16,-,-,-
"질경이, 데친것",45,85.8,2.4,0.1,1,10.7,-,-,95,1.6,-,39,116,14,-,-,-
"참나물, 야생, 생것",39,86.7,3.5,0.4,1.8,7.6,-,-,102,2,-,71,955,4,-,-,-
"참나물, 야생, 말린것",309,6.1,5.9,3.5,10.2,74.3,-,-,54,2.2,-,11,-,-,-,-,-
"참나물, 재배, 생것",20,92.8,1.58,0.19,1.34,4.09,0,2.6,57,1.38,27,48,582,18,0,915,438
"참나물, 재배, 데친것",22,92.8,1.39,0.23,1.04,4.54,0,2.7,68,0.55,27,39,412,16,0,994,477
"참나물, 재배, 말린것",308,5.2,8.5,3.8,10.9,71.6,-,-,36,3.6,-,17,-,-,-,-,-
"참반디, 말린것",288,8,12.6,2.7,11,65.7,-,-,934,10.9,-,518,"1,487",6,-,-,-
"참빗살나무, 잎, 생것",61,80.1,7.4,0.7,1.5,10.3,-,-,154,4.4,-,205,730,2,-,-,-
"참죽나물, 순, 생것",47,84.2,6.31,0.58,1.39,7.52,1.41,4.9,102,2.02,42,119,489,3,0,"4,230","1,577"
"참죽나물, 순, 데친것",43,86.1,5.32,0.62,1.03,6.93,1.06,5.2,92,1.36,34,99,336,2,0,"3,727","1,502"
"참죽나물, 순, 삶아서 말린것",269,11.3,34.44,3.13,6.59,44.58,6.8,34.2,613,9.11,189,691,"2,054",11,0,"33,219","12,614"
"참죽나물, 순, 삶아서 말린것, 삶은것",52,83.2,7.28,0.74,0.89,7.94,0.38,5.3,128,1.7,35,132,201,4,0,"5,630","2,320"
"청경채, 생것",10,95.9,1.41,0.09,0.96,1.64,0,1.2,87,0.38,23,40,366,17,0,914,373
"청경채, 데친것",11,95.6,1.6,0.13,0.86,1.81,0,1.3,82,0.37,21,39,316,15,0,"1,099",477
"청경채, 어린잎, 생것",16,94,2.59,0.32,1.25,1.86,0.29,0.3,161,2.56,38,52,436,45,0,"1,714",689
"초석잠, 뿌리, 생것",76,79.2,2.3,0.56,0.94,17,0.17,2.7,14,0.89,23,77,478,1,-,"2,061",856
"총각무, 전체, 생것",23,92.5,1.38,0.11,0.87,5.14,2.32,2.7,82,0.88,25,35,261,29,0,952,416
"총각무, 뿌리, 생것",25,92.7,1.06,0.06,0.67,5.51,2.63,1.6,34,0.34,13,40,234,27,0,657,290
"총각무, 잎, 생것",23,92.2,1.97,0.31,1.26,4.25,1.08,3,215,1.36,40,48,273,48,0,"1,608",785
"취나물, 개미취, 생것",53,82.7,4.2,0.3,1.5,11.3,-,-,83,2.4,-,73,661,38,-,-,-
"취나물, 곰취, 생것",32,89.6,2.64,0.53,1.37,5.87,0.49,4.1,160,1.22,41,50,470,2,0,"1,974",948
"취나물, 곰취, 데친것",32,89.7,2.76,0.58,1.12,5.85,0.4,3.7,144,0.89,34,47,375,1,0,"2,399","1,164"
"취나물, 곰취, 야생, 말린것",307,6.8,5.1,4.9,12.1,71.1,-,-,45,2.1,-,31,-,-,-,-,-
"취나물, 곰취, 재배, 말린것",306,5.7,8,4.7,12.4,69.2,-,-,42,1.5,-,24,-,-,-,-,-
"취나물, 미역취, 생것",48,84.6,3.7,0.6,1.5,9.6,-,-,93,3,-,77,669,20,-,-,-
"취나물, 미역취, 삶아서 말린것",271,15.1,15.22,4.21,9.9,55.54,3.28,40.8,617,19.8,157,308,"3,739",276,0,"12,035","5,602"
"취나물, 미역취, 삶아서 말린것, 삶은것",39,88.7,2.34,0.71,0.53,7.74,0.07,6.9,115,2.59,20,21,120,12,0,"2,048",994
"취나물, 참취, 생것",51,83.9,2.61,0.38,1.45,11.66,2.55,4.8,134,5.99,19,63,556,5,0,"2,467","1,063"
"취나물, 참취, 데친것",49,85.1,2.77,0.5,1.09,10.54,0.63,4.5,124,2.66,16,63,449,8,0,"2,698","1,111"
"취나물, 참취, 말린것",265,11.7,22.2,2.3,10.2,53.6,-,-,231,8.8,-,175,-,-,-,-,-
"취나물, 참취, 말린것, 삶은것",55,83.2,3,0.5,1,12.3,-,11.3,76,4.5,-,25,151,15,-,-,-
"취나물, 참취, 삶아서 말린것",299,5.4,26.85,3.67,7.26,56.82,3.43,38.5,745,18.86,114,405,"2,441",70,0,"23,529","10,042"
"취나물, 참취, 삶아서 말린것, 데친것",49,85.3,4.9,0.97,0.61,8.22,0,7.1,161,2.45,18,65,86,5,0,"3,758","1,800"
"치커리, 뿌리, 생것",72,80,1.4,0.2,0.89,17.51,8.73,1.5,41,0.8,22,61,290,50,0,-,-
"치커리, 잎, 생것",19,93.4,1.85,0.33,1.07,3.32,0.51,2.3,86,1.02,23,31,457,58,0,"1,290",537
"치커리, 잎, 적색, 생것",20,92.8,2.08,0.37,1.35,3.45,0.18,1.5,94,0.34,38,45,558,47,0,"1,388",562
"치커리, 치콘, 생것",15,95,1.16,0.15,0.45,3.19,0.26,2,14,0.55,9,26,220,9,0,"1,105",372
"치커리, 치콘, 적색, 생것",13,95.5,1.26,0.14,0.57,2.52,0.24,1.8,23,0.5,11,25,237,3,0,988,349
"케일, 생것",26,89.9,3.11,0.24,2.14,4.61,0,3.2,328,0.81,62,61,594,47,0,"2,126","1,033"
"케일, 꽃케일, 생것",33,88.5,3.3,0.2,1.5,6.5,-,-,292,3.3,-,66,195,103,-,-,-
"케일, 로얄채, 생것",49,84.6,2.7,0.3,1.3,11.1,-,-,152,3.9,-,52,572,11,-,-,-
"케일, 꽃케일, 적색, 생것",31,89.7,3.1,0.3,1.1,5.8,-,-,89,3.5,-,35,232,65,-,-,-
"케일, 하우스, 생것",22,91.6,2,0.3,1.9,4.2,-,4.4,268,1.3,-,52,533,50,-,-,-
"콜라비, 생것",22,92.8,1.16,0.05,0.83,5.16,1.55,2.4,42,0.27,14,43,312,7,0,821,325
"콜라비, 데친것",20,93.1,1,Tr,0.6,5.2,-2.3,2.3,27,0.2,14,28,210,7,0,-650.2,-176.9
"콩나물, 생것",43,90.1,4.66,1.19,0.64,3.44,0.47,2.2,41,0.63,31,79,218,3,0,"4,630","1,817"
"콩나물, 삶은것",42,90.7,4.32,1.36,0.43,3.18,0.38,2.1,42,0.53,28,66,122,3,0,"4,192","1,666"
"콩나물, 가루",409,5.5,45.4,11.6,5.8,31.7,-,-,354,9.8,-,634,"1,838",41,-,-,-
"콩잎, 잎, 생것",94,69.9,6.6,0.3,2.2,21,-,-,33,1.6,-,120,-,-,-,-,-
"토란대, 줄기, 생것",16,94.6,0.28,0.05,0.82,4.25,1.52,1.3,65,0.35,7,21,430,1,0,190,94
"토란대, 줄기, 데친것",20,93.6,0.4,-,0.7,5.3,-,-,91,0.1,-,39,125,1,-,-,-
"토란대, 줄기, 말린것",261,14.6,7.4,1.1,11.4,65.5,-,-,"1,050",8.1,-,220,"3,676",11,-,-,-
"토란대, 줄기, 말린것, 데친것",20,94,0.5,0.1,0.5,4.9,-,-,270,1.3,-,19,240,2,-,-,-
"토마토, 생것",19,93.9,1.03,0.18,0.63,4.26,2.37,2.6,9,0.19,10,29,250,2,0,561,171
"토마토, 데친것",17,94.4,0.7,0.14,0.7,4.06,2.08,0.9,8,0.15,10,29,251,2,0,549,162
"토마토, 대저, 생것",23,92.7,0.76,0.04,0.63,5.87,1.45,1.9,7,0.21,13,24,325,6,0,733,174
"토마토, 대저, 데친것",26,91.8,0.94,0.06,0.7,6.5,3.85,1.7,8,0.28,15,29,329,7,0,626,190
"토마토, 방울토마토, 생것",25,92.3,1,0.13,0.55,6.02,3.89,2.1,10,0.37,12,28,209,5,0,885,234
"토마토, 유기재배, 생것",17,94.6,0.9,0.1,0.5,3.9,-,-,5,0.6,-,14,304,15,-,-,-
"토마토, 흑토마토, 생것",21,93.6,0.68,0.04,0.46,5.22,2.96,0.9,11,0.26,9,30,202,2,0,583,165
"토마토, 흑토마토, 데친것",19,94.1,0.66,0.03,0.43,4.78,2.74,1.2,11,0.27,9,32,204,2,0,564,160
토마토 음료,41,88.4,0.4,0.02,0.26,10.92,8.4,1.3,4,0.11,4,8,97,27,0,370,79
"토마토, 통조림",21,93.3,0.9,0.2,1.2,4.4,-3.6,1.3,9,0.4,13,26,240,4,0,"-1,058.30",-246.2
"토마토, 통조림, 페이스트",98,73.5,4.22,0.24,2.36,19.68,11.78,4.7,54,1.43,58,98,959,113,0,"3,395",744
"토마토, 통조림, 퓌레",44,86.9,1.9,0.1,1.2,9.9,-5.2,1.8,19,0.8,27,37,490,19,0,"-1,566",-353
"토스카노(잎브로콜리), 생것",40,86.4,4.7,0.6,1.6,6.7,-,-,254,0.4,-,46,263,189,-,-,-
"파, 생것",29,91.4,1.2,0.2,0.5,6.7,-,-,25,1,-,26,239,17,-,-,-
"파, 골파, 생것",29,91,1.5,0.2,0.8,6.5,-,-,83,0.4,-,36,237,4,-,-,-
"파, 쪽파, 생것",26,91.6,1.69,0.17,0.76,5.8,3.32,2.4,60,1.71,16,34,303,1,0,"1,072",425
"파, 쪽파, 삶은것",31,90.2,1.71,0.17,0.67,7.27,2.74,2.2,49,0.78,16,26,259,2,0,"1,114",469
"파, 대파, 생것",23,92.8,1.78,0.15,0.47,4.8,2.63,1.6,24,0.82,10,30,181,0,0,"1,082",408
"파드득나물(삼엽채), 생것",25,90.8,1.8,0.1,1.8,5.5,-,-,81,4.2,-,45,705,15,-,-,-
"파슬리, 생것",20,92.6,2.36,0.26,1.45,3.37,0.44,2.2,149,2.8,31,56,638,10,0,"1,726","1,018"
"파프리카, 노란색, 생것",24,92.7,0.77,0.12,0.46,5.95,2.79,1.3,7,0.3,9,26,209,0,0,660,223
"파프리카, 노란색, 데친것",25,92.4,0.79,0.13,0.47,6.21,2.76,1.2,7,0.34,9,25,197,1,0,654,208
"파프리카, 빨간색, 생것",26,92,0.91,0.13,0.54,6.42,2.65,1.6,6,0.37,10,27,234,0,0,735,231
"파프리카, 빨간색, 데친것",28,91.5,0.92,0.13,0.54,6.91,2.68,1.7,8,0.32,10,27,222,1,0,792,262
"파프리카, 주황색, 생것",24,92.4,1.02,0.12,0.58,5.88,5.26,1.3,7,0.51,10,22,269,0,0,877,273
"파프리카, 주황색, 데친것",27,91.8,1.06,0.12,0.57,6.45,5.38,1.6,8,0.63,11,25,262,0,0,889,278
"미니파프리카, 노란색, 생것",41,89.1,1.01,1.09,0.5,8.32,8.8,-,9,0.51,9,25,241,2,-,"1,262",433
"미니파프리카, 빨간색, 생것",41,89,1.07,0.94,0.54,8.49,7.45,-,10,0.38,10,25,256,2,-,"1,137",395
"미니파프리카, 주황색, 생것",38,89.5,0.97,0.79,0.49,8.22,6.28,-,9,0.68,9,23,240,3,-,"1,109",382
"피망, 빨간색, 생것",28,91.2,1.17,0.09,0.6,6.94,3.02,2,9,0.35,13,28,257,1,0,"1,044",353
"피망, 빨간색, 데친것",33,89.8,1.24,0.11,0.67,8.18,3.13,2.2,13,0.46,14,29,265,1,0,"1,050",358
"피망, 초록색, 생것",22,93.2,0.9,0.04,0.5,5.36,1.35,2.7,14,0.5,12,25,187,1,0,667,244
"피망, 초록색, 데친것",23,92.9,0.92,0.06,0.53,5.59,1.16,2.6,14,0.4,13,28,203,2,0,721,249
"할라페뇨, 통조림",27,88.89,0.92,0.94,4.51,4.74,2.14,2.6,23,1.88,15,18,193,"1,671",0,748,307
"해바라기, 싹, 생것",9,96.4,2.2,0.1,0.4,0.9,-,-,31,0.7,-,44,83,36,-,-,-
"호박, 싹, 생것",38,89.7,4.5,1.7,0.5,3.6,-,-,5,0.7,-,148,130,4,-,-,-
"호박, 잎, 생것",45,84.1,4.83,0.38,2.26,8.43,0.84,5,285,2.49,126,131,627,0,0,"3,333","1,651"
"호박, 잎, 데친것",32,89.1,3.09,0.34,1.33,6.14,0.33,3.3,201,1.32,77,77,339,2,0,"2,357","1,216"
"호박, 잎, 찐것",49,83.2,4.84,0.49,2.28,9.19,0.7,5.4,293,2.62,126,134,646,3,0,"3,076","1,482"
"호박, 국수호박, 생것",18,94.2,0.6,0.1,0.7,4.4,-,2,19,0.1,-,31,330,1,-,-,-
"호박, 국수호박, 데친것",16,95.1,0.5,0.1,0.5,3.8,-,2.1,18,0.2,-,21,256,1,-,-,-
"호박, 늙은호박, 생것",38,89.7,0.88,0.17,0.8,8.49,3.5,1.8,21,0.24,11,46,336,1,0,768,231
"호박, 늙은호박, 데친것",30,90.3,1.7,0.1,1,6.9,-,-,7,0.3,-,32,494,0,-,-,-
"호박, 늙은호박, 삶은것",24,93.7,0.6,0.13,0.36,5.23,2.55,1.4,20,0.06,4,19,139,0,0,534,191
"호박, 늙은호박, 찐것",40,89.1,1.09,0.14,0.8,8.88,4.93,2.3,21,0.87,10,45,313,0,0,928,308
"호박, 늙은호박, 말린것",333,10.7,7.6,2.42,6.93,72.33,37.86,17.6,243,1.93,90,298,"2,815",4,0,"5,626","1,128"
"호박, 단호박, 생것",57,83.6,1.19,0.65,0.93,13.63,4.74,5,12,0.36,17,37,419,0,0,"1,072",497
"호박, 단호박, 데친것",30,90.3,1.7,0.1,1,6.9,-,-,7,0.3,-,32,494,0,-,-,-
"호박, 단호박, 찐것",66,81,1.72,0.84,0.99,15.45,7.34,5.1,15,0.43,18,48,435,0,0,"1,301",522
"호박, 애호박, 생것",22,93.1,1.07,0.09,0.6,5.14,2.43,2.2,15,0.23,13,38,224,0,0,780,313
"호박, 애호박, 데친것",21,93.4,1.05,0.1,0.57,4.88,2.08,1.7,18,0.24,15,34,212,0,0,774,311
"호박, 애호박, 말린것",284,9.2,13.75,1.11,8.3,67.64,41.33,19.9,267,3.03,216,565,"3,735",4,0,"9,543","3,866"
"호박, 애호박, 말린것, 데친것",31,90.5,2.24,0.26,0.46,6.54,0.67,5.8,48,0.56,20,37,129,3,0,"1,248",610
"호박, 쥬키니, 생것",23,92.9,1.02,0.1,0.48,5.54,2.34,1.8,29,0.54,24,50,282,1,0,778,346
"호박, 쥬키니, 데친것",11,96.1,0.9,0,0.6,2.4,-,-,17,0.3,-,28,238,2,-,-,-
"호박, 쥬키니, 삶은것",12,96.2,0.82,0.07,0.36,2.52,1.35,1,19,0.66,12,23,86,1,0,672,299
"호박, 차요테, 초록색, 생것",21,94.3,0.59,0.46,0.28,4.37,2.32,-,23,0.22,13,18,136,0,-,514,262
"호박, 차요테, 하얀색, 생것",19,94.4,0.61,0.33,0.39,4.27,2.54,1.7,21,0.19,16,22,176,0,-,919,465
호박즙,21,93.9,0.64,0,0.73,4.73,3.53,0.9,13,0.13,13,29,271,0,0,427,85
"화살나무(홑잎), 순, 생것",96,71.3,4.77,0.84,1.5,21.59,3.32,17.2,262,2.95,83,74,415,1,0,"2,965","1,472"
"화살나무(홑잎), 순, 데친것",78,76.9,4.03,0.94,1.1,17.03,2.07,13,212,2.05,68,59,309,2,0,"2,737","1,353"
"검은비늘버섯, 생것",13,93.2,1.8,0.1,0.4,4.5,-,-,2,1,-,64,215,3,-,-,-
"검은비늘버섯, 말린것",177,10.6,20.1,2.7,4.5,62.1,-,-,20,6.9,-,213,-,-,-,-,-
"꽃송이버섯, 생것",19,90.9,1.11,0.39,0.22,7.35,0.89,3.5,4,0.18,3,28,131,1,0,542,227
"꽃송이버섯, 데친것",22,89.5,0.87,0.49,0.11,8.99,0.3,4,2,0.09,2,20,62,1,0,504,221
"꽃송이버섯, 말린것",182,8.6,15.18,4.14,5.58,66.49,0.45,35.1,19,1.91,63,528,"2,301",12,2.13,"11,190","5,258"
"꽃송이버섯, 말린것(자연건조)",173,10.7,19.59,2.34,5.74,61.65,0.44,41.1,6,2.85,71,709,"2,398",3,151.34,"15,862","7,335"
"나도팽나무버섯, 생것",16,91.2,2.4,0,0.7,5.7,-,-,6,1.2,-,63,263,14,-,-,-
"나도팽나무버섯, 말린것",182,3.4,23.6,0.5,6.4,66.1,-,-,25,15.8,-,740,"2,780",64,-,-,-
"노루궁뎅이버섯, 생것",13,93.3,2.57,0.41,0.79,2.89,0.54,2.5,1,0.76,8,71,362,2,1.14,"1,900",809
"노루궁뎅이버섯, 데친것",18,90.9,3.28,0.4,0.72,4.68,0.12,3.4,1,0.58,7,75,308,5,0,"2,490","1,147"
"노루궁뎅이버섯, 말린것",179,3.9,24.5,3.2,10.6,57.8,-,-,41,13.4,-,"1,141","5,512",57,-,-,-
"느타리버섯, 생것",15,91.9,2.6,0.14,0.67,4.7,0.74,2.9,0,0.78,14,100,256,2,0,"1,932",904
"느타리버섯, 데친것",21,89.4,3.26,0.23,0.61,6.51,0.01,3.8,2,0.68,15,107,220,3,0,"2,344","1,185"
"느타리버섯, 말린것",189,4.1,25.1,3.9,6.15,60.72,-,57.2,0,9.31,157,955,"2,038",19,2.25,"19,067","8,853"
"느타리버섯, 말린것(자연건조)",182,6.3,25.36,2.98,6.41,58.92,-,57.2,1,11.73,157,961,"2,017",19,644.73,"18,983","8,597"
"느타리버섯, 노랑느타리버섯, 생것",16,91.5,2.5,0.1,0.6,5.3,-,-,7,2.8,-,85,275,20,-,-,-
"느타리버섯, 분홍느타리버섯, 생것",24,87,4.1,0,0.8,8.1,-,-,4,2,-,146,255,11,-,-,-
"느타리버섯, 여름느타리버섯, 생것",21,88.8,4.4,0.1,0.7,6,-,-,5,1.4,-,142,346,17,-,-,-
"느타리버섯, 율무느타리버섯, 생것",21,89,3.6,0.3,0.7,6.4,-,-,0,1.3,-,118,361,3,-,-,-
"느타리버섯, 참타리버섯, 생것",16,91.4,2.6,0,0.7,5.3,-,-,3,0.9,-,68,245,5,-,-,-
"느타리버섯, 참타리버섯, 데친것",20,89.5,3.9,0,0.5,6.1,-,-,3,1,-,86,202,7,-,-,-
"느타리버섯, 청느타리버섯, 생것",18,90.2,3.9,0,0.7,5.2,-,-,2,1.1,-,107,308,9,-,-,-
"능이버섯(향버섯), 생것",17,91,2.2,0.1,0.8,5.9,-,7,2,2.1,-,39,334,12,-,-,-
"동충하초, 누에동충하초, 생것",27,86.3,5.56,0.38,0.74,7.07,0.33,-,2,0.12,20,168,230,23,0,"4,207","2,079"
"동충하초, 누에동충하초, 말린것",133,7,60.9,2.4,6.4,0,-,-,"2,430",24,-,0,462,"1,480",-,-,-
"만가닥버섯, 생것",19,89.9,2.5,0.34,0.94,6.34,0.37,3.4,1,0.51,10,83,348,2,0,"1,785",834
"만가닥버섯, 데친것",19,90.1,2.73,0.35,0.78,6.07,0.11,4.3,2,0.38,9,79,275,2,0,"2,011","1,001"
"목이버섯, 생것",13,93.6,0.79,0.19,0.24,5.22,0.12,3.6,45,0.28,13,15,55,10,0.38,420,201
"목이버섯, 데친것",13,93.5,1.15,0.23,0.26,4.84,0,3.7,37,0.32,15,17,65,11,0.87,557,276
"목이버섯, 말린것",169,12.9,11.88,1.26,4.35,69.66,1.57,43.5,694,5.1,216,319,"1,085",108,4.04,"7,348","3,504"
"목이버섯, 말린것(자연건조)",183,6.7,14.1,1.99,4.44,72.78,1.67,53,602,7.22,248,317,"1,004",157,9.26,"7,340","3,129"
"목이버섯, 흰백목이, 생것",28,85.6,1.2,0.55,1.1,11.58,0.18,5.5,5,0.04,8,42,361,7,0,"1,048",467
"목이버섯, 흰백목이, 데친것",18,91.2,1.02,0.43,0.39,7.01,0.1,3.4,4,0.02,5,19,201,4,0,707,327
"밤버섯, 생것",17,91.7,2.9,0.9,1,3.5,-,-,41,5.6,-,40,-,-,-,-,-
"버들송이버섯, 생것",20,88.4,4.2,0.1,0.9,5.5,-,-,2,0.9,-,14,435,7,-,-,-
"버들송이버섯, 갓, 말린것",191,3.9,23.3,4.7,6.5,61.6,-,-,6,5.2,-,251,-,-,-,-,-
"버들송이버섯, 줄기, 말린것",183,7.6,14.3,2.7,4.3,71.1,-,-,17,4.6,-,231,-,-,-,-,-
"뽕나무버섯, 야생, 갓, 말린것",195,3.3,27.7,6.9,7.7,54.4,-,-,7,1.6,-,264,236,5,-,-,-
"뽕나무버섯, 야생, 줄기, 말린것",180,3.3,15.8,0.9,7.8,72.2,-,-,11,2.4,-,226,292,4,-,-,-
"뽕나무버섯, 재배, 갓, 말린것",192,2.8,24.4,5.7,8.5,58.6,-,-,7,1.3,-,258,242,5,-,-,-
"뽕나무버섯, 재배, 줄기, 말린것",182,4.4,12.8,0.6,5.6,76.6,-,-,12,1.5,-,225,242,3,-,-,-
"상황버섯, 말린것",179,9.4,4.4,0.27,1.35,84.58,0,74.4,173,1.74,120,83,304,33,0,"3,169","1,476"
"상황버섯, 추출",3,99.4,0.07,0.01,0,0.56,0.12,0,1,0.05,2,12,13,1,0,71,31
"석이버섯, 말린것",165,12.9,11.75,0.96,5.92,68.47,0.33,60.9,47,54.6,85,89,403,6,0,"8,154","3,545"
"송이버섯, 생것",21,89,2.05,0.15,0.68,8.12,0.31,4.6,1,1.85,6,33,317,1,0,"1,987","1,354"
"송이버섯, 데친것",22,88.4,2.15,0.24,0.7,8.51,1.22,5.2,1,1.42,6,33,305,1,0,"2,099","1,246"
"싸리버섯, 생것",20,90.1,2.8,0.6,0.8,5.7,-,-,41,6.2,-,44,-,-,-,-,-
"싸리버섯, 말린것",179,10.3,19.9,4.8,6.1,58.9,-,-,18,22.9,-,276,"2,737",57,-,-,-
"아위버섯, 생것",26,86.8,3.53,0.4,0.74,8.56,0.59,4.6,3,0.31,17,113,296,6,0,"2,636","1,277"
"아위버섯, 데친것",27,86.7,3.62,0.43,0.59,8.69,0.01,6,3,0.3,16,107,263,5,0,"2,813","1,400"
"애느타리버섯, 생것",16,91.4,4.2,0.1,0.8,3.5,-,-,3,1,-,84,262,7,-,-,-
"양송이버섯, 생것",15,91.9,3.12,0.23,0.88,3.89,0.1,2.1,2,0.62,11,106,382,5,0,"1,781",801
"양송이버섯, 데친것",15,92.1,3.15,0.26,0.91,3.63,0.09,2.4,2,1.12,11,111,351,5,0,"1,988",854
"양송이버섯, 말린것",180,5.1,31.34,2.59,7.92,53.02,1.21,18.9,8,7.5,95,991,"3,347",68,0,"23,567","9,313"
"양송이버섯, 말린것(자연건조)",166,9.7,34.62,3.52,11.88,40.29,1.15,12.6,14,3.72,144,"1,465","5,305",72,68.81,"21,306","8,915"
"양송이버섯, 가루",176,6,33.39,3.57,10.55,46.45,1.18,17.8,23,33.28,127,"1,357","4,395",65,0,"24,310","9,108"
"양송이버섯, 통조림",17,90.9,3.75,0.41,1.07,3.87,0,3.7,6,0.63,4,45,28,377,0,"2,488","1,194"
"양송이버섯, 갈색양송이, 생것",15,91.9,3.73,0.2,0.95,3.24,0.59,3,2,0.33,10,119,404,5,0,"2,138",920
"양송이버섯, 갈색양송이, 데친것",14,92.4,2.94,0.31,0.84,3.5,0.37,2.8,2,0.15,10,109,367,4,0,"2,050",871
"영지버섯, 말린것",187,7.1,9.41,1.4,1.06,81.03,0,77.9,128,2.19,39,144,263,2,0,"7,662","3,369"
"영지버섯, 추출",0,99.9,0.07,0.01,0,0.03,0,0,0,0.04,0,1,4,1,0,11,3
"잎새버섯, 생것",13,93.3,2.2,0.5,0.76,3.29,0.14,3.6,1,0.41,9,77,293,1,0,"1,439",623
"잎새버섯, 데친것",16,92.1,2.26,0.57,0.66,4.46,0,4.4,1,0.4,9,76,279,0,0,"1,472",695
"큰느타리버섯(새송이버섯), 생것",20,89.6,2.91,0.19,0.7,6.56,0.33,3.2,1,0.35,14,92,299,5,0,"2,119",976
"큰느타리버섯(새송이버섯), 데친것",21,89.1,3.24,0.27,0.72,6.64,0.06,3.6,0,0.28,12,91,264,4,0,"2,211","1,088"
"큰느타리버섯(새송이버섯), 구운것(팬)",28,85.2,3.94,0.37,1.19,9.26,0,4.8,1,0.47,18,126,392,3,0,"2,698","1,304"
"큰느타리버섯(새송이버섯), 말린것",179,6.1,25.05,2.07,6.97,59.81,4.88,32.2,3,3.36,111,772,"2,696",42,0,"15,285","6,685"
"큰느타리버섯(새송이버섯), 말린것(자연건조)",171,9.6,26.23,2.09,7.35,54.68,4.69,31,6,3.71,114,890,"2,745",45,62.33,"16,147","6,695"
"큰느타리버섯(새송이버섯), 가루",184,4.8,25.09,2.51,6.2,61.4,-,27.6,5,2.98,113,940,"2,768",34,0,"19,417","8,579"
"팽이버섯, 생것",21,89,2.48,0.52,0.92,7.08,0.37,3.8,1,1.1,12,83,364,3,0,"1,709",780
"팽이버섯, 데친것",21,89.7,2.6,0.46,0.54,6.71,0.06,4.1,1,0.81,9,65,226,2,0,"1,671",789
"팽이버섯, 구운것(팬)",29,85.5,3.39,0.77,1.17,9.22,0,4.8,1,1.52,15,104,441,4,0,"2,196","1,033"
"팽이버섯, 갈색팽이, 생것",21,89.2,3.06,0.6,1.06,6.13,0.65,3.7,5,0.47,16,92,434,5,2.61,"1,906",921
"팽이버섯, 갈색팽이, 데친것",21,89.1,3.01,0.37,0.96,6.59,0.18,4.3,4,0.42,14,81,367,3,1.43,"1,906",941
"포타벨라, 생것",16,91.1,3.3,0.1,0.9,4.6,-,-,2,1.1,-,107,425,10,-,-,-
"표고버섯, 배지재배, 생것",22,88.8,2.74,0.38,0.68,7.38,0.43,5,4,0.38,15,88,278,3,0,"2,135",893
"표고버섯, 배지재배, 데친것",20,89.6,2.49,0.34,0.62,6.93,0.06,5.3,3,0.33,13,76,227,2,0,"1,983",851
"표고버섯, 배지재배, 구운것(팬)",25,87.6,3.12,0.78,0.91,7.56,0,5.6,2,0.24,17,101,297,2,0,"2,314","1,022"
"표고버섯, 배지재배, 말린것",180,8.3,21.37,2.49,4.94,62.88,3.37,42.2,20,1.92,109,448,"1,885",12,71.09,"15,737","6,753"
"표고버섯, 배지재배, 말린것(자연건조)",174,9.7,23.56,1.99,5.96,58.78,0.19,39.1,33,3.36,132,575,"2,279",16,77.59,"17,400","6,949"
"표고버섯, 배지재배, 말린것, 삶은것",27,86.7,2.9,0.41,0.37,9.67,0.08,7.8,3,0.22,12,42,140,2,13.25,"2,029",986
"표고버섯, 배지재배, 갓, 생것",26,86.2,4.44,0.32,1.01,8.03,0.4,4.9,2,0.37,18,132,356,2,0,"3,288","1,265"
"표고버섯, 배지재배, 갓, 데친것",21,89.4,4.71,0.3,0.61,4.98,0.96,4,3,0.41,13,95,239,3,0,"2,387",963
"표고버섯, 배지재배, 갓, 말린것",183,6.4,31.84,2.93,5.54,53.29,3.3,35,7,3.73,109,874,"2,243",9,0,"28,025","11,250"
"표고버섯, 배지재배, 갓, 말린것, 삶은것",24,88.2,4.06,0.43,0.51,6.8,0.82,4.8,5,0.39,13,83,175,2,0,"2,753","1,116"
"표고버섯, 배지재배, 대, 생것",39,80,4.59,0.33,1.06,14.02,0.66,8.1,6,0.45,24,131,390,2,0,"2,781","1,150"
"표고버섯, 배지재배, 대, 데친것",32,83.4,3.25,0.24,0.75,12.36,0.88,10.9,5,0.34,16,97,266,3,0,"2,705","1,054"
"표고버섯, 배지재배, 대, 말린것",180,7.3,21.14,1.61,4.6,65.35,4.69,44.4,16,2.76,89,597,"1,847",9,0,"19,176","6,871"
"표고버섯, 배지재배, 대, 말린것, 삶은것",31,84.7,2.91,0.34,0.25,11.8,0.46,11.6,6,0.31,9,40,70,2,0,"1,923",854
"표고버섯, 참나무재배, 생것",18,90.8,2,0.3,0.8,6.1,-,-,6,0.6,-,28,180,5,-,-,-
"표고버섯, 참나무재배, 데친것",18,90.5,2.4,0.2,0.6,6.3,-,-,7,0.6,-,25,143,5,-,-,-
"표고버섯, 참나무재배, 말린것",178,10.6,18.1,3.1,4.5,63.7,-,-,19,3.3,-,268,"2,140",25,-,-,-
"표고버섯, 참나무재배, 말린것, 삶은것",35,82.4,3,0.7,0.9,13,-,-,5,0.6,-,34,246,6,-,-,-
"표고버섯, 가루",186,5.5,18.84,2.54,4.87,68.25,4.61,37.8,31,5.18,132,699,"2,137",20,0,"14,299","5,712"
"풀버섯, 생것",15,91.9,2.7,0.1,0.7,4.6,-,-,4,1.7,-,91,434,4,-,-,-
"감, 단감, 생것",57,84.1,0.38,0.12,0.32,15.13,11.42,1.9,8,0.08,6,19,157,1,0,365,175
"감, 단감, 부유, 생것",56,84.2,0.4,0.12,0.33,14.91,10.92,1.9,7,0.08,6,16,157,1,0,372,183
"감, 단감, 서촌조생, 생것",62,82.5,0.43,0.13,0.34,16.59,12.18,2.1,7,0.09,7,28,174,0,0,413,195
"감, 단감, 차랑, 생것",57,84,0.36,0.12,0.29,15.25,12.05,1.9,12,0.08,6,18,154,1,0,346,166
"감, 단감, 태추, 생것",52,85.5,0.33,0.11,0.32,13.77,10.52,1.7,6,0.08,5,15,144,0,0,328,156
"감, 단감, 잼",225,42.8,0.3,0.1,1.1,55.7,-,-,5,0.7,-,6,123,13,-,-,-
"감, 떫은감, 연시, 생것",69,80.6,0.54,0.08,0.37,18.41,13.44,2.8,6,0.13,7,18,178,1,0,441,238
"감, 떫은감, 연시, 갑주백목(대봉), 생것",68,80.8,0.56,0.05,0.39,18.19,13.47,3,5,0.15,6,15,171,1,0,525,288
"감, 떫은감, 연시, 월하시, 생것",76,78.5,0.61,0.08,0.38,20.43,15.62,3.3,5,0.12,8,20,194,1,0,504,273
"감, 떫은감, 연시, 청도반시, 생것",62,82.5,0.44,0.09,0.33,16.61,11.23,2,7,0.12,7,20,170,1,0,293,154
"감, 떫은감, 연시, 냉동",66,81.2,0.47,0.04,0.4,17.86,11.84,2.2,21,0.13,23,69,182,1,0,315,166
"감, 떫은감, 감말랭이",236,33.2,1.83,0.12,1.29,63.57,29.46,10.4,21,0.66,24,74,622,2,0,"1,451",752
"감, 떫은감, 감말랭이, 갑주백목",255,27.9,1.94,0.16,1.39,68.58,31.42,11.2,21,0.64,24,78,647,3,0,"1,510",759
"감, 떫은감, 감말랭이, 청도반시",217,38.5,1.71,0.08,1.19,58.56,27.5,9.6,22,0.69,25,71,598,2,0,"1,391",745
"감, 떫은감, 곶감, 반건시",219,38.1,1.76,0.07,1.17,58.93,27,9.7,18,0.68,19,69,567,1,0,"1,198",589
감 주스,51,85.6,0.2,0.08,0.21,13.9,11.89,1.4,2,0.07,3,12,99,2,0,149,67
"구기자, 열매, 재래종, 생것",69,82.2,4.5,2.04,1.03,10.23,7.31,5.8,5,0.83,23,66,601,1,-,"3,271","1,195"
"구아바, 생것",33,88.9,0.6,0.1,0.5,9.9,-3.5,5.1,8,0.1,8,16,240,3,0,-371.9,-152.6
"구아바, 넥타, 과육 20%",49,87.4,0.1,0.1,0.1,12.3,-9.9,0.8,3,0.2,2,3,49,4,0,-,-
"구아바 주스, 과즙 음료(10%)",50,87.4,0.1,0.1,0.1,12.3,-,0.2,3,0.1,20,2,28,7,0,-,-
"구스베리, 생것",51,85.2,1,0.1,0.5,13.2,-10.9,2.5,14,1.3,10,24,200,1,0,-,-
"귤, 만감류, 레드향, 생것",48,86.7,0.59,0.12,0.2,12.39,10.44,1.3,11,0.06,7,13,134,1,0,544,145
"귤, 만감류, 신예감, 생것",34,90.9,0.29,0.41,0.25,8.2,6.7,0.9,10,0.11,8,17,124,1,0,317,123
"귤, 만감류, 천혜향, 생것",41,88.3,0.82,0.08,0.29,10.56,8.37,1.1,13,0.13,10,15,149,1,0,512,210
"귤, 만감류, 한라봉, 생것",50,85.9,0.99,0.11,0.23,12.8,10.17,1.5,11,0.11,9,17,154,1,0,686,190
"귤, 만감류, 황금향, 생것",40,88.8,0.4,0.13,0.35,10.3,8.39,1.1,9,0.12,11,16,134,1,0,422,116
"귤, 온주밀감, 생것",39,89.1,0.53,0.1,0.19,10.04,7.99,1.6,13,0.12,9,12,101,2,0,453,149
"귤, 온주밀감, 궁천조생, 노지, 생것",39,89.2,0.29,0.16,0.23,10.16,8.19,1.3,11,0.1,9,13,115,1,0,391,110
"귤, 온주밀감, 궁천조생, 하우스, 생것",42,88.2,0.69,0.09,0.23,10.78,8.76,1.4,16,0.17,9,10,96,2,0,469,159
"귤, 온주밀감, 유라조생, 하우스, 생것",39,89,0.55,0.08,0.23,10.17,9.05,1.3,12,0.05,8,12,101,2,0,474,161
"귤, 온주밀감, 일남1호, 생것",33,90.8,0.49,0.08,0.18,8.48,7.35,1.1,10,0.07,8,12,93,1,0,406,125
"귤, 온주밀감, 하례조생, 노지, 생것",37,89.7,0.4,0.08,0.06,9.74,7.85,1.2,11,0.06,9,11,114,1,0,479,160
"귤, 온주밀감, 하례조생, 하우스, 생것",44,87.7,0.71,0.14,0.23,11.18,9.23,1.5,20,0.29,11,15,110,3,0,481,146
"귤, 온주밀감, 흥진조생, 생것",40,88.8,0.48,0.14,0.16,10.41,8.39,1.4,10,0.08,8,12,95,2,0,487,157
"귤, 임온주, 생것",43,87.8,1,0.1,0.3,10.8,-,-,9,0.6,-,18,120,15,-,-,-
귤 음료,37,90.8,0.21,0.05,0.1,8.84,7.71,0,3,0,3,3,39,1,0,48,15
귤 주스,37,89.7,0.46,0.08,0.21,9.58,8.64,0.6,7,0.18,7,10,117,1,0,282,89
귤 착즙,35,90.2,0.59,0.11,0.22,8.86,6.37,1.4,7,0.06,9,10,100,0,0,327,100
"귤, 잼",289,27.5,0.62,0.08,0.25,71.51,65.78,0.9,15,0.13,8,11,119,1,0,335,121
"귤, 통조림",58,85.5,0.52,0.17,0.21,13.61,10.6,0.5,16,0.15,7,10,83,1,0,321,121
"금귤, 생것",73,79.4,1.19,0.13,0.51,18.77,11.77,3.2,37,0.33,21,16,226,5,0,910,326
"꾸지뽕, 열매, 생것",74,81.3,1.74,2.16,0.98,13.82,9.9,5,36,0.21,13,36,365,0,-,"1,410",547
"다래, 생것",67,81.1,1.6,0.4,0.7,16.2,-,-,57,0.5,-,39,307,2,-,-,-
"대추, 생것",105,70.2,1.45,0.1,0.69,27.56,24.34,3,14,0.28,14,42,310,1,0,"1,135",234
"대추, 말린것",276,20.9,3.73,0.25,2.55,72.57,59.09,9.5,39,0.75,35,116,805,2,0,"1,681",515
"대추야자, 말린것",281,24.8,2.2,0.2,1.5,71.3,-59,7,71,0.8,60,58,550,Tr,0,"-1,426",-506
"두리안, 생것",140,66.4,2.3,3.3,0.9,27.1,-,2.1,5,0.3,27,36,510,Tr,0,-,-
"딸기, 생것",33,90.6,0.75,0.14,0.4,8.15,6.14,1.5,12,0.23,12,28,179,1,0,630,189
"딸기, 설향, 생것",34,90.4,0.74,0.14,0.36,8.33,6.61,1.5,14,0.25,13,27,164,1,0,593,162
"딸기, 죽향, 생것",34,90.1,0.88,0.14,0.45,8.41,6.11,1.6,12,0.24,13,31,199,1,0,726,221
"딸기, 킹스베리, 생것",31,91.1,0.63,0.14,0.39,7.71,5.7,1.4,10,0.19,11,27,174,1,0,571,183
"딸기, 말린것",306,12.5,6.97,1.29,3.71,75.48,45.8,13.8,257,8.91,138,370,"2,039",14,0,"6,019","2,126"
"딸기, 잼",285,28.7,0.51,0.09,0.21,70.45,52.33,0.5,12,0.15,9,16,113,3,0,333,89
"라임, 생것",30,88.26,0.7,0.2,0.3,10.54,1.69,2.8,33,0.6,6,18,102,2,0,19,19
"라임 주스, 천연과즙",25,90.79,0.42,0.07,0.31,8.42,1.69,0.4,14,0.09,8,14,117,2,0,364,79
"라임 주스, 캔",21,92.52,0.25,0.23,0.31,6.69,1.37,0.4,12,0.23,7,10,75,16,0,-,-
"라즈베리, 생것",52,85.75,1.2,0.65,0.46,11.94,4.42,6.5,25,0.69,22,29,151,1,0,-,-
"라즈베리, 냉동",56,85.01,1.15,0.81,0.48,12.55,6.54,4.3,24,0.76,23,30,184,4,0,-,-
"람부탄, 통조림",82,78.04,0.65,0.21,0.23,20.87,-,0.9,22,0.35,7,9,42,11,-,-,-
"레몬, 생것",36,89.6,0.71,0.08,0.31,9.27,2.25,1.1,32,0.1,8,22,122,2,0,432,122
"레몬, 농축환원과즙",19,92.9,0.07,0.01,0.09,6.91,0.6,0.3,9,0.03,5,3,47,3,0,63,12
레몬 착즙,18,93.1,0.45,0.05,0.35,6.07,0.97,0.5,8,0.04,10,11,156,2,0,338,68
"롱안, 생것",60,82.75,1.31,0.1,0.7,15.14,-,1.1,1,0.13,10,21,266,0,-,957,308
"롱안, 말린것",286,17.6,4.9,0.4,3.1,74,-,-,45,5.4,46,196,658,48,-,"3,577","1,153"
"리치, 생것",61,82.1,1,0.1,0.4,16.4,-14.9,0.9,2,0.2,13,22,170,Tr,0,-731.1,-235.1
"리치, 냉동",56,84.3,0.85,0.08,0.3,14.47,12.21,2.1,3,0.18,12,24,151,2,0,616,216
"마가목 열매, 생것",115,70.1,1.3,0.8,2.5,25.5,-,-,2,0.1,-,4,-,-,-,-,-
"망고, 생것",59,83.5,0.73,0.12,0.32,15.36,13.65,1.5,7,0.24,10,16,142,0,0,634,287
망고 음료,28,92.2,0.04,0.01,0.04,7.71,6.26,0,4,0.02,1,1,11,9,0,4,2
"망고, 애플망고, 생것",52,85.6,0.65,0.2,0.32,13.27,11.62,1.5,9,0.17,9,14,156,0,0,550,247
"망고스틴, 생것",71,81.5,0.6,0.2,0.2,17.5,-,1.4,6,0.1,18,12,100,1,0,-,-
"매실, 생것",41,89.4,1.1,1.1,0.6,7.8,-,-,28,3.7,-,24,301,3,-,-,-
"매실, 남고, 생것",26,91,0.94,0.77,1.02,6.24,2.76,2.3,9,0.19,8,20,239,2,0,580,170
"매실, 선암매, 생것",39,89.4,1.2,0.7,0.7,8,-,-,13,0.7,-,21,341,1,-,-,-
"매실, 천매, 생것",37,90.2,0.7,0.6,0.4,8.1,-,-,8,0.6,-,14,225,2,-,-,-
매실청,213,46.7,0.23,0.18,0.2,52.72,44.06,0.3,4,0.11,4,7,104,1,0,131,32
"매실 절임, 당절임, 고형물",216,46.2,1.86,0.52,0.33,51.08,33.85,7.9,19,0.48,8,24,159,1,0,943,396
"매실 절임, 염절임, 고형물",29,72.2,0.9,0.7,17.6,8.6,0.9,3.3,33,1.1,17,21,220,"7,200",0,-606.7,-160.5
"머루, 생것, 껍질과 씨 포함",79,78.5,1.51,0.94,0.73,18.32,7.39,2.5,60,0.53,22,43,286,0,0,"1,356",551
"머루, 개량머루, 생것, 껍질과 씨 포함",83,78.5,1.6,1.83,0.77,17.27,10.92,2,51,0.65,22,58,299,1,0,"1,378",498
"머루, 머스켓베일리에이, 생것",76,79.6,0.34,0.75,0.37,18.96,16.86,1.6,4,0.17,6,14,189,0,0,393,200
"머루, 왕머루, 생것, 껍질과 씨 포함",87,76.5,1.58,1.27,1.01,19.67,8.41,2.7,89,0.42,30,58,378,0,0,"1,407",542
"멜론, 감로, 생것",21,94,0.5,0.1,0.3,5.1,-,1.2,9,0.4,-,8,137,13,-,-,-
"멜론, 머스크, 생것",40,88.1,1.5,0.04,0.72,9.64,8.08,2,7,0.34,11,19,374,13,0,872,425
"멜론, 화이트, 생것",38,89.1,0.7,0.1,0.5,9.6,-,-,3,0.5,-,21,290,10,-,-,-
"모과, 생것",78,78.3,0.7,0.4,0.6,20,-,-,21,0.5,-,18,247,2,-,-,-
"무화과, 승정도후인, 생것",47,86.5,0.79,0.15,0.44,12.12,10.59,1.3,41,0.33,16,19,176,0,0,609,212
"무화과, 봉래시, 생것",45,87.1,0.76,0.11,0.46,11.6,9.94,1.4,36,0.31,14,19,177,0,0,636,196
"무화과, 수입산, 말린것",319,11.9,4.75,3.01,3.12,77.22,58.92,20.8,458,2.02,115,76,925,14,0,"3,611","1,253"
"무화과, 승정도후인, 말린것",254,27.4,5.1,0.9,3,63.6,-,-,265,1.3,-,133,"1,225",9,-,-,-
"무화과, 통조림",78,79.7,0.5,0.1,0.3,19.4,-,1.2,30,0.1,8,13,110,8,0,-393.1,-124.8
"바나나, 생것",77,78,1.11,0.2,0.68,20,14.4,2.2,6,0.25,32,23,355,0,0,867,433
"바나나, 말린것",314,14.3,3.8,0.4,3,78.5,-53.9,7,26,1.1,92,84,"1,300",1,0,"-2,837","-1,453"
"바나나칩, 튀긴것",517,1.6,2.07,25.67,1.34,69.32,16.1,17.3,19,0.5,88,72,534,1,0,"1,845",764
"배, 생것",45,86.9,0.29,0.04,0.52,12.24,8.3,1.1,2,0.06,6,13,124,0,0,268,55
"배, 돌배, 생것",45,87.5,0.3,0.22,0.37,11.61,5.24,1.8,5,0.11,7,10,152,0,0,281,92
"배, 만풍, 생것",44,87.3,0.26,0.04,0.39,11.98,9.85,1.2,1,0.07,5,11,107,0,0,256,52
"배, 신고, 생것",46,87,0.3,0.04,0.31,12.4,9.81,1.3,1,0.05,6,12,128,0,0,257,47
"배, 원황, 생것",46,86.5,0.29,0.04,0.88,12.34,5.23,0.8,2,0.07,6,14,138,0,0,290,64
배즙,38,89.2,0.23,0,0.25,10.33,8.1,0,2,0.06,7,12,63,2,0,170,28
"배 음료, 캔",42,88.2,0,0,0.04,11.76,10.15,1,0,0,0,1,13,0,0,3,1
"백향과(패션프루트), 생것, 씨 포함",100,73.6,1.68,1.55,0.59,22.58,8.58,6.5,5,0.65,24,53,248,1,0,"1,405",618
"백향과(패션프루트) 주스, 천연과즙",67,82,0.8,0.4,0.6,16.2,-4,0,4,0.6,15,21,280,5,0,-,-
"백향과(패션프루트) 주스, 황색과육",60,84.21,0.67,0.18,0.49,14.45,14.25,0.2,4,0.36,17,25,278,6,0,-,-
"백향과(패션프루트) 주스, 자색과육",51,85.62,0.39,0.05,0.34,13.6,13.4,0.2,4,0.24,17,13,278,6,0,-,-
"버찌, 생것",60,82.6,1.7,0.1,0.7,14.9,-,-,22,1,-,49,350,1,-,-,-
"보리밥 열매, 말린것",354,9.8,18.5,1.3,1.9,68.5,-,-,3,0.5,-,382,-,-,-,-,-
"복분자, 생것",88,77.6,1.52,2.2,0.68,17.96,8.06,-,59,1.66,34,46,311,4,-,-,-
"복숭아, 백도, 생것",49,85.8,0.59,0.04,0.47,13.1,9.45,2.6,4,0.11,7,24,216,0,0,478,96
"복숭아, 백도, 통조림",66,83.5,0.28,0.03,0.14,16.04,14.22,2.1,7,0.08,4,5,51,2,0,180,48
"복숭아, 백도, 통조림, 고형물",68,82.9,0.38,0.05,0.16,16.51,14.77,3.1,9,0.11,5,7,54,2,0,271,89
"복숭아, 백도, 통조림, 액즙",63,84.1,0.19,0,0.12,15.59,13.7,1.3,6,0.06,4,4,47,3,0,93,8
"복숭아, 천도, 생것",39,89.1,0.79,0.24,0.42,9.44,7.3,1.8,7,0.23,7,20,220,2,0,629,133
"복숭아, 천중도, 생것",49,86.8,0.74,0.79,0.49,11.18,10.21,-,1,0.19,4,21,238,0,-,661,131
"복숭아, 황도, 생것",49,86.1,0.4,0.04,0.43,13.03,9.29,4.3,5,0.09,6,20,188,2,0,402,94
"복숭아, 황도, 통조림",81,79.6,0.31,0.03,0.16,19.95,18.81,2.5,5,0.1,3,5,48,3,0,223,65
"복숭아, 황도, 통조림, 고형물",83,79.1,0.44,0.05,0.12,20.29,18.5,3.8,6,0.14,3,7,49,3,0,353,133
"복숭아, 황도, 통조림, 액즙",79,80,0.19,0,0.19,19.62,19.09,1.4,5,0.07,3,4,46,2,0,109,6
"복숭아, 넥타",54,86.5,0.29,0.03,0.16,13.07,9.91,0.5,9,0.15,5,7,77,4,0,238,53
"복숭아, 잼",211,47,0.66,0.03,0.33,52.01,43.36,1.8,8,0.14,6,16,155,8,0,458,110
"블랙베리, 생것",43,89.2,0.67,1.13,0.31,8.69,5.76,7,21,0.47,17,19,139,0,-,787,325
"블랙커런트, 생것",63,81.96,1.4,0.41,0.86,15.38,-,-,55,1.54,24,59,322,2,-,-,-
"블루베리, 생것",43,88.1,0.5,0.12,0.16,11.11,7.86,2.4,9,0.23,6,12,70,0,0,499,260
"블루베리, 말린것",325,9.5,4.45,1.11,1.37,83.57,48.28,18.8,35,3.04,34,98,585,3,0,"3,222","1,619"
"블루베리, 냉동",41,88.7,0.81,0.26,0.16,10.07,6.64,2.7,7,0.28,5,11,75,6,0,354,176
"블루베리, 잼",283,29.4,0.21,0.11,0.06,70.22,44.44,2.9,7,0.07,2,4,23,13,0,140,71
"블루베리, 통조림",88,76.78,0.65,0.33,0.17,22.06,20.46,1.6,5,0.33,4,10,40,3,0,441,195
"비파, 생것",45,87.2,0.29,0.2,0.36,11.95,10.8,-,15,0.05,7,6,167,0,-,376,167
"비파, 통조림",80,79.6,0.3,0.1,0.2,19.8,-,0.6,22,0.1,5,3,60,2,0,-260.1,-99.8
"사과, 생것",52,85.5,0.26,0.07,0.22,13.96,10.62,1.8,3,0.11,4,10,116,0,0,192,68
"사과, 감홍, 생것",51,85.6,0.34,0.08,0.25,13.74,11.37,1.6,4,0.11,4,10,124,0,0,192,68
"사과, 부사, 생것",53,85.2,0.2,0.07,0.21,14.28,11.13,1.7,4,0.1,3,11,107,0,0,180,52
"사과, 양광, 생것",47,86.7,0.29,0.1,0.24,12.68,9.26,1.3,2,0.11,5,10,119,0,0,192,68
"사과, 홍옥, 생것",58,84.4,0.21,0.04,0.18,15.16,10.73,1.3,3,0.12,4,9,115,0,0,205,83
"사과, 아오리, 생것",52,85.2,0.27,0.04,0.33,14.16,8.85,2,2,0.12,4,9,108,0,0,235,51
"사과, 아오리, 생것, 껍질 포함",49,86,0.3,0.03,0.31,13.36,8.17,1.8,2,0.11,5,8,105,0,0,245,59
"사과, 동결건조",332,8.1,1.86,1.94,2.29,85.87,67.3,9.5,24,0.69,34,77,820,0,0,954,323
"사과, 잼",249,37.7,0.18,0.09,0.17,61.9,52.88,1.4,7,0,4,13,27,7,0,143,28
"사과, 통조림",66,83.7,0.7,0.3,0.2,15.1,-,-,4,0.7,-,3,50,3,-,-,-
사과 음료,38,90.6,0.03,0,0.03,9.36,7.05,0.1,2,0.01,0,1,8,15,0,2,0
사과 주스,42,88.2,0.17,0.01,0.2,11.45,9.98,0.7,2,0,3,9,106,3,0,165,25
"산딸기, 생것",55,84.5,1.35,0.22,0.38,13.55,7.8,6.9,29,0.34,22,33,154,0,0,810,283
"산수유, 열매, 생것",112,71.2,0.87,2.82,1.28,23.83,10.33,7.1,63,0.35,25,34,621,3,-,717,303
"산수유, 과육, 말린것",292,14.8,3.6,0.5,4.5,76.6,-,-,209,6.2,-,108,"2,345",7,-,-,-
"살구, 생것",30,90.9,1.2,0.05,0.73,7.12,7.39,1.9,15,0.45,10,22,249,1,0,685,152
"살구, 말린것",258,25.7,2.97,0.24,2.81,68.32,34.61,9.4,80,3.02,43,78,"1,236",2,0,"2,744",582
"살구, 통조림",48,86.62,0.63,0.04,0.37,12.34,10.74,1.6,12,0.3,10,20,165,4,0,570,220
"살구, 넥타",41,89.7,0.2,0.1,0.1,9.9,-,-,2,0.5,-,15,29,1,-,-,-
"살구, 잼",304,24,0.46,0.03,0.15,75.36,56.06,2.8,6,0.21,2,3,60,4,0,251,97
"석류, 생것",77,78.3,0.29,0.2,0.5,20.71,9.94,5.8,6,0.26,16,39,242,1,0,275,110
"소귀나무 열매, 생것",24,93.7,0.8,0.6,0.3,4.6,-,-,3,0.9,-,58,47,23,-,-,-
"수박, 적육질, 생것",31,91.1,0.79,0.05,0.23,7.83,5.06,0.2,6,0.18,11,12,109,0,0,394,171
"수박, 황육질, 생것",36,89.8,0.65,0.05,0.24,9.26,5.53,0.7,4,0.2,13,9,116,1,0,410,182
"애플수박, S-비너스, 생것",40,89.6,0.94,0.81,0.26,8.39,6.23,-,0,0.19,11,9,117,0,-,"1,055",410
"산자나무 열매(씨벅톤), 생것",70,85,1,3.8,0.5,9.7,-,-,6,2.8,-,13,239,20,-,-,-
"아떼모야, 생것",73,79.4,1.2,0.1,0.3,19,-,-,11,0.2,-,21,308,2,-,-,-
"아로니아, 네로, 생것",60,83.1,0.82,0.21,0.46,15.41,4.49,7.1,33,0.37,17,21,185,0,0,802,275
"아로니아, 바이킹, 냉동",68,80.6,1.08,0.23,0.64,17.45,4.44,8.9,45,0.56,22,32,232,0,0,937,307
"아보카도, 생것",160,73.23,2,14.66,1.58,8.53,0.66,6.7,12,0.55,29,52,485,7,0,"1,860",836
"아세로라, 감미종, 생것",36,89.9,0.7,0.1,0.3,9,-,1.9,11,0.5,10,18,130,7,0,-,-
"아세로라 주스, 과즙 음료(10%)",42,89.4,0.1,0,Tr,10.5,-,0.2,1,0.1,1,2,13,1,0,-,-
"앵두, 생것",61,82.9,1.1,0.3,0.5,15.2,-,-,23,0.5,-,30,268,10,-,-,-
"엘더베리, 생것",73,79.8,0.66,0.5,0.64,18.4,-,7,38,1.6,5,39,280,6,-,645,302
"오디, 생것",56,84.3,0.8,0.4,0.5,14,-,-,36,0.7,-,33,272,1,-,-,-
"오디, 재래종, 생것",54,84.2,2.6,0.3,0.9,12,-,-,45,2.3,-,45,284,16,-,-,-
"오렌지, 생것",47,86.5,1.15,0.11,0.4,11.86,9.16,1.3,44,0.17,11,23,152,2,0,691,240
"오렌지, 네블, 생것",47,86.8,0.92,0.16,0.3,11.81,9.21,2.1,36,0.14,9,20,138,2,0,699,223
"오렌지, 발렌시아, 생것",48,86.2,1.37,0.05,0.5,11.91,9.11,0.6,51,0.2,13,26,166,2,0,682,258
오렌지 마멀레이드,246,33.2,0.3,0,0.2,66.3,60,0.7,38,0.15,2,4,37,56,0,239,94
"오렌지 음료, 캔",41,88.5,0.06,0.01,0.03,11.4,9.58,0,2,0.01,1,1,14,10,0,14,5
오렌지 주스,36,89.6,0.58,0.04,0.34,9.49,6.88,0.2,22,0.07,10,16,155,2,0,352,149
오렌지 착즙,32,90.7,0.59,0.05,0.45,8.17,5.39,1.4,12,0.04,12,16,171,0,0,457,172
"오렴자(카람볼라), 생것",30,91.4,0.7,0.1,0.3,7.5,-,1.8,5,0.2,9,10,140,1,0,-629.8,-261.8
"오미자, 생것",81,80.5,2.1,3.3,1.3,12.8,-,-,21,0.7,-,57,350,1,-,-,-
"오미자, 말린것",362,11,8.5,13.5,5.7,61.3,-,31.3,59,2.3,-,216,"1,362",4,-,-,-
오미자청,226,43.5,0.14,0.26,0.21,55.87,50.14,-,2,0.03,3,4,60,0,0,43,1
"올리브 절임, 미숙, 초록색",137,76.7,1.09,12.36,4.51,5.34,0,-,151,0.77,17,8,44,"1,625",0,649,292
"올리브 절임, 완숙, 검은색",121,81.6,0.8,12.3,1.9,3.4,-,2.5,68,0.8,11,5,10,640,0,-649,-294
"용과, 백육종, 생것",44,87.9,1,0.4,0.4,10.3,-,-,6,0.3,-,29,305,1,-,-,-
"용과, 적육종, 생것",45,87.3,0.9,0.2,0.4,11.2,-,-,11,0.2,-,28,232,2,-,-,-
"용과, 황색종, 생것",54,84.6,1,0.1,0.4,13.9,-,-,10,0.5,-,26,141,1,-,-,-
"유자, 전체, 생것",49,86,0.93,0.09,0.44,12.59,4.1,3.7,36,0.16,12,15,187,3,0,915,245
"유자, 과육, 생것",41,88.3,0.87,0.06,0.49,10.32,2.24,0.6,32,0.15,13,18,234,2,0,828,227
"유자, 껍질, 생것",55,84.3,1.02,0.09,0.38,14.22,5.88,6.6,35,0.16,11,10,150,3,0,"1,016",275
"으름, 생것",158,72.2,2,12.9,1,11.9,-,-,6,3.4,-,269,-,-,-,-,-
"자두, 생것",26,93.2,0.5,0.6,0.4,5.3,-,-,3,0.2,-,12,164,1,-,-,-
"자두, 대석, 생것",32,90.3,0.6,-,0.7,8.4,-,0.5,6,0.4,-,12,135,11,-,-,-
"자두, 후무사, 생것",44,87.3,0.64,0.05,0.54,11.47,8.92,2,5,0.09,7,18,176,0,0,472,116
"자두, 말린것",240,30.92,2.18,0.38,2.64,63.88,38.13,7.1,43,0.93,41,69,732,2,0,"1,668",419
"자몽, 생것",32,90.8,0.84,0.05,0.39,7.93,5.44,1.2,31,0.12,10,19,164,1,0,537,175
자몽 주스,35,90,0.4,0.07,0.22,9.31,8.71,0.4,7,0.07,6,9,96,5,0,224,63
자몽 착즙,31,91,0.48,0.05,0.28,8.16,5.68,1.2,13,0.04,9,18,126,0,0,479,168
"잭프루트, 생것",95,73.46,1.72,0.64,0.94,23.25,19.08,1.5,24,0.23,29,21,448,2,-,"1,478",705
"잭프루트, 통조림",92,75.28,0.36,0.14,0.28,23.94,-,0.9,44,0.29,10,6,96,11,-,-,-
"참외, 생것, 씨 제거",40,88.1,0.59,0.04,0.74,10.49,8.82,1.1,5,0.16,10,26,388,2,0,447,80
"참외, 생것, 씨 포함",43,87.6,1,0.4,0.82,10.15,8.29,1.6,6,0.25,16,45,394,2,0,827,171
"체리, 생것",57,83.6,1.36,0.15,0.58,14.35,8.01,2.3,11,0.63,13,25,231,1,0,"1,017",214
"체리, 통조림, 고형물",134,66.4,0.18,0.02,0.19,33.21,22.59,2.1,75,0.15,2,0,-,7,0,118,61
"체리, 통조림, 액즙",137,65.8,0.02,0,0.07,34.11,22.71,0.9,28,0.08,2,0,3,7,0,17,8
"크랜베리, 생것",46,87.32,0.46,0.13,0.12,11.97,4.27,3.6,8,0.23,6,11,80,2,0,862,314
"크랜베리, 말린것, 가당",314,13.3,0.25,0.58,0.14,85.73,74.3,5.6,8,0.27,4,7,56,2,0,235,84
크랜베리 주스,46,87.13,0.39,0.13,0.15,12.2,12.1,0.1,8,0.25,6,13,77,2,0,-,-
"크랜베리 주스, 칵테일",54,86.17,0,0.1,0.2,13.52,11.87,0,3,0.1,1,1,14,2,0,-,-
"키위, 골드, 생것",54,84.6,0.77,0.26,0.64,13.73,7.07,2,19,1.72,13,27,262,1,0,659,309
"키위, 그린, 생것",66,81.6,0.93,0.63,0.76,16.08,6.73,2.6,30,0.32,17,33,284,2,0,835,367
키위 주스,180,49.7,0.25,0,0.37,49.68,32.34,2,9,0.02,1,6,27,154,0,237,119
"탱자, 생것",84,77.9,1.3,1.5,0.8,18.5,-,-,9,0.1,-,9,27,2,-,-,-
"파인애플, 생것",53,85.1,0.48,0.06,0.3,14.05,10.92,1.3,13,0.14,15,6,113,0,0,390,142
"파인애플, 찐것",51,85.6,0.52,0.06,0.23,13.61,11.15,1.2,11,0.18,13,8,115,0,0,407,151
"파인애플, 구운것(팬)",62,82.6,0.35,0.07,0.33,16.67,13.88,1.5,14,0.22,16,8,151,0,0,274,76
"파인애플, 통조림, 고형물",78,80.3,0.31,0.04,0.17,19.18,15.81,1.7,8,0.17,11,4,74,1,0,243,97
"파인애플, 통조림, 액즙",76,80.9,0.13,0,0.16,18.81,13.02,0,6,0.15,10,2,73,1,0,119,34
"파인애플, 넥타",71,82.2,0.3,0,0.1,17.4,-,-,4,1,-,3,63,2,-,-,-
파인애플 주스,43,87.7,0.39,0.03,0.36,11.52,8.78,0,16,0.13,14,10,156,2,0,315,96
"파인애플 주스, 캔",53,86.37,0.36,0.12,0.28,12.87,9.98,0.2,13,0.31,12,8,130,2,0,-,-
"파파야, 미숙, 생것",23,93.1,0.45,0.05,0.42,5.95,1.73,2.5,17,0.15,13,17,154,5,0,391,125
"파파야, 완숙, 생것",40,88.5,0.7,0.08,0.51,10.24,8.78,1.9,16,0.26,13,16,220,9,0,564,215
"포도, 거봉, 생것",60,82.5,0.4,0.27,1.11,15.73,13.74,1.6,4,0.16,7,17,176,1,0,306,100
"포도, 거봉, 생것, 껍질 포함",68,80.6,0.59,0.05,0.51,18.25,12.32,0.9,7,0.2,7,18,183,0,0,425,192
"포도, 나르샤, 생것, 껍질 포함",58,83.4,0.55,0.22,0.66,15.18,12.94,1.9,14,0.3,11,32,322,1,0,472,235
"포도, 델라웨어, 생것",67,81.1,0.6,0.1,0.3,17.9,-,4.2,9,0.3,-,14,143,0,-,-,-
"포도, 두누리, 생것",57,84.2,0.44,0.25,0.33,14.82,13.87,2.5,4,0.13,6,20,174,0,0,298,110
"포도, 레드글로브, 생것, 껍질 포함",57,84.2,0.4,0.24,0.29,14.91,11.42,1.4,6,0.17,5,20,146,6,0,316,159
"포도, 마스캇함브르그, 생것",66,81.5,0.5,0.2,0.5,17.3,-,-,5,0.2,-,22,217,1,-,-,-
"포도, 새마루, 생것",54,84.6,0.46,0.15,0.47,14.28,11.74,2.2,3,0.14,3,16,209,1,0,396,81
"포도, 샤이니스타, 생것",76,78.6,0.49,0.22,0.5,20.2,17.07,2.6,11,0.23,8,28,243,0,0,399,176
"포도, 샤인머스캣, 생것, 껍질 포함",66,81.4,0.38,0.1,0.47,17.66,15.29,2.4,9,0.14,7,20,205,1,0,239,135
"포도, 세레단, 생것",58,83.6,0.6,0.1,0.3,15.4,-,-,6,0.4,-,11,134,5,-,-,-
"포도, 수옥, 생것",69,80.7,0.2,0.18,0.41,18.5,16.7,2.4,5,0.1,6,23,200,1,0,147,55
"포도, 스텔라, 생것, 껍질 포함",50,86,0.7,0.16,0.42,12.75,11.59,2,8,0.23,4,23,233,1,0,475,246
"포도, 진옥, 생것",52,85.2,0.45,0.08,0.36,13.88,12.43,1.4,4,0.13,4,22,196,1,0,396,107
"포도, 청수, 생것",65,81.9,0.33,0.07,0.18,17.48,16.45,1.7,10,0.21,8,14,128,0,0,248,120
"포도, 캠벨얼리, 생것",57,83.9,0.5,0.1,0.39,15.08,11.9,1.4,3,0.11,4,17,180,1,0,389,107
"포도, 캠벨얼리, 생것, 껍질 포함",51,83.6,0.61,0.05,2.15,13.59,9.16,1.1,5,0.21,7,18,235,1,0,490,149
"포도, 캠벨얼리, 생것, 껍질과 씨 포함",58,83.5,0.71,0.13,0.65,15.01,8.46,2.2,9,0.17,9,20,224,1,0,576,186
"포도, 탄금추, 생것",50,86,0.35,0.15,0.34,13.13,12.72,2.1,4,0.13,5,20,161,1,0,251,83
"포도, 탐나라, 생것",49,86.2,0.4,0.06,0.22,13.14,12.3,2.3,4,0.14,5,18,154,0,0,345,115
"포도, 홍단, 생것",59,83.4,0.37,0.13,0.35,15.75,14.84,1.8,6,0.11,5,24,173,1,0,257,101
"포도, 홍아람, 생것",57,83.7,0.39,0.09,0.38,15.4,15.3,2.3,4,0.14,5,18,171,1,0,306,96
"포도, 홍이슬, 생것",53,85.1,0.31,0.06,0.36,14.16,13.01,2.3,11,0.18,3,21,162,0,0,233,79
"포도, 홍주씨들레스, 생것, 껍질 포함",68,81,0.29,0.17,0.44,18.11,16.04,1.9,17,0.12,6,23,192,0,0,234,107
"포도, 흑구슬, 생것",62,83,0.27,0.6,0.47,15.68,14.64,2.9,4,0.13,5,24,206,1,0,218,66
"포도, 흑보석, 생것",52,85.3,0.3,0.15,0.35,13.9,12.69,2.2,6,0.1,6,19,163,1,0,221,81
"포도, 힘로드시드레스, 생것",47,86.8,0.41,0.03,0.13,12.63,7.94,0.6,4,0.07,5,11,79,0,0,338,176
"포도, 힘로드시드레스, 생것, 껍질 포함",45,86.6,0.42,0.03,0.85,12.1,8.48,0.5,7,0.13,6,15,143,1,0,320,161
"포도, 건포도",297,16.3,2.64,0.53,1.64,78.89,66.71,4.5,72,1.44,36,113,682,27,0,"1,604",845
"포도, 넥타",66,83.6,0.2,0,0,16.2,-,-,5,0.8,-,1,5,5,-,-,-
"포도, 잼",292,26.9,0.28,0.03,0.19,72.6,60.17,1.4,10,0.34,5,7,78,6,0,190,83
"포도, 통조림",69,82.6,0.14,0.02,0.12,17.12,14.87,0.8,2,0.08,1,3,24,25,0,164,65
포도 음료,29,92.6,0.05,0,0.03,7.31,6.43,0,1,0,0,0,0,8,0,0,0
포도 주스,49,86.1,0.23,0,0.18,13.49,11.47,0,12,0.19,7,15,60,6,0,129,65
포도즙,48,85.8,0.66,0.01,0.91,12.62,9.71,0,7,0.07,6,14,131,1,0,288,83
"플럼코트, 생것",47,88,0.61,1.05,0.37,9.97,7.5,1.9,4,0.11,4,11,186,0,-,898,252
"프루트샐러드, 통조림",82,79.9,0.2,0.4,0.2,19.3,-,-,7,1,-,4,56,3,-,-,-
"프루트칵테일, 통조림",75,81.1,0.19,0.03,0.16,18.52,18.9,1.2,6,0.31,10,3,66,1,0,162,57
"프루트펀치, 통조림",48,87.97,0,0,0.05,11.97,11.29,0,8,0.09,3,3,25,10,0,-,-
"거위고기, 살코기, 생것",161,68.3,22.75,7.13,1.1,0,-,0,13,2.57,24,312,420,87,-,"22,952","11,138"
"거위고기, 살코기, 구운것",238,57.23,28.97,12.67,1.14,0,-,0,14,2.87,25,309,388,76,-,"29,228","14,183"
"거위 부산물, 간, 생것",133,71.78,16.37,4.28,1.25,6.32,-,0,43,30.53,24,261,230,140,-,"16,109","8,217"
"고래고기, 생것",111,72.5,26.5,0.5,0.6,0,0,0,7,25.9,22,239,283,78,-,-,-
"고래고기, 붉은살, 냉동",132,72,23.5,3.5,1,0,-,-,7,2.8,-,177,295,58,-,-,-
"꿩고기, 수꿩, 생것",124,70.4,27.5,0.8,1.3,0,-,-,6,1.3,-,281,469,70,-,-,-
"꿩고기, 암꿩, 생것",120,70.9,27.2,0.6,1.3,0,-,-,6,1.5,-,269,-,-,-,-,-
"닭고기, 살코기, 생것",115,73.1,24,1.4,1.4,0.1,-,-,11,1.1,-,110,327,58,-,-,-
"닭고기, 살코기, 삶은것",142,68.2,27.8,2.6,1.3,0.1,-,-,9,1,-,109,213,62,-,-,-
"닭고기, 구운것",247,55.5,27.8,12.6,1.3,2.8,-,-,15,1.1,-,233,196,189,-,-,-
"닭고기, 살코기, 튀긴것(튀김옷)",289,49.39,22.54,17.35,1.3,9.42,0,0.3,21,1.37,21,155,185,292,0.2,"21,601","10,345"
"닭고기, 전체, 튀긴것",274,51.1,23.9,17.1,1.8,6.1,-,-,25,1.6,-,201,247,377,-,-,-
"닭고기, 가슴, 생것",106,76.2,22.97,0.97,1.13,0,0,0,4,0.28,32,251,371,45,0,"22,053","11,146"
"닭고기, 가슴, 삶은것",127,70.4,28.09,0.93,1.31,0,0,0,4,0.34,33,248,324,40,0,"27,061","13,521"
"닭고기, 가슴, 구운것(팬)",164,61.7,35.47,1.48,1.94,0,0,0,7,0.54,45,366,450,61,0,"33,953","16,665"
"닭고기, 가슴, 튀긴것(튀김옷)",252,48.4,21,9.7,0.7,20.2,-,-,6,1.5,-,203,324,60,-,-,-
"닭고기, 날개, 생것",178,70.8,18.78,10.53,0.78,0,0,0,17,0.56,19,155,195,74,0,"18,154","8,632"
"닭고기, 날개, 삶은것",233,64.2,25.1,13.54,0.75,0,0,0,33,0.72,18,156,155,62,0,"22,665","10,507"
"닭고기, 날개, 구운것(오븐)",244,59.5,26.36,14.08,0.97,0,0,0,32,0.78,23,200,246,97,0,"25,227","11,746"
"닭고기, 날개, 튀긴것(튀김옷)",324,46.21,19.87,21.81,1.17,10.94,-,0.3,20,1.29,16,121,138,320,-,"19,280","8,881"
"닭고기, 다리(넓적다리), 생것",190,69.6,18.59,11.83,0.86,0,0,0,9,0.54,21,176,251,62,0,"17,481","8,424"
"닭고기, 다리(넓적다리), 삶은것",230,62.6,25.14,13.18,0.84,0,0,0,8,0.82,23,178,200,50,0,"23,819","11,578"
"닭고기, 다리(넓적다리), 구운것(팬)",238,61.3,26.33,13.53,1.22,0,0,0,7,0.88,32,266,375,88,0,"25,383","12,104"
"닭고기, 다리(넓적다리), 튀긴것(튀김옷)",277,51.5,21.61,16.53,1.27,9.08,-,0.3,18,1.45,21,155,192,288,-,"20,689","9,945"
"닭고기, 다리(아랫다리), 생것",154,75.1,19.41,7.67,0.88,0,0,0,9,0.62,21,170,234,84,0,"18,174","8,462"
"닭고기, 다리(아랫다리), 삶은것",189,68.3,24.34,9.17,0.88,0,0,0,16,0.75,23,176,214,76,0,"24,033","11,471"
"닭고기, 다리(아랫다리), 구운것(오븐)",215,62.9,28.88,9.92,1.18,0,0,0,17,0.98,29,235,304,116,0,"26,362","13,155"
"닭고기, 다리(아랫다리), 튀긴것(튀김옷)",268,52.77,21.95,15.75,1.25,8.28,-,0.3,17,1.35,20,147,186,269,-,"20,981","10,136"
"닭고기, 목, 생것",342,56.3,15.05,29.58,0.66,0,0,0,26,0.84,11,112,147,59,0,"10,497","4,769"
"닭고기, 목, 튀긴것(튀김옷)",330,46.92,19.82,23.52,1.04,8.7,-,-,31,2.15,16,115,151,276,-,"19,238","8,817"
"닭고기, 성계, 생것",180,69.4,19,10.6,0.9,0.1,-,-,10,0.9,-,170,59,66,-,-,-
"닭고기, 영계, 삶은것",251,58,26.1,15,0.9,0,-,-,5,1.2,-,158,232,74,-,-,-
"닭고기, 오골계, 생것",138,74,19,6.1,0.8,0.1,-,-,22,1.2,-,166,245,80,-,-,-
"닭고기, 토종, 생것",118,74,22,2.6,1.2,0.2,-,-,11,1,-,169,59,63,-,-,-
"닭고기, 토종, 살코기",108,74.9,20,1.3,1,2.8,-,-,10,0.7,-,185,298,73,-,-,-
"닭고기, 토종, 껍질",351,55.4,12.6,31.6,0.5,0,-,-,9,0.5,-,113,131,58,-,-,-
"닭고기, 토종, 가슴",106,74.5,23.1,0.7,1.1,0.5,-,-,8,0.5,-,210,286,54,-,-,-
"닭고기, 토종, 날개",122,74.6,20.4,3.5,0.8,0.8,-,-,7,0.5,-,223,303,51,-,-,-
"닭고기, 토종, 다리",130,74.4,18.9,4.9,0.9,0.9,-,-,10,0.6,-,184,230,72,-,-,-
"닭 부산물, 간, 생것",125,75.6,15.63,5.32,1.15,2.25,0,0,5,9.14,20,269,288,68,0,"15,114","7,617"
"닭 부산물, 간, 삶은것",165,68,22.45,7.04,1.51,1,0,0,9,11.3,24,340,152,33,0,"19,822","10,008"
"닭 부산물, 간, 구운것(팬)",154,70,18.54,6.53,1.33,3.58,0,0,8,10.51,25,353,326,74,0,"18,613","9,376"
"닭 부산물, 모래주머니, 생것",84,81.5,16.87,1.41,0.69,0,0,0,10,1.68,14,140,175,42,0,"16,198","7,288"
"닭 부산물, 모래주머니, 구운것(오븐)",132,70.3,26.78,2,0.93,0,0,0,12,2.71,20,203,225,57,0,"26,679","11,810"
"닭 부산물, 심장, 생것",149,76.2,13.98,9.61,1.06,0,0,0,13,2.49,11,180,209,86,0.57,"13,677","6,563"
"닭 부산물, 심장, 삶은것",178,65.7,23.25,8.54,1.49,0,0,0,17,6.42,22,234,138,55,0.6,"19,574","9,468"
"닭 부산물, 심장, 구운것(팬)",216,61.6,24.44,11.98,1.79,0,0,0,15,5.39,28,320,376,133,0.65,"22,136","10,602"
"닭 부산물, 닭발, 생것",199,68.9,17.64,13.27,0.46,0,0,0,62,0.49,6,74,17,66,0,-,-
"닭 부산물, 닭발, 삶은것",191,70.2,16.94,12.75,0.39,0,0,0,53,0.47,5,69,16,30,0,-,-
"닭 부산물, 닭발, 육수",4,99.9,0.25,0.28,0.03,0,0,0,0,0.29,1,2,13,20,0,150,36
닭 육수,12,98,1.3,0.7,0.2,0,-,-,17,0.3,-,23,71,13,-,-,-
닭뼈 육수,7,98.6,0.9,0.4,0.2,Tr,-,0,1,0.1,1,15,60,40,0,605.5,207
"닭가슴살, 조미훈제",114,71.4,24.11,1.62,2.12,0.71,0.44,0.2,5,0.39,30,260,397,466,0,"23,134","12,508"
"닭가슴살, 통조림, 조미",109,73.4,23.69,1.57,1.17,0.14,0,0.1,4,0.36,20,173,129,332,0,"23,226","12,580"
닭가슴살 패티,145,66.8,17.8,3.98,1.86,9.6,3.53,2.5,23,0.74,35,249,405,314,0,"16,927","8,767"
닭꼬치,252,50.4,16.5,12.2,1.7,19.1,-,3,25,10.9,-,175,218,410,-,-,-
"치킨너겟, 냉동",254,55.4,13.02,16.47,1.66,13.5,1.27,1.3,50,1.03,16,218,167,430,0,"11,058","5,129"
"치킨너겟, 냉동, 튀긴것",332,43.4,15.3,22.7,1.94,16.63,1.12,1.6,61,1.12,19,255,195,516,0,"12,817","5,935"
"돼지고기, 살코기, 생것",203,66.5,19.45,12.84,0.97,0,0,0,6,0.6,21,186,318,50,0.51,"17,908","8,984"
"돼지고기, 갈비, 생것",236,65,17.77,17.06,0.88,0,0,0,9,0.73,21,185,287,64,0,"15,670","7,734"
"돼지고기, 갈비, 삶은것",296,49.9,26.51,19.54,0.65,0,0,0,13,1.09,18,151,166,45,0,"25,462","12,555"
"돼지고기, 갈비, 구운것(팬)",270,54.4,24.83,17.59,1.12,0,0,0,9,0.94,25,229,360,79,0,"21,482","10,567"
"돼지고기, 뒷다리, 생것",135,72.6,20.88,4.97,1.06,0,0,0,5,0.68,23,189,339,48,0.58,"19,926","10,055"
"돼지고기, 뒷다리, 삶은것",211,60.6,30.63,8.7,1.29,0,0,0,7,1.01,25,202,271,42,0.14,"27,920","14,255"
"돼지고기, 뒷다리, 구운것(팬)",212,59.3,30.21,8.93,1.39,0,0,0,7,0.96,30,299,450,63,0.46,"27,405","14,144"
"돼지고기, 뒷다리(도가니살), 생것",130,72.5,21.29,4.23,1.08,0,0,0,4,0.65,23,188,348,46,0.61,"20,292","10,277"
"돼지고기, 뒷다리(뒷사태살), 생것",135,73,20.51,5.11,0.98,0,0,0,5,1,21,171,315,48,0.57,"19,680","9,732"
"돼지고기, 뒷다리(보섭살), 생것",138,71.8,21.13,5.14,1.07,0,0,0,5,0.73,23,195,344,45,0.67,"20,188","10,077"
"돼지고기, 뒷다리(볼기살), 생것",133,73.1,20.79,4.81,1.08,0,0,0,5,0.61,23,201,349,51,0.48,"20,145","10,177"
"돼지고기, 뒷다리(설깃살), 생것",139,72.5,20.9,5.39,1.06,0,0,0,4,0.52,23,184,334,49,0.54,"19,645","9,989"
"돼지고기, 뒷다리(홍두깨살), 생것",136,73.3,20.03,5.44,1.05,0,0,0,4,0.87,22,180,337,43,0.94,"18,821","9,764"
"돼지고기, 등심, 생것",142,71.1,23.33,4.58,1.1,0,0,0,4,0.43,25,222,370,42,0.25,"20,838","10,559"
"돼지고기, 등심, 삶은것",204,57.1,35.08,5.94,0.85,0,0,0,7,0.63,23,200,233,28,0,"33,499","16,863"
"돼지고기, 등심, 구운것(팬)",184,60.8,32.06,5.18,1.5,0,0,0,6,0.54,31,273,412,49,0,"29,206","14,616"
"돼지고기, 등심(등심살), 생것",135,71.6,24.03,3.6,1.12,0,0,0,4,0.38,26,222,354,39,0,"20,916","10,474"
"돼지고기, 등심(등심덧살), 생것",203,66.9,17.51,13.74,0.96,0,0,0,7,0.73,19,167,300,52,0.98,"16,217","8,456"
"돼지고기, 등심(알등심살), 생것",145,70.8,22.9,5.13,1.09,0,0,0,5,0.46,25,225,395,45,0.51,"21,069","10,811"
"돼지고기, 목심, 생것",227,62,17.21,16.36,0.9,0,0,0,8,0.73,19,183,301,51,0.61,"15,263","7,477"
"돼지고기, 목심, 삶은것",282,54.4,25.43,18.56,1.29,0,0,0,10,1.15,20,179,248,42,0.59,"18,464","8,937"
"돼지고기, 목심, 구운것(팬)",264,55.9,24.06,17.23,1.22,0,0,0,7,1.06,25,250,436,65,0.73,"21,770","10,791"
"돼지고기, 사태, 생것",156,72.4,19.78,7.72,0.92,0,0,0,10,0.83,19,178,289,71,0.82,"17,167","8,274"
"돼지고기, 사태, 삶은것",203,60.8,29.14,8.46,1.27,0,0,0,14,1.21,23,178,244,54,0.15,"27,383","13,515"
"돼지고기, 사태, 구운것(팬)",212,60.3,28.47,9.74,1.33,0,0,0,8,1.2,27,255,412,99,0.59,"25,645","12,580"
"돼지고기, 삼겹살, 생것",372,52.2,13.9,33.31,0.73,0,0,0,8,0.49,14,147,239,56,0.71,"12,670","6,183"
"돼지고기, 삼겹살, 삶은것",427,41.8,19.58,36.64,0.58,0,0,0,7,0.58,14,140,173,40,0.16,"18,903","9,154"
"돼지고기, 삼겹살, 구운것(팬)",484,30.9,22.78,41.2,1.12,0,0,0,14,0.68,22,256,381,80,0.99,"21,211","10,481"
"돼지고기, 삼겹살(갈매기살), 생것",190,67.9,17.92,12.16,0.95,0,0,0,6,1.58,20,184,307,56,1.15,"16,511","8,803"
"돼지고기, 삼겹살(등갈비), 생것",237,65.3,17.88,17.19,0.95,0,0,0,18,0.71,20,179,297,52,0.82,"16,562","8,173"
"돼지고기, 삼겹살(삼겹살), 생것",392,50.3,13.27,35.7,0.69,0,0,0,6,0.42,14,143,231,55,0.67,"12,099","5,876"
"돼지고기, 삼겹살(오돌삼겹), 생것",325,58.4,17.12,26.89,0.94,0,0,0,24,0.68,16,144,241,102,1.12,"14,756","7,368"
"돼지고기, 삼겹살(토시살), 생것",141,71.8,20.46,5.82,1.03,0,0,0,7,1.82,20,192,323,59,0.63,"19,243","9,290"
"돼지고기, 안심, 생것",123,74.4,22.21,3.15,1.17,0,0,0,3,0.78,26,211,373,46,0.2,"19,080","9,711"
"돼지고기, 안심, 삶은것",177,61.4,32.32,4.31,1.29,0,0,0,5,1.33,27,217,289,37,0.32,"30,555","15,496"
"돼지고기, 안심, 구운것(팬)",172,63.5,30.23,4.76,1.73,0,0,0,5,1.03,33,277,479,57,0.69,"27,562","14,012"
"돼지고기, 앞다리, 생것",159,71.3,20.21,7.87,0.99,0,0,0,5,0.76,21,179,326,51,0.62,"19,241","9,748"
"돼지고기, 앞다리(꾸리살), 생것",135,73.1,18.83,5.91,1.06,0,0,0,5,0.92,21,175,328,48,0.59,"17,935","9,148"
"돼지고기, 앞다리(부채살), 생것",152,71.6,20.09,7.18,0.98,0,0,0,7,0.83,20,181,330,54,0.6,"20,262","10,074"
"돼지고기, 앞다리(앞다리살), 생것",161,71.4,20.56,7.92,0.99,0,0,0,5,0.69,21,181,327,50,0.68,"19,640","9,842"
"돼지고기, 앞다리(앞사태살), 생것",132,73.6,20.82,4.68,1.01,0,0,0,6,0.99,21,173,318,62,0.38,"19,031","9,959"
"돼지고기, 앞다리(주걱살), 생것",144,72.3,20.49,6.13,1.04,0,0,0,4,0.68,24,209,371,41,0.52,"20,041","10,124"
"돼지고기, 앞다리(항정살), 생것",307,57.6,17.98,24.52,0.86,0,0,0,4,0.39,17,152,282,50,0.86,"16,474","8,741"
"돼지고기, 앞다리, 수육용, 생것",274,61,17.46,21.32,0.88,0,0,0,4,0.62,17,174,298,54,0.68,"15,591","7,372"
"돼지고기, 앞다리, 수육용, 삶은것",310,50.8,27.47,20.63,1.22,0,0,0,4,1.16,16,155,187,36,0.65,"25,795","12,676"
"돼지 부산물, 간, 생것",134,71.06,21.39,3.65,1.44,2.47,-,0,9,23.3,18,288,273,87,-,"21,318","10,648"
"돼지 부산물, 간, 삶은것",173,63.4,28.06,4.8,1.37,2.41,0.55,0,8,19.4,19,393,198,52,0,"25,281","13,014"
"돼지 부산물, 대장, 생것",227,70.9,8.7,20.2,0.2,0,-,-,20,1.2,-,61,40,21,-,-,-
"돼지 부산물, 대장, 삶은것",166,74.1,11.7,13.8,0.4,0,-,0,15,1.6,10,93,27,21,0.5,"-10,970","-5,270"
"돼지 부산물, 맹장, 생것",371,54.3,10.8,34.6,0.3,0,-,-,16,0.2,-,133,127,54,-,-,-
"돼지 부산물, 머리고기, 삶은것",363,51.6,17.52,30.67,0.46,0,0,0,14,1.07,8,88,100,84,0,"14,517","6,106"
"돼지 부산물, 비장, 생것",85,79.9,18,1,1.1,0,-,-,7,22.4,-,257,340,92,-,-,-
"돼지 부산물, 소창(곱창), 생것",182,76.11,7.64,16.61,0.2,0,0,0,16,1.02,6,48,18,24,-,-,-
"돼지 부산물, 소창(곱창), 삶은것",217,68.1,15.48,16.12,0.65,0,0,0,11,1.46,10,137,43,32,0,"13,324","6,268"
"돼지 부산물, 신장, 생것",110,77.2,16.7,3.7,1.2,1.2,-,-,76,4.5,-,247,196,114,-,-,-
"돼지 부산물, 신장, 삶은것",151,68.7,25.4,4.7,1.3,0,-,0,13,5.29,18,240,143,80,-,"25,239","12,226"
"돼지 부산물, 심장(염통), 생것",118,76.21,17.27,4.36,0.84,1.33,0,0,5,4.68,19,169,294,56,-,"17,377","8,490"
"돼지 부산물, 심장(염통), 삶은것",174,66.5,25.58,7.04,0.9,0,0,0,9,6.02,18,208,155,58,0,"24,382","11,921"
"돼지 부산물, 위(오소리감투), 생것",112,78.3,17.3,4.1,0.3,0,-,-,12,1.2,-,139,178,121,-,-,-
"돼지 부산물, 위(오소리감투), 삶은것",175,69.2,22.36,8.62,0.66,0,0,0,14,1.68,16,160,112,53,0,"19,922","8,998"
"돼지 부산물, 자궁, 생것",73,82.5,15.4,0.8,1.3,0,-,-,12,0.3,-,118,131,195,-,-,-
"돼지 부산물, 족발, 생것",212,64.99,23.16,12.59,0.68,0,0,0,70,0.58,6,75,63,132,-,-,-
"돼지 부산물, 족발, 삶은것",238,62.85,21.94,16.05,0.66,0,0,0,0,0.98,5,82,33,73,0,-,-
"돼지 부산물, 족발, 조미, 삶은것",220,58.9,28.91,11.65,1.31,0,0.28,0,13,0.92,28,162,201,332,0,"28,493","12,138"
"돼지 부산물, 직장, 생것",344,57.5,9.9,32.1,0.5,0,-,-,12,0.1,-,93,100,73,-,-,-
"돼지 부산물, 췌장, 생것",154,72.1,20.7,7.1,0.1,0,-,-,22,3.8,-,315,308,85,-,-,-
"돼지 부산물, 허파, 생것",85,79.52,14.08,2.72,0.8,0,-,0,7,18.9,14,196,303,153,-,"12,831","6,043"
"돼지 부산물, 허파, 삶은것",92,80.6,15.56,2.78,0.76,0,0,0,11,7.76,9,172,117,72,0,"13,960","6,343"
베이컨,266,58.5,16.58,21.6,2.17,1.2,1.14,0,6,0.54,15,206,222,662,0.58,"15,291","8,030"
"베이컨, 데친것",260,56.8,21.24,17.87,0.53,3.58,0.31,0,6,0.84,12,89,58,177,0,"21,241","10,870"
"베이컨, 구운것(팬)",381,33.3,32.28,26.67,4.7,3.02,2.21,0,14,1.14,35,431,528,"1,495",0,"32,282","15,494"
"소시지, 말린것",467,23.5,26.7,42,5.3,2.6,1.9,0,27,2.6,22,250,430,"1,700",0.5,"26,690","12,840"
"소시지, 리용소시지",188,65.2,14.9,13.1,3.1,3.7,0.6,0,13,1,16,240,200,910,0.4,"15,370","7,190"
"소시지, 볼로냐소시지",242,60.9,12.5,21,2.7,2.9,1.1,0,9,1,13,210,180,830,0.3,"12,720","5,980"
"소시지, 위너(비엔나)소시지",251,55.6,15.27,16.91,2.87,9.36,0.87,0.1,30,0.74,15,208,368,732,0.35,"14,939","7,698"
"소시지, 이탈리안소시지",290,56.44,13.9,24.26,2.42,2.97,1.19,0,12,1.77,16,126,211,563,-,-,-
"소시지, 프랑크푸르트소시지",241,59.3,14.41,17.7,2.72,5.9,1.28,0.1,9,0.47,15,227,232,795,0,"13,951","6,500"
"햄, 등심햄",121,71.2,20.66,3.34,2.79,1.97,1.53,0,8,0.36,22,266,280,759,0,"20,640","10,087"
"햄, 슬라이스햄",193,65.4,17.01,12.82,2.45,2.3,1.34,0,27,0.77,26,200,368,703,0,"11,953","5,930"
"햄, 슬라이스햄, 데친것",203,63.7,17.26,13.14,1.96,3.94,1.54,0,29,0.89,25,182,274,525,0,"14,502","7,193"
"햄, 슬라이스햄, 구운것(팬)",234,57.4,19.7,15.43,3.43,4.05,2.12,0,33,0.93,32,239,429,806,0,"16,105","7,845"
"햄, 프레스햄",234,61.8,15.11,18.02,2.33,2.77,1.92,0,26,0.63,27,204,339,628,0.51,"13,406","6,805"
"햄, 프레스햄, 데친것",234,60.7,15.92,17.23,2.19,3.91,1.62,0,9,0.73,18,186,211,668,0.31,"10,881","5,610"
"햄, 프레스햄, 구운것(팬)",249,58.8,16.2,18.77,2.42,3.78,1.86,0,19,0.71,24,215,319,758,0,"13,396","6,923"
"햄, 통조림, 돼지고기와 닭고기 함유",197,62.5,15.43,11.53,2.62,7.92,1.08,0,7,0.69,15,196,214,778,0,"14,825","7,722"
"햄, 통조림, 돼지고기와 닭고기 함유, 데친것",194,64.5,15.82,12.33,2.37,5.04,1.03,0,6,1.06,19,217,186,655,0,"14,054","7,320"
"햄, 통조림, 돼지고기와 닭고기 함유, 구운것(팬)",228,57.6,18.62,14.15,3.25,6.42,1.23,0,8,1.57,23,291,283,933,0,"16,782","8,741"
"햄, 통조림, 돼지고기 함유",303,54.3,14.66,26.49,3.1,1.48,1.17,0,16,0.51,15,248,255,"1,054",0,"11,727","5,225"
"햄, 통조림, 돼지고기 함유, 구운것(오븐)",352,47.1,16.68,31.05,3.65,1.53,1.36,0,15,0.58,16,297,296,"1,252",0,"13,442","5,921"
"햄, 통조림, 돼지고기 함유, 구운것(팬)",78,44.5,17.73,32.25,3.77,1.72,1.43,0,20,0.55,19,301,312,"1,276",0,"14,044","6,396"
"돼지불고기, 생것",128,74.9,14.1,6.9,1.7,2.4,-,-,16,1,-,146,253,330,-,-,-
"순대, 선지 비율 낮은것",178,59.3,3.18,3.96,1.32,32.28,1.09,0.5,19,2.56,4,24,44,506,0,"2,529","1,085"
"순대, 선지 비율 높은것",150,70.4,9.22,7.37,1.41,11.65,2.36,0.8,31,9.7,15,63,194,386,0,"6,786","3,268"
"포크커틀릿, 냉동",285,49.9,9.4,18.2,1.5,21,-,-,23,1.2,-,142,172,345,-,-,-
"포크커틀릿, 냉동, 튀긴것(빵가루)",365,37.1,16.6,23.7,1.4,21.2,-,-,15,0.3,-,152,256,166,-,-,-
"말고기, 살코기, 생것",102,76.1,20.1,2.5,1,0.3,-,0,11,4.3,18,170,300,50,-,"20,550","10,640"
"메추리고기, 생것",194,65.4,20.5,12.9,1.1,0.1,-,0,15,2.9,27,100,280,35,0.1,"-20,730","-10,400"
"멧돼지고기, 생것",249,60.1,18.8,19.8,0.8,0.5,-,0,4,2.5,20,170,270,45,0.4,"-19,190","-9,590"
"멧돼지고기, 앞다리, 생것",191,68.8,21.5,10.7,1,0,-,-,11,2.1,-,70,304,55,-,-,-
"소고기, 수입산, 갈비, 구운것(오븐)",400,43.4,22.57,33.7,0.91,0,-,0,11,2.17,20,175,304,65,-,"21,589","10,673"
"소고기, 수입산, 목심(목심살), 생것",268,59.93,16.98,21.31,0.81,0.97,0,0,10,2.01,17,160,267,67,-,"16,244","8,029"
"소고기, 수입산, 목심(목심살), 삶은것",359,46.32,26.37,27.26,0.87,0,0,0,13,3.08,19,198,230,64,0.4,"25,218","12,466"
"소고기, 수입산, 사태, 끓인것",201,58.21,33.68,6.36,2.39,0,-,0,32,3.86,30,263,447,64,-,"32,214","15,923"
"소고기, 수입산, 설도, 구운것(석쇠)",164,66.61,28.45,4.67,1.15,0,0,0,6,2.35,19,183,238,38,0.1,"27,381","13,308"
"소고기, 수입산, 안심(안심살), 구운것",267,56.04,26.46,17.12,1.06,0,0,0,19,1.69,22,205,329,54,0.3,"25,466","12,378"
"소고기, 한우, 갈비, 생것",307,56.4,16.5,24.4,0.8,1.9,-,-,9,3,-,110,194,127,-,-,-
"소고기, 한우, 등심, 생것",313,55.3,15.61,26.3,0.69,0,0,0,11,2.24,17,147,241,56,0,"14,637","7,330"
"소고기, 한우, 등심, 삶은것",357,46.5,25.2,26.63,0.72,0,0,0,7,3,18,159,195,33,0,"24,882","12,465"
"소고기, 한우, 등심, 구운것(팬)",400,41.7,18.9,33.99,0.75,0,0,0,8,2.92,19,178,262,59,0,"17,783","8,733"
"소고기, 한우, 양지, 생것",253,61,18.58,18.59,0.83,0,0,0,5,1.92,18,163,265,55,0,"16,725","8,265"
"소고기, 한우, 양지, 삶은것",272,51,33.09,14.05,0.74,0,0,0,8,2.47,19,162,174,38,0,"29,562","14,507"
"소고기, 한우, 양지, 구운것(팬)",309,49.7,25.6,21.32,1.09,0,0,0,7,2.4,23,219,347,74,0,"22,669","11,175"
"소고기, 한우, 채끝, 생것",126,76.2,17.1,5.6,0.9,0.2,-,-,11,2.2,-,111,261,63,-,-,-
"소고기, 한우(1++등급), 살코기, 생것",269,60.1,17.88,20.6,0.78,0,0,0,5,2.65,17,150,267,51,0.23,"12,953","6,586"
"소고기, 한우(1++등급), 갈비, 생것",406,51.2,13.86,36.93,0.62,0,0,0,7,2.39,13,122,210,52,0.11,"10,150","5,087"
"소고기, 한우(1++등급), 갈비(꽃갈비), 생것",424,46.7,12.62,39.35,0.56,0,0,0,8,2.02,11,106,183,53,0,"8,713","4,339"
"소고기, 한우(1++등급), 갈비(본갈비), 생것",376,50.4,14.64,33.38,0.6,0,0,0,5,2.39,13,122,209,51,0.3,"9,831","4,954"
"소고기, 한우(1++등급), 갈비(안창살), 생것",313,56.6,14.57,26.73,0.68,0,0,0,6,3.42,16,142,246,49,0,"11,633","6,067"
"소고기, 한우(1++등급), 갈비(제비추리), 생것",202,66.3,20.04,12.49,0.77,0,0,0,7,3.57,19,166,310,53,0,"14,607","7,460"
"소고기, 한우(1++등급), 갈비(참갈비), 생것",415,47.9,12.17,38.65,0.6,0,0,0,5,2.09,12,115,199,46,0,"10,145","5,053"
"소고기, 한우(1++등급), 갈비(토시살), 생것",273,60.4,16.46,21.62,0.77,0,0,0,5,3.78,17,149,245,53,1.14,"10,587","5,183"
"소고기, 한우(1++등급), 등심, 생것",349,52.7,15.76,30.03,0.64,0,0,0,4,2.26,13,120,218,43,0,"11,343","5,651"
"소고기, 한우(1++등급), 등심(꽃등심살), 생것",365,50.3,15.44,31.86,0.7,0,0,0,4,2.19,14,123,227,41,0,"11,354","5,690"
"소고기, 한우(1++등급), 등심(살치살), 생것",363,51.2,14.73,31.96,0.59,0,0,0,3,2.53,13,119,205,44,0,"11,186","5,667"
"소고기, 한우(1++등급), 등심(아래등심살), 생것",348,52.2,16.23,29.73,0.69,0,0,0,4,2.05,14,126,229,40,0,"12,207","6,168"
"소고기, 한우(1++등급), 등심(윗등심살), 생것",335,55,16.03,28.46,0.6,0,0,0,5,2.33,13,117,211,46,0,"10,973","5,380"
"소고기, 한우(1++등급), 목심, 생것",217,64.8,20.24,13.96,0.93,0,0,0,7,3.2,18,163,298,57,0,"14,881","7,394"
"소고기, 한우(1++등급), 사태, 생것",174,68.6,21.37,8.91,0.89,0,0,0,5,3.15,20,171,298,63,0.38,"15,442","7,714"
"소고기, 한우(1++등급), 사태(뒷사태), 생것",178,67.8,21.41,9.31,0.9,0,0,0,6,3.27,19,170,294,63,0.33,"14,855","7,362"
"소고기, 한우(1++등급), 사태(뭉치사태), 생것",167,68.4,22.45,7.7,0.98,0,0,0,5,3.48,22,188,317,56,0,"16,255","8,442"
"소고기, 한우(1++등급), 사태(상박살), 생것",222,65.5,20.22,14.55,0.78,0,0,0,4,2.8,18,157,285,60,0,"14,960","7,193"
"소고기, 한우(1++등급), 사태(아롱사태), 생것",233,63.8,21.76,15.03,0.7,0,0,0,5,2.83,16,137,251,69,0,"15,655","7,372"
"소고기, 한우(1++등급), 사태(앞사태), 생것",159,70.6,20.86,7.58,0.88,0,0,0,5,2.91,19,168,298,66,0.75,"15,723","7,832"
"소고기, 한우(1++등급), 설도, 생것",217,64.4,19.63,14.21,0.88,0,0,0,5,2.89,20,171,294,51,0.79,"13,967","7,198"
"소고기, 한우(1++등급), 설도(도가니살), 생것",175,68.2,20.28,9.47,0.93,0,0,0,5,3.09,19,170,298,52,0,"13,539","6,932"
"소고기, 한우(1++등급), 설도(보섭살), 생것",218,65.2,20.24,14.05,0.91,0,0,0,5,3.09,21,180,305,51,2.33,"14,281","7,391"
"소고기, 한우(1++등급), 설도(삼각살), 생것",304,56.2,16.89,24.76,0.76,0,0,0,4,1.99,17,145,262,46,0,"12,832","6,582"
"소고기, 한우(1++등급), 설도(설깃머리살), 생것",245,62.4,17.85,18.03,0.82,0,0,0,4,2.83,19,163,276,48,0,"12,988","6,588"
"소고기, 한우(1++등급), 설도(설깃살), 생것",223,63,19.74,14.85,0.87,0,0,0,5,2.74,20,173,293,51,0.6,"14,628","7,591"
"소고기, 한우(1++등급), 안심, 생것",268,63.8,17.4,20.63,0.65,0,0,0,4,2.67,17,151,268,42,0,"13,723","6,996"
"소고기, 한우(1++등급), 앞다리, 생것",222,64.3,18.9,15.12,0.81,0,0,0,6,2.97,19,166,291,55,0.11,"14,364","7,359"
"소고기, 한우(1++등급), 앞다리(갈비덧살), 생것",224,63.3,19.17,15.21,0.91,0,0,0,7,2.78,20,173,304,48,1.28,"13,561","6,985"
"소고기, 한우(1++등급), 앞다리(꾸리살), 생것",192,66.7,19.58,11.58,0.94,0,0,0,4,2.97,20,170,297,52,0,"15,573","7,882"
"소고기, 한우(1++등급), 앞다리(부채덮개살), 생것",185,68.2,21.26,10.1,0.96,0,0,0,6,2.95,20,174,304,60,0,"15,346","7,767"
"소고기, 한우(1++등급), 앞다리(부채살), 생것",285,59.3,17.02,22.64,0.72,0,0,0,4,2.56,16,138,239,51,0,"12,108","5,908"
"소고기, 한우(1++등급), 앞다리(앞다리살), 생것",213,64.9,18.93,14.19,0.76,0,0,0,7,3.16,20,172,304,57,0,"14,845","7,749"
"소고기, 한우(1++등급), 양지, 생것",288,58.2,16.81,23.08,0.77,0,0,0,7,2.42,17,142,256,52,0.28,"11,903","6,136"
"소고기, 한우(1++등급), 양지(앞치마살), 생것",351,52.7,14.29,30.9,0.6,0,0,0,3,2.03,12,114,217,44,0,"10,420","5,412"
"소고기, 한우(1++등급), 양지(양지머리), 생것",213,65.2,19.88,13.75,0.95,0,0,0,10,2.89,22,177,320,52,0,"14,871","7,796"
"소고기, 한우(1++등급), 양지(업진살), 생것",413,47.5,12.64,38.19,0.49,0,0,0,5,1.82,11,99,181,51,1.22,"8,978","4,604"
"소고기, 한우(1++등급), 양지(업진안살), 생것",321,53.8,15.43,27.21,0.68,0,0,0,5,2.8,15,136,246,47,0,"11,520","5,928"
"소고기, 한우(1++등급), 양지(차돌박이), 생것",342,52.3,14.12,29.96,0.75,0,0,0,5,2.08,14,124,215,63,0,"9,087","4,493"
"소고기, 한우(1++등급), 양지(치마살), 생것",275,59.1,16.37,21.84,0.78,0,0,0,3,2.74,15,136,254,44,0,"11,561","5,839"
"소고기, 한우(1++등급), 양지(치마양지), 생것",253,61.4,18.04,18.82,0.81,0,0,0,5,2.33,16,142,258,53,0.29,"11,963","6,131"
"소고기, 한우(1++등급), 우둔, 생것",191,67.4,20.4,11.11,0.79,0,0,0,5,2.78,19,183,330,50,0,"14,584","7,475"
"소고기, 한우(1++등급), 우둔(우둔살), 생것",191,67.3,20.39,11.17,0.73,0,0,0,5,2.91,19,183,328,51,0,"14,722","7,528"
"소고기, 한우(1++등급), 우둔(홍두깨살), 생것",189,67.7,20.44,10.87,1.02,0,0,0,5,2.22,21,182,336,46,0,"14,016","7,259"
"소고기, 한우(1++등급), 채끝, 생것",360,52.4,16.48,30.84,0.71,0,0,0,4,2.09,15,129,230,44,0,"12,156","6,317"
"소고기, 한우(1+등급), 살코기, 생것",251,62.7,19.01,18.18,0.84,0,0,0,3,2.36,18,159,276,44,0,"17,865","8,635"
"소고기, 한우(1+등급), 갈비, 생것",388,54,15.5,34.29,0.66,0,0,0,4,2.07,15,140,224,41,0,"14,022","6,532"
"소고기, 한우(1+등급), 갈비(꽃갈비), 생것",391,49.1,14.7,36.43,0.59,0,0,0,4,1.76,15,135,210,40,0,"11,335","5,238"
"소고기, 한우(1+등급), 갈비(본갈비), 생것",388,51.2,14.69,34.65,0.62,0,0,0,4,2.03,13,122,196,42,0,"14,491","6,625"
"소고기, 한우(1+등급), 갈비(안창살), 생것",313,56.4,15.25,26.4,0.75,0,0,0,3,3.25,18,168,234,42,0,"15,090","7,502"
"소고기, 한우(1+등급), 갈비(제비추리), 생것",187,69.6,21.13,10.45,0.94,0,0,0,4,2.8,19,181,266,39,0,"20,729","10,166"
"소고기, 한우(1+등급), 갈비(참갈비), 생것",373,52.7,14.82,32.98,0.65,0,0,0,3,1.79,15,134,226,38,0,"14,212","6,616"
"소고기, 한우(1+등급), 갈비(토시살), 생것",269,62.5,15.69,21.52,0.76,0,0,0,3,3.38,18,147,254,42,0,"14,698","6,999"
"소고기, 한우(1+등급), 등심, 생것",333,54.9,16.87,27.84,0.72,0,0,0,4,2.2,16,139,245,39,0,"16,031","7,777"
"소고기, 한우(1+등급), 등심(꽃등심살), 생것",342,54.6,17.1,28.72,0.73,0,0,0,3,2.13,17,141,256,38,0,"16,380","8,108"
"소고기, 한우(1+등급), 등심(살치살), 생것",351,51.8,13.53,31.28,0.6,0,0,0,3,2.15,14,130,196,38,0,"12,652","5,982"
"소고기, 한우(1+등급), 등심(아래등심살), 생것",297,57.6,18.23,23.34,0.8,0,0,0,3,1.95,19,154,274,34,0,"17,601","8,724"
"소고기, 한우(1+등급), 등심(윗등심살), 생것",339,54.6,16.98,28.45,0.7,0,0,0,4,2.38,15,134,237,41,0,"15,976","7,599"
"소고기, 한우(1+등급), 목심, 생것",227,63.3,20.83,14.75,0.84,0,0,0,4,2.56,19,176,272,46,0,"20,644","9,663"
"소고기, 한우(1+등급), 사태, 생것",156,71.6,21.29,7.06,0.93,0,0,0,3,2.76,19,170,301,55,0,"18,738","8,856"
"소고기, 한우(1+등급), 사태(뒷사태), 생것",153,71.5,20.57,7.01,0.92,0,0,0,3,2.82,17,163,300,56,0,"19,373","8,975"
"소고기, 한우(1+등급), 사태(뭉치사태), 생것",138,72.6,21.89,4.85,0.99,0,0,0,3,2.89,21,185,323,48,0,"19,747","9,551"
"소고기, 한우(1+등급), 사태(상박살), 생것",211,66.8,20.12,13.38,0.88,0,0,0,3,2.73,16,167,273,53,0,"19,500","9,644"
"소고기, 한우(1+등급), 사태(아롱사태), 생것",241,63,20.6,16.38,0.8,0,0,0,4,2.56,17,159,235,62,0,"20,156","9,711"
"소고기, 한우(1+등급), 사태(앞사태), 생것",153,72.9,22.05,6.41,0.93,0,0,0,3,2.63,20,172,300,57,0,"17,165","8,106"
"소고기, 한우(1+등급), 설도, 생것",191,68,20.82,10.96,0.97,0,0,0,3,2.69,19,176,311,44,0,"18,237","8,954"
"소고기, 한우(1+등급), 설도(도가니살), 생것",171,70.2,20.02,9.18,1,0,0,0,3,2.86,20,175,309,46,0,"19,337","9,556"
"소고기, 한우(1+등급), 설도(보섭살), 생것",179,68.2,21.82,9.21,0.99,0,0,0,3,2.87,20,181,321,42,0,"17,413","8,704"
"소고기, 한우(1+등급), 설도(삼각살), 생것",211,65.8,19.38,13.74,0.9,0,0,0,3,2.02,20,179,332,44,0,"16,534","7,808"
"소고기, 한우(1+등급), 설도(설깃머리살), 생것",211,66.4,19.2,13.81,0.89,0,0,0,3,2.75,18,170,290,42,0,"17,622","8,569"
"소고기, 한우(1+등급), 설도(설깃살), 생것",207,67.1,21.5,12.38,0.96,0,0,0,3,2.52,19,173,307,44,0,"18,560","9,024"
"소고기, 한우(1+등급), 안심, 생것",210,67.5,20.69,13.03,0.96,0,0,0,2,2.63,22,169,294,37,0,"20,459","10,159"
"소고기, 한우(1+등급), 앞다리, 생것",200,67.7,19.72,12.37,0.92,0,0,0,3,2.73,17,165,293,46,0,"19,243","9,255"
"소고기, 한우(1+등급), 앞다리(갈비덧살), 생것",215,64.6,18.61,14.51,0.88,0,0,0,3,2,14,137,256,35,0,"18,059","8,620"
"소고기, 한우(1+등급), 앞다리(꾸리살), 생것",189,70.2,19.04,11.51,0.9,0,0,0,3,2.65,17,165,282,49,0,"18,812","9,075"
"소고기, 한우(1+등급), 앞다리(부채덮개살), 생것",161,70.6,20.7,7.85,0.99,0,0,0,3,2.58,18,171,319,57,0,"19,774","9,521"
"소고기, 한우(1+등급), 앞다리(부채살), 생것",251,63.6,17.42,18.84,0.79,0,0,0,2,2.48,16,155,265,49,0,"16,688","7,565"
"소고기, 한우(1+등급), 앞다리(앞다리살), 생것",188,68.6,20.74,10.71,0.97,0,0,0,3,3,18,173,308,44,0,"20,390","9,978"
"소고기, 한우(1+등급), 양지, 생것",273,61.4,17.77,21.09,0.8,0,0,0,3,1.96,17,146,267,49,0,"17,298","8,407"
"소고기, 한우(1+등급), 양지(앞치마살), 생것",297,59.4,17.38,23.81,0.81,0,0,0,2,2.31,16,161,305,40,0,"17,025","8,431"
"소고기, 한우(1+등급), 양지(양지머리), 생것",197,68.1,19.77,12.11,0.93,0,0,0,3,2.4,21,161,306,52,0,"19,659","9,555"
"소고기, 한우(1+등급), 양지(업진살), 생것",335,56.4,15.09,28.85,0.6,0,0,0,4,1.61,14,133,208,40,0,"13,309","6,362"
"소고기, 한우(1+등급), 양지(업진안살), 생것",305,59,18.09,24.35,0.82,0,0,0,5,2.44,18,162,263,45,0,"18,011","8,981"
"소고기, 한우(1+등급), 양지(차돌박이), 생것",484,42.5,11.16,46.45,0.53,0,0,0,5,1.2,11,94,160,60,0,"11,006","5,247"
"소고기, 한우(1+등급), 양지(치마살), 생것",241,64.4,17.64,17.69,0.84,0,0,0,3,2.46,18,147,270,44,0,"17,442","8,532"
"소고기, 한우(1+등급), 양지(치마양지), 생것",217,66,20.81,13.71,0.92,0,0,0,3,1.71,19,159,309,51,0,"20,518","10,033"
"소고기, 한우(1+등급), 우둔, 생것",179,68.4,22.47,8.92,1,0,0,0,2,2.51,22,184,322,41,0,"21,687","10,748"
"소고기, 한우(1+등급), 우둔(우둔살), 생것",183,67.6,22.68,9.32,0.99,0,0,0,2,2.64,23,184,316,41,0,"21,987","10,974"
"소고기, 한우(1+등급), 우둔(홍두깨살), 생것",160,71.4,21.61,7.31,1.03,0,0,0,3,1.99,20,182,348,41,0,"20,460","9,825"
"소고기, 한우(1+등급), 채끝, 생것",314,56.3,17.92,25.29,0.79,0,0,0,4,1.92,19,151,252,34,0,"17,001","8,371"
"소고기, 한우(1등급), 살코기, 생것",233,63.3,20.22,15.7,0.87,0,0,0,5,2.42,18,174,291,53,0,"19,212","9,569"
"소고기, 한우(1등급), 갈비, 생것",376,52.7,16.78,32.39,0.68,0,0,0,6,2.02,13,130,215,48,0,"16,037","8,017"
"소고기, 한우(1등급), 갈비(꽃갈비), 생것",396,48,15.35,35.25,0.62,0,0,0,7,1.74,11,118,196,47,0,"14,270","7,101"
"소고기, 한우(1등급), 갈비(본갈비), 생것",312,54.9,16.94,25.61,0.7,0,0,0,6,2.12,14,136,222,48,0,"16,983","8,586"
"소고기, 한우(1등급), 갈비(안창살), 생것",293,58,15.46,24.16,0.77,0,0,0,8,3.22,17,163,252,44,0,"14,791","7,127"
"소고기, 한우(1등급), 갈비(제비추리), 생것",178,68.5,21.95,9.06,0.93,0,0,0,5,3.11,19,181,319,49,0,"21,074","10,769"
"소고기, 한우(1등급), 갈비(참갈비), 생것",404,47.3,15.89,35.76,0.61,0,0,0,4,1.59,11,112,187,46,0,"15,056","7,542"
"소고기, 한우(1등급), 갈비(토시살), 생것",271,60.2,19.63,20.02,0.83,0,0,0,3,3.21,16,159,258,46,0,"18,258","8,868"
"소고기, 한우(1등급), 등심, 생것",309,56.3,18.6,24.45,0.75,0,0,0,5,2.22,16,148,253,47,0,"17,650","8,687"
"소고기, 한우(1등급), 등심(꽃등심살), 생것",336,54.2,17.76,27.73,0.7,0,0,0,5,2.09,15,144,245,42,0,"16,857","8,095"
"소고기, 한우(1등급), 등심(살치살), 생것",319,55.9,16.68,26.39,0.74,0,0,0,3,2.54,16,144,232,47,0,"15,935","8,027"
"소고기, 한우(1등급), 등심(아래등심살), 생것",263,60.2,17.79,19.95,0.86,0,0,0,5,2.21,18,169,293,44,0,"16,668","8,151"
"소고기, 한우(1등급), 등심(윗등심살), 생것",309,55.9,20.05,23.89,0.74,0,0,0,6,2.22,15,142,244,51,0,"19,088","9,503"
"소고기, 한우(1등급), 목심, 생것",204,65.9,21.6,12.04,0.9,0,0,0,9,2.64,18,171,295,61,0,"20,341","10,159"
"소고기, 한우(1등급), 사태, 생것",157,71,23.06,6.39,0.97,0,0,0,6,2.74,20,184,308,64,0,"21,594","10,770"
"소고기, 한우(1등급), 사태(뒷사태), 생것",161,71,22.93,6.84,0.97,0,0,0,5,2.81,19,180,311,67,0,"21,470","10,585"
"소고기, 한우(1등급), 사태(뭉치사태), 생것",147,71.3,24.04,4.86,1.02,0,0,0,5,2.84,23,204,338,57,0,"22,905","11,217"
"소고기, 한우(1등급), 사태(상박살), 생것",185,68.7,21.38,10.06,0.84,0,0,0,4,2.56,19,176,294,59,0,"19,822","9,447"
"소고기, 한우(1등급), 사태(아롱사태), 생것",237,62.3,21.47,15.55,0.71,0,0,0,6,2.23,15,139,226,66,0,"20,024","10,100"
"소고기, 한우(1등급), 사태(앞사태), 생것",147,72.2,23.1,5.24,0.98,0,0,0,7,2.68,19,183,299,66,0,"21,447","11,024"
"소고기, 한우(1등급), 설도, 생것",183,67.7,20.98,10.06,0.97,0,0,0,5,2.72,22,201,326,51,0,"19,827","9,824"
"소고기, 한우(1등급), 설도(도가니살), 생것",163,70.1,20.37,8.14,1,0,0,0,5,2.67,22,206,343,52,0,"19,481","9,593"
"소고기, 한우(1등급), 설도(보섭살), 생것",163,69,21.75,7.57,1,0,0,0,5,2.99,23,209,337,49,0,"20,472","10,414"
"소고기, 한우(1등급), 설도(삼각살), 생것",225,64.4,21.01,14.52,0.94,0,0,0,5,2.52,20,186,310,49,0,"19,818","9,964"
"소고기, 한우(1등급), 설도(설깃머리살), 생것",197,66.6,20.22,11.84,0.97,0,0,0,5,3.21,21,203,313,50,0,"19,663","9,677"
"소고기, 한우(1등급), 설도(설깃살), 생것",204,65.8,21.09,12.22,0.94,0,0,0,5,2.43,21,192,310,51,0,"19,636","9,548"
"소고기, 한우(1등급), 안심, 생것",205,66.6,19.17,13.14,0.98,0,0,0,5,2.78,14,197,337,45,0,"17,827","8,966"
"소고기, 한우(1등급), 앞다리, 생것",188,66.9,21.15,10.49,0.89,0,0,0,5,2.71,20,188,309,56,0,"19,912","9,663"
"소고기, 한우(1등급), 앞다리(갈비덧살), 생것",187,66.9,20.39,10.73,0.92,0,0,0,5,2.46,21,197,334,50,0,"19,649","9,538"
"소고기, 한우(1등급), 앞다리(꾸리살), 생것",157,70.3,20.61,7.43,0.94,0,0,0,6,2.98,20,186,310,58,0,"19,881","10,112"
"소고기, 한우(1등급), 앞다리(부채덮개살), 생것",150,70.3,21.39,6.34,1.02,0,0,0,6,2.7,21,193,327,68,0,"19,972","10,042"
"소고기, 한우(1등급), 앞다리(부채살), 생것",253,60.2,20.7,17.64,0.75,0,0,0,5,2.44,16,156,256,58,0,"19,171","9,065"
"소고기, 한우(1등급), 앞다리(앞다리살), 생것",179,67.8,21.53,9.38,0.91,0,0,0,4,2.8,21,197,320,54,0,"20,226","9,721"
"소고기, 한우(1등급), 양지, 생것",248,62.3,20.21,17.27,0.84,0,0,0,5,2.15,19,173,293,58,0,"19,587","9,865"
"소고기, 한우(1등급), 양지(앞치마살), 생것",292,59,18.69,22.65,0.8,0,0,0,4,2.14,19,161,286,47,0,"17,790","8,999"
"소고기, 한우(1등급), 양지(양지머리), 생것",198,67.2,21.16,11.55,0.89,0,0,0,5,2.52,21,192,316,57,0,"20,229","10,223"
"소고기, 한우(1등급), 양지(업진살), 생것",291,57.6,19.34,22.22,0.84,0,0,0,5,2.04,18,159,282,55,0,"19,018","9,424"
"소고기, 한우(1등급), 양지(업진안살), 생것",269,61.1,17.76,20.62,0.78,0,0,0,5,2.6,18,164,289,47,0,"17,039","8,661"
"소고기, 한우(1등급), 양지(차돌박이), 생것",408,47.4,16.45,35.94,0.55,0,0,0,7,1.43,11,106,171,66,0,"15,887","7,648"
"소고기, 한우(1등급), 양지(치마살), 생것",216,64.1,20.43,13.75,0.82,0,0,0,4,2.69,18,193,300,46,0,"19,924","9,980"
"소고기, 한우(1등급), 양지(치마양지), 생것",193,67.5,22.27,10.57,0.97,0,0,0,5,1.87,21,190,334,65,0,"21,840","11,274"
"소고기, 한우(1등급), 우둔, 생것",162,69.5,23,6.92,0.98,0,0,0,5,2.58,22,200,335,50,0,"21,663","10,959"
"소고기, 한우(1등급), 우둔(우둔살), 생것",166,69,23.08,7.29,0.96,0,0,0,5,2.67,22,198,327,51,0,"21,662","11,028"
"소고기, 한우(1등급), 우둔(홍두깨살), 생것",146,71.4,22.66,5.38,1.04,0,0,0,5,2.21,23,211,367,46,0,"21,670","10,677"
"소고기, 한우(1등급), 채끝, 생것",230,63.4,17.59,16.51,0.91,0,0,0,4,2.32,20,181,308,47,0,"17,138","8,549"
"소고기, 한우(2등급), 살코기, 생것",214,65.1,19.99,13.78,0.84,0,0,0,4,2.68,19,163,287,54,1.73,"16,564","8,384"
"소고기, 한우(2등급), 갈비, 생것",306,60,18.02,24.41,0.74,0,0,0,5,2.67,16,148,254,53,2.58,"15,486","7,686"
"소고기, 한우(2등급), 갈비(꽃갈비), 생것",313,56.6,17.35,25.48,0.72,0,0,0,5,2.43,15,140,238,52,1.47,"14,513","7,187"
"소고기, 한우(2등급), 갈비(본갈비), 생것",310,57.1,16.65,25.5,0.73,0,0,0,5,2.61,14,132,235,53,3.59,"14,814","7,289"
"소고기, 한우(2등급), 갈비(안창살), 생것",238,64,16.63,17.79,0.74,0,0,0,5,3.5,18,162,263,53,0.8,"14,803","7,550"
"소고기, 한우(2등급), 갈비(제비추리), 생것",172,68.9,21.53,8.58,0.87,0,0,0,6,3.32,19,169,304,53,0.76,"18,885","9,308"
"소고기, 한우(2등급), 갈비(참갈비), 생것",291,57.9,17.73,22.98,0.68,0,0,0,4,2.35,17,147,249,49,2.69,"15,194","7,574"
"소고기, 한우(2등급), 갈비(토시살), 생것",260,61.4,18.25,19.42,0.72,0,0,0,3,3.98,18,165,269,55,7.47,"15,467","7,679"
"소고기, 한우(2등급), 등심, 생것",275,59,18.25,21.06,0.73,0,0,0,4,2.51,17,145,259,48,0.3,"15,978","8,004"
"소고기, 한우(2등급), 등심(꽃등심살), 생것",301,56.1,17.12,24.34,0.73,0,0,0,4,2.35,16,141,256,43,0,"15,856","8,070"
"소고기, 한우(2등급), 등심(살치살), 생것",274,58.6,17.19,21.44,0.72,0,0,0,3,2.84,16,143,238,48,0.22,"13,856","6,975"
"소고기, 한우(2등급), 등심(아래등심살), 생것",246,60.9,20.04,17.21,0.81,0,0,0,4,2.51,19,163,288,42,0.45,"17,935","8,893"
"소고기, 한우(2등급), 등심(윗등심살), 생것",272,60.2,18.43,20.63,0.71,0,0,0,4,2.54,16,141,253,54,0.44,"15,711","7,821"
"소고기, 한우(2등급), 목심, 생것",194,67.1,20.17,11.6,0.82,0,0,0,6,2.79,18,159,287,59,3.83,"16,844","8,676"
"소고기, 한우(2등급), 사태, 생것",155,70.9,21.77,6.73,0.88,0,0,0,5,2.94,19,166,292,68,3.16,"19,064","9,173"
"소고기, 한우(2등급), 사태(뒷사태), 생것",158,70.5,21.75,7.06,0.9,0,0,0,6,2.77,19,162,294,72,4.21,"19,310","9,226"
"소고기, 한우(2등급), 사태(뭉치사태), 생것",145,70.4,23.25,5,0.98,0,0,0,4,3.47,22,184,308,57,1.37,"20,097","10,078"
"소고기, 한우(2등급), 사태(상박살), 생것",174,68.8,21.05,9.09,0.85,0,0,0,3,3.08,19,167,285,60,6.75,"17,275","8,293"
"소고기, 한우(2등급), 사태(아롱사태), 생것",221,63.2,21.77,13.69,0.67,0,0,0,5,2.71,15,133,220,74,3.01,"18,427","8,144"
"소고기, 한우(2등급), 사태(앞사태), 생것",148,72.7,21.08,6.28,0.82,0,0,0,6,2.84,19,164,288,70,2.36,"18,566","8,847"
"소고기, 한우(2등급), 설도, 생것",173,68.5,21.17,8.85,0.97,0,0,0,4,2.89,22,184,313,52,0.92,"17,099","8,662"
"소고기, 한우(2등급), 설도(도가니살), 생것",168,69.1,21.56,8.2,0.92,0,0,0,6,2.78,22,182,322,53,0,"16,061","8,654"
"소고기, 한우(2등급), 설도(보섭살), 생것",168,68.2,21.26,8.33,0.96,0,0,0,4,3.2,21,180,303,53,0,"17,395","9,185"
"소고기, 한우(2등급), 설도(삼각살), 생것",202,65.3,20.36,12.31,1,0,0,0,4,2.26,21,179,310,47,0.91,"15,536","8,064"
"소고기, 한우(2등급), 설도(설깃머리살), 생것",200,66.8,19.72,12.36,0.95,0,0,0,3,3.1,21,182,293,50,0.1,"14,549","7,515"
"소고기, 한우(2등급), 설도(설깃살), 생것",165,69.4,21.43,7.95,1.01,0,0,0,3,2.78,23,192,322,51,2.72,"18,900","8,742"
"소고기, 한우(2등급), 안심, 생것",207,65.1,19.84,13.11,0.89,0,0,0,5,2.91,21,179,316,46,0.77,"15,539","8,411"
"소고기, 한우(2등급), 앞다리, 생것",174,69.1,21.11,9.07,0.9,0,0,0,5,2.74,20,172,302,55,0.59,"16,726","8,521"
"소고기, 한우(2등급), 앞다리(갈비덧살), 생것",174,68.4,20.6,9.3,0.93,0,0,0,5,2.62,21,176,318,50,0.21,"16,791","8,936"
"소고기, 한우(2등급), 앞다리(꾸리살), 생것",163,70.9,20.57,8.07,0.91,0,0,0,5,2.93,20,173,304,60,0.3,"17,277","8,925"
"소고기, 한우(2등급), 앞다리(부채덮개살), 생것",156,70.7,22.84,6.36,0.97,0,0,0,7,2.74,21,178,300,63,0.32,"19,118","9,149"
"소고기, 한우(2등급), 앞다리(부채살), 생것",219,64.5,19.93,14.36,0.85,0,0,0,7,2.58,19,163,274,55,1.13,"15,746","7,537"
"소고기, 한우(2등급), 앞다리(앞다리살), 생것",164,70.2,21.44,7.85,0.91,0,0,0,4,2.77,20,174,309,53,0.58,"16,483","8,591"
"소고기, 한우(2등급), 양지, 생것",232,63.8,19.37,15.99,0.81,0,0,0,5,2.4,18,155,277,58,2.38,"15,757","7,979"
"소고기, 한우(2등급), 양지(앞치마살), 생것",254,61.4,18.31,18.74,0.76,0,0,0,4,2.23,17,148,264,49,1.1,"15,175","7,777"
"소고기, 한우(2등급), 양지(양지머리), 생것",198,67.6,20.35,11.91,0.84,0,0,0,3,2.69,19,169,289,59,1.37,"16,956","8,520"
"소고기, 한우(2등급), 양지(업진살), 생것",298,57.6,17.43,23.86,0.76,0,0,0,3,1.82,16,134,242,69,3.32,"14,342","7,331"
"소고기, 한우(2등급), 양지(업진안살), 생것",224,64.4,18.69,15.38,0.73,0,0,0,7,3.07,18,160,286,48,1.33,"15,448","7,764"
"소고기, 한우(2등급), 양지(차돌박이), 생것",326,54.9,16.06,27.39,0.69,0,0,0,10,1.88,14,118,215,58,5.71,"12,657","6,266"
"소고기, 한우(2등급), 양지(치마살), 생것",206,66.5,19.05,13.32,0.86,0,0,0,3,3.07,18,158,295,50,0.21,"16,780","8,746"
"소고기, 한우(2등급), 양지(치마양지), 생것",182,67.8,21.82,9.52,0.91,0,0,0,6,2.49,21,173,318,54,2.34,"16,742","8,510"
"소고기, 한우(2등급), 우둔, 생것",153,70.4,22.18,6.33,0.94,0,0,0,3,2.9,22,191,339,48,1.06,"18,759","9,939"
"소고기, 한우(2등급), 우둔(우둔살), 생것",157,69.9,22.14,6.73,0.93,0,0,0,3,3.08,22,189,336,48,1.18,"19,026","10,177"
"소고기, 한우(2등급), 우둔(홍두깨살), 생것",138,72.1,22.35,4.69,1.01,0,0,0,3,2.16,24,198,353,46,0.55,"17,667","8,960"
"소고기, 한우(2등급), 채끝, 생것",245,61.8,20.35,16.9,0.74,0,0,0,4,2.41,18,149,269,47,2.5,"14,544","7,225"
"소고기, 한우(3등급), 등심, 생것",117,74.6,21.3,2.9,1.2,0,-,-,-,-,-,186,327,49,-,-,-
"소고기, 한우(3등급), 목심, 생것",102,75.9,21.4,1.2,1.5,0,-,-,-,-,-,179,285,69,-,-,-
"소고기, 한우(3등급), 설도(보섭살), 생것",108,74.8,22.2,1.5,1.4,0,-,-,-,-,-,194,271,104,-,-,-
"소고기, 한우(3등급), 설도(설깃살), 생것",103,75.4,22.2,1,1.4,0,-,-,-,-,-,194,312,83,-,-,-
"소고기, 한우(3등급), 앞다리(꾸리살), 생것",102,75.8,21.5,1.2,1.6,0,-,-,-,-,-,182,301,77,-,-,-
"소고기, 한우(3등급), 우둔(우둔살), 생것",107,75,22.8,1.1,1.1,0,-,-,-,-,-,210,367,58,-,-,-
"소고기, 한우(3등급), 우둔(홍두깨살), 생것",104,75.4,22.5,1,1.2,0,-,-,-,-,-,210,374,61,-,-,-
"소고기, 한우(3등급), 양지(양지머리), 생것",104,75.8,21.4,1.5,1.4,0,-,-,-,-,-,180,173,125,-,-,-
"소고기, 한우(3등급), 양지(업진살), 생것",111,74.8,21.7,2.1,1.5,0,-,-,-,-,-,190,322,86,-,-,-
"소고기, 한우(3등급), 채끝, 생것",113,74.4,22.4,2,1.3,0,-,-,-,-,-,196,342,62,-,-,-
"소 부산물, 간, 생것",135,70.81,20.36,3.63,1.31,3.89,0,0,5,4.9,18,387,313,69,1.2,"20,289","10,373"
"소 부산물, 간, 삶은것",191,58.81,29.08,5.26,1.74,5.13,0,0,6,6.54,21,497,352,79,1.2,"28,363","14,501"
"소 부산물, 간, 구운것(팬)",175,62.01,26.52,4.68,1.63,5.16,0,0,6,6.17,22,485,351,77,1.2,"25,864","13,223"
"소 부산물, 골, 생것",123,79.5,9.3,8.2,1.3,1.7,-,-,14,2.8,-,292,259,154,-,-,-
"소 부산물, 꼬리, 생것",252,62.7,17.4,19,0.9,0,-,-,22,1.5,-,165,189,42,-,-,-
"소 부산물, 선지(피), 생것",51,85.3,10.1,0,2.4,2.2,-,-,8,23.7,-,9,34,598,-,-,-
"소 부산물, 소장(곱창), 생것",145,79.2,9,11.3,0.4,0.1,-,-,12,2.1,-,97,98,45,-,-,-
"소 부산물, 신장, 생것",99,77.89,17.4,3.09,1.33,0.29,0,0,13,4.6,17,257,262,182,1.1,-,-
"소 부산물, 신장, 삶은것",158,66.88,27.27,4.65,1.31,0,0,0,19,5.8,12,304,135,94,1.1,-,-
"소 부산물, 심장, 생것",112,77.11,17.72,3.94,1.1,0.14,0,0,7,4.31,21,212,287,98,-,-,-
"소 부산물, 심장, 삶은것",165,65.67,28.48,4.73,0.97,0.15,0,0,5,6.38,21,254,219,59,0.1,-,-
"소 부산물, 양(위), 생것",61,87.7,9.9,2,0.3,0.1,-,-,14,3,-,67,105,33,-,-,-
"소 부산물, 양(위), 삶은것",166,66.6,24.5,8.4,0.5,0,-,0,11,0.7,14,82,130,51,Tr,"-22,710","-10,070"
"소 부산물, 천엽, 생것",57,86.6,11.7,1.3,0.4,0,-,0,16,6.8,10,80,83,50,0,"-10,740","-4,770"
"소 부산물, 허파, 생것",92,79.38,16.2,2.5,0.98,0,-,0,10,7.95,14,224,340,198,-,"14,641","7,114"
"소 부산물, 허파, 삶은것",120,76.4,20.4,3.7,1.1,0,-,0,11,5.4,10,178,173,101,-,"18,439","8,960"
"소 부산물, 혀, 생것",191,71.8,13,14.5,0.7,0,-,-,5,2.5,-,136,170,87,-,-,-
"소고기, 육포",351,15.2,49,8.2,7.4,20.2,-,-,13,6.4,-,606,700,"2,180",-,-,-
"소불고기, 볶은것",186,68.1,10.33,13.1,1.75,6.73,3.34,0.9,18,1.4,32,102,378,468,0,"8,601","4,229"
양지국물,4,98.8,1,0,0.2,0,-,-,2,0.5,-,24,66,26,-,-,-
"우족국물, 중량3배물",2,99.6,0.3,0.1,0,0,-,-,2,0,-,4,8,14,-,-,-
잡뼈국물,28,94.5,4.3,1,0.2,0,-,-,2,1.6,-,4,24,61,-,-,-
"송아지고기, 수입산, 갈비, 생것",162,71.15,18.86,9.01,0.97,0,-,0,13,0.86,22,184,290,89,-,"18,043","9,035"
"송아지고기, 수입산, 갈비, 삶은것",251,53.33,32.43,12.53,1.68,0,0,0,22,1.41,25,210,306,95,0,"31,034","15,540"
"송아지고기, 수입산, 갈비, 구운것",228,59.91,23.96,13.96,1.05,0,-,0,11,0.97,22,197,295,92,-,"22,925","11,480"
"송아지고기, 수입산, 등심, 생것",177,69.44,20.07,10.07,0.96,0.07,0,0,14,0.84,43,222,241,98,1.7,"19,201","9,615"
"송아지고기, 수입산, 등심, 삶은것",284,52.02,30.19,17.21,1.11,0,0,0,28,1.09,24,220,280,80,0,"28,882","14,463"
"송아지고기, 수입산, 등심, 구운것",217,60.73,24.8,12.32,1.38,0,0,0,19,0.87,25,212,325,93,0,"23,731","11,883"
"송아지고기, 수입산, 살코기, 생것",105,76.64,20.04,2.16,1.12,0,-,0,22,1.02,26,215,339,86,-,"19,178","9,604"
"송아지고기, 수입산, 살코기, 삶은것",201,58.2,35.73,5.33,1.31,0,-,0,30,1.41,30,276,347,90,-,"34,187","17,120"
"송아지고기, 수입산, 어깨, 생것",132,74.05,19.34,5.44,1.08,0,0,0,21,1,25,208,327,83,0,"18,505","9,266"
"송아지고기, 수입산, 어깨, 삶은것",236,55.28,33.63,10.24,1.27,0,-,0,28,1.38,29,263,333,87,-,"32,175","16,111"
"송아지고기, 수입산, 어깨, 구운것",183,64.68,25.46,8.25,1.44,0,-,0,26,1.15,26,221,348,90,-,"24,365","12,200"
"송아지고기, 수입산, 채끝(채끝살), 생것",152,71.85,19.07,7.81,1.04,0,0,0,11,0.78,24,209,329,76,0,"18,243","9,134"
"송아지고기, 수입산, 채끝(채끝살), 삶은것",252,54.49,31.26,13.14,1.16,0,-,0,17,1.2,27,243,321,79,-,"29,910","14,977"
"송아지고기, 수입산, 채끝(채끝살), 구운것(오븐)",202,62.66,25.14,10.45,1.39,0,0,0,13,0.92,26,223,351,83,0,"24,057","12,047"
"송아지 부산물, 수입산, 간, 생것",140,70.89,19.93,4.85,1.42,2.91,0,0,5,6.4,20,379,308,77,-,"21,871","10,598"
"송아지 부산물, 수입산, 간, 삶은것",192,59.86,28.42,6.26,1.7,3.77,0,0,6,5.11,20,460,329,78,-,"28,782","13,948"
"송아지 부산물, 수입산, 골, 생것",118,79.78,10.32,8.21,1.36,0,-,0,10,2.13,14,274,315,127,-,"9,114","4,556"
"송아지 부산물, 수입산, 골, 삶은것",136,76.89,11.48,9.63,1.4,0,-,0,16,1.67,16,385,214,156,-,"10,135","5,065"
"송아지 부산물, 수입산, 신장, 생것",99,79.07,15.76,3.12,1.2,0.85,-,0,11,3.36,16,241,272,178,-,"14,008","7,178"
"송아지 부산물, 수입산, 신장, 삶은것",163,67.67,26.32,5.66,1.45,0,-,0,29,3.04,24,372,159,110,-,"23,399","11,989"
"송아지 부산물, 수입산, 심장, 생것",110,77.69,17.18,3.98,1.07,0.08,-,0,5,4.24,18,211,261,77,-,"16,581","8,158"
"송아지 부산물, 수입산, 심장, 삶은것",186,62.18,29.12,6.75,1.82,0.13,-,0,8,4.32,18,250,199,58,-,"28,101","13,828"
"송아지 부산물, 수입산, 허파, 생것",90,80.5,16.3,2.3,1.1,0,-,0,7,5.23,12,288,274,108,-,"5,565","5,082"
"송아지 부산물, 수입산, 허파, 삶은것",104,77.59,18.74,2.64,1.26,0,-,0,7,3.61,8,232,142,56,-,"6,397","5,841"
"송아지 부산물, 수입산, 혀, 생것",131,74.53,17.18,5.48,0.89,1.91,-,0,7,2.72,17,159,271,82,-,"15,229","7,329"
"송아지 부산물, 수입산, 혀, 삶은것",202,64.08,25.85,10.1,0.91,0,-,0,9,2.09,18,166,162,64,-,"22,912","11,029"
"양고기, 수입산, 다리, 생것",205,65,18.8,15.3,0.8,0.1,-,0,4,2.5,21,140,230,37,0.4,"19,770","9,910"
"어린양고기, 수입산, 갈비, 생것",372,50.8,14.52,34.39,0.74,0,-,0,15,1.39,18,137,190,56,-,"13,747","6,971"
"어린양고기, 수입산, 갈비, 구운것(오븐)",359,47.89,21.12,29.82,0.93,0,-,0,22,1.6,20,166,271,73,-,"19,998","10,141"
"어린양고기, 수입산, 다리, 생것",201,67.17,18.58,13.49,0.98,0,-,0,8,1.71,24,178,261,57,-,"17,591","8,920"
"어린양고기, 수입산, 다리, 구운것(오븐)",225,60.66,26.41,12.45,1.05,0,-,0,10,1.98,25,198,326,65,-,"25,010","12,683"
"어린양고기, 수입산, 살코기, 생것",143,72.55,20.88,5.94,1.06,0,-,0,12,1.91,27,190,276,68,-,"19,768","10,024"
"어린양고기, 수입산, 어깨, 생것",264,61.39,16.58,21.45,0.89,0,0,0,16,1.5,21,158,230,61,0.1,"15,704","7,964"
"어린양고기, 수입산, 어깨, 삶은것",344,45.2,28.68,24.55,1.54,0,-,0,25,2.4,24,186,248,75,-,"27,157","13,771"
"어린양고기, 수입산, 어깨, 구운것(오븐)",276,56.26,22.51,19.97,1.21,0,0,0,20,1.97,23,184,251,66,0.1,"21,316","10,810"
"어린양 부산물, 수입산, 간, 생것",139,71.37,20.38,5.02,1.44,1.78,-,0,7,7.37,19,364,313,70,-,"17,615","8,859"
"어린양 부산물, 수입산, 간, 삶은것",220,56.67,30.57,8.81,1.42,2.53,-,0,8,8.28,22,420,221,56,-,"26,419","13,287"
"염소고기, 생것",181,64.6,19.88,10.31,0.99,0,0,0,10,2.73,21,186,298,70,0,"17,857","8,530"
"염소고기, 삶은것",251,56,29.39,13.51,0.77,0,0,0,15,3.83,22,152,170,39,0,"27,967","13,879"
"염소고기, 수입산, 생것",99,75.4,21.9,1.5,1,0.2,-,0,7,3.8,25,170,310,45,0,"21,900","11,200"
"오리고기, 살코기, 생것",117,76.8,21,3.07,1.05,0,0,0,11,2.61,23,212,305,83,1.3,"19,948","9,921"
"오리고기, 생것, 껍질 포함",249,64.6,16.63,18.99,0.72,0,0,0,16,1.56,16,155,215,70,1.97,"15,804","7,609"
"오리고기, 삶은것, 껍질 포함",277,53.2,28.74,16.58,0.72,0,0,0,4,2.45,15,171,104,25,1.79,"26,127","13,204"
"오리고기, 구운것(팬), 껍질 포함",308,48.4,28.98,19.76,1.4,0,0,0,6,3.32,30,311,418,89,2.19,"25,265","12,530"
"오리고기, 조미훈제",277,56,17.96,21.74,1.89,2.37,0.29,0,6,2.03,15,284,202,538,2.05,"14,967","7,421"
"오리고기, 조미훈제, 구운것(팬)",259,51,26.85,15.16,3.14,3.86,0.41,0,10,3.04,23,415,316,888,2.02,"24,071","11,808"
"자라고기, 수입산, 생것",175,69.1,16.4,13.4,0.6,0.5,-,0,18,0.9,10,88,150,69,3.6,-,-
"칠면조고기, 생것",144,72.69,21.64,5.64,0.98,0.13,0.07,0,11,0.86,25,183,224,112,0.3,"18,265","8,550"
"칠면조고기, 구운것",189,63.52,28.55,7.39,1.18,0.06,0,0,14,1.09,30,223,239,103,0.4,"24,065","11,207"
"토끼고기, 집토끼, 생것",135,72.2,21.7,4.4,1.1,0.6,-,-,12,2.4,-,231,360,56,-,-,-
"토끼고기, 집토끼, 끓인것",173,61.37,33.02,3.51,1.7,0,0,0,18,4.85,31,240,343,45,0,"32,745","15,769"
"토끼고기, 살코기, 생것",161,72.3,20.97,7.68,1.07,0,0.62,0,14,0.6,26,214,366,50,0,-,-
"토끼고기, 살코기, 삶은것",203,63.6,28.23,8.87,1.79,0,0.38,0,11,0.83,27,199,284,37,0,-,-
"거위알, 생것",193,71,13.2,14.1,0.9,0.8,-,-,41,2.5,-,70,77,45,-,-,-
"거위알, 삶은것",187,71.9,12.7,13.6,0.8,1,-,-,41,2.5,-,70,76,45,-,-,-
"기러기알, 생것",193,70.2,12.3,13.9,1.2,2.4,-,-,78,3.3,-,249,106,143,-,-,-
"기러기알, 삶은것",212,66.8,13.1,14.9,1.2,4,-,-,77,2.6,-,217,132,138,-,-,-
"달걀, 생것",140,76.7,12.86,8.51,0.87,1.07,0.22,0,46,1.9,11,169,125,137,1.04,"11,791","5,920"
"달걀, 삶은것",145,75.6,13.49,8.69,0.91,1.37,0.13,0,52,2.01,11,193,115,128,1.07,"13,050","6,513"
"달걀, 난백, 생것",50,87.7,11.46,0.05,0.65,0.14,0.12,0,6,0.01,12,15,140,174,0,"11,392","5,801"
"달걀, 난백, 삶은것",51,87.6,11.63,0.01,0.55,0.22,0.12,0,9,0.07,12,18,106,145,0,"12,844","6,606"
"달걀, 난황, 생것",326,51.7,15.66,25.18,1.7,5.77,0.04,0,149,5.92,11,535,112,57,3.56,"15,153","7,854"
"달걀, 난황, 삶은것",379,48.2,16.46,32.16,1.76,1.37,0.04,0,157,7.5,12,616,95,47,3.71,"16,572","8,647"
"달걀, 가루",592,2.78,48.05,43.9,4.13,1.13,0.56,0,244,7.2,34,629,540,476,8.3,"48,509","24,116"
"달걀, 난백, 가루",382,5.8,81.1,0,5.3,7.8,5.4,0,62,0.15,88,111,"1,125","1,280",0,"81,100","40,550"
"달걀, 난황, 가루",647,3.6,32.69,49.5,3.42,10.82,0,0,299,10.83,26,"1,023",238,139,7.1,"27,841","13,950"
"달걀, 난황액, 설탕첨가",305,50.9,14.17,21.03,1.41,12.47,9.44,0,128,4.46,11,418,97,60,2.94,"12,206","6,581"
"달걀, 부침(달걀프라이)",206,66.6,15.12,13.46,1.03,3.79,0.2,-,72,2.27,13,235,152,162,1.52,"14,118","7,009"
"달걀, 수란, 중탕",145,74.9,12.3,11.7,0.9,0.2,-,0,55,2.2,11,200,100,110,0.9,"-12,270","-6,130"
"달걀, 스크램블드에그",149,76.4,9.99,10.98,1.01,1.61,1.39,0,66,1.31,11,165,132,145,1.8,"10,170","5,055"
"달걀, 유정란, 생것",156,71.2,10.9,8.4,1.4,8.1,-,-,63,2.9,-,245,133,163,-,-,-
"달걀, 유정란, 난백, 생것",50,87.3,8.5,0,0.6,3.6,-,-,7,0.4,-,12,210,153,-,-,-
"달걀, 유정란, 난황, 생것",333,42,14.4,20.3,1.6,21.7,-,-,122,5.6,-,499,65,138,-,-,-
"메추리알, 생것",146,75.4,12.8,9.02,1.1,1.66,0,0,59,2.49,11,222,154,137,1.78,"12,665","6,612"
"메추리알, 삶은것",155,74.8,12.48,10.12,0.9,1.67,0,0,61,2.63,10,219,107,94,2.23,"12,417","6,530"
"메추리알, 난백, 생것",52,87.4,11.77,0.11,0.7,0.05,0,0,3,0.02,10,15,172,184,0,"11,992","6,281"
"메추리알, 난백, 삶은것",50,88.6,11.35,0.1,0.29,0,0,0,8,0.05,6,13,59,71,0,"11,709","6,015"
"메추리알, 난황, 생것",296,56.6,14.77,23.24,1.65,3.74,0,0,137,6.35,12,492,127,71,3.59,"14,861","7,765"
"메추리알, 난황, 삶은것",360,50.8,15.44,30.58,1.77,1.39,0,0,157,7.6,12,580,98,51,5,"15,281","8,008"
"오리알, 생것",171,72.4,13.11,11.32,1.09,2.03,0,0,56,2.54,12,207,120,136,8.25,"13,407","7,108"
"오리알, 삶은것",183,70.8,13.39,12.4,1.02,2.41,0,0,60,2.76,12,221,100,108,8.82,"13,262","6,932"
"오리알, 난백, 생것",52,87,10.78,0.09,0.74,1.39,0,0,5,0.01,13,11,134,187,0,"11,233","5,879"
"오리알, 난백, 삶은것",58,85.8,11.51,0.08,0.55,2.05,0,0,8,0.01,13,14,103,145,0,"11,500","5,988"
"오리알, 난황, 생것",351,50.2,16.68,28.48,1.62,3.02,0,0,134,6.4,11,506,99,57,20.86,"16,728","8,985"
"오리알, 난황, 삶은것",375,47.8,16.25,31.22,1.76,2.97,0,0,141,6.97,11,537,94,51,22.3,"15,953","8,375"
"오리알, 피단",166,71,12.98,10.05,1.76,4.21,0.06,0,56,2.28,9,177,127,496,7.07,"11,339","5,994"
"오리알, 청둥오리, 생것",178,72.2,13.6,12.3,0.9,1,-,-,61,3.1,-,197,-,-,-,-,-
"가라지, 생것",78,81.5,14.8,1.3,1.7,0.7,-,0,35,1.7,-,217,-,-,-,-,-
"가물치, 생것",86,79.6,18.2,0.8,1.1,0.3,-,-,71,1.1,-,193,401,86,-,-,-
"가시망둑, 생것",101,75.4,22.4,0.7,1.5,0,-,-,46,1.7,-,202,6,20,-,-,-
"가오리, 나비가오리, 생것",80,78.7,17.3,0.7,3.3,0,-,-,882,1.2,-,533,-,-,-,-,-
"가오리, 노랑가오리, 생것",97,75.8,21.6,0.6,2,0,-,-,227,0.8,-,567,110,254,-,-,-
"가오리, 목탁가오리, 생것",98,74,22.2,0.5,3.3,0,-,-,685,1.3,-,388,-,-,-,-,-
"가오리, 전기가오리, 생것",64,84.3,13,1,1.7,0,-,-,67,1.2,-,167,-,-,-,-,-
"가오리, 조미하여 말린것",306,15.9,39.3,0.6,8.4,35.8,-,-,160,11.2,-,664,-,-,-,-,-
"가자미, 생것",129,72.3,22.1,3.7,1.6,0.3,-,-,40,0.7,-,196,377,230,-,-,-
"가자미, 각시가자미, 생것",84,80.6,16.8,1.4,1.2,0,-,-,44,1.2,-,184,-,-,-,-,-
"가자미, 갈가자미, 생것",90,79.1,18.3,1.3,1.1,0.2,-,-,22,1.9,-,144,-,-,-,-,-
"가자미, 기름가자미, 생것",83,79.4,18.2,0.4,1.3,0.7,-,-,51,0.6,-,191,-,-,-,-,-
"가자미, 눈가자미, 생것",93,77.8,19.4,1.1,1.4,0.3,-,-,55,0.6,-,224,-,-,-,-,-
"가자미, 돌가자미, 생것",90,78,20,0.6,1.4,0,-,-,11,0.2,-,234,263,185,-,-,-
"가자미, 문치가자미, 생것",93,77.7,19.9,0.7,1.2,0.5,-,-,16,0.3,-,197,-,-,-,-,-
"가자미, 범가자미, 생것",82,79.5,18.2,0.2,1.3,0.8,-,-,18,0.2,-,237,-,-,-,-,-
"가자미, 술봉가자미, 생것",84,80.6,16.8,1.4,1.2,0,-,-,44,1.2,-,184,-,-,-,-,-
"가자미, 용가자미, 생것",82,79.9,18.1,0.6,1.3,0.1,-,-,48,4,-,175,-,-,-,-,-
"가자미, 줄가자미, 생것",76,81,17.4,0.2,1.2,0.2,-,-,50,0.6,-,233,286,178,-,-,-
"가자미, 참가자미, 생것",85,78.6,19.4,0.2,1.4,0.4,-,-,21,0.5,-,250,-,-,-,-,-
"갈치, 생것",149,72.7,18.5,7.5,1.2,0.1,-,-,46,1,-,191,260,100,-,-,-
"갈치, 동갈치, 생것",97,76.9,19.8,1.3,1.6,0.4,-,-,28,0.5,-,173,-,-,-,-,-
"갈치, 동동갈치, 생것",121,74.6,20,3.9,1.5,0,-,-,-,-,-,-,-,-,-,-,-
"갈치, 얼간",188,57.2,26.3,8.1,8.3,0.1,-,-,104,1.8,-,242,281,"2,056",-,-,-
"갈치, 젓갈",176,49.5,8.6,3.2,10.5,28.2,-,-,328,0.6,-,210,-,-,-,"7,979","3,762"
"강달이, 눈강달이, 생것",109,77.8,17,3.9,1.2,0.1,-,-,51,1.3,-,156,-,-,-,-,-
"강달이, 눈강달이, 젓갈",102,57.9,14,5.1,23,0,-,-,730,10.1,-,397,-,-,-,-,-
"게르치, 생것",158,70.5,20.8,7.5,1.2,0,-,-,44,0.8,-,204,390,85,-,-,-
"게르치, 삶은것",161,68.3,22.2,8.4,1.1,Tr,-,0,49,0.6,23,230,410,80,3.6,"-22,230","-11,160"
"고등어, 생것",183,68.1,20.2,10.4,1.3,0,-,-,26,1.6,-,232,310,75,-,-,-
"고등어, 남해, 생것",214,64.8,21.06,13.34,1.42,0,0,0,12,0.71,27,290,329,25,2.08,"15,773","7,828"
"고등어, 서해, 생것",285,55.7,20.26,21.23,1.93,0,0,0,13,1.02,32,303,332,30,7.19,"16,942","8,825"
"고등어, 삶은것",253,57.4,22.6,22.6,1,0.3,-,0,7,1.3,29,210,280,94,4.3,"-22,590","-11,740"
"고등어, 구운것",264,54.1,25.2,22.4,1.3,0.4,-,0,10,1.6,34,280,370,120,4.9,"-25,280","-13,320"
"고등어, 반건조",303,50.1,18.7,28.5,2.5,0.2,-,0,25,2,25,200,300,680,12,"18,970","9,810"
"고등어, 자반고등어",258,56.8,18.99,16.14,1.71,6.36,0,0,31,1.09,38,206,292,340,9.09,"18,938","9,959"
"고등어, 통조림",103,79.8,15.6,4.46,1.8,0,0,0,124,0.71,27,209,284,305,0,"10,013","5,135"
"고등어, 통조림, 고형물",161,66.2,23.47,7.14,2.55,0.64,0,0,366,1.43,33,311,249,249,0,"22,287","11,855"
"괴도라치, 생것",74,81.3,17.2,0.1,1.4,-,-,0,84,0.6,-,216,-,-,-,-,-
"군평선이, 생것",103,77.4,18.5,2.6,1.3,0.2,-,-,50,1.1,-,180,-,-,-,-,-
"기름종개, 생것",107,75.8,17.5,3.3,2.9,0.5,-,-,672,2.7,-,535,-,-,-,-,-
"까나리, 생것",114,76.4,16,4.8,2.5,0.3,-,0,338,13.3,-,361,310,120,-,-,-
"까나리, 삶아서 말린것",218,38,43.1,6.1,11.3,1.5,-,0,740,6.6,130,"1,200",810,"2,800",54,"-40,900","-20,500"
"까나리, 액젓",30,70.1,7.16,0.01,22.5,0.27,0.03,0,13,0.19,94,27,209,"8,783",0,"4,680","2,082"
"꺽저기, 생것",92,78.2,19.5,1,1.2,0.1,-,0,18,1.1,-,227,-,-,-,-,-
"꼬치고기, 생것",97,76.6,20.5,0.8,1.5,0.7,-,0,17,0.9,-,199,-,-,-,-,-
"꼼치, 생것",70,82.4,16.4,0.1,1.1,0,-,-,11,0.5,-,126,-,-,-,-,-
"꽁치, 생것",142,70.9,22.7,4.7,1.3,0.4,-,-,42,1.7,-,241,150,80,-,-,-
"꽁치, 구운것",281,53.2,23.3,22.8,1.2,0.2,-,0,37,1.7,30,220,260,130,13,"22,480","11,890"
"꽁치(과메기), 동건품",421,35.5,32.1,29.9,1.6,0.9,-,-,90,2.7,-,316,-,-,-,"30,981","16,538"
"꽁치, 염장",178,61.4,20.1,9.8,8.5,0.2,-,-,26,8,-,144,190,"4,300",-,-,-
"꽁치, 통조림",113,78.8,13.12,6.76,1.27,0,0,0,125,0.62,24,166,174,262,0,"11,382","5,920"
"꽁치, 통조림, 고형물",188,64.5,20.31,10.67,1.89,2.64,0,0,342,1.44,29,276,153,229,0,"18,588","9,929"
"꽁치, 통조림, 조미",178,65.8,19,10.3,2.5,2.4,-,-,286,8,-,215,150,500,-,-,-
"날치, 생것",99,75.8,22.2,0.5,1.4,0.1,-,0,20,0.9,-,175,-,-,-,-,-
"날치, 염장",124,63.3,26.4,1.3,9,-,-,-,0,240,-,81,-,4,-,-,-
"날치, 알, 생것",94,75.6,10.2,2.2,3.7,8.3,-,-,14,1.2,-,102,29,"1,305",-,-,-
"납지리, 생것",86,80.1,17.5,1.2,1.1,0.1,-,-,51,1.2,-,218,-,-,-,-,-
"넙치(광어), 생것",125,74.5,22.36,3.28,1.14,0,0,0,61,0.45,30,274,465,49,4.32,"18,638","9,254"
"넙치(광어), 껍질, 생것",168,65,29.3,4.7,1,0,-,-,15,7.7,-,268,-,-,-,-,-
"네동가리, 생것",82,79.2,19.2,0.1,1.4,0.1,-,0,40,0.6,-,283,-,-,-,-,-
"노랑촉수, 생것",248,64.3,7.1,19.5,0.8,8.3,-,-,65,1.4,-,41,-,-,-,-,-
"노래미, 생것",89,78.7,17.5,1.3,1.7,0.8,-,0,42,2.9,-,246,-,-,-,-,-
"노래미, 줄노래미, 생것",85,79.9,17.5,1.2,1.4,0,-,-,67,1.8,-,239,-,-,-,-,-
"노래미, 쥐노래미, 생것",119,74.1,21,3,1.4,0.5,-,0,26,0.3,-,191,-,-,-,-,-
"놀래기, 생것",107,76.2,19.2,2.8,1.8,0,-,-,34,1.1,-,221,-,-,-,-,-
"놀래기, 사랑놀래기, 생것",104,76.6,20.3,1.9,1.2,0,-,-,35,1.5,-,216,-,-,-,-,-
"놀래기, 용치놀래기, 생것",85,78.6,19.3,0.2,1.5,0.4,-,0,37,2.6,-,245,-,-,-,-,-
"놀래기, 황놀래기, 생것",98,77.8,18.9,1.9,1.3,0.1,-,-,34,1.1,-,156,-,-,-,-,-
"농어, 생것",96,78.5,18.2,1.9,1.2,0.2,-,-,58,1.5,-,196,390,108,-,-,-
"농어, 구운것",124,72.14,23.63,2.56,1.4,0,-,0,13,0.37,53,248,328,87,-,"22,792","11,430"
"농어, 점농어, 생것",129,74.5,18.5,5.2,1.4,0.4,-,-,69,0.7,-,275,-,-,-,-,-
"누치, 생것",105,77.8,17.3,3,1.1,0.8,-,-,29,1,-,217,-,-,-,-,-
"눈볼대, 생것",144,71.2,22.3,5.3,1.2,0,-,0,29,0.3,-,199,-,-,-,-,-
"눈퉁멸, 생것",138,73.4,18.5,6.2,1.5,0.4,-,-,55,1.5,-,187,-,-,-,-,-
"눈퉁멸, 포, 말린것",344,15.5,58.6,5.4,9.4,11.1,-,-,108,29.4,-,1,-,-,-,-,-
"능성어, 생것",93,78.3,18.8,1.3,1.3,0.3,-,-,29,1,-,194,-,-,-,-,-
"다금바리, 생것",100,77.5,19.3,1.9,1.2,0.1,-,-,68,1.4,-,214,363,102,-,-,-
"다랑어, 가다랑어, 생것",127,70.3,25.9,1.8,1.7,0.3,-,-,15,1.8,-,282,410,44,-,-,-
"다랑어, 가다랑어 육수, 농축",54,78,1.98,0.01,8.92,11.08,10.79,0,9,0.25,14,52,82,"4,484",0,"1,521",502
"다랑어, 가다랑어 육수",4,98.3,0.14,0,0.73,0.81,0.65,0,1,0,1,4,8,416,0,141,46
"다랑어, 가다랑어, 통조림, 유지",185,66.1,22.31,10.6,1.1,0,0,0,8,0.9,27,198,247,157,6.3,"19,091","10,580"
"다랑어, 참다랑어, 생것",177,67.1,23.99,8.09,0.81,0,-,0,27,1.98,30,235,332,62,0,"21,150","10,817"
"다랑어, 참다랑어, 붉은살, 생것",115,70.4,26.4,1.4,1.7,0.1,-,0,5,1.1,45,270,380,49,5,"25,760","14,140"
"다랑어, 참다랑어, 지방육, 생것",308,51.4,20.1,27.5,0.9,0.1,-,0,7,1.6,35,180,230,71,18,"19,310","10,580"
"다랑어, 참다랑어, 구운것",184,59.09,29.91,6.28,1.51,0,-,0,10,1.31,64,326,323,50,-,"28,845","14,466"
"다랑어, 참다랑어, 냉동",113,73.2,24.5,1,1.2,0.1,-,-,8,1.5,-,220,359,40,-,-,-
참다랑어 샐러드,187,63.16,16.04,9.26,2.14,9.41,-,0,17,1,19,178,178,402,-,"15,420","7,724"
"다랑어, 황다랑어, 생것",114,72.8,23.9,1.3,1.8,0.2,-,-,19,1.6,-,282,-,-,-,-,-
"달강어, 생것",121,74.7,19.7,4,1.5,0.1,-,0,46,0.4,-,259,-,-,-,-,-
"달고기, 생것",97,77.7,19.1,1.4,1.1,0.7,-,0,14,0.6,-,202,-,-,-,-,-
"대구, 생것",86,78.6,19.5,0.3,1.3,0.3,-,0,35,0.4,-,193,-,-,-,-,-
"대구, 수컷, 생것",81,80.5,18.2,0.43,1.37,0,0,0,33,1.17,26,219,403,97,0.91,"15,819","8,027"
"대구, 암컷, 생것",68,83.3,15.42,0.32,1.4,0,0,0,29,0.72,23,197,357,112,1.39,"15,594","7,923"
"대구, 구운것",103,72.8,25.2,0.2,1.6,0.2,-,0,48,0.4,33,280,480,140,0.7,"-23,510","-11,370"
"대구, 말린것",256,34,56,2,7.7,0.3,-,-,26,2.6,-,352,930,500,-,-,-
"대구, 냉동",81,80.2,18,0.5,1.2,0.1,-,-,23,0.2,-,209,222,162,-,-,-
"대구, 소금에 절여 반건조",201,40.3,45.1,1.1,13.5,0,-,-,269,1.8,-,497,591,"2,792",-,-,-
"대구, 염장",91,72,20,0.7,7.2,0.1,-,-,21,0.4,-,98,-,-,-,-,-
"대구, 포, 말린것",312,21.9,65.4,3,7.9,1.8,-,-,184,2.6,-,649,940,967,-,-,-
"대구 튀김, 냉동",106,80.5,13.7,0.8,1.2,11.1,-,-,5,0.6,-,197,110,221,-,-,-
"대구, 내장, 생것",85,80.8,15,2.3,1.8,0.1,-,-,26,7.3,-,418,331,194,-,-,-
"대구, 알, 생것",109,69.6,23.4,1.6,5.2,0.2,-,0,10,1,-,375,-,-,-,-,-
"대구, 젓갈",62,80.9,14.7,0.4,4,0,-,-,15,4.9,-,161,243,"2,562",-,-,-
"대구, 아가미, 젓갈",72,64.1,14.4,1.3,19.6,0.6,-,-,28,0.8,-,75,184,"7,439",-,-,-
"대구, 빨간대구, 생것",97,82,12.6,4.3,1.3,0.7,-,-,134,4,-,98,-,-,-,-,-
"대구, 은대구, 생것",130,77.9,13.1,7.9,1.1,0,-,-,105,2.2,-,181,268,128,-,-,-
"대구횟대, 생것",93,77.2,19.5,0.9,1.9,0.5,-,-,92,2.5,-,203,-,-,-,-,-
"대두어(흑연), 생것",96,78.6,17.5,2.1,1.3,0.5,-,-,47,1.2,-,222,-,-,-,-,-
"도다리, 생것",78,80.3,17.6,0.2,1.4,0.5,-,0,22,1.1,-,184,-,-,-,-,-
"도도바리, 생것",95,77.6,19.4,1.2,1.3,0.5,-,-,66,0.9,-,225,-,-,-,-,-
"도루묵, 생것",113,77.7,16,4.6,1.2,0.5,-,-,18,0.4,-,163,-,-,-,-,-
"도루묵, 소금에 절여 말린것",282,30.1,44.8,9.8,5.1,0.2,-,-,25,20,-,163,220,"1,200",-,-,-
"도치, 생것",62,87.8,7.2,3,1.1,0.9,-,-,101,1.2,-,103,-,-,-,-,-
"독가시치, 생것",97,77.1,20.3,1.2,1.4,0,-,-,34,1.2,-,174,-,-,-,-,-
"돔, 각시돔, 생것",90,77.7,20.1,0.6,1.6,0,-,-,46,1.5,-,205,-,-,-,-,-
"돔, 감성돔, 생것",101,76.7,18.8,2.3,2.1,0.1,-,0,24,1.2,-,197,-,-,-,-,-
"돔, 강담돔, 생것",93,78.5,18.9,1.4,1.2,0,-,-,35,0.7,-,178,-,-,-,-,-
"돔, 구갈돔, 생것",89,77.9,20.4,0.3,1.4,0,-,-,52,1,-,215,-,-,-,-,-
"돔, 금눈돔, 생것",122,75.7,18.5,4.5,1,0.3,-,-,13,2,-,145,-,-,-,-,-
"돔, 꼽새돔, 생것",102,77.4,19,2.3,1.2,0.1,-,-,37,1.3,-,191,-,-,-,-,-
"돔, 도화돔, 생것",130,73.3,21.3,4.3,1.1,0,-,-,40,1.2,-,156,-,-,-,-,-
"돔, 독돔, 생것",97,76.6,20.8,0.9,1.5,0.2,-,-,51,1.4,-,218,-,-,-,-,-
"돔, 돌돔, 생것",86,79.5,17.8,1,1.3,0.4,-,0,57,0.6,-,235,-,-,-,-,-
"돔, 백미돔, 생것",102,76,21,1.2,1.4,0.4,-,-,56,1.1,-,343,-,-,-,-,-
"돔, 범돔, 생것",94,77.8,19.5,1.1,1.2,0.4,-,-,55,0.9,-,189,-,-,-,-,-
"돔, 벵에돔, 생것",98,77,20.2,1.4,1.4,0,-,-,42,1.1,-,233,-,-,-,-,-
"돔, 뿔돔, 생것",97,78.4,18,2.2,1.4,0,-,-,49,1.1,-,249,-,-,-,-,-
"돔, 샛돔, 생것",121,76.4,16.3,5.5,1.6,0.2,-,0,15,0.6,-,252,-,-,-,-,-
"돔, 실꼬리돔, 생것",107,76.3,19.8,2.5,1.3,0.1,-,-,44,0.7,-,244,-,-,-,-,-
"돔, 실붉돔, 생것",101,78.3,17.8,2.7,1.2,0,-,-,81,9.1,-,197,-,-,-,-,-
"돔, 어름돔, 생것",94,78,19.5,1.2,1.4,0,-,-,64,0.7,-,230,-,-,-,-,-
"돔, 옥돔, 생것",82,79.5,18.1,0.2,1.3,0.9,-,-,40,0.6,-,232,-,-,-,-,-
"돔, 옥돔, 삶은것",113,74.2,20.7,4,1.1,Tr,-,0,34,0.4,30,160,350,91,0.3,"-20,310","-10,290"
"돔, 옥돔, 구운것",110,73.6,22.5,2.6,1.3,Tr,-,0,54,0.5,33,220,410,110,1,"-22,040","-11,200"
"돔, 옥돔, 반건조",104,73.5,19.5,2.3,4.7,0,-,-,29,1,-,115,-,-,-,-,-
"돔, 육동가리돔, 생것",103,77.6,18.6,2.6,1.2,0,-,-,35,1.2,-,184,-,-,-,-,-
"돔, 자리돔, 생것",88,78.2,19.5,0.4,1.5,0.4,-,0,56,0.7,-,244,-,-,-,-,-
"돔, 참돔, 생것",82,79.3,18.4,0.1,1.4,0.8,-,0,33,0.5,-,270,-,-,-,-,-
"돔, 참돔, 삶은것",182,65,22.2,11.9,1.2,0.1,-,0,20,0.2,29,220,440,50,4.7,"-22,270","-11,060"
"돔, 참돔, 구운것",186,63.8,22.7,12,1.4,0.1,-,0,24,0.2,32,260,500,55,5.6,"-22,650","-11,300"
"돔, 참돔, 껍질, 생것",188,70.2,16.6,12.5,0.7,0,-,-,11,7,-,165,-,-,-,-,-
"돔, 호박돔, 생것",90,77.9,20.3,0.5,1.3,0,-,-,68,0.7,-,130,-,-,-,-,-
"돔, 혹돔, 생것",96,78.1,18.5,1.7,1.3,0.4,-,0,18,0.3,-,259,-,-,-,-,-
"돔, 황돔, 생것",102,76.4,20.2,1.7,1.4,0.3,-,0,51,0.5,-,287,-,-,-,-,-
"돔, 황줄돔, 생것",97,77.6,19.3,1.6,1.5,0,-,-,38,1.2,-,189,-,-,-,-,-
"동사리, 생것",81,81,16.9,1,1,0,-,-,20,1,-,194,-,-,-,-,-
"동자개(빠가사리), 생것",81,81.6,15.7,1.6,1.1,0,-,-,36,1.4,-,204,-,-,-,"14,584","7,547"
"둑중개, 생것",104,78.2,15,4.2,2.4,0.2,-,-,520,2.8,-,400,180,260,-,-,-
"둑중개, 삶은것",108,73.5,15.8,5.8,4.7,0.2,-,0,630,2.6,40,440,210,90,4.9,"-15,040","-7,490"
"둑중개, 조린것",293,23.8,29.4,5.5,7.5,33.8,-,0,880,5.8,59,670,460,"1,700",2,"-28,060","-14,130"
"드렁허리, 생것",92,79.4,17.9,1.7,1,0,-,-,72,1.4,-,136,-,-,-,-,-
"등가시치, 생것",79,80.3,18.5,0.1,1.1,-,-,0,24,0.4,-,193,-,-,-,-,-
"만새기, 생것",100,75.5,21.3,1.9,1.3,Tr,-,0,13,0.7,31,250,480,50,5,"-20,480","-10,320"
"망둑어(풀망둑), 생것",77,81.6,16.4,0.7,1,0.3,-,-,12,0.9,-,176,-,-,-,-,-
"매퉁이, 생것",93,77.1,20.8,0.5,1.5,0.1,-,0,52,0.4,-,240,-,-,-,-,-
"메기, 생것",114,78.4,15.1,5.3,1.1,0.1,-,-,26,0.8,-,190,320,46,-,-,-
"메기, 물메기, 생것",78,81.6,16.4,0.9,1,0.1,-,-,36,1,-,137,-,-,-,-,-
"메기, 붉은메기, 생것",83,79.9,18.2,0.7,1.2,0,-,-,38,1,-,147,-,-,-,-,-
"멸치, 생것",127,73.4,17.7,5.4,3.2,0.3,-,0,496,3.6,-,202,-,-,-,-,-
"멸치, 대멸치, 삶아서 말린것",302,19.2,59.31,5.45,16.71,0,-,0,"2,088",12.26,226,"1,726","1,045","2,180",1.28,"37,771","18,121"
"멸치, 중멸치, 삶아서 말린것",245,31.8,49.69,3.3,14.14,1.07,0,0,"2,486",12,304,"1,867",770,"2,377",4.13,"42,482","21,458"
"멸치, 잔멸치, 삶아서 말린것",226,41.6,42.94,4.59,10.55,0.32,0,0,620,0.91,338,816,531,"2,646",17.22,"46,619","23,600"
"멸치 볶음, 멸치풋고추볶음",262,42.1,23.3,11.2,6.4,17,-,2.2,561,35.5,-,598,407,"1,378",-,-,-
"멸치 볶음, 잔멸치볶음",342,22.3,31,12.6,7.8,26.2,-,0.7,628,36.1,-,734,372,"1,896",-,-,-
멸치 육수,1,99.5,0.14,0.01,0.14,0.19,0,0,2,0.49,3,11,29,52,0,-,-
"멸치 육수, 티백, 채소 포함",2,99.4,0.14,0.03,0.08,0.35,0.03,0,1,0.71,1,4,28,29,0,158,33
"멸치, 액젓",31,70.4,6.53,0.02,21.94,1.13,0.11,0,20,0.18,154,24,242,"8,188",0,"4,081","1,961"
"멸치, 액젓, 수입산",51,66.5,8.08,0.1,20.9,4.38,2.85,0.4,33,1.01,189,13,241,"9,066",0,"5,225","1,864"
"멸치, 젓갈",118,57.7,14,6.3,22,0,-,-,874,5.6,-,660,-,-,-,"13,027","6,498"
"멸치, 통조림, 유지",170,66.8,9.7,14.6,9.2,0,-,-,-,-,-,-,-,-,-,-,-
"명태, 생것",80,80.3,17.5,0.7,1.5,0,-,-,109,1.5,-,202,293,132,-,-,-
"명태, 구운것",111,73.65,23.48,1.18,1.7,0,0,0,72,0.56,81,267,430,419,1.3,"22,649","11,359"
"명태, 노가리, 말린것",351,16.1,74.3,3.8,5.5,0.3,-,-,"2,066",2.9,-,"1,376",-,-,-,"61,658","35,030"
"명태, 동태, 냉동",72,82.3,15.9,0.5,1.2,0.1,-,-,48,0.2,-,200,238,210,-,-,-
"명태, 먹태, 포, 말린것",372,11.3,82.7,2.4,3.6,0,-,-,300,4.9,-,595,870,482,-,-,-
"명태, 북어, 말린것",339,18.3,73.18,3.09,5.14,0.32,0,0,281,1.25,113,700,"1,154",464,0,"57,201","28,196"
"명태, 코다리, 반건조",290,31.1,61.7,3.1,4.1,0,-,-,243,2.7,-,582,-,-,-,-,-
"명태, 코다리, 반건조, 구운것",111,73,25.2,0.5,1.3,0,-,-,53,2.8,-,182,283,132,-,-,-
"명태, 황태, 포, 말린것",349,12.8,79,0.4,5,2.8,-,-,354,2.2,-,764,"1,068",438,-,-,-
"명태, 포, 조미하여 말린것",306,17.5,43.9,1.5,7.9,29.2,-,0,392,5.9,-,882,-,-,-,-,-
"명태, 내장, 양념젓갈(창난젓)",143,59.8,10.83,1.2,5.97,22.22,14.37,0,36,0.89,43,63,200,"1,940",0,"8,383","3,140"
"명태, 알, 생것",120,66,20.5,3,7.8,2.7,-,0,28,1.2,-,249,-,-,-,-,-
"명태, 알, 양념젓갈(명란젓)",135,63.1,22.38,3.01,7,4.52,2.13,0,45,0.72,37,263,182,"2,232",1.84,"17,169","8,312"
"모래무지, 생것",77,82.1,15.7,1.1,1.1,0,-,-,73,1.2,-,200,-,-,-,-,-
"몽치다래, 생것",159,66.9,24.1,5.9,2.6,0.5,-,0,6,1.7,-,183,-,-,-,-,-
"문절망둑, 생것",90,78.2,18.7,1.1,1.7,0.3,-,-,14,4,-,170,380,150,-,-,-
"문절망둑, 장조림",248,28.6,28.3,2.1,12,29,-,-,161,14,-,639,-,-,-,-,-
"물치다래, 생것",168,67.9,23.4,7.3,1.3,0.1,-,-,35,1.9,-,270,-,-,-,-,-
"미꾸리, 생것",96,78.6,16.2,2.8,2.2,0.2,-,-,736,8,-,437,290,85,-,-,-
"미꾸리, 삶은것",76,77.9,17.1,1.2,3.8,Tr,-,0,"1,200",6.4,47,750,330,100,5.5,"-16,700","-8,000"
"민달고기, 생것",95,77.1,20.3,1,1.5,0.1,-,-,10,0.8,-,239,-,-,-,-,-
"민어, 생것",86,79.4,18,0.8,1.3,0.5,-,0,22,0.3,-,178,-,-,-,-,-
"민어, 구운것",100,74.3,23.4,0.8,1.5,Tr,-,0,51,0.6,34,180,330,140,3.3,"-22,990","-11,760"
"민어, 튀긴것(빵가루)",221,59.76,18.2,12.67,1.37,7.54,-,0.4,32,0.86,42,217,340,348,-,"17,768","8,694"
"민어, 암치, 조미하여 말린것",314,16.2,39.8,1.5,7.3,35.2,-,-,591,4.3,-,333,-,-,-,-,-
"민어, 알, 염장",284,37.1,35.1,15.9,11.9,0,-,-,69,2.7,-,180,210,711,-,-,-
"민태, 생것",88,81.1,15.2,2.5,1.2,0,-,-,8,2.6,-,159,-,-,-,-,-
"박대, 생것",90,77.9,19.2,0.7,1.6,0.6,-,-,15,0.3,-,265,-,-,-,-,-
"박대, 말린것",132,66.3,25.6,2.2,5,0.9,-,-,60,0.5,-,152,869,837,-,-,-
"박대, 반건조",104,72.5,21.4,1.4,4.6,0.1,-,-,103,0.3,-,157,253,"1,394",-,-,-
"방어, 생것",101,75.6,21.7,0.8,1.5,0.4,-,-,16,0.7,-,289,380,32,-,-,-
"방어, 구운것",260,51.8,26.2,20.4,1.3,0.3,-,0,6,2.3,28,170,440,40,5.4,"-26,400","-14,240"
"방어, 통조림, 훈제",312,42.4,27.2,22.4,7.5,0.5,-,-,34,1.4,-,131,-,-,-,-,-
"방어, 양식, 어린것, 생것",217,61.5,20.7,17.2,1.1,0.3,-,0,19,1,29,210,340,38,4,"20,410","10,430"
"방어, 자연산, 어린것, 생것",165,69.5,21,8,1.2,0.3,-,-,7,2,-,144,410,37,-,-,-
"백연, 생것",89,78.6,19,0.8,1.3,0.3,-,-,81,1.2,-,253,-,-,-,-,-
"밴댕이, 생것",225,65.8,16.3,16.5,1.2,0.2,-,-,175,1.9,-,183,-,-,-,-,-
"밴댕이, 삶아서 말린것",302,24,48.2,10.3,17,0.5,-,-,"1,578",12.5,-,967,-,-,-,-,-
"밴댕이, 젓갈",117,56.8,16.3,4.9,21.4,0.6,-,-,978,3.8,-,660,-,-,-,"15,528","7,346"
"뱅어, 생것",68,84,13.3,1.1,1.3,0.3,-,-,135,0.7,-,267,250,170,-,-,-
"뱅어, 말린것",311,26.8,56.1,7.9,9.2,0,-,-,615,20,-,688,-,-,-,-,-
"뱅어, 포, 말린것",363,16.9,60.4,11,10.5,1.2,-,-,982,3,-,890,"1,164",680,-,-,-
"베도라치, 생것",105,76,20.7,1.9,1.4,-,-,0,38,1.1,-,221,-,-,-,-,-
"베도라치, 그물베도라치, 생것",107,74.8,22,1.2,1.3,0.7,-,-,40,1.2,-,213,-,-,-,-,-
"베도라치, 장어베도라치, 생것",135,73.2,19.3,5.4,1.4,0.7,-,-,26,0.9,-,230,-,-,-,-,-
"베로치, 생것",86,78.8,19.5,0.4,1.3,0,-,-,81,0.9,-,216,-,-,-,-,-
"베스, 생것",81,80.1,18.2,0.4,1.2,0.1,-,-,88,4.5,-,245,-,-,-,-,-
"벤자리, 생것",123,76,17,5.3,1.4,0.3,-,-,57,1.2,-,269,300,160,-,-,-
"벤자리, 노랑벤자리, 생것",94,79,17.3,2.1,1.4,0.2,-,0,27,0.7,-,260,-,-,-,-,-
"병어, 생것",130,75.5,16.4,6.3,1.5,0.3,-,-,22,0.4,-,242,360,158,-,-,-
"보구치, 생것",119,75,19.3,3.9,1.5,0.3,-,0,15,0.4,-,150,-,-,-,-,-
"보리멸, 생것",93,78.1,19.5,1.1,1.3,0,-,-,65,2.3,-,174,400,140,-,-,-
"보리멸, 냉동",98,78.6,19.6,1.5,0,0.3,-,-,14,-,-,-,214,161,-,-,-
"복어, 검복, 생것",94,76.7,21.5,0.3,1.4,0.1,-,0,21,0.3,-,216,-,-,-,-,-
"복어, 검복, 조미하여 말린것",282,24,47.7,2.3,8.4,17.6,-,-,259,10.4,-,386,-,-,-,-,-
"복어, 국매리복, 생것",91,77.4,20.7,0.3,1.4,0.2,-,-,8,2,-,198,-,-,-,-,-
"복어, 까치복, 생것",85,78.6,19.3,0.2,1.4,0.5,-,0,10,4.4,-,238,-,-,-,-,-
"복어, 까칠복, 생것",85,79,19.3,0.3,1.3,0.1,-,-,4,3.1,-,282,-,-,-,-,-
"복어, 매리복, 생것",88,77.9,19.8,0.3,1.6,0.4,-,0,7,0.4,-,254,-,-,-,-,-
"복어, 밀복, 생것",80,81,17.3,0.7,0.9,0.1,-,0,26,1,-,242,-,-,-,-,-
"복어, 자주복, 생것",83,79,18.8,0.2,1.6,0.4,-,0,10,0.3,-,289,-,-,-,-,-
"복어, 졸복, 생것",83,78.8,18.9,0.1,1.7,0.5,-,-,11,2.5,-,215,-,-,-,-,-
"복어, 흰점복, 생것",72,82.2,15.9,0.5,1.4,0,-,-,40,1,-,161,-,-,-,-,-
"볼기우럭, 생것",129,74.6,18.7,5.3,1.4,0,-,-,84,0.7,-,205,-,-,-,-,-
"볼락, 생것",93,77.8,19.3,1,1.3,0.6,-,0,42,0.6,-,237,-,-,-,-,-
"볼락, 구운것",109,74.67,22.23,1.62,1.59,0,0,0,17,0.36,33,248,467,89,4.6,"22,191","11,159"
"볼락, 개볼락, 생것",88,78.7,19.1,0.7,1.4,0.1,-,-,57,0.8,-,214,-,-,-,-,-
"볼락, 누루시볼락, 생것",149,70.5,22.4,5.8,1.3,0,-,-,33,1,-,236,-,-,-,-,-
"볼락, 불볼락, 생것",125,74.7,18.6,4.6,1.4,0.7,-,-,60,1.5,-,215,-,-,-,-,-
"볼락, 우럭볼락, 생것",88,79.2,18.3,1.1,1.3,0.1,-,-,28,0.9,-,213,-,-,-,-,-
"볼락, 조피볼락(우럭), 생것",92,76.8,18.41,2.26,1.24,0,0,0,44,0.44,30,243,435,47,4.58,"19,127","9,280"
"볼락, 탁자볼락, 생것",85,78.6,19.7,0.1,1.3,0.3,-,-,18,1.7,-,184,-,-,-,-,-
"볼락, 황점볼락, 생것",102,76.1,21.3,1.3,1.3,0,-,-,28,0.7,-,204,-,-,-,-,-
"부세, 생것",105,78.3,17.2,3.4,1.1,0,-,-,71,1.2,-,190,-,-,-,-,-
"부시리, 생것",109,74.6,22.3,1.5,1.5,0.1,-,-,16,1.3,-,260,-,-,-,-,-
"부치, 빨강부치, 생것",71,82.5,15.8,0.5,1.2,0,-,-,23,1,-,163,-,-,-,-,-
"붉바리, 생것",99,76.5,21,1.1,1.3,0.1,-,-,18,1.3,-,193,-,-,-,-,-
"붕어, 생것",94,78.9,18.1,1.8,1.1,0.1,-,-,56,2.4,-,193,340,30,-,-,-
"붕어, 삶은것",225,39.7,15.7,4.4,11.6,28.6,-,-,315,59.5,-,814,168,51,-,-,-
"붕어, 구운것",177,49.4,18,4.4,13.8,14.4,-,-,"1,903",4.2,-,"1,095",216,78,-,-,-
"붕어, 참붕어, 생것",118,74.7,16.4,5.1,3.7,0.1,-,-,983,2.5,-,646,-,-,-,-,-
"블루길, 생것",83,80,17.8,0.8,1.2,0.2,-,-,36,1.4,-,226,-,-,-,-,-
"빙어, 생것",85,79.4,18.4,0.8,1.4,0,-,0,78,0.9,-,217,-,-,-,-,-
"빙어, 삶아서 말린것",189,40.1,34.2,4.7,21,0,-,-,3,17.5,-,"1,109",-,-,-,-,-
"빙어, 장조림",261,29.5,26.7,5.1,11.7,27,-,-,893,10,-,554,-,-,-,-,-
"빙어, 바다빙어, 생것",92,79.4,17.4,1.9,1.2,0.1,-,-,23,1.4,-,234,-,-,-,-,-
"빙어, 바다빙어, 구운것(오븐)",124,72.79,22.6,3.1,1.79,0,-,0,77,1.15,38,295,372,77,-,"21,796","10,930"
"산천어, 생것",117,74.6,20.3,3.3,1.7,0.1,-,-,21,2,-,253,420,50,-,-,-
"살살치, 생것",70,82.2,15.5,0.2,1.5,0.6,-,-,59,0.9,-,243,-,-,-,-,-
"삼세기, 생것",97,77.3,18.6,1.8,1.8,0.5,-,0,20,0.5,-,256,-,-,-,-,-
"삼치, 생것",112,76,20.08,2.93,2.05,0,0,0,5,0.1,30,211,387,39,0,"18,798","9,170"
"삼치, 구운것",184,63.8,23.6,10.8,1.7,0.1,-,0,22,0.9,36,310,610,90,12,"-24,430","-12,380"
"삼치, 줄삼치, 생것",134,70.5,24.6,3.1,1.6,0.2,-,-,41,2.1,-,177,-,-,-,-,-
"삼치, 평삼치, 생것",121,76.1,17.9,4.8,1.2,0,-,-,20,0.7,-,242,-,-,-,-,-
"삼치, 젓갈",101,73.4,22.7,1.1,2.8,0,-,-,2,-,-,19,-,-,-,-,-
"상어, 가래상어, 생것",99,75.5,22.2,0.5,1.7,0.1,-,0,59,0.7,-,190,-,-,-,-,-
"상어, 곱상어, 생것",164,72,16.2,10,1.5,0.3,-,0,6,2,-,131,-,-,-,-,-
"상어, 까치상어, 생것",112,73,24.1,0.7,1.3,0.9,-,0,19,7.8,-,176,-,-,-,-,-
"상어, 돔발상어, 생것",85,80,17.9,1,1.1,0,-,-,72,2.4,-,314,-,-,-,-,-
"상어, 두툽상어, 생것",94,76.6,21.4,0.3,1.4,0.3,-,0,22,0.7,-,196,-,-,-,-,-
"상어, 망상어, 생것",89,78.5,18.9,0.9,1.5,0.2,-,0,44,1,-,217,-,-,-,-,-
"상어, 모조리상어, 생것",108,75.1,21.7,1.7,1.5,-,-,0,83,1.5,-,252,-,-,-,-,-
"상어, 별상어, 생것",103,73.7,23.5,0.3,2.2,0.3,-,0,27,0.6,-,245,-,-,-,-,-
"상어, 악상어, 생것",284,61.5,13.4,24.2,0.9,-,-,0,30,4.2,-,168,-,-,-,-,-
"상어, 은상어, 생것",101,75.3,22.9,0.5,1.3,-,-,0,89,0.9,-,217,-,-,-,-,-
"상어, 청새리상어, 생것",101,77.5,18.5,2.4,1.5,0.1,-,0,15,0.8,-,163,-,-,-,-,-
"상어, 흉상어, 생것",112,73.7,23.5,1.4,1.4,-,-,0,59,0.7,-,204,-,-,-,-,-
"상어, 지느러미, 생것",341,18.4,80.7,0,0.9,0,-,-,64,2.4,-,24,3,180,-,-,-
"상어, 알, 생것",314,50,25,23.5,1,0.5,-,-,-,-,-,326,-,-,-,-,-
"새다래, 생것",104,76.9,18.9,2.6,1.6,-,-,0,8,0.4,-,266,-,-,-,-,-
"샛멸, 생것",82,78.3,19.5,0.6,1.6,Tr,-,0,35,0.3,41,240,340,250,1,"-18,610","-9,360"
"서대, 각시서대, 생것",95,78.2,18.4,1.8,1.4,0.2,-,0,50,1.1,-,173,-,-,-,-,-
"서대, 궁제기서대, 생것",91,78.4,18.9,1.2,1.4,0.1,-,-,92,1.2,-,189,-,-,-,-,-
"서대, 참서대, 생것",84,79.1,18.6,0.4,1.4,0.5,-,0,19,1,-,208,-,-,-,-,-
"성대, 생것",94,77.5,19.9,1,1.4,0.2,-,0,22,0.6,-,275,-,-,-,-,-
"성대, 별성대, 생것",91,78.3,19.3,1,1.4,0,-,-,92,2.1,-,311,-,-,-,-,-
"성대, 별쭉지성대, 생것",129,74.5,19.2,5.1,1.2,0,-,-,19,1.2,-,234,-,-,-,-,-
"송어, 생것",121,73.8,21,3.4,1.7,0.1,-,-,35,1.3,-,263,400,110,-,-,-
"송어, 염장",234,46.2,36,8.4,8.6,0.8,-,-,9,14,-,235,-,-,-,-,-
"송어, 젓갈",156,64.3,24.8,6.3,4.5,0,-,-,14,12.6,-,-,186,"4,049",-,-,-
"송어, 통조림",152,70.8,18.2,8.8,2.2,0,-,-,27,30,-,209,300,750,-,-,-
"송어, 무지개송어, 생것",126,73.3,21.1,3.9,1.6,0.1,-,-,33,1.8,-,246,390,75,-,-,-
"송어, 무지개송어, 구운것",150,70.5,22.92,5.82,1.6,0,-,0,86,0.38,31,269,448,56,-,"22,111","11,088"
"송어, 무지개송어, 냉동",161,71.7,20,8,0,0.3,-,-,22,-,-,-,-,-,-,-,-
"숭어, 생것",107,74.1,21.7,1.5,2.3,0.4,-,0,42,1,-,217,-,-,-,-,-
"숭어, 구운것",150,70.52,24.81,4.86,1.34,0,-,0,31,1.41,33,244,458,71,-,"23,923","11,997"
"숭어, 알, 소금에 절여 말린것",353,25.9,40.4,28.9,4.5,0.3,-,0,9,1.5,23,530,170,"1,400",33,-,-
"쌍동가리, 생것",101,76.6,20.8,1.4,1.2,0,-,-,56,1.3,-,174,-,-,-,-,-
"쌍뿔달재, 생것",75,81.2,16.9,0.4,1.4,0.1,-,-,81,1,-,193,-,-,-,-,-
"쏘가리, 생것",111,77.6,17.2,4.1,1.1,0,-,-,71,2.1,-,202,296,86,-,-,-
"쏘가리, 냉동",125,74,21.2,3.7,1,0.1,-,-,53,1.8,-,191,156,77,-,-,-
"쏨뱅이, 생것",90,78.1,19.9,0.6,1.3,0.1,-,-,44,0.6,-,220,-,-,-,-,-
"쑤기미, 생것",84,79.3,18.5,0.4,1.3,0.5,-,0,32,0.6,-,228,0,0,-,-,-
"쑥감펭, 생것",83,79.3,19,0.3,1.4,0,-,-,56,1.1,-,144,-,-,-,-,-
"아귀, 생것",63,84,14.1,0.2,1.2,0.5,-,0,10,2.5,-,150,-,-,-,-,-
"아귀, 간, 생것",431,44.5,10.4,39,0.9,5.2,-,-,18,1.4,-,163,220,110,-,-,-
"아귀, 황아귀, 생것",71,82.2,16.3,0.2,1.2,0.1,-,-,9,0.3,-,215,-,-,-,-,-
"아홉동가리, 생것",106,76.5,19.8,2.3,1.3,0.1,-,-,28,1.3,-,219,-,-,-,-,-
"애꼬치, 생것",137,72.7,18.9,7.2,1.1,0.1,-,0,41,0.3,34,140,320,120,11,"17,950","9,220"
"애꼬치, 구운것",134,70.3,23.3,4.9,1.4,0.1,-,0,59,0.5,42,190,360,150,10,"-22,000","-11,390"
"양미리, 생것",123,73.7,21.5,3.4,1.4,0,-,-,69,1.7,-,314,-,-,-,-,-
"양미리, 말린것",211,56.7,29.9,8.5,3.7,1.2,-,-,115,1.5,-,342,331,128,-,-,-
"양태, 생것",87,78.3,20,0.2,1.4,0.1,-,0,101,0.6,-,271,-,-,-,-,-
"양태, 꽁지양태, 생것",78,81,16.5,0.6,1.3,0.6,-,-,14,1.3,-,188,-,-,-,-,-
"양태, 눈양태, 생것",90,78,20.1,0.5,1.3,0.1,-,0,44,1.3,-,188,-,-,-,-,-
"양태, 도화양태, 생것",77,81.2,16.9,0.5,1.1,0.3,-,-,38,0.6,-,165,-,-,-,-,-
"양태, 돛양태, 생것",81,79.5,18.5,0.1,1.3,0.6,-,-,40,0.8,-,176,-,-,-,-,-
어묵,169,61.1,11.44,4.49,2.28,20.69,3.54,0.3,49,0.54,15,114,106,699,0,"11,264","4,773"
어묵 국물,3,99.1,0.09,0.15,0.21,0.4,0.26,-,1,0,0,3,11,66,0,58,5
"어묵, 게맛살 첨가",112,70.6,10.8,0.8,2.6,15.2,-,-,218,0.8,-,199,108,792,-,-,-
"어묵, 구운것",141,64,15.4,1.7,3.3,15.6,-,-,179,4,-,211,-,-,-,-,-
"어묵, 찐어묵",115,70,9.75,1.09,2.62,16.53,1.78,0.3,49,0.54,12,72,91,760,0,"9,730","4,097"
어묵국,42,89.3,3.1,0.8,1.2,5.7,-,3.2,16,3.5,-,31,43,344,-,-,-
어육소시지,174,64,9.01,7.45,1.75,17.75,-,0,34,0.42,11,87,41,584,0,"7,620","3,262"
"얼룩통구멍, 생것",82,80.1,18.2,0.5,1.2,0,-,-,70,0.7,-,184,-,-,-,-,-
"여덟동가리, 생것",110,76.4,19.2,3.1,1.3,0,-,-,36,1.3,-,212,-,-,-,-,-
"연어, 생것",106,75.8,20.6,1.9,1.5,0.2,-,-,24,1.1,-,243,330,95,-,-,-
"연어, 생것, 소금첨가",138,67,22.8,6.1,4,0.1,-,0,28,1,29,230,380,"1,200",21,"-22,170","-11,380"
"연어, 구운것, 소금첨가",177,59.5,29.3,7.9,3.2,0.1,-,0,44,1.7,36,300,480,830,25,"-28,650","-14,740"
"연어, 훈제",212,62.2,23.48,11.96,2.2,0.19,0.07,0,11,0.32,31,268,395,443,5.62,"18,574","9,341"
"연어, 통조림",168,70.4,16.29,11.27,1.7,0.31,0,0,13,0.11,17,131,195,362,8.67,"14,568","7,621"
"연어, 통조림, 고형물",188,67,16.36,12.32,1.48,2.85,0.08,0,13,0.17,16,124,188,351,8.9,"14,618","7,698"
"연어, 알, 생것",238,53,25,15,0.2,0.8,-,-,89,12,-,783,-,-,-,-,-
"연어, 알, 염장",245,51.7,27.3,13.6,4,3.4,-,-,86,1.9,-,388,141,"1,246",-,-,-
"연어, 은연어, 생것",106,75,21.7,1.4,1.7,0.2,-,0,10,2.5,-,236,-,-,-,-,-
"연어, 홍연어, 생것",127,71.4,22.5,4.5,1.5,0.1,-,0,10,0.4,31,260,380,57,33,"-21,540","-10,840"
"연어, 홍연어, 구운것",163,63.4,28.5,6,2,0.1,-,0,16,0.5,39,340,490,72,38,"-27,050","-13,560"
"연어, 홍연어, 훈제",143,64,25.7,5.5,4.7,0.1,-,0,19,0.8,20,240,250,"1,500",28,-,-
"열쌍동가리, 생것",86,79.2,18.3,0.9,1.5,0.1,-,-,35,0.9,-,212,-,-,-,-,-
"우각바리, 생것",91,78.3,19,1.2,1.5,0,-,-,85,1,-,182,-,-,-,-,-
"웅어, 생것",169,72.1,15.9,10.8,1.2,0,-,-,84,1.1,-,203,-,-,-,-,-
"은어, 생것",114,77,16.7,4.5,1.6,0.2,-,-,31,1.3,-,276,370,70,-,-,-
"은어, 구운것",149,64,26.6,6.8,2.5,0.1,-,0,480,5.5,35,460,510,110,1.5,"-25,260","-12,390"
"은어, 내장, 생것",180,68.6,9.5,17.5,4.1,0.3,-,0,43,24,44,180,210,90,5,-,-
"은어, 내장, 구운것",161,58.6,23,10.1,7.9,0.4,-,0,140,63,76,470,520,170,4,-,-
"은어, 양식, 생것",138,72,17.8,7.9,1.7,0.6,-,0,250,0.8,24,320,360,55,8,"16,960","8,340"
"은어, 양식, 구운것",202,59.3,22.6,15.1,2.2,0.8,-,0,450,2,31,430,430,79,17,"-21,500","-10,570"
"은어, 양식, 내장, 생것",485,36.6,7.4,55,0.7,0.3,-,0,55,8,11,120,160,75,8,-,-
"은어, 양식, 내장, 구운것",500,31.5,15.2,52.3,0.6,0.4,-,0,130,19,9,190,270,100,8.6,-,-
"은어, 내장, 젓갈",125,57.3,11.4,8.5,22,0.8,-,-,152,26,-,144,190,"6,900",-,-,-
"인상어, 생것",133,71.8,21.8,4.2,1.8,0.4,-,-,89,1.8,-,115,-,-,-,-,-
"임연수어, 생것",152,71.5,19.6,7.1,1.3,0.5,-,0,13,7.9,-,231,-,-,-,-,-
"임연수어, 반건조",161,67,20.6,9.4,3,0.1,-,0,170,0.5,37,330,390,690,4.6,"20,980","10,390"
"임연수어, 염장",198,67.8,17.6,13.1,1.3,0.2,-,-,37,1,-,125,266,151,-,-,-
"잉어, 생것",113,76.9,17.5,4,1.3,0.3,-,-,50,1.4,-,225,370,48,-,-,-
"잉어, 삶은것",190,66.3,19.2,13.4,0.9,0.2,-,0,13,0.6,22,180,330,47,12,"-18,580","-9,080"
"잉어, 내장, 생것",258,62.6,9,25.9,1.2,1.3,-,0,9,3.1,19,130,240,95,9,-,-
"장갱이, 생것",90,78.6,19.1,1,1.3,0,-,-,31,1.2,-,174,-,-,-,-,-
"장문볼락, 생것",87,80.8,15.7,2.1,1.2,0.2,-,-,30,0.3,-,181,114,111,-,-,-
"장문볼락, 구운것",96,74.24,18.51,1.87,1.6,0,0,0,34,0.27,27,300,226,347,1.4,"18,045","9,091"
"장어, 갯장어, 생것",170,70.5,17.9,9.9,1.3,0.4,-,0,81,2.1,-,214,-,-,-,-,-
"장어, 먹장어, 생것",129,75.3,16.9,6,1.4,0.4,-,-,11,1.5,-,157,228,148,-,-,-
"장어, 뱀장어, 생것",223,67.1,14.4,17.1,1.1,0.3,-,-,157,1.6,-,193,250,65,-,-,-
"장어, 뱀장어, 구운것",236,59.31,23.65,14.95,1.8,0,-,0,26,0.64,26,277,349,65,-,"22,805","11,437"
"장어, 뱀장어, 조미, 구운것",249,50.2,30.4,14.2,5.2,0,-,-,"1,129",21,-,497,-,-,-,-,-
"장어, 뱀장어, 간, 생것",197,51.5,12.2,6.3,7.7,22.3,-,-,27,2.7,-,777,-,-,-,-,-
"장어, 붕장어, 생것",135,74.7,17.4,6.4,1.2,0.3,-,0,35,0.5,-,221,-,-,-,-,-
"장어, 붕장어, 냉동",158,-,19,8,-,0.5,-,-,136,-,-,-,-,-,-,-,-
"장어, 붕장어, 뼈, 튀긴것",556,4.5,14.8,41.3,8.2,31.2,-,-,"2,372",164,-,-,-,-,-,-,-
"장어, 칠성장어, 생것",259,60,21,18,0.7,0.3,-,-,9,18,-,117,220,80,-,-,-
"장어, 칠성장어, 말린것",415,36,33.3,29,1.2,0.5,-,-,14,28,-,157,650,130,-,-,-
"장어, 양념, 구운것",289,51.1,20.5,20.4,2.1,5.9,-,0.9,144,6,-,254,277,470,-,-,-
"전갱이, 생것",133,72.6,20.7,4.8,1.8,0.1,-,0,24,0.9,-,208,-,-,-,-,-
"전갱이, 삶은것",136,70.3,22.4,5.9,1.3,0.1,-,0,80,0.7,36,250,350,130,11,"-21,890","-10,990"
"전갱이, 구운것",157,65.3,25.9,6.4,1.8,0.1,-,0,100,0.8,44,320,470,180,12,"-25,350","-12,670"
"전갱이, 냉동",119,-,20,3.5,-,0.3,-,-,11,-,-,-,-,-,-,-,-
"전갱이, 소금에 절여 말린것",262,38,46,6.9,8.4,0.7,-,-,62,3,-,294,-,-,-,-,-
"전갱이, 조미반건조",150,68.4,20.2,8.8,2.5,0.1,-,0,36,0.8,27,220,310,670,3,"-19,920","-10,000"
"전갱이, 조미반건조, 구운것",194,60,24.6,12.3,3,0.1,-,0,57,0.9,38,270,350,770,2.6,"-24,060","-12,070"
"전갱이, 통조림, 조미",131,63.1,14.7,0.1,4.2,17.9,-,-,28,8,-,85,160,900,-,-,-
"전갱이 튀김, 냉동",144,-,16.1,2.3,-,14.8,-,-,23,-,-,-,-,-,-,-,-
"전갱이, 어린것, 생것",99,76.7,19.9,1.5,1.6,0.3,-,-,29,1.2,-,187,-,-,-,-,-
"전갱이, 갈전갱이, 생것",111,76,19.6,3,1.3,0.1,-,-,49,1,-,216,-,-,-,-,-
"전갱이, 줄전갱이, 생것",112,73.2,24,1.1,1.6,0.1,-,-,53,1.7,-,191,-,-,-,-,-
"전어, 생것",107,75.7,19.2,2.7,2.2,0.2,-,0,141,1.2,-,311,-,-,-,-,-
"전어, 젓갈",124,62.8,15.3,6.7,14.7,0.5,-,-,466,8,-,322,-,-,-,-,-
"점감펭, 생것",90,78.4,19.4,0.7,1.2,0.3,-,-,32,1.1,-,202,-,-,-,-,-
"점줄우럭, 생것",100,77.5,19.3,1.9,1.2,0.1,-,-,57,1,-,193,-,-,-,-,-
"점줄우럭, 구운것(오븐)",118,73.36,24.84,1.3,1.41,0,-,0,21,1.14,37,143,475,53,-,"23,962","12,016"
"정어리, 생것",171,69.2,20,9.1,1.5,0.2,-,-,94,1.9,-,224,440,95,-,-,-
"정어리, 삶은것",182,61.7,22.4,8.7,1.3,0.2,-,0,82,2.3,32,250,280,80,13,"-22,120","-11,560"
"정어리, 구운것",199,57.8,25.3,9.4,1.6,0.2,-,0,98,2.5,36,300,350,100,14,"-24,830","-13,040"
"정어리, 말린것",334,30.5,45.6,14.8,8.5,0.6,-,-,"1,205",20,-,783,-,-,-,-,-
"정어리, 삶아서 말린것",113,67.5,24.5,2.1,5.6,0.1,-,0,280,0.6,80,480,170,"1,700",12,"22,820","11,420"
"정어리, 소금에 절여 말린것",188,57.7,29.6,6.5,5.7,0.5,-,-,758,16,-,455,970,"2,400",-,-,-
"정어리, 염장",153,63.6,23.3,5.7,7.2,0.2,-,-,78,6,-,228,-,-,-,-,-
"정어리, 통조림",122,72.1,19.3,4.8,3.5,0.3,-,-,241,8,-,235,259,651,-,-,-
"정어리, 통조림, 유지",268,54.8,21.7,20,3.2,0.3,-,-,304,5,-,294,-,-,-,-,-
"정어리, 통조림, 조미",121,75,16.5,5.9,2.2,0.4,-,-,85,2.5,-,333,222,450,-,-,-
"조기(참조기), 생것",118,76.3,19.02,4.04,1.3,0,0,0,19,0.43,27,158,329,51,8.42,"18,322","8,331"
"조기(참조기), 굴비, 소금에 절여 말린것",332,32.6,44.4,15.2,7.4,0.4,-,-,68,14.4,-,560,320,412,-,-,-
"조기(참조기), 젓갈",123,58.7,15.5,2.8,15,8,-,-,305,1,-,258,-,-,-,"13,891","5,968"
"준치, 생것",129,73.7,20.1,4.7,1.5,0,-,-,78,0.8,-,206,280,155,-,-,-
"준치, 강준치, 생것",90,78.8,18.7,1.1,1.2,0.2,-,-,38,1.1,-,230,-,-,-,-,-
"쥐치, 생것",83,79,19.1,0.1,1.5,0.3,-,0,56,0.4,-,283,-,-,-,-,-
"쥐치, 포, 말린것",339,15,41.8,2.3,6.6,34.3,-,-,126,4.7,-,235,503,"1,504",-,-,-
"쥐치, 포, 냉동",115,-,18,4,-,0.3,-,-,6,-,-,-,-,-,-,-,-
"쥐치, 포, 조미하여 말린것",307,21,41.84,1.3,3.85,32.01,25.76,0,139,0.59,57,368,541,889,33.68,"40,642","20,340"
"쥐치, 말쥐치, 생것",145,75.4,17.3,7.62,1.4,0,0,0,24,1.17,33,191,358,169,1.91,"17,962","8,943"
"쥐치, 말쥐치, 조미하여 말린것",312,18.6,38.7,2.2,6.2,34.3,-,-,154,3.4,-,329,-,-,-,-,-
"참마자, 생것",90,79.4,17.7,1.5,1.1,0.3,-,-,58,1.4,-,221,-,-,-,-,-
"청새치, 생것",107,73.8,23.1,1.8,1.2,0.1,-,0,5,0.6,35,270,380,65,12,"-21,810","-11,680"
"청어, 생것",213,66.3,16.3,15.1,1.9,0.4,-,0,35,0.8,-,304,-,-,-,-,-
"청어, 말린것",418,24,44.5,24,6.5,1,-,-,87,10.4,-,470,250,"1,300",-,-,-
"청어, 삶아서 말린것",123,76,18.7,4.7,0.6,0,-,-,73,2.1,-,277,-,-,-,-,-
"청어, 염장",159,64.8,17.5,9,8.5,0.2,-,-,55,6,-,228,298,538,-,-,-
"청어, 훈제",280,43.9,23.1,22.1,10.9,Tr,-,0,150,3.5,36,400,280,"3,900",48,"-22,630","-11,660"
"청어, 알, 생것",102,76,19.6,2.4,1.5,0.5,-,0,38,2.3,-,127,-,-,-,-,-
"청어, 알, 말린것",358,16.5,65.2,13.6,4.2,0.5,-,0,65,1.9,150,500,46,"1,400",32,"-81,600","-40,300"
"청어, 알, 염장",80,80,15,3,1.4,0.6,-,0,8,0.4,4,94,2,480,17,"-18,680","-9,190"
"초어, 생것",89,79.7,17.1,1.7,1.3,0.2,-,-,66,1.7,-,217,-,-,-,-,-
"통치, 생것",138,72.9,20,5.7,1.3,0.1,-,-,43,0.8,-,194,247,108,-,-,-
"투라치, 생것",79,80.1,18.1,0.1,1.2,0.5,-,-,34,0.3,-,160,-,-,-,-,-
"틸라피아, 생것",126,74.6,19.3,4.7,1.2,0.2,-,-,35,1.1,-,187,370,60,-,-,-
"푸렁통구멍, 생것",76,80.9,17.4,0.2,1.3,0.2,-,0,19,0.4,-,207,-,-,-,-,-
"풀반지, 생것",167,70.8,16.9,10.1,2,0.2,-,-,118,1.4,-,321,-,-,-,-,-
"피라미, 생것",105,77.4,18.5,2.8,1.1,0.2,-,-,59,1.9,-,220,241,53,-,-,-
"학공치, 생것",94,78.7,17.8,1.7,1.1,0.7,-,0,20,3.5,-,230,-,-,-,-,-
"학공치, 조미하여 말린것",325,15,59.1,2,6.2,17.7,-,-,310,19.5,-,909,-,-,-,-,-
"향어, 생것",158,71.5,18.4,8.7,1.3,0.1,-,-,23,0.8,-,227,-,-,-,-,-
"홍감펭, 생것",108,78.2,16.7,3.9,1,0.2,-,-,33,0.7,-,185,-,-,-,-,-
"홍어, 생것",87,77.5,19.6,0.5,2.4,0,-,-,305,1.2,-,250,240,222,-,-,-
"홍치, 생것",93,78.2,18.9,1.4,1.4,0.1,-,-,20,1.2,-,261,-,-,-,-,-
"황매퉁이, 생것",97,77.3,20,1.3,1.3,0.1,-,-,54,0.6,-,137,-,-,-,-,-
"황새치, 생것",81,81,17,1,1,0,-,-,100,6.2,-,120,-,-,-,-,-
"황새치, 구운것",172,68.26,23.45,7.93,1.71,0,0,0,6,0.45,35,304,499,97,16.6,"22,774","11,420"
"황새치, 젓갈",117,53.1,15.7,4.8,23.7,2.7,-,-,462,2.2,-,519,467,"7,683",-,-,-
"황어, 생것",95,78.5,18.3,1.8,1.2,0.2,-,-,65,1.5,-,224,340,45,-,-,-
"횟대, 빨간횟대, 생것",74,81.1,17.1,0.1,1.4,0.3,-,0,48,0.8,-,216,-,-,-,-,-
"히메치, 생것",99,76.7,20.9,1.1,1.3,0,-,-,39,1,-,212,-,-,-,-,-
"가리비, 생것",80,81.6,15.18,1.73,1.69,0,0.22,0,65,2.95,79,110,221,735,0,-,-
"가리비, 삶은것",89,76.8,17.6,1.9,1.8,1.9,-,0,24,2.8,57,250,330,250,0,"-15,290","-6,610"
"가리비, 튀긴것(빵가루)",216,58.44,18.07,10.94,1.83,10.13,-,-,42,0.82,59,236,333,464,-,"16,998","7,886"
"가리비, 말린것",349,14.1,77.6,0.4,3.5,4.4,-,-,6,3,-,85,960,"2,300",-,-,-
"가리비, 통조림",107,71.8,21.6,0.3,1.9,4.4,-,-,45,1.4,-,112,250,500,-,-,-
"가리비, 관자, 생것",82,78.4,16.9,0.3,1.3,3.5,-,0,7,0.2,41,230,380,120,0,"14,510","6,220"
"가리비, 관자, 삶아서 말린것",301,17.1,65.7,1.4,8.2,7.6,-,0,34,1.2,120,610,810,"2,500",0,"-58,480","-26,540"
"가리비, 관자, 냉동",105,-,20.8,0.8,2.1,2.4,-,-,10,1.3,-,56,369,254,-,-,-
"가리비, 국자가리비, 생것",55,84.9,10.8,0.8,2,1.5,-,0,48,2,74,170,260,450,0,"-9,072","-4,112"
"가리비, 비단가리비, 생것",76,81,14.5,1,2.1,1.4,-,-,61,3.2,-,163,-,-,-,-,-
"가리비, 큰가리비, 생것",60,85.5,12.3,0.82,2.23,0,0.2,0,31,0.92,51,113,200,371,0,"8,616","3,780"
"각시수랑, 생것",70,80,15,0.3,3.8,0.9,-,-,29,2.1,-,107,-,-,-,-,-
"고둥, 갈색고리돼지고둥, 생것",92,76.9,16.1,0.7,2,4.3,-,-,419,5,-,122,-,-,-,-,-
"고둥, 갈색띠매물고둥, 생것",78,79.2,15.1,0.2,2.5,3,-,0,36,1.6,-,118,-,-,-,-,-
"고둥, 관절매물고둥(보라골뱅이), 생것",104,74.2,17.7,1.1,2.5,4.5,-,0,94,2.3,-,117,0,0,-,-,-
"고둥, 긴고둥(긴뿔고둥), 생것",118,73.6,17.2,2.7,1.7,4.8,-,-,122,7.2,-,177,300,215,-,-,-
"고둥, 나팔고둥, 생것",111,73.8,15.9,3,3.4,3.9,-,-,95,5,-,185,323,217,-,-,-
"고둥, 두드럭고둥, 생것",89,77,14.2,0.7,2.6,5.5,-,-,68,2.1,-,150,-,-,-,-,-
"고둥, 매끈이고둥, 생것",108,72.6,22.5,0.4,2.2,2.3,-,0,97,2.5,-,145,-,-,-,-,-
"고둥, 물레고둥, 생것",88,76,17.1,0.3,3.4,3.2,-,0,587,2.1,-,197,-,-,-,-,-
"고둥, 민허리돼지고둥, 생것",105,75.7,16.5,2.4,2.2,3.2,-,-,193,7.2,-,148,-,-,-,-,-
"고둥, 보말고둥, 생것",93,78.2,14.6,2.2,2.4,2.6,-,-,240,12.9,-,165,-,-,-,-,-
"고둥, 보말고둥, 삶은것",106,74.5,18.4,0.7,1.1,5.3,-,-,90,1.4,-,105,250,446,-,-,-
"고둥, 비단고둥, 생것",95,75.3,17,1.2,3.7,2.8,-,-,70,25.4,-,161,-,-,-,-,-
"고둥, 세고리물레고둥, 생것",74,79.2,15,0.1,3.3,2.4,-,-,163,1.6,-,170,-,-,-,-,-
"고둥, 위고둥, 생것",66,83.7,11.2,1.5,2.5,1.1,-,-,144,3.7,-,161,-,-,-,-,-
"고둥, 조각매물고둥, 생것",127,72.5,17.7,3.6,1.8,4.4,-,-,87,1.8,-,145,-,-,-,-,-
"고둥, 콩깍지고둥, 생것",100,74.5,19.7,0.5,2.3,3,-,-,77,2.3,-,140,-,-,-,-,-
"고둥, 털탑고둥, 생것",145,67,20.7,3.7,3.1,5.5,-,-,128,3.5,-,115,-,-,-,-,-
"고둥, 피뿔고둥, 생것",110,71.7,17.9,0.2,2.2,8,-,0,77,3.3,-,147,-,-,-,-,-
"굴, 석굴, 생것",64,84.6,8.9,1.2,1.6,3.7,-,-,43,3.9,-,125,259,232,-,-,-
"굴, 참굴, 생것",83,80.3,9.66,2.19,2.58,5.27,0.97,0,428,8.72,53,159,322,480,0,"9,559","3,568"
"굴, 참굴, 삶은것",90,78.7,9.9,3.6,1.7,7.1,-,0,59,2.9,42,140,180,350,0.1,"8,490","3,850"
"굴, 참굴, 양식, 생것",88,80.4,10.5,2.4,1.6,5.1,-,-,84,3.8,-,150,-,-,-,-,-
"굴, 참굴, 양념젓갈(어리굴젓)",91,70.2,8.6,2.7,10.4,8.1,-,-,196,8.8,-,140,213,"2,374",-,-,-
"굴, 토굴, 생것",82,80.6,10.2,1.8,2.1,5.3,-,-,123,3.4,-,92,-,-,-,-,-
"굴, 냉동",97,-,10,3.6,-,5.1,-,-,3,-,-,-,-,-,-,-,-
"굴, 튀긴것(튀김옷)",199,64.72,8.77,12.58,1.72,11.62,-,-,62,6.95,58,159,244,417,-,"8,387","3,806"
"굴, 통조림",83,81.4,14.7,2.7,1.2,0,-,-,37,3.3,-,108,162,378,-,-,-
"굴, 통조림, 훈제",294,51.2,12.5,22.6,2.5,11.2,-,0,35,4.5,42,260,140,300,0,"-10,300","-4,560"
"꼬막, 생것",63,82.9,12.6,0.3,2.6,1.6,-,0,83,6.8,-,136,-,-,-,-,-
"꼬막, 새꼬막, 생것",74,81.3,12.29,1.11,2.43,2.87,0.88,0,68,3.75,55,124,180,419,0,"9,722","4,210"
"다슬기, 생것",85,78.6,11.9,1.2,2.6,5.7,-,-,"1,117",3.3,-,46,-,-,-,-,-
"다슬기, 곳체다슬기, 생것",71,81.9,11.6,0.6,1.9,4,-,-,195,1.1,-,41,-,-,-,-,-
"다슬기, 띠구슬다슬기, 생것",117,70.1,16.9,0.6,2.6,9.8,-,-,469,6.4,-,68,-,-,-,-,-
"다슬기, 염주알다슬기, 생것",113,71.3,12.7,1.4,3.4,11.2,-,-,"1,098",11.2,-,69,-,-,-,-,-
"다슬기, 좀주름다슬기, 생것",88,76.7,14,0.5,2.8,6,-,-,865,1.7,-,46,-,-,-,-,-
"다슬기, 주름다슬기, 생것",98,75.7,14.2,1.6,2.9,5.6,-,-,989,8.2,-,58,-,-,-,-,-
"다슬기, 참다슬기, 생것",76,79.5,12.3,0.4,2.9,4.9,-,-,623,2.4,-,46,-,-,-,-,-
"담치, 지중해담치, 생것",54,85.3,8.9,0.5,2.4,2.9,-,-,63,8.6,-,188,-,-,-,-,-
"담치, 진주담치, 생것",75,81.2,10.3,1.1,2.3,5.1,-,-,82,6.6,-,163,-,-,-,-,-
"담치, 진주담치, 구운것",172,61.15,23.8,4.48,3.18,7.39,-,0,33,6.72,37,285,268,369,-,"21,983","10,407"
"담치, 진주담치, 양식, 생것",84,79.9,11.9,1.7,2.1,4.4,-,-,58,5.1,-,175,-,-,-,-,-
"담치, 참담치(홍합), 생것",82,79.7,13.8,1.2,2.2,3.1,-,-,43,6.1,-,249,-,-,-,-,-
"담치, 참담치(홍합), 삶아서 말린것",391,12.9,56.1,10.2,6.7,14.1,-,-,225,17.3,-,"1,093",250,499,-,-,-
"담치, 참담치(홍합), 통조림",89,79.5,15.8,2.3,1.1,1.3,-,-,165,10,-,84,-,-,-,-,-
"대수리, 생것",112,74.3,18.8,2.6,2.4,1.9,-,-,187,3.9,-,204,-,-,-,-,-
"대합, 북방대합, 생것",62,83.8,12,0.8,2.4,1,-,-,98,5.4,-,162,-,-,-,-,-
"동죽, 생것",69,82.7,11.8,1.6,3,0.9,-,-,90,22.7,-,126,-,-,-,-,-
"맛, 붉은맛(큰죽합), 생것",95,77.3,16.1,1.8,2.3,2.5,-,-,64,12.5,-,254,-,-,-,-,-
"바지락, 생것",74,80.4,12.27,0.93,3.2,3.2,0.75,0,70,2.68,55,129,121,383,0,"6,339","2,417"
"바지락, 양식, 생것",68,82.2,13,1.1,3,0.7,-,-,90,13.3,-,185,230,370,-,-,-
"바지락, 말린것",347,10.4,74,3.7,11.9,0,-,-,-,-,-,-,-,-,-,-,-
"바지락, 장조림",235,30.4,24.8,2.1,13.6,29.1,-,-,232,50,-,372,-,-,-,-,-
"바지락, 통조림",91,7.9,15.2,2.4,2.4,2.1,-,-,76,16,-,124,-,-,-,-,-
"바지락, 통조림, 조미",106,69.9,16,0.8,4.5,8.8,-,-,66,16,-,183,-,-,-,-,-
"바지락, 젓갈",51,76.5,8.5,1,12.5,1.5,-,-,112,16.9,-,117,-,-,-,-,-
"백합, 생것",74,79.9,11.7,1,3.8,3.6,-,-,161,11.9,-,133,-,-,-,-,-
"백합, 삶은것",79,78.6,14.9,1.5,2.3,2.9,-,0,130,3.9,69,190,180,490,0,"-12,680","-5,820"
"백합, 구운것",70,79.8,13.3,1,3.1,2.8,-,0,140,3.3,87,140,230,770,0,"-11,190","-5,200"
"백합, 통조림, 조미",123,64.9,19.6,0.1,4.5,10.9,-,-,46,5.8,-,85,520,"2,100",-,-,-
"백합, 말백합, 생것",58,84.3,10.1,0.5,2.6,2.5,-,-,92,2.4,-,151,-,-,-,-,-
"소라, 생것",107,72.5,20.7,0.3,2.5,4,-,0,92,8.2,-,185,-,-,-,-,-
"소라, 통조림",123,64.9,19.6,0.1,4.5,10.9,-,-,49,7.6,-,89,-,-,-,-,-
"수랑, 생것",86,78.8,15.9,0.7,1.7,2.9,-,-,57,1.8,-,176,320,220,-,-,-
"오분자기, 생것",95,78.1,13.3,2.1,1.9,4.6,-,-,89,4.7,-,123,-,-,-,-,-
"우렁이, 논우렁이, 생것",73,80.6,10.5,1.4,3.7,3.8,-,-,"1,202",5.8,-,87,170,81,-,-,-
"우렁이, 왕우렁, 생것",66,83.1,10.6,0.9,2.3,3.1,-,-,"1,567",16.8,-,127,-,-,-,-,-
"우렁이, 큰구슬우렁이(골뱅이), 생것",71,79.9,17.4,0.1,2.3,0.3,-,-,46,2.6,-,147,-,-,-,-,-
"우렁이, 큰구슬우렁이(골뱅이), 통조림, 고형물",109,72,19.33,0.83,1.86,5.97,4.24,0,31,0.95,54,96,82,504,0,"17,563","8,604"
큰우슬우렁이(골뱅이) 무침,109,73.4,7.1,2,1.8,15.7,-,3.7,38,6.9,-,72,224,526,-,-,-
"우렁이, 큰논우렁이, 생것",71,80.4,9.8,1,3.9,4.9,-,0,"1,003",17.1,-,115,-,-,-,-,-
"재첩, 생것",94,77.5,12.5,1.9,2.3,5.8,-,-,181,21,-,213,210,390,-,-,-
"전복, 둥근전복, 생것",85,78.4,14.3,0.7,2.1,4.5,-,-,52,2,-,118,-,-,-,-,-
"전복, 말전복, 생것",77,80.3,12.8,0.8,2.3,3.8,-,-,51,2,-,105,-,-,-,-,-
"전복, 북방전복, 생것",91,77.2,15,0.7,2,5.1,-,-,49,2.4,-,141,-,-,-,-,-
"전복, 내장, 생것",150,70.4,18.5,7.6,3.5,0,-,-,27,107.8,-,299,-,-,-,-,-
"전복, 말린것",254,36,56,0.9,4.8,2.3,-,-,71,14.6,-,274,520,"3,000",-,-,-
"전복, 튀긴것",189,60.1,19.63,6.78,1.77,11.05,-,0,37,3.8,56,217,284,591,-,"18,227","8,540"
"전복, 통조림, 삶은것",96,74.4,16.3,0.2,1.8,7.3,-,-,24,3.6,-,65,130,600,-,-,-
"전복, 통조림, 조미",131,63.1,14.7,0.1,4.2,17.9,-,-,28,8,-,85,160,900,-,-,-
"전복, 젓갈",96,66,12.2,4.8,16,1,-,-,223,56,-,91,240,"2,000",-,-,-
"조개, 가무락조개, 생것",77,79.9,14.1,0.6,2.6,2.8,-,0,54,2.4,-,197,-,-,-,-,-
"조개, 개량조개(명주조개), 생것",62,84,12,0.7,2.2,1.1,-,-,65,11,-,155,260,380,-,-,-
"조개, 개량조개(명주조개), 말린것",276,26.3,54.2,2,10.5,7,-,-,464,12,-,546,-,-,-,-,-
"조개, 개조개, 생것",64,82.6,10.9,0.6,2.9,3,-,0,83,6,-,158,-,-,-,-,-
"조개, 떡조개, 생것",87,78.3,11.2,1,2.1,7.4,-,-,104,3.8,-,124,-,-,-,-,-
"조개, 맛조개, 생것",56,85.2,9.7,1,2.8,1.3,-,-,166,5.5,-,123,151,303,-,-,-
"조개, 맛조개, 말린것",349,12.3,57.9,4.8,10.6,14.4,-,-,198,3.8,-,718,-,-,-,-,-
"조개, 살조개, 생것",89,78.4,14.2,1.5,2.3,3.6,-,-,145,14.4,-,197,-,-,-,-,-
"조개, 새조개, 생것",114,73.9,21.5,1.9,1.4,1.3,-,-,32,3.7,-,131,190,100,-,-,-
"조개, 새조개, 말린것",293,23.8,61.1,1.5,8.4,5.2,-,-,207,11.2,-,610,-,-,-,-,-
"조개, 새조개, 조미하여 말린것",300,22,57.9,4.1,8.1,7.9,-,-,287,83.1,-,511,-,-,-,-,-
"조개, 왕우럭조개, 생것",101,76.6,16.4,2.2,2.1,2.7,-,-,85,6.3,-,189,420,330,-,-,-
"조개, 우럭, 생것",99,76.8,16.3,2,2.2,2.7,-,-,56,4.1,-,154,400,89,-,-,-
"조개, 접시조개(비단조개), 생것",68,82.6,11.9,0.6,1.9,3,-,-,64,5.8,-,191,-,-,-,-,-
"조개, 진주조개, 생것",56,85.3,10.1,0.9,2.6,1.1,-,-,94,2.6,-,124,-,-,-,-,-
"조개, 키조개, 생것",57,86.5,10.3,1.1,1.3,0.8,-,-,38,8.2,-,128,260,260,-,-,-
"조개, 키조개, 패주, 생것",70,81.8,12.4,1.1,2.8,1.9,-,-,32,6.5,-,277,-,-,-,-,-
"조개, 키조개, 근육, 생것",91,76.4,18.6,0.2,2.1,2.7,-,-,17,0.8,-,205,-,-,-,-,-
"조개, 펄조개, 생것",74,81.4,9.4,1,2.2,6,-,-,266,18.2,-,350,-,-,-,-,-
"조개, 피조개, 생것",66,82.6,11.6,0.6,2.5,2.7,-,-,36,3.7,-,140,-,-,-,-,-
"조개, 피조개, 통조림, 조미",115,69,18,1.3,3.9,7.8,-,-,54,8,-,91,-,-,-,-,-
"조개, 피조개, 양식, 생것",83,81.2,11.8,2.2,1.8,3,-,-,60,7.4,-,111,270,292,-,-,-
"조개, 젓갈",71,69.3,10.83,0.63,13.75,5.45,0.25,0,44,12.38,80,127,174,"3,797",0,"8,912","3,241"
"가재, 갯가재, 생것",87,79.3,16.1,1.7,2.1,0.8,-,-,149,1.2,-,238,-,-,-,-,-
"가재, 갯가재, 삶은것",89,77.2,19.2,1.7,1.7,0.2,-,0,88,0.8,40,250,230,310,0,"17,720","9,010"
"가재, 바닷가재, 생것",77,82.24,15.97,0.95,1.34,0,0,0,27,0.84,27,256,302,58,0,"15,976","7,880"
"가재, 바닷가재, 찐것",82,79.37,16.77,1.2,1.2,0,0,0,60,0.83,33,270,296,94,0,"16,777","8,275"
"개불, 생것",53,85.3,10.5,0.2,2.4,1.6,-,0,29,5.5,-,144,-,-,-,-,-
"게, 꽃게, 생것",77,80.6,16.19,0.7,2.08,0.43,0.41,0,127,0.74,46,137,216,418,0,"16,128","7,141"
"게, 꽃게, 찐것",83,79.69,17.88,0.74,1.96,0,0,0,91,0.5,36,234,259,395,0,"17,030","8,540"
"게, 닭게, 생것",69,82.3,15.2,0.5,1.9,0.1,-,-,95,0.8,-,179,-,-,-,-,-
"게, 닭게, 삶은것",73,80,16.1,0.3,3,0.6,-,-,42,5.4,-,117,-,-,-,-,-
"게, 닭게, 젓갈",57,50,12.2,0.6,36.4,0.8,-,-,"3,750",3.4,-,170,-,-,-,-,-
"게, 대게, 생것",85,79.7,17.4,1,1.4,0.5,-,-,158,0.5,-,114,-,475,-,-,-
"게, 대게, 삶은것",65,82.5,15,0.6,1.8,0.1,-,0,120,0.7,55,150,240,240,0,"-13,030","-6,240"
"게, 대게, 삶아서 말린것",314,18.2,66.7,2.6,10.5,2,-,-,669,3.9,-,681,-,-,-,-,-
"게, 대게, 통조림",69,81.1,16.3,0.4,2,0.2,-,0,68,0.5,29,120,21,670,0,"-14,220","-6,890"
"게, 민꽃게, 생것",86,79.3,14.8,1.6,2.3,2,-,-,79,1.9,-,239,-,-,-,-,-
"게, 방게, 생것",66,76.9,11.9,1.3,9,0.9,-,-,"4,668",4.8,-,295,165,134,-,-,-
"게, 붉은대게, 생것",48,87,10.5,0.3,1.9,0.3,-,-,211,1.5,-,312,-,-,-,-,-
"게, 왕게, 생것",67,83,13.7,0.7,2,0.6,-,-,69,2.1,-,159,370,550,-,-,-
"게, 왕게, 삶은것",77,80,17.5,1.5,1.7,0.3,-,0,48,0.2,51,190,230,310,0,"16,740","8,040"
"게, 주름송편게, 생것",87,78.4,18.8,0.3,1.4,1.1,-,-,66,0.6,-,239,-,-,-,-,-
"게, 참게, 생것",175,70.7,14.4,12,2.7,0.2,-,-,359,11.4,-,440,-,-,-,-,-
"게맛살, 어육함량이 낮은것",119,69.2,7.7,1.12,2.57,19.45,3.48,0,303,0.26,8,72,41,668,0,"5,683","2,629"
"게맛살, 어육함량이 낮은것, 데친것",118,69.5,7.71,1.09,2.41,19.31,3.24,0,298,0.24,7,69,38,600,0,"6,312","2,927"
"게맛살, 어육함량이 높은것",93,75.2,11.67,0.87,2.77,9.52,3.46,0,288,0.18,16,124,73,777,0,"10,090","4,919"
"군소, 생것",36,90.1,5.8,1,2.6,0.5,-,-,109,1.7,-,53,-,-,-,-,-
"군소, 풍선군소, 생것",43,88.4,7.7,0.9,2.5,0.5,-,-,117,2.2,-,69,-,-,-,-,-
"꼴뚜기, 불똥꼴뚜기, 생것",91,77.5,14.4,3,1.5,0.6,-,-,9,5,-,274,290,170,-,-,-
"꼴뚜기, 불똥꼴뚜기, 삶은것",91,78.1,17.7,2.9,0.9,0.4,-,0,22,1.1,32,200,240,240,0,"-13,670","-6,900"
"꼴뚜기, 불똥꼴뚜기, 조린것",245,39.8,27,6.7,3.6,22.9,-,0,26,2.7,31,270,96,"1,200",0,"-20,700","-10,410"
"꼴뚜기, 불똥꼴뚜기, 조미훈제",305,23,43.1,7.5,5.1,21.3,-,0,55,10,56,650,240,"1,500",0,"-32,970","-16,510"
"꼴뚜기, 참꼴뚜기, 생것",78,81.6,13.6,1.8,2,1,-,-,48,1,-,166,244,152,-,-,-
"꼴뚜기, 참꼴뚜기, 삶아서 말린것",286,27.2,51.3,6.6,13.2,1.7,-,-,505,4.4,-,818,532,"1,060",-,-,-
"꼴뚜기, 창꼴뚜기, 생것",70,82.7,14.7,0.5,1.3,0.8,-,-,22,0.9,-,239,-,-,-,-,-
"꼴뚜기, 젓갈",83,57.2,16,2,24.5,0.3,-,-,110,5.6,-,239,204,"1,436",-,-,-
"꼴뚜기, 양념젓갈",114,67.2,9.6,1.8,6.6,14.8,-,-,30,0.5,-,139,232,"1,687",-,-,-
"낙지, 생것",73,80.7,16.3,0.43,2.19,0,0.2,0,26,1.48,67,166,237,479,0,"9,827","4,422"
"낙지, 세발낙지, 생것",55,86.6,11.5,0.6,1.2,0.1,-,-,15,0.5,-,149,273,227,-,-,-
"낙지, 양념젓갈",161,57.3,10,1.36,4.25,27.14,9.1,2.3,54,2.35,39,105,232,"1,363",0,"9,246","4,066"
"멍게(우렁쉥이), 생것",27,88.8,5,0.8,4.6,0.8,-,-,32,5.7,41,55,570,"1,300",0,-,-
"멍게, 양식, 생것",73,82.7,8.7,2.1,1.6,4.9,-,-,36,6.9,-,103,570,"1,300",-,-,-
"멍게, 양념젓갈",140,61.6,9.25,1.19,5.01,22.99,10.13,2.3,41,1.77,60,93,232,"1,712",0,"8,877","2,713"
"멍게, 끈멍게, 생것",63,84,7.4,1.5,2.1,5,-,-,38,2.4,-,90,-,-,-,-,-
"멍게, 붉은멍게, 생것",75,82.2,9.2,2.6,2.3,3.7,-,-,37,1.8,-,144,-,-,-,-,-
"문어, 생것",70,81.1,16.4,0.7,1.7,0.1,-,0,16,0.6,55,160,290,280,0,"13,430","6,310"
"문어, 삶은것",91,76.2,21.7,0.7,1.3,0.1,-,0,19,0.2,52,120,240,230,0,"-17,900","-8,440"
"문어, 대문어, 생것",58,85.4,12.2,0.6,1.5,0.3,-,-,21,0.7,-,215,-,-,-,-,-
"문어, 대문어, 말린것",348,13.8,72,3.1,7.5,3.6,-,-,115,3,-,684,930,815,-,-,-
"문어, 참문어, 생것",56,84.4,12.7,0.2,2.6,0.1,-,-,23,0.5,-,160,-,-,-,-,-
"미더덕, 생것",44,87.6,4.3,1.2,2.8,4.1,-,0,40,3.2,-,111,-,-,-,-,-
"미더덕, 주름미더덕, 생것",52,84.7,9,0.7,3.3,2.3,-,-,89,8.5,-,142,-,-,-,-,-
"새우, 가시발새우, 생것",71,81.7,15.2,0.5,2,0.6,-,0,196,7.4,-,206,-,-,-,-,-
"새우, 각시흰새우, 생것",85,77.8,15.7,1.6,3.9,1,-,-,"1,341",1.8,-,329,-,-,-,-,-
"새우, 긴뿔천길새우, 생것",92,77.3,20,0.8,1.9,0,-,-,71,1.4,-,138,-,-,-,-,-
"새우, 꽃새우, 생것",114,67.5,22,2,7.9,0.6,-,-,48,6,-,261,-,-,-,-,-
"새우, 꽃새우, 삶아서 말린것",307,18,55.5,5.9,16.5,4.1,-,0,"4,068",15.6,-,"1,156",680,"3,500",-,-,-
"새우, 꽃새우, 찐것",119,71.56,22.78,1.7,3.11,1.52,0,0,91,0.32,37,306,170,947,0.1,"24,210","11,808"
"새우, 꽃새우, 튀긴것(빵가루)",242,52.86,21.39,12.28,1.99,11.47,0.8,0.4,67,1.26,40,218,225,344,0.1,"21,555","10,428"
"새우, 꽃새우, 냉동",114,-,22,2,-,0.6,-,-,"2,410",-,-,-,-,-,-,-,-
"새우, 꽃새우, 장조림",230,30.9,25.9,2.6,14.8,25.8,-,-,125,20,-,261,-,-,-,-,-
"새우, 닭새우, 생것",88,79.1,17,1.2,1.4,1.3,-,-,68,2,-,195,380,130,-,-,-
"새우, 대하, 생것",82,80,18.1,0.6,1.2,0.1,-,-,74,1.4,-,210,340,120,-,-,-
"새우, 대하, 말린것",360,13.7,62.4,3.5,4.8,15.6,-,-,236,4.6,-,995,"1,100",620,-,-,-
"새우, 물렁가시붉은새우, 생것",83,79.3,18,0.5,1.6,0.6,-,-,-,-,-,-,-,-,-,-,-
"새우, 보리새우, 생것",71,82.8,15.1,0.7,1.3,0.1,-,-,87,1.1,-,240,450,140,-,-,-
"새우, 보리새우, 삶은것",116,69.3,28.2,0.5,2,Tr,-,0,61,1,57,390,500,200,0,"-27,840","-12,270"
"새우, 부채새우, 생것",65,84.1,13.7,0.8,1.4,0,-,-,84,1.3,-,154,224,362,-,-,-
"새우, 중하, 생것",94,77.2,20.1,0.9,1.7,0.1,-,-,77,2.6,-,260,240,270,-,-,-
"새우, 중하, 삶아서 말린것",300,17.3,54.4,6.2,19.2,2.9,-,-,"2,767",12.1,-,982,-,-,-,-,-
"새우, 중하, 조미하여 말린것",319,17.4,28.5,2,5.4,46.7,-,0,"1,078",6.5,-,"1,028",-,-,-,-,-
"새우, 중하, 통조림",95,74,21.5,0.7,3.2,0.6,-,-,56,3,-,137,30,540,-,-,-
"새우, 중하, 젓갈",88,59.5,15.8,2.6,22.3,0.3,-,-,688,24,-,14,-,-,-,-,-
"새우, 젓새우, 생것",62,64.9,9.6,1.2,21.7,2.6,-,-,695,0.7,-,216,320,360,-,-,-
"새우, 젓새우, 조린것",230,35,19.1,1.8,9,35.1,-,-,490,7.1,100,410,350,"2,700",0,"-15,180","-7,410"
"새우, 젓새우, 젓갈",53,60.7,10.4,0.9,27.3,0.7,-,-,871,6.2,-,229,210,"6,200",-,-,-
"새우, 징거미새우, 생것",90,78.8,18.3,1.4,1.5,0,-,-,115,1.8,-,231,-,-,-,-,-
"새우, 철모새우(도화새우), 생것",90,77.9,18.5,0.9,1.8,0.9,-,-,338,0.6,-,572,-,-,-,-,-
"새우, 펄닭새우, 생것",61,84.6,13.2,0.6,1.6,0,-,-,168,1,-,150,-,-,-,-,-
"새우, 흰다리새우, 생것",98,75.9,21.17,0.89,0.33,0,-,0,49,0.89,39,241,330,122,0,"19,689","8,934"
"새우, 흰다리새우, 냉동",59,85.5,11.87,0.62,1.33,0.73,0.22,0,42,0.22,16,311,41,697,0,"11,521","5,433"
"새우, 흰다리새우, 냉동, 삶은것",71,82.9,14.44,0.86,1.37,0.39,0.21,0,47,0.31,16,315,38,692,0,"13,966","6,603"
"새우, 껍질, 생것",323,14.1,44,11.9,23.9,6.1,-,-,5,0.1,-,3,-,-,-,-,-
"새우 볶음, 말린것, 볶은것",342,27.5,23.4,13.4,7.1,28.5,-,2.1,"1,567",41,-,433,364,981,-,-,-
"새우 튀김용, 냉동",139,66.3,10.2,1.9,1.3,20.3,-,-,42,1.5,-,90,95,340,-,-,-
"새우 튀김용, 튀긴것(빵가루)",263,49.9,6.43,13.53,1.27,28.84,0.99,1.5,78,0.45,12,128,48,392,0,"6,078","2,359"
"새우, 젓갈",40,67.3,8.09,0.32,23.08,1.2,0,0,441,0.52,241,140,214,"8,003",0,"7,298","3,439"
"새우, 젓갈, 추젓",47,65.4,9.1,0.6,23.7,1.2,-,-,461,0.9,-,171,312,"9,138",-,-,-
"새우, 젓갈, 토굴대때기젓",53,65.7,10.1,0.6,21.9,1.7,-,-,591,2,-,230,320,"8,155",-,-,-
"새우, 젓갈, 토굴동백하젓",49,65.1,8.3,1,24,1.6,-,-,473,1.2,-,170,286,"9,173",-,-,-
"새우, 젓갈, 토굴오젓",57,62.8,10.8,0.4,23.5,2.5,-,-,390,0.5,-,204,349,"8,634",-,-,-
"새우, 젓갈, 토굴육젓",56,63.5,10.8,0.6,23.2,1.9,-,-,396,0.6,-,197,342,"8,791",-,-,-
"새우, 젓갈, 토굴추젓",46,66.1,8.9,0.5,23,1.5,-,-,421,1.2,-,190,244,"8,794",-,-,-
"성게, 생것",148,71.5,15.8,8.5,2.2,2,-,-,20,4,-,196,490,190,-,-,-
"성게, 젓갈",128,55.6,21.4,2.8,15.8,4.4,-,-,32,6.2,-,127,450,680,-,-,-
"성게, 알, 젓갈",104,65.8,9.2,1.5,10.1,13.4,-,-,22,0.7,-,156,171,"4,091",-,-,-
"성게, 보라성게, 생것",173,65.6,16.1,8.7,2,7.6,-,-,70,2.4,-,306,-,-,-,-,-
"성게, 보라성게, 알, 생것",173,65.6,16.1,8.7,2,7.6,-,-,70,2.4,-,306,-,-,-,-,-
"성게, 보라성게, 알, 젓갈",143,61.2,18.3,4.5,8.7,7.3,-,-,44,1.8,-,336,-,-,-,-,-
"성게, 통조림",138,68.4,14,5.1,3.6,8.9,-,-,136,5,-,188,-,-,-,-,-
"오징어, 생것",94,78.3,18.84,1.44,1.26,0.16,0,0,11,0.18,47,270,351,199,2.34,"14,156","7,007"
"오징어, 구운것",108,71.8,23.6,1,1.6,0.1,-,0,14,0.2,57,300,360,330,0,"-20,550","-9,710"
"오징어, 튀긴것",175,64.54,17.94,7.48,1.59,7.79,-,0,39,1.01,38,251,279,306,-,"16,681","7,805"
"오징어, 말린것",352,19.5,67.8,6.9,5.6,0.2,-,-,252,2.8,-,821,750,980,-,-,-
"오징어, 냉동",88,-,17,1.5,-,0.5,-,-,11,-,-,-,-,-,-,-,-
"오징어, 조미, 구운것",300,23.3,40.1,3.7,6.3,26.6,-,-,24,1.3,-,465,250,"1,685",-,-,-
"오징어, 조미훈제",205,45.7,34.4,2,5.5,12.4,-,-,29,4.3,-,312,164,"1,228",-,-,-
"오징어, 채, 조미하여 말린것",282,31.9,39.31,2.41,3.62,22.79,14.83,0,14,0.16,51,388,270,"1,123",0,"33,365","16,292"
"오징어, 포, 조미하여 말린것",280,26.1,63.5,2.7,7.3,0.4,-,-,35,3,-,637,590,930,-,-,-
"오징어, 갑오징어, 생것",75,82.4,15.1,1.2,1.2,0.1,-,-,25,0.9,-,180,320,214,-,-,-
"오징어, 갑오징어, 말린것",339,18.5,66.8,4.7,6.8,3.2,-,-,137,4,-,788,-,-,-,-,-
"오징어, 살오징어, 생것",72,82.3,15.7,0.5,1.3,0.2,-,-,25,1.6,-,253,-,-,-,-,-
"오징어, 쇠갑오징어, 생것",79,80.6,16.9,0.7,1.6,0.2,-,-,14,0.5,-,219,-,-,-,-,-
"오징어, 참갑오징어, 생것",76,80.6,17.3,0.2,1.7,0.2,-,-,13,0.4,-,281,-,-,-,-,-
"오징어, 양념젓갈",166,54.2,9.88,2.04,6.9,27,14.82,0,29,1.05,47,163,172,"2,278",0,"9,866","4,532"
"오징어, 내장, 젓갈",98,65.5,16,1.5,12,5,-,-,72,5,-,163,-,-,-,-,-
오징어 튀김,308,44.3,11.9,18.1,1.3,24.3,-,0.7,25,3.1,-,176,132,360,-,-,-
오징어채 볶음,278,32.3,18.6,4.2,3.5,41.4,-,1.5,27,8.6,-,191,199,"1,161",-,-,-
"주꾸미, 생것",52,86.8,10.8,0.5,1.4,0.5,-,-,19,1.4,-,129,-,-,-,-,-
"크릴, 생것",76,81.9,12.1,2.6,3.2,0.2,-,-,401,2,-,263,320,420,-,-,-
"크릴, 삶은것",78,79.8,13.8,3,3.4,Tr,-,-,350,0.6,110,310,200,620,0,"-10,980","-5,350"
크릴 페이스트,130,74,16.5,5.5,2,2,-,-,180,-,-,-,-,-,-,-,-
"한치, 생것",81,81.3,14.9,1.8,1.7,0.3,-,-,12,0.4,-,267,113,258,-,-,-
"해삼, 생것",24,91.8,3.7,0.4,2.8,1.3,-,-,119,2.1,-,27,70,"1,300",-,-,-
"해삼, 말린것",331,1.5,77.6,0.9,17,3,-,-,"1,384",53,-,72,214,"2,842",-,-,-
"해삼, 염장",34,67.1,4.9,0.5,25.1,2.4,-,-,75,5.5,-,40,40,"6,000",-,-,-
"해삼, 젓갈",32,67,5.5,0,25,2.5,-,-,36,10,-,261,-,-,-,-,-
"해삼, 내장, 젓갈",43,80.1,7.7,1,10.4,0.8,-,-,80,4.3,-,121,380,"4,100",-,-,-
"해파리, 생것",6,96.9,1.3,0,1.7,0.1,-,0,2,-,-,8,-,-,-,-,-
"갈래곰보, 생것",12,93.5,0.9,0.2,0.8,4.6,-,-,79,1.2,-,8,48,380,-,-,-
"곰피, 말린것",141,15.8,12.9,1.3,15.2,54.7,-,-,921,20.6,-,93,-,-,-,-,-
"곰피, 가루",129,7.9,10,1.4,29.3,51.4,-,-,-,-,-,-,-,-,-,-,-
"김, 김밥용김, 말린것",182,2.4,38.46,2.82,10.13,46.19,0,45.6,184,8.48,350,532,"2,655",903,0,"28,528","13,861"
"김, 둥근돌김, 말린것",165,10.4,35.5,1.7,7.8,43.3,-,-,412,18.6,-,472,-,-,-,-,-
"김, 조미김, 구운것",307,0.7,37.69,49.23,7.56,4.82,0.39,-,174,5.78,174,368,"1,328","1,299",0,"25,881","10,381"
"김, 참김, 생것",12,90.5,3.3,0.4,3.8,2,-,-,490,4.5,-,474,"2,208",144,-,-,-
"김, 참김, 구운것",174,4,43.3,0.9,10.1,41.7,-,-,257,18.3,-,570,"2,931",491,-,-,-
"김, 참김, 말린것",165,11.4,38.6,1.7,8,40.3,-,-,325,17.6,-,762,"3,503","1,294",-,-,-
"김, 초밥김, 말린것",151,12.9,32.7,0.8,7.7,40.9,-,-,196,17.6,-,49,"2,520",120,-,-,-
"꼬시래기, 생것",17,89.1,1.8,0.2,2.7,6.2,-,-,630,6.9,-,35,42,75,-,-,-
"다시마, 생것",12,91,1.1,0.2,3.5,4.2,-,-,103,2.4,-,23,"1,242",75,-,-,-
"다시마, 말린것",110,12.3,7.4,1.1,34,45.2,-,-,708,6.3,-,186,"7,500","3,100",-,-,-
"다시마, 염장",16,64.1,1.2,0.3,28.4,6,-,-,145,1.4,-,27,468,"10,854",-,-,-
다시마 육수,1,99.4,0.1,0,0.2,0.3,-,-,2,0,-,3,86,31,-,-,-
다시마 튀각,228,1.6,3.6,23,13,58.8,-,-,240,5,-,127,"4,258","1,383",-,-,-
"대황, 말린것",145,11.3,7.3,0.2,16.7,64.5,-,-,811,5.5,-,207,"3,700","2,900",-,-,-
"뜸부기, 말린것",128,18.1,6.1,2.5,21.2,52.1,-,-,"1,090",23.9,-,119,-,-,-,-,-
"매생이, 생것",39,84.3,3.88,3.29,0.34,8.19,0.07,6.5,91,18.3,40,97,263,104,0,"4,381","2,078"
"매생이, 말린것",125,15.6,20.6,0.5,22.7,40.6,-,-,574,43.1,-,270,-,-,-,-,-
"모자반, 생것",18,86.2,1.8,0.2,5.1,6.7,-,0,209,2.1,-,61,-,-,-,-,-
"모자반, 말린것",129,10.2,15.2,1.7,27.2,45.7,-,-,935,67.3,-,233,-,-,-,-,-
"모자반, 가루",127,11.1,14,3.9,30.2,40.8,-,-,-,-,-,-,-,-,-,-,-
"모자반, 염장",18,62.9,3.1,0.2,28.4,5.4,-,-,221,9.1,-,28,-,-,-,-,-
"미역, 생것",12,91.2,1.68,0.29,3.13,3.7,0,3.6,79,0.46,54,54,"1,112",361,0,"1,545",794
"미역, 양식, 생것",15,88.8,2.1,0.2,3.9,5,-,-,153,1,-,40,-,-,-,-,-
"미역, 말린것",150,6.3,20.31,4.83,24.91,43.65,0,35.6,"1,109",6.1,901,355,432,"7,535",0,"17,302","8,021"
"미역, 가루",134,11.1,10.7,1.8,24,52.4,-,-,-,-,-,-,-,-,-,-,-
"미역, 염장",34,61.8,6,0.9,22,8.8,-,-,178,3.2,-,87,250,"13,000",-,-,-
"미역, 염장, 데친것",35,61.8,6,0.9,22,9.3,-,-,178,3.2,-,87,250,"13,000",-,-,-
"미역, 줄기, 생것",14,88.1,1.8,0.2,5.3,4.6,-,-,120,0.4,-,55,"1,900",520,-,-,-
"미역, 줄기, 염장 후 탈염, 삶은것",18,84.9,1.1,0.3,8.2,5.5,-,5.1,86,0.4,70,34,88,"3,100",0,-900,-500
미역 튀각,283,1.3,9.75,38.02,4.72,46.21,9.27,38.7,766,11.75,365,208,-,"1,038",0,"8,885","4,182"
"불등풀가사리, 말린것",147,11.7,16.5,0.6,13.2,55.7,-,0,481,28.4,-,174,-,-,-,-,-
"석묵, 말린것",38,15.3,9.6,0.2,11,9.1,-,0,215,7.6,-,93,-,-,-,-,-
"순채, 생것",22,87.4,2.5,0.7,1,7.1,-,0,171,6.9,-,34,-,-,-,-,-
"우뭇가사리, 생것",46,70.3,4.2,0.2,3.8,18.5,-,0,183,3.9,-,47,-,-,-,-,-
우뭇가사리묵(우무),2,99,0.1,0,0.1,0.8,-,0,10,0.3,-,3,-,-,-,-,-
한천,154,20.1,2.3,0.1,2.9,74.6,-,0,523,7.8,-,16,-,-,-,-,-
"진두발, 말린것",119,3.7,2.5,1.5,24.5,53.5,-,-,535,320,-,144,"3,628",551,-,-,-
"청각, 생것",8,92.1,1.4,0.4,4.5,1.6,-,0,37,2.5,-,12,-,-,-,-,-
"청각, 말린것",137,10,13.8,0.8,22.6,52.8,-,0,-,-,-,-,-,-,-,-,-
"클로렐라, 말린것",174,10.3,45.3,7.2,11.5,25.7,-,-,117,73.4,-,"1,536",-,-,-,-,-
"톳, 생것",16,88.1,1.9,0.4,4.6,5,-,0,157,3.9,-,32,-,-,-,-,-
"톳, 말린것",81,32.7,6.6,0.8,27.9,32,-,-,768,76.2,-,118,-,-,-,-,-
"톳, 삶아서 말린것",135,15.8,6.2,0.8,17.5,59.7,-,-,"1,250",47,-,93,-,-,-,-,-
"파래, 생것",11,93.8,2.18,0.15,0.92,2.95,0.04,2.1,55,4.1,48,38,131,122,0,"3,829","1,651"
"파래, 말린것",201,16.9,22.1,0.6,18.7,41.7,-,29.1,490,5.3,"3,200",160,"3,200","3,900",0,"19,940","9,000"
"파래, 가시파래, 말린것",136,12.8,20,0.7,20,46.5,-,-,646,37.2,-,274,370,110,-,-,-
"파래, 갈파래, 말린것",129,13.7,23.1,0.5,19.2,40.1,-,0,"1,015",8.7,-,194,-,-,-,-,-
"파래, 납작파래, 생것",17,87.6,3.3,0.7,4.9,3.5,-,0,93,11.9,-,41,-,-,-,-,-
"파래, 창자파래, 말린것",142,10.4,23.6,0.8,15.2,45.8,-,0,866,28.5,-,275,-,-,-,-,-
"파래, 홑파래, 말린것",146,15.5,17.2,1.1,13,53.2,-,-,630,10.3,-,185,-,-,-,-,-
모유,61,88,1.1,3.5,0.2,7.2,-6.4,0,27,0.04,3,14,48,15,0.3,975,455
분유,498,2.2,13.98,23.93,3.27,56.6,47.28,0,680,5.87,62,405,789,173,8.18,"13,904","6,547"
"분유, 1단계",508,2.1,12.41,25.75,2.86,56.88,49.01,0,553,3.98,56,323,697,164,7.73,"12,417","5,831"
"분유, 2단계",506,2,12.63,25.38,3.06,56.93,49,0,635,5.72,60,374,739,171,8.1,"12,542","5,947"
"분유, 3단계",477,2.5,16.91,20.65,3.9,56.04,43.85,0,851,7.9,71,519,929,185,8.71,"16,699","7,866"
"분유, 전지",509,2.7,25.46,27.32,5.45,39.07,38.63,0,977,0.13,89,770,"1,298",322,0,"22,432","11,130"
"분유, 탈지",358,4.3,33.88,0.97,7.69,53.16,46.17,0,"1,414",0.15,120,"1,068","1,665",432,0,"33,870","16,070"
산양유,62,88.4,3.16,3.62,0.79,4.03,3.48,0,149,0.03,16,134,201,40,0,"3,313","1,595"
셔벗,143,66.5,0.83,2.05,0.29,30.31,21.83,0,42,0,5,30,71,15,0,827,474
아이스밀크,167,65.6,3.4,6.4,0.7,23.9,-,0,110,0.1,14,100,140,75,0.1,"-3,521","-1,670"
"아이스크림, 딸기맛, 유지방12%",205,63.1,2.93,12,0.59,21.4,20.48,0.8,94,0.29,11,87,152,38,0,"2,689","1,294"
"아이스크림, 딸기맛, 유지방14.5%",241,58.4,3.77,15.41,0.75,21.69,20.36,0.9,132,0.3,13,123,194,43,0,"3,192","1,525"
"아이스크림, 바닐라맛",179,64.2,4.98,7.83,0.74,22.25,17.3,0,80,0.04,10,66,188,70,0,"4,351","2,087"
"아이스크림, 초콜릿맛, 유지방12%",245,54.3,4.63,13.24,0.97,26.86,19.34,1.2,131,1.74,36,149,281,43,0,"4,097","2,016"
"아이스크림, 초콜릿맛, 유지방14.7%",257,56,4.56,16.99,1.05,21.38,17.3,1.2,128,2.03,33,193,294,41,0,"4,247","2,079"
"아이스크림, 유지방 8%",178,63.9,3.9,8,1,23.2,15.1,0.1,140,0.1,13,120,190,110,0.1,"4,119","1,941"
"아이스크림, 빙과, 딸기맛",168,65.6,0.82,6.56,0.5,26.5,15.12,2,53,0.5,8,50,160,50,0,659,324
"아이스크림, 빙과, 초콜릿맛",182,61.7,1.37,6.34,0.7,29.86,18.68,2.1,57,1.03,23,72,272,63,0,"1,137",564
"아이스크림, 소프트 아이스크림, 바닐라맛",139,69.7,2.38,3.98,0.47,23.5,23.7,0,71,0,8,60,110,33,0,"2,224","1,192"
"연유, 점성이 낮은것",126,74.5,5.56,5.73,1.09,13.1,5.05,0,165,0.28,14,158,226,87,6.96,"3,956","1,779"
"연유, 점성이 높은것",367,16.3,7.76,7.84,1.8,66.31,51.88,0,273,0,25,238,366,101,0,"7,615","3,556"
"요구르트, 액상",65,83.2,1.29,0.02,0.26,15.23,12.49,0.6,45,0.02,4,33,60,17,0,"1,025",484
"요구르트, 액상, 저당",45,88.2,1.11,0.02,0.29,10.38,6.6,0.7,45,0.1,4,34,60,18,0,"1,035",487
"요구르트, 액상(농후), 딸기맛",85,80.2,3.29,2.22,0.8,13.49,10.51,0.2,133,0.08,12,92,176,46,0,"3,214","1,478"
"요구르트, 액상(농후), 플레인",85,81.7,3.03,2.96,0.65,11.66,6.48,0,110,0.04,10,82,141,39,0,"3,026","1,395"
"요구르트, 액상(농후), 식이섬유 첨가",97,79,3.19,3.26,0.74,13.81,8.98,1.7,123,0.07,11,107,163,44,0,"3,003","1,455"
"요구르트, 액상(농후), 사과맛, 식이섬유 첨가",109,75.1,2.57,2.71,0.71,18.91,6.46,4.8,115,0.04,11,85,153,37,0,"2,361","1,130"
"요구르트, 액상(농후), 저지방, 식이섬유 첨가",74,82.2,3.54,1.36,0.82,12.08,7.73,2.4,133,0.08,12,102,180,45,0,"3,557","1,509"
"요구르트, 액상(농후), 플레인, 식이섬유 첨가",87,81.5,2.31,3.22,0.67,12.3,5.33,4.4,119,0.01,11,86,148,38,0,"2,123",971
"요구르트, 호상, 딸기맛",95,78.3,2.95,2.46,0.76,15.53,14.46,0.7,123,0.06,12,89,163,41,0,"2,678","1,257"
"요구르트, 호상, 망고맛",92,79.4,4.55,2.7,0.91,12.44,10.53,1.1,142,0.03,15,108,202,53,0,"4,131","1,714"
"요구르트, 호상, 플레인",86,81.8,4.53,3.21,0.77,9.69,8.51,1,136,0.03,13,105,176,56,0,"3,468","1,531"
우유,67,87.6,3.09,3.85,0.65,4.86,4.81,0,118,0.03,10,104,162,40,0,"3,067","1,439"
"우유, 가공우유, 딸기맛",68,83.7,2.29,1.12,0.55,12.34,8.13,0,78,0.03,8,62,107,30,0,"2,402","1,084"
"우유, 가공우유, 바나나맛",90,80.6,2.63,3.02,0.62,13.13,9.18,0,89,0.04,9,72,125,34,0,"2,722","1,214"
"우유, 가공우유, 초코맛",71,83.2,2.61,1.41,0.64,12.14,8.16,0,83,0.6,15,72,153,32,0,"2,593","1,168"
"우유, 가공우유, 커피맛",61,85.8,2.44,1.38,0.56,9.82,6.86,0,81,0.05,9,61,125,29,0,"2,346","1,108"
"우유, 강화우유, 고칼슘",63,86.8,2.98,2.77,0.92,6.53,3.85,0,205,1.19,10,88,144,37,2.02,"2,692","1,365"
"우유, 유당분해우유",66,87.8,3.05,3.86,0.62,4.73,3.99,0,114,0.03,10,104,164,39,0,"2,815","1,305"
"우유, 저지방우유",46,89.7,3.25,1.44,0.65,4.96,4.93,0,121,0.03,11,105,165,40,0,"3,118","1,432"
"치즈, 고다",356,41.46,24.94,27.44,3.94,2.22,2.22,0,700,0.24,29,546,121,819,0.5,"29,380","13,756"
"치즈, 카망베르",300,51.8,19.8,24.26,3.68,0.46,0.46,0,388,0.33,20,347,187,842,0.4,"21,318","9,931"
"치즈, 리코타",159,72.9,7.1,11.5,1.7,6.7,-,0,340,0.1,20,200,210,160,0,-,-
"치즈, 모차렐라",236,61.4,17.34,16.49,1.59,3.15,1.06,0,365,0.07,15,273,50,243,0,"15,826","6,546"
"치즈, 모차렐라, 슈레드타입",293,47,26.6,17.37,3.34,5.66,0.64,0,890,0.14,32,532,89,402,0.39,"25,170","11,387"
"치즈, 브리",334,48.42,20.75,27.68,2.7,0.45,0.45,0,184,0.5,20,188,152,629,0.5,"22,343","10,409"
"치즈, 브릭",371,41.11,23.24,29.68,3.18,2.79,0.51,0,674,0.43,24,451,136,560,0.5,"24,996","11,676"
"치즈, 블루",353,42.41,21.4,28.74,5.11,2.34,0.5,0,528,0.31,23,387,256,"1,146",0.5,"22,975","10,688"
"치즈, 체다",298,49.3,18.76,21.3,4.47,6.17,0.24,0,626,0.09,22,857,62,928,0,"18,519","8,821"
"치즈, 카테지",99,79,13.3,4.5,1.3,1.9,0.5,0,55,0.1,4,130,50,400,0,"15,320","7,150"
"치즈, 크림",350,52.62,6.15,34.44,1.27,5.52,3.76,0,97,0.11,9,107,132,314,0,"6,665","3,137"
"치즈, 파르메산(파마산)",420,22.65,28.42,27.84,7.18,13.91,0.07,0,853,0.49,34,627,180,"1,804",0.5,"30,716","13,978"
"커피크리머, 가루",514,2.8,1.57,29.11,4.32,62.2,4.29,0,339,0.2,2,636,"1,195",21,0,"1,541",761
"커피크리머, 액상, 식물성지방",244,68.4,4.3,24.8,0.7,1.8,-1.8,0,21,0.1,2,130,45,160,0,"-4,356","-2,027"
"커피크리머, 액상, 유지방",205,70.3,5.2,18.3,0.7,5.5,-1.5,0,30,0.1,3,150,55,150,0.2,"5,483","2,564"
"크림, 생크림",368,54.9,2.03,37.81,0.24,4.98,0,0,63,0.04,6,57,91,25,0,"1,664",757
"크림, 휘핑, 동물성",354,55.7,2.01,35.55,0.27,6.43,0,0,59,0,6,57,87,41,0,"1,521",697
"크림, 휘핑, 식물성",268,60,0.11,21.76,0.16,17.96,0,0,2,0,0,12,31,47,0,0,0
고추기름,919,0,0.02,99.8,0.2,0,0,0,13,0.05,0,0,0,0,0,5,0
닭기름,900,0.2,0,99.8,0,0,0,0,0,0,0,0,0,0,4.8,0,0
돼지기름,915,0,0,99.38,0.05,0.58,0,0,0,0,0,0,23,17,0,0,0
들기름,920,0,0,99.92,0,0.08,0,0,0,0,0,0,0,0,0,0,0
땅콩 버터,658,0.3,25.8,51.91,3.09,18.9,9.41,6,57,1.85,172,357,558,370,0,"21,460","9,028"
"땅콩 버터, 청크",589,1.14,24.06,49.94,3.29,21.57,8.41,8,45,1.9,160,319,745,486,0,"23,299","9,050"
"땅콩 버터, 크림",598,1.23,22.21,51.36,2.89,22.31,10.49,5,49,1.74,168,335,558,426,0,"23,619","9,173"
땅콩기름,884,0,0,100,0,0,0,0,0,0.03,0,0,0,0,0,0,0
마가린,714,14.5,0.2,72.41,0.8,12.06,0,0,20,0,0,9,23,296,0,11,5
면실유,883,0,0,100,0,0,-,0,0,0,0,0,0,0,0,-,-
"버터, 가염",760,15.3,0.59,82.04,0.62,1.46,0.5,0,16,0.03,0,19,29,360,0,513,240
"버터, 무가염",760,14.3,0.52,81,0.13,4.11,0.66,0,15,0.03,1,9,21,13,0,547,258
복숭아씨기름,911,0.3,0.5,98.9,0,0.3,-,-,6,1,-,50,6,13,-,-,-
쇠기름,869,Tr,0.2,99.8,0,0,-,0,Tr,0.1,0,1,1,1,0,-,-
쇼트닝,917,0,0,99.52,0.01,0.48,0,0,0,0,0,0,31,15,0,0,0
쌀겨기름(미강유),921,0,0,99.95,0,0.05,0,0,0,0,0,0,0,0,0,0,0
아마씨유,884,0.12,0.11,99.98,0,0,0,0,1,0,0,1,0,0,0,-,-
아몬드유,884,0,0,100,0,0,0,0,0,0,0,0,0,0,0,0,0
아보카도유,917,0,0,99.52,0,0.48,0,0,0,0,0,0,19,13,0,0,0
연어기름,902,0,0,100,0,0,-,0,0,0,0,0,0,0,-,-,-
옥수수기름,919,0,0,99.74,0.09,0.17,0,0,0,0.57,0,0,0,25,0,0,0
올리브유,921,0,0,100,0,0,0,0,0,0,0,0,0,0,0,0,0
유채씨기름,920,0,0.02,99.85,0.03,0.1,0,0,1,0.17,0,0,9,1,0,0,0
잇꽃씨기름,892,0,0,100,0,0,-,0,0,0,0,Tr,0,0,0,-,-
참기름,920,0,0,99.84,0.03,0.13,0,0,0,0,0,0,0,0,0,0,0
코코넛유,918,0,0,99.67,0,0.33,0,0,13,0,0,0,30,18,0,0,0
콩기름,921,0,0,99.96,0,0,0,0,0,0,0,0,0,0,0,0,0
팜유,917,0,0,99.56,0.01,0.44,0,0,0,0,0,0,12,0,0,0,0
포도씨유,920,0,0,99.93,0.06,0.01,0,0,0,0.09,0,0,0,1,0,0,0
해바라기유,918,0,0,99.68,0.02,0.28,0,0,0,0,0,0,9,2,0,0,0
호두유,917,0,0,99.57,0.05,0.39,0,0,15,0,0,3,19,0,0,0,0
혼합식물성유,886,0,0,100,0,0,-,0,Tr,0,0,Tr,Tr,0,0,-,-
감잎차,0,99.9,0.02,0.03,0.11,0,0,0,0,0.57,1,1,22,0,0,84,14
"결명자차, 말린것",390,6,19.07,6.57,4.6,63.78,2.77,50.9,596,5.65,303,543,"1,047",6,0,"13,117","5,925"
결명자차,0,99.9,0,0,0.01,0.04,0,0,1,0.01,0,1,3,0,0,0,0
"계피차, 가루",357,9.1,0,1.4,0.5,89,-,-,0,2.3,-,14,745,5,-,-,-
"구기자차, 말린것",384,12.5,14.6,10.7,5,57.2,-,-,49,14.7,-,259,"2,161",162,-,-,-
구기자차,1,99.9,0,0,0.02,0.13,0.02,0,0,0,0,1,12,0,0,0,0
"구절초차, 말린것",345,7.7,11.1,1.3,7.8,72.1,-,-,843,3.4,-,440,"2,897",46,-,-,-
"국화차, 말린것",358,5.5,14.5,2.3,7.8,69.9,-,-,753,10.3,-,420,"2,734",54,-,-,-
국화차,0,100,0,0,0,0.03,0,0,0,0,0,0,13,0,0,0,0
"녹차, 가루",379,2.8,22.37,2.47,5.45,66.91,-,40.4,717,8.42,277,279,"1,471",23,0,"19,474","9,479"
"녹차, 말린것",388,0.9,26.66,2.73,5.54,64.17,0,35.4,340,8.97,238,402,-,10,0,"19,193","9,362"
"녹차, 인동녹차, 말린것",329,11.9,16.8,1,7,63.3,-,-,421,12.2,-,233,"1,989",26,-,-,-
"녹차, 장군차, 말린것",361,5.7,28,1,5.4,59.9,-,-,403,9.5,-,466,"2,226",9,-,-,-
녹차,2,99.5,0.05,0,0.05,0.4,0,0,1,0.01,2,2,33,0,0,25,4
"녹차, 현미",1,99.8,0.02,0,0.03,0.15,0,0,0,0.01,1,1,13,1,0,13,2
"녹차라테, 가루",466,2.9,5.28,17.16,2.14,72.5,28.9,1.9,192,0.44,18,236,765,119,0,"4,944","2,496"
"녹차라테, 가루, 물에 탄것",81,83.4,0.86,3.23,0.38,12.08,4.93,1.6,42,0.1,4,48,153,23,0,854,437
다래나무순차,1,99.8,0.1,0,0,0.1,-,-,1,0.7,-,5,14,7,-,-,-
대추차,75,81.6,0.12,0.44,0.09,17.75,12.4,0.2,3,0.06,2,4,13,30,0,152,53
도라지차,22,94.5,0.3,-,0.1,5.1,-,-,4,0.7,-,5,133,7,-,-,-
"두충차, 가루",354,7.7,14.3,3.8,6.3,67.9,-,-,407,13.8,-,195,"1,313",31,-,-,-
둥굴레차,1,99.7,0,0.01,0.02,0.27,0,0,1,0.02,0,0,5,0,0,0,0
민들레차,0,99.9,0.01,0,0.04,0.05,0.05,0,2,0,1,0,19,1,0,0,0
보리차,0,99.9,0,0,0.03,0.07,0,0,2,0,0,0,2,1,0,0,0
보이차,0,99.9,0.12,0,0.05,0,0.05,0,2,0,1,2,18,2,0,108,69
사과차,167,54.1,0.1,0,4.2,41.6,-,-,11,0.9,-,23,459,34,-,-,-
"상지차, 말린것",360,9.6,6,2.4,3.4,78.6,-,-,330,14.6,-,145,373,7,-,-,-
"생강차, 가루",353,8.8,0.1,0.2,0.2,90.7,-,-,4,0.6,-,27,70,57,-,-,-
생강청,246,39.1,0.1,0.65,0.2,59.9,57.61,-,8,0.1,2,2,48,47,0,52,18
"쌍화차, 가루",411,1.2,1.64,3.81,0.76,92.61,42.6,-,29,0.29,17,31,123,237,0,"1,126",355
"쑥차, 말린것",338,8.2,26.3,0.8,8.3,56.4,-,-,754,27.5,-,470,"3,499",153,-,-,-
야콘차,98,74.2,0.6,0,1.2,24,-,-,15,0.4,-,48,550,33,-,-,-
"오미자차, 말린것",371,12,16.3,7,3.9,60.8,-,-,766,10.5,-,204,104,11,-,-,-
옥수수수염차,1,99.6,0.08,0,0.06,0.22,0,0,0,0,0,1,0,4,0,0,0
우롱차,0,99.9,0,0,0.07,0.07,0,0,1,0,1,2,14,0,0,0,0
"우롱차, 캔",0,99.8,0,0,0.1,0.1,-,-,1,0.3,-,1,6,13,-,-,-
유자청,251,37.2,0.39,0.1,0.26,62.03,58.81,2,24,0.08,3,8,74,10,0,262,53
유자차,30,92.4,0.04,0.01,0.07,7.51,6.51,0.8,0,0.03,0,0,0,7,0,51,19
"유자차, 고형물 포함",73,81.8,0.03,0.01,0.11,18.08,13.61,1.6,7,0.01,2,2,27,6,0,91,27
"율무차, 가루",463,2.8,8.57,17.17,2.94,68.56,23.46,-,50,1.28,54,237,585,616,0,"6,650","2,872"
"인삼차, 과립차, 가루",397,1.4,0.89,0.78,0.37,96.52,82.5,0,17,0.59,13,31,206,9,0,330,108
"인삼차, 과립차, 가루, 물에 탄것",17,95.7,0.03,0,0,4.23,3.57,0,1,0.01,0,1,4,1,0,14,5
"치커리차, 말린것",369,3.8,7.3,0.2,4.1,84.6,-,-,22,14.4,-,183,"1,807",175,-,-,-
카모마일차,1,99.7,0,0,0.01,0.2,0,0,2,0.08,1,0,9,1,0,-,-
"커피, 아메리카노(2샷)",2,99.4,0.02,0.02,0.09,0.48,0.01,0,1,0,3,2,47,0,0,18,6
"커피, 에스프레소",22,93.9,0.2,0.22,0.79,4.93,0.04,0,7,0,26,19,443,1,0,164,57
"커피, 원두",4,98.6,0.2,Tr,0.2,0.7,0,-,2,Tr,6,7,65,1,0,-98,-30
"커피, 캔",38,90.5,0.81,0.12,0.23,8.34,7.06,1,24,0.05,6,21,69,37,0,663,302
"커피, 커피가루, 디카페인",351,3.2,11.6,0.2,9,76,0,0,140,3.8,311,286,"3,501",23,0,"5,560","1,619"
"커피, 커피가루, 인스턴트",348,3.6,19.81,0.49,10.08,66.06,0,0,159,1.7,369,348,"3,822",42,0,"13,997","4,427"
"커피, 커피가루, 물에 탄것(중량 1g)",4,99,0.2,0.01,0.1,0.7,0,0,2,0.02,4,3,38,0,0,140,44
"커피, 커피가루, 설탕, 인스턴트",374,1.2,6.6,0.17,3.37,88.65,62.33,0,56,0.65,124,116,"1,273",15,0,"4,663","1,475"
"커피, 커피가루, 설탕, 물에 탄것(중량 2.7g)",17,95.8,0.18,0,0.09,3.98,1.68,0,2,0.02,3,3,34,0,0,126,40
"커피, 커피가루, 설탕, 크림, 인스턴트",426,1.7,3.59,8.54,2.37,83.8,49.52,0.8,115,0.39,54,288,972,42,0,"3,133",874
"커피, 커피가루, 설탕, 크림, 물에 탄것(중량 12g)",51,88.2,0.43,1.03,0.28,10.06,5.94,0.1,14,0.05,6,35,117,5,0,375,105
"카페라테, 가루, 인스턴트",497,2.6,6.88,25.11,4.59,60.8,24,0,424,0.71,45,425,"1,516",165,4.41,"5,134","2,377"
"카페라테, 가루, 물에 탄것(중량 14.2g)",84,82.6,1.77,3.54,0.79,11.27,3.38,0,58,0.22,9,70,313,24,1.08,773,339
"코코아, 가루",268,1.7,22.85,20.06,11.77,43.63,0.49,0,161,55.84,509,634,"4,287",24,0,"14,448","6,212"
"코코아, 밀크코코아, 가루",423,1.6,8.26,9.45,4.44,74.63,55.67,5.1,488,7.37,102,514,"1,274",161,0,"7,824","3,465"
"코코아, 밀크코코아, 가루, 물에 탄것",83,80.6,1.68,1.77,0.77,15.19,11.04,1,102,1.46,19,128,254,38,0,"1,414",701
헛개 음료,1,99.7,0,0,0.04,0.26,0.05,0,1,0.01,0,0,7,7,0,-,-
"홍삼차, 가루",382,1.7,1.3,0.7,0.5,95.8,-,-,2,0.5,-,27,156,25,-,-,-
홍삼 음료,40,90.1,0.28,0.24,0.16,9.27,6.32,0,4,0.2,4,7,51,4,0,188,24
홍차,2,99.4,0.23,0.04,0.07,0.26,0.03,0,1,0,2,3,38,1,0,164,54
"홍차, 레몬, 가루",398,0.2,0.18,0.05,0.37,99.19,94.73,0,7,0,6,4,131,48,0,87,20
"홍차, 레몬",33,91.7,-,-,-,8.3,-,-,2,0.5,-,-,14,2,-,-,-
"홍차, 복숭아, 가루",397,0.9,0.32,0.05,0.32,98.46,94.93,0,10,0,1,2,164,41,0,81,43
"홍차, 복숭아, 캔",30,92.4,0,0,0.01,7.59,6.27,0.4,0,0,0,0,6,4,0,0,0
"홍차, 밀크티, 캔",35,91.7,0.62,0.6,0.2,6.85,5.75,0,22,0.14,3,25,52,14,0,482,239
레모네이드,38,90.4,0,0,0.04,9.56,8.71,0,0,0,0,1,12,1,0,15,1
매실 음료,44,88.9,0.06,0.01,0,11.02,9.85,0.1,1,0.03,0,1,9,4,0,26,0
생수,0,100,0,0,0.03,0,0,0,1,0,0,0,0,3,0,0,0
"셰이크, 딸기맛",113,74.1,3.4,2.8,0.9,18.9,-,0.4,113,0.11,13,100,182,83,0,"3,528","1,682"
"셰이크, 바닐라맛",148,69.65,3.37,6.52,0.86,19.59,13.63,0.9,115,0.46,13,98,166,81,0,"3,785","1,643"
"셰이크, 초콜릿맛",119,72.2,3.05,2.7,0.9,21.15,20.85,0.3,132,0.31,16,126,224,111,1,"3,203","1,527"
"수정과, 캔",33,91.9,0.04,0.04,0.02,8.04,8.04,0,1,0,0,0,4,14,0,0,0
"식초 음료, 석류",93,76.7,0.2,0.08,0.2,22.82,21.95,0,8,0.03,5,16,110,2,0,47,3
"식초 음료, 흑초",25,93.5,1.11,0.01,0.31,5.03,4.12,0,4,0.45,22,50,52,6,0,657,277
"식혜, 캔",32,92,0.06,0,0.03,7.91,5.94,1,3,0.02,1,2,3,2,0,59,18
쌀 음료,55,87.4,0.14,0.9,0.07,11.52,5.74,0,5,0,0,17,34,2,0,64,25
"이온 음료, 레몬향",37,90.7,0,0,0.14,9.16,5.62,0,0,0,0,18,22,44,0,0,0
"젖산 음료, 복숭아맛",36,90.8,0.21,0.01,0.13,8.85,7.32,1.8,11,0.02,1,7,14,39,0,190,92
채소 주스,39,89.5,0.86,0.05,0.93,8.66,7.13,0.5,20,0.31,15,30,330,54,0,964,228
"채소 주스, 녹즙",28,92.5,0.99,0.11,0.73,5.67,1.88,1.2,95,0.24,18,25,165,27,0,682,304
"탄산 음료, 레몬소다",44,89.1,0,0,0.02,10.88,9.19,0,3,0.01,0,2,10,2,0,8,0
"탄산 음료, 보리소다",47,88.2,0,0,0.03,11.77,9.73,0,2,0,0,0,3,12,0,0,0
"탄산 음료, 비타민 함유",37,90.7,0.03,0.02,0.05,9.17,7.34,0,6,0.03,0,0,8,33,0,0,0
"탄산 음료, 사이다",40,90,0,0,0.02,9.98,8.81,0,2,0.01,0,0,0,1,0,0,0
"탄산 음료, 소다수",0,99.9,0,0,0.1,0,0,0,5,0.01,1,0,2,21,0,0,0
"탄산 음료, 오렌지소다",48,87.9,0,0,0.02,12.08,10.66,0,2,0,0,0,1,3,0,0,0
"탄산 음료, 요구르트소다",47,88.2,0,0,0.06,11.74,9.42,0,9,0,0,12,12,4,0,0,0
"탄산 음료, 저칼로리콜라",2,99.54,0.11,0.03,0.03,0.29,0,0,3,0.11,1,9,8,8,0,-,-
"탄산 음료, 진저에일",34,91.23,0,0,0.01,8.76,8.9,0,3,0.18,1,0,1,7,0,-,-
"탄산 음료, 카페인 함유",38,90.4,0.34,0.03,0.03,9.15,9.13,0,0,0,0,0,1,23,0,300,8
"탄산 음료, 콜라",38,90.5,0,0,0.04,9.46,9.03,0,1,0.02,0,16,2,2,0,1,1
"탄산 음료, 파인애플소다",45,88.5,0,0.1,0.1,11.3,-,-,2,0.1,-,2,1,7,-,-,-
"탄산 음료, 포도소다",52,86.9,0,0,0.03,13.07,11.17,0,0,0,0,0,10,0,0,0,0
탄산수,0,100,0,0,0,0.04,0,0,1,0,0,0,0,1,0,0,0
"혼합 음료, 꿀 함유",42,89.5,0.01,0,0,10.47,9.83,0,0,0,0,0,0,2,0,0,0
"혼합 음료, 비타민C 함유",56,86,0,0.01,0.1,13.89,5.69,1.3,0,0,0,0,8,30,0,0,0
"혼합 음료, 타우린 함유",41,89.8,1.65,0.03,0.02,8.54,8.18,0,0,0,0,0,1,20,0,"1,402",1
토닉워터,34,91.1,0,0,0.1,8.8,8.8,0,1,0.01,0,0,0,12,0,0,0
"발효주, 과실주, 매실주",155,68.9,0.1,Tr,0.1,20.7,-,-,1,Tr,2,3,39,4,-,-,-
"발효주, 과실주, 복분자주, 알코올 15%",137,76.9,0.12,0,0.09,7.49,5.38,0.3,3,0.03,4,1,42,5,0,111,55
"발효주, 과실주, 샴페인, 알코올 6%",45,93.4,0,0,0.1,0.5,-,-,2,-,-,4,-,-,-,-,-
"발효주, 과실주, 포도주, 백포도주, 무스카데",82,85.69,0.07,0,0.21,5.23,-,-,-,-,-,-,-,-,-,-,-
"발효주, 과실주, 포도주, 백포도주, 샤르도네",84,86.85,0.07,0,0.22,2.16,0.96,0,9,0.27,10,18,71,5,-,-,-
"발효주, 과실주, 포도주, 백포도주, 쇼비뇽블랑",81,87.16,0.07,0,0.18,2.05,-,-,-,-,-,-,-,-,-,-,-
"발효주, 과실주, 포도주, 적포도주, 알코올 13%",101,84.9,0.21,0,0.24,1.85,0.02,1.5,9,0.36,10,23,104,2,0,0,0
"발효주, 맥주, 알코올 4.5%",45,92,0.21,0.01,0.12,3.31,0.17,0,2,0,6,14,28,2,0,211,61
"발효주, 맥주, 쌀, 알코올 4.5%",34,94.8,0.33,0,0.14,0.24,0.24,0,1,0.02,7,16,42,3,0,333,93
"발효주, 맥주, 흑맥주, 알코올 4.2%",45,91.6,0.4,Tr,0.2,3.6,-,0.2,3,0.1,10,33,55,3,0,-315.6,-93.9
"발효주, 약주, 전통주, 알코올 15%",133,77.9,1.42,0.02,0.15,5.88,5.88,0,5,0.09,12,31,32,4,0,"1,056",451
"발효주, 청주, 알코올 16%",132,79.9,0.41,0,0.05,4.24,3.11,0,4,0.02,1,9,9,3,0,2,2
"발효주, 탁주, 막걸리, 알코올 6%",52,91.7,0.98,0.15,0.09,1.13,0.52,0.6,8,0.06,4,15,14,3,0,957,402
"발효주, 탁주, 막걸리, 전통주, 알코올 10%",119,78,2.11,0.27,0.14,9.62,8.66,1,7,0.2,12,34,32,2,0,"1,552",666
"발효주, 탁주, 막걸리, 전통주, 호상, 알코올 8.5%",162,66.7,4.46,0.65,0.14,19.62,18.34,1.3,8,0.09,6,37,30,2,0,"3,994","1,797"
"증류주, 고량주, 알코올 50%",355,49.8,0,0,0.04,0,0,0,1,0.01,0,0,1,1,0,0,0
"증류주, 드라이진",280,59.9,0,Tr,0,0.1,-,0,0,0,-,0,Tr,Tr,0,-,-
"증류주, 럼",237,66.1,0,Tr,0,0.1,-,0,0,0,0,Tr,Tr,3,0,-,-
"증류주, 보드카, 알코올 40%",237,66.2,0,0,0,Tr,-,0,0,0,-,0,Tr,Tr,0,-,-
"증류주, 브랜디, 알코올 43%",234,66.6,0,0,0,0,-,0,0,0,0,Tr,1,4,0,-,-
"증류주, 소주, 증류식, 쌀, 알코올 25%",172,75.7,0.01,0.02,0.03,0,0,0,0,0,0,0,0,1,0,0,0
"증류주, 소주, 증류식, 쌀, 알코올 45%",302,57.5,0.02,0.07,0.03,0,0,0,0,0.02,0,0,0,0,0,0,0
"증류주, 소주, 희석식, 알코올 17.8%",124,82.6,0,0,0.02,0,0,0,0,0,0,0,0,4,0,0,0
"증류주, 소주, 희석식, 알코올 25%",172,75.7,0,0,0.02,0,0,0,0,0,0,0,0,5,0,0,0
"증류주, 위스키, 알코올 40%",284,60.3,0.03,0,0,0.07,0.02,0,0,0,0,0,2,1,0,0,0
"간장, 개량, 양조",103,60.1,9.15,0,14.21,16.54,0,0.8,25,1.63,69,145,480,"4,783",0,"7,704","3,226"
"간장, 개량, 산분해",54,72,7.41,0.19,14.86,5.59,2.78,0.9,25,1.09,47,127,422,"5,476",0,"5,172","2,259"
"간장, 재래",34,70.6,5.92,0.03,21.01,2.47,0.29,0.4,39,0.66,208,121,657,"7,999",0,"4,053","1,432"
"간장, 절임소스",125,63.5,1.89,0.05,5.29,29.28,26.58,0,6,0.15,11,25,113,"2,003",0,"1,548",550
"강황, 가루",331,10.3,6.66,3.21,5.48,74.34,3.3,17.9,125,24.65,182,291,"2,415",19,0,"5,625","2,205"
겨자 페이스트,296,37,8.01,12.7,4.93,37.36,19.5,19.4,101,2.05,87,211,223,"1,423",0,"6,580","2,973"
"겨자, 가루",413,3.8,18.35,22.68,5.2,49.97,5.5,37.8,383,10.77,494,"1,041",930,1,0,"15,579","7,585"
"계피, 가루",349,10.3,3.63,1.15,4.04,80.93,1.93,59.5,"1,280",8.38,75,63,700,18,0,"2,759","1,380"
"고기 소스, 통조림",96,78.8,3.8,5,2.3,10.1,-8.4,-,17,0.8,-,47,250,610,-,-,-
"고추냉이, 가루",299,7.1,29.94,3.45,4.41,55.1,30.51,23.4,400,6.62,245,440,"1,142",21,0,"20,151","8,876"
"고추냉이, 페이스트",148,56.4,3.03,1.58,3.18,35.81,3.18,7.3,98,1.09,39,49,343,801,0,"2,165",927
"고추장, 개량",205,35.7,3.66,1.38,7.5,51.76,21.84,5.2,25,0.97,53,63,422,"2,486",0,"3,106","1,254"
"고추장, 재래",163,47.1,6.06,2.68,8.96,35.24,14.7,6,51,2.17,131,141,696,"3,009",0,"4,912","2,089"
고춧가루,319,12.5,13.29,8.4,5.19,60.62,17.45,37.7,79,4.89,155,342,"2,541",13,0,"10,623","3,945"
"골든세이지, 말린것",385,4.8,1.6,9.3,10.7,73.6,-,-,745,8.5,-,240,"3,430",60,-,-,-
굴 소스,117,58.3,2.07,0.05,12.43,27.14,20.64,0.2,12,0.26,10,56,138,"4,608",0,"1,416",533
낫토,181,62.2,17.24,8.47,2.11,9.95,0.44,6.9,133,3.36,124,368,789,7,0,"15,758","7,035"
데리야끼 소스,152,56.4,1.82,0.1,5.59,36.07,26.34,0.4,15,0.53,18,39,120,"2,044",0,"1,612",563
돼지불고기 양념,180,50.1,3.03,0.7,5.75,40.39,36.22,0.6,12,0.78,20,84,199,"2,230",0,"1,686",668
"된장, 개량",193,47.8,13.73,7.25,12.28,18.94,5.45,10.3,79,2.07,74,218,539,"4,339",0,"12,332","5,213"
"된장, 개량, 찌개용",173,52.5,12.5,5.59,10.91,18.5,5.4,9.1,92,2.17,69,195,609,"4,206",0,"10,812","5,780"
"된장, 보리",164,54.5,10.9,2.1,7.2,25.3,-,-,39,1.2,-,233,434,-,-,-,-
"된장, 재래",142,58.2,13.6,6.89,14.07,7.26,0.41,4.8,114,3.25,192,208,473,"5,152",0,"10,862","4,687"
두반장,94,67.7,3.04,2.41,11.82,15.05,7.63,3.9,23,1.25,36,58,296,"4,602",0,"2,012",808
라면 건더기 스프,327,9.7,20.38,1.34,10.26,58.35,21.08,26.1,411,5.58,258,295,798,"2,527",0,"17,536","7,466"
"라면 건더기 스프, 용기라면",335,10.1,13.54,1.47,7.99,66.88,22.62,17.8,243,2.49,84,238,986,"1,911",0,"11,302","4,826"
"라면 건더기 스프, 짜장라면",360,10,20.92,4.6,5.69,58.77,31.17,11.6,183,10.39,135,281,"1,006","1,075",0,"17,350","7,842"
라면 스프,255,3.7,14.82,2.53,35.72,43.19,12.45,2.7,57,1.01,43,238,511,"13,212",0,"12,176","2,646"
"라면 스프, 용기라면",273,4.1,14.51,3.53,32,45.86,12.5,2.8,56,0.89,35,167,401,"12,041",0,"12,587","1,988"
"라면 스프, 짜장라면",350,3.5,13.28,5.68,16.13,61.41,21.71,2.3,29,0.68,35,181,263,"6,138",0,"8,606","1,778"
"라면 스프, 짜장라면, 조미유",899,0,0,99.85,0.03,0.13,0,0,0,0,0,0,0,0,0,0,0
"라벤더, 말린것",330,7.4,12.6,8.7,8,63.3,-,-,871,17.3,-,246,"2,530",35,-,-,-
"레몬그라스(시트로넬라), 생것",99,70.58,1.82,0.49,1.8,25.31,-,-,65,8.17,60,101,723,6,0,-,-
"로즈메리, 말린것",331,9.31,4.88,15.22,6.53,64.06,-,42.6,"1,280",29.25,220,70,955,50,0,-,-
"마늘, 가루",349,9.7,18.62,0.98,4.25,66.44,2.87,14.6,63,4.48,70,405,"1,420",28,0,"11,066","5,396"
"마라 육수, 농축",415,33.9,5.15,39.24,11.27,10.4,3.23,5.3,44,1.48,39,84,355,"4,615",0,"3,848",695
마라 육수,65,91,0.61,6.47,0.96,0.97,0.27,0.4,6,0.15,4,8,33,394,0,446,73
마요네즈,682,18.6,0.95,72.56,1.48,6.39,1.55,0.6,14,0.41,1,40,24,482,0,925,470
"마요네즈, 저칼로리",341,53.1,0.89,31.97,1.72,12.35,3.56,0,7,0.28,2,25,26,600,0,871,421
맛술,146,63.8,0.3,0.3,0.1,35.5,-,-,1,0.3,-,13,13,32,-,-,-
머스타드 소스,69,83.1,4.1,3,3.36,6.39,0.73,4.8,60,1.43,53,123,156,"1,230",0,"3,760","1,689"
"머스타드 소스, 씨겨자",138,68.2,7.68,6.88,5.79,11.44,2.43,9,133,2.35,98,242,247,"1,953",0,"7,681","3,674"
미소,187,46.8,11.71,6.03,13.62,21.84,5.55,9.8,71,1.44,69,174,484,"4,616",0,"10,811","4,751"
"민트, 말린것",294,9.7,17.5,6.1,10.5,56.2,-,-,"1,763",8.3,-,513,"3,032",28,-,-,-
"애플민트, 생것",27,90.8,2.84,0.44,1.24,4.66,0,3.7,153,0.83,62,71,410,2,0,"2,171","1,001"
바비큐 소스,143,61.3,1.38,0.54,3.69,33.08,25.97,0,20,0.38,16,26,265,"1,568",0,953,198
발사믹 소스,182,53.8,0.67,0.02,0.62,44.86,37.03,0,23,1.15,15,31,221,56,0,171,56
"뽕잎, 가루",299,3.4,18.6,2.64,10.56,64.84,7.14,46.6,"2,588",10.36,401,359,"2,161",0,0,"16,355","7,162"
사프란,310,11.9,11.43,5.85,5.45,65.37,-,3.9,111,11.1,264,252,"1,724",148,0,-,-
"산초, 가루",302,12,9.66,4.01,5.76,68.57,0,56.6,"1,538",14.2,125,191,"1,220",7,0,"6,879","2,923"
"샐러드 드레싱, 사우전드아일랜드",287,55.8,1,23.23,1.49,18.44,10.79,0,10,0.28,3,11,58,571,0,324,93
"샐러드 드레싱, 오리엔탈",189,60.2,2.75,8.73,3.55,24.79,23.55,0,21,0.52,20,48,125,"1,389",0,"2,034",763
"샐러드 드레싱, 이탈리안",155,70.7,0.33,9.54,2.55,16.92,9.44,0,12,0.14,11,9,54,926,0,205,81
"샐러드 드레싱, 코울슬로",486,35.9,0.47,47.46,1.85,14.32,12.8,0,7,0.17,3,16,30,752,0,372,189
"샐러드 드레싱, 프렌치",419,39.34,0.87,39.07,1.92,18.79,17.43,2.4,27,0.32,7,25,108,661,0,-,-
생강 페이스트,41,88.2,0.7,0.6,1.9,8.6,-1.4,-,16,0.3,17,14,140,580,0,-382.4,-167.6
"생강, 가루",367,6.8,12.55,3.29,5.6,71.74,2.27,8.7,118,15.52,231,210,"2,432",32,0,"6,631","2,514"
"소금, 가공염, 맛소금",27,0.1,4.42,0.04,93.25,2.21,0,0,30,0,20,0,306,"34,971",0,"3,155",0
"소금, 가공염, 죽염",0,0.3,0.01,0.01,99.78,0,0,0,56,11.94,91,117,"1,262","38,330",0,0,0
"소금, 가공염, 퉁퉁마디(함초)",21,1.9,0,0.01,92.92,5.17,0,0,185,0.92,"1,111",7,465,"33,490",0,0,0
"소금, 정제염",2,0.1,0,0.01,99.5,0.39,0,0,30,0,24,2,552,"36,025",0,0,0
"소금, 천일염",20,3.2,0.03,0,91.81,4.95,0,0,128,0.69,828,0,437,"33,811",0,0,0
"소금, 천일염, 가는소금",24,1.6,0.06,0,92.39,5.99,0,2.1,142,0.65,"1,150",0,491,"33,417",0,0,0
"소금, 천일염, 굵은소금",16,4.9,0,0,91.23,3.91,0,1.7,114,0.73,506,0,383,"34,205",0,0,0
"소금, 구운소금",0,0.1,0,0.01,99.19,0.69,0,0,71,0,479,0,246,"37,556",0,0,0
"소금, 천일염, 소금꽃",21,3.7,0,0,91,5.3,-,-,58,5.8,-,-,96,"40,626",-,-,-
"소금, 천일염, 토판염",16,4.8,0,0,91.1,4.1,-,-,62,6.2,-,-,46,"38,659",-,-,-
"소금, 프랑스, 소금꽃",11,4.2,0,0,93,2.8,-,-,120,5.1,-,-,132,"36,693",-,-,-
"소금, 프랑스, 토판염",16,5.7,0,0,90.3,4,-,-,149,26.4,-,-,125,"39,612",-,-,-
소불고기 양념,181,49.4,2.17,0.01,5.44,42.98,28.19,0.6,7,0.61,15,32,150,"1,964",0,"1,741",695
수끼 소스,109,68.7,2.61,1.19,5.47,22.07,17.36,1.3,9,0.3,8,53,101,"2,125",0,"1,563",278
"수끼 소스, 된장",190,51.5,2.46,1.92,3.29,40.84,14.87,1.9,24,0.34,12,58,97,"1,281",0,"1,802",699
"수끼 소스, 토마토",117,66.2,1.53,0.27,4.86,27.16,13.85,0.6,11,0.39,9,20,121,"1,919",0,"1,265",253
스리라차 소스,77,77.2,1.59,0.63,4.4,16.22,13.67,2.1,15,0.57,20,42,345,"1,519",0,"1,010",398
"스파게티 소스, 크림, 병조림",188,72.8,2.41,17.23,1.62,5.95,1.8,0.6,74,0.13,4,116,66,545,0,"1,503",721
"스파게티 소스, 토마토, 병조림",73,82.6,1.52,2.46,2.17,11.2,6.1,2.7,35,0.61,16,31,316,577,0,"1,344",265
"식초, 감식초",10,97.1,1.62,0,0.43,0.9,0,0,7,0.6,11,17,276,2,0,141,56
"식초, 발사믹",165,58.6,0.62,0.04,0.36,40.42,33.67,0,17,0.8,10,45,206,25,0,194,51
"식초, 배식초",29,92.4,0.12,0.08,0.31,7.08,0.21,0,4,1.02,8,9,167,2,0,68,46
"식초, 사과식초",19,95,0.1,0.03,0.13,4.71,2.21,0,4,0.06,2,3,8,2,0,48,32
"식초, 쌀식초",46,87.9,0.2,0,0.1,7.4,-,0,2,0.1,6,15,16,12,0,-,-
"식초, 양조",1,99.6,0.02,0,0.04,0.34,0,0,3,0,1,11,2,1,0,0,0
"식초, 포도식초",22,93.7,0.1,Tr,0.2,1.2,-,0,3,0.2,2,8,22,4,Tr,-,-
"식초, 현미식초",22,94.3,0.11,0,0.12,5.45,3,0,3,0.03,2,15,14,2,0,37,22
쌈장,240,38.4,9.88,4.81,7.73,39.18,21.08,9.7,62,1.76,56,137,472,"2,619",0,"8,522","3,477"
양념닭 소스,200,48.1,1.26,0.24,2.13,48.27,25.42,0.5,10,0.23,7,18,131,773,0,634,159
"양파, 가루",354,8.8,8.47,0.8,3.79,78.16,36.4,12.2,198,6.16,116,290,"1,385",61,0,"6,023","2,300"
양파시즈닝,372,2.6,7.98,7.8,14.08,67.59,37.19,2.9,65,1.5,21,74,292,"5,582",0,"7,635",738
"오레가노, 말린것",265,9.93,9,4.28,7.87,68.92,4.09,42.5,"1,597",36.8,270,148,"1,260",25,0,"9,434","4,000"
"올스파이스, 가루",364,9.2,5.6,5.6,4.4,75.2,-,-,710,4.7,130,110,"1,300",53,0,-,-
우동 건더기 스프,514,4,9.32,28.57,3.13,55.03,5.27,13.1,90,0.66,45,113,315,"1,035",0,"7,920","2,842"
"우동 건더기 스프, 삶은것",195,63.4,3.6,10.4,0.91,21.67,1.5,4.2,32,0.25,14,39,76,308,0,"3,080","1,177"
우스터 소스,62,78.9,0.47,0.06,5.62,14.91,14.89,0,72,0.56,12,9,176,"1,971",0,180,54
"울금, 가루",328,8.5,7.77,3.02,7.51,73.15,3.68,15.2,74,5.55,217,394,"3,167",30,0,"6,759","2,873"
"월계수, 잎, 말린것",313,5.44,7.61,8.36,3.62,74.97,-,26.3,834,43,120,113,529,23,0,-,-
"육두구, 가루",520,6.3,5.7,38.5,2,47.5,-,-,160,2.5,180,210,430,15,0,-,-
"정향, 가루",398,7.5,7.2,13.6,5.3,66.4,-,-,640,9.9,250,95,"1,400",280,0,"-5,976","-2,812"
"조미료, 멸치맛, 가루",211,4.1,14.12,2.81,46.65,32.37,4.51,0,235,1.72,190,258,880,"14,404",0,"13,022","3,497"
"조미료, 사골맛, 가루",331,1.5,18.98,10.05,28.35,41.16,1.09,0,26,0,7,98,323,"10,423",0,"17,326","4,283"
"조미료, 쇠고기맛, 가루",242,2.6,10.19,3.81,41.81,41.61,14.68,0.1,7,0.24,11,105,372,"17,769",0,"8,510","1,802"
"조미료, 조개맛, 가루",191,3.7,10.49,1.13,49.97,34.74,8.03,0.4,48,1.23,25,70,263,"18,587",0,"9,747",807
"조미료, 화학조미료, 가루",277,4.1,50.24,0.07,26.73,18.9,0,0,6,0.34,2,140,52,"12,682",0,"44,060",66
"조미료, 액상",66,68.2,6.78,0.07,15.37,9.6,0,0,10,0.56,37,151,344,"5,906",0,"6,111","2,166"
"짜장 소스, 가루",351,4,10.51,4.33,13.7,67.42,10.23,0,76,1.12,36,133,297,"5,251",0,"5,884","1,816"
"짜장 소스, 레토르트",93,79.1,2.42,3.22,1.76,13.5,0,1.4,110,0.33,14,48,147,539,0,"1,650",646
"짜장 소스, 춘장",206,44,11.8,4.16,9.58,30.46,8.06,7.9,54,1.78,61,156,384,"3,399",0,"8,706","3,545"
청국장,217,51.6,20.79,9.61,5.19,12.8,1.86,8.8,137,4.63,170,410,965,"1,135",0,"18,478","8,705"
"청국장, 가루",459,5,41.83,21.61,4.79,26.81,0.66,17.3,241,7.96,261,751,"1,928",12,0,"39,076","18,555"
"청국장, 찌개용",136,64,10.93,5.88,8.77,10.39,1.54,7.3,81,1.75,59,184,460,"3,083",0,"10,930","5,636"
초고추장,211,35.5,3.79,1.17,5.76,53.78,36.02,2.4,19,1.27,32,82,247,"1,962",0,"3,254","1,247"
치즈시즈닝,386,1.7,9.5,13.6,18.92,56.31,40.73,2.6,"1,104",0.7,41,860,693,"5,946",0,"9,000","1,659"
"치킨 스톡, 가루",195,1,11.36,2.13,54.66,30.81,10.57,0,39,0.7,8,121,187,"20,765",0,"10,985","1,394"
"치킨 스톡, 액상",108,56.9,7.05,0.72,18.05,17.3,6.4,0,11,0.08,5,55,151,"6,960",0,"6,157",445
칠리 소스,112,67.3,1.8,0.1,3.9,26.3,-,1.9,27,0.9,23,32,500,"1,200",0,"-1,951",-430
"칠리 소스, 단맛",181,51.5,0.44,0.1,3.4,44.61,30.41,1.9,5,0.82,5,10,63,733,0,271,96
"칠리, 가루",374,3.8,15,8.2,12.9,60.1,-,-,280,29,210,260,"3,000","2,500",0,"-10,748","-3,808"
"카레 소스, 가루",425,5.2,8.38,18.69,12.03,55.76,6.66,0,84,2.02,49,119,514,"4,059",0,"6,426","1,770"
"카레 소스, 레토르트",72,82.7,2.47,1.89,1.55,11.39,7.41,2.8,14,0.43,10,37,158,482,0,"2,689","1,324"
"타라곤, 말린것",295,7.74,22.77,7.24,12.03,50.22,-,7.4,"1,139",32.3,347,313,"3,020",62,0,-,-
"타임, 가루",342,9.8,6.5,5.2,8.7,69.8,-,-,"1,700",110,300,85,980,13,0,-,-
탕수육 소스,130,66.5,0.37,0.16,1.22,31.73,23.18,1.2,5,0.06,3,6,27,488,0,239,97
템페,192,59.65,20.29,10.8,1.62,7.64,-,-,111,2.7,81,266,412,9,0,"17,821","7,914"
토마토 소스,41,87.1,2,0.2,2.2,8.5,-5.3,1.1,18,0.9,20,42,340,240,0,"-2,190",-475
토마토 케첩,125,65.2,1.8,0.12,3.66,29.2,20.76,1.8,19,0.28,20,33,523,"1,056",0,"1,173",238
"파슬리, 말린것",298,3.6,20.16,3.41,11.23,61.59,5.67,21.7,"1,129",39.9,414,461,"2,714",630,0,"20,164","9,499"
"파프리카, 가루",385,10,15.5,11.6,7.3,55.6,-,-,170,21,220,320,"2,700",60,0,"-16,957","-5,957"
팟타이 소스,87,74.3,0.91,0.39,4.33,20.03,16.27,0,13,0.13,9,51,56,"1,744",0,850,97
"페퍼민트, 생것",70,78.65,3.75,0.94,1.76,14.89,-,8,243,5.08,80,73,569,31,0,"3,168","1,487"
포크커틀릿 소스,133,62.1,0.6,0.02,4.74,32.54,22.31,0,12,0.21,8,14,161,"1,713",0,565,143
"하이라이스, 가루",379,3,7.61,10.22,14.94,64.19,21.73,2.4,63,0.93,34,110,317,"5,890",0,"4,629","1,494"
핫 소스,47,86.3,1.44,0.63,2.85,8.8,5.72,0,17,0.52,16,34,273,989,0,891,363
해선장,230,39,1.65,3.26,7.65,48.42,44.03,1.4,22,0.48,10,21,90,"2,899",0,"1,012",462
허니머스타드 소스,338,45.1,1.24,25.15,1.95,26.55,21.03,0.3,20,0.36,11,33,58,662,0,753,352
"후추, 검은색, 가루",362,11.5,12.87,5,4.34,66.33,0.65,25.6,391,12.97,170,151,"1,366",6,0,"7,693","2,997"
"후추, 흰색, 가루",376,12.3,10.1,6.4,1.1,70.1,-0.6,-,240,7.3,80,140,60,4,0,"-8,221","-3,251"
"김말이튀김, 냉동",168,62.4,1.89,4.54,1.21,29.95,1.81,1.2,104,1.1,12,49,73,428,0,"1,537",540
"김말이튀김, 냉동, 튀긴것",195,58.8,2.05,7.2,1.42,30.51,1.88,1.3,105,1.04,13,53,77,460,0,"1,673",569
"냉면 육수, 농축",174,40.7,0.83,0.05,15.84,42.63,30.94,0,7,0.07,4,8,115,"5,935",0,813,82
냉면 육수,24,92.6,0.21,0.03,1.53,5.6,3.87,0,2,0,1,3,11,607,0,170,29
"돈저냐(동그랑땡), 냉동",228,63.9,10.66,18.23,1.92,5.29,2.17,1.9,39,0.55,26,210,263,450,0,"9,319","4,453"
"돈저냐(동그랑땡), 냉동, 구운것(팬)",272,57,12.73,21.73,2.2,6.36,2.52,2.6,46,0.62,31,250,307,540,0,"11,107","5,307"
"라면, 조리전",416,7,8.6,12.6,4.73,67.12,2.49,2.3,203,0.62,23,102,241,"1,472",0,"7,678","2,201"
"라면, 조리후",101,77.5,2.18,3.03,1.14,16.17,0.52,1.8,48,0.09,5,25,55,368,0,"1,826",411
"라면, 국물, 조리후",19,95.4,0.44,0.96,1.17,2.08,0,0.8,5,0.08,3,10,56,380,0,311,115
"라면, 면, 조리후",174,60.9,3.89,4.37,1.06,29.79,0,3.8,97,0.21,10,47,55,278,0,"3,446","1,107"
"라면, 비빔라면, 조리후",189,58.8,3.38,5.67,1.14,31.01,1.81,2.3,8,0.33,10,38,47,375,0,"3,183","1,090"
"라면, 짜장라면, 조리전",428,7.2,8.17,13.61,2.76,68.24,4.49,2.4,181,0.74,22,99,162,813,0,"7,215","2,013"
"라면, 짜장라면, 조리후",179,60.4,3.69,4.97,1.08,29.83,1.52,1.8,78,0.3,10,41,59,306,0,"3,128",895
"라면, 용기라면, 조리전",425,7.5,8.25,15.39,5.56,63.3,2.78,3.2,206,0.66,21,95,273,"1,930",0,"7,139","1,901"
"라면, 용기라면, 조리후",103,77.5,1.98,3.63,1.24,15.65,0.43,1.1,49,0.18,5,24,61,402,0,"1,758",388
"라면, 용기라면, 국물, 조리후",28,93.4,0.61,1.44,1.39,3.21,0,0.7,8,0.11,3,16,61,423,0,425,151
"라면, 용기라면, 면, 조리후",192,56.9,3.5,4.95,1.24,33.42,0,3.6,123,0.44,9,50,71,316,0,"3,141","1,000"
"라면, 용기라면, 볶음라면, 조리전",392,13.1,8.75,11.46,3.22,63.47,4.03,4.2,31,0.94,22,77,199,"1,217",0,"8,901","2,867"
"라면, 용기라면, 볶음라면, 조리후",202,54.8,4.52,5.39,1.39,33.9,3.28,2.3,16,0.54,11,39,63,435,0,"5,005","1,617"
"만두, 고기 만두, 냉동",223,55.1,8.81,9.83,1.43,24.78,2.19,1.9,60,2.27,36,99,240,285,0,"6,622","2,783"
"만두, 고기 만두",198,60.1,7.77,8.74,1.28,22.09,1.81,1.7,43,1.03,28,85,203,308,0,"6,294","2,624"
"만두, 군만두",297,44.4,9.73,16.03,1.46,28.41,2.1,2.4,45,1.03,32,130,314,349,0,"8,058","3,488"
"만두, 김치 만두, 냉동",190,59.5,8.13,7.11,1.96,23.28,2.6,3.9,74,2.47,38,98,233,423,0,"7,121","2,907"
"만두, 김치 만두",157,66.5,6.19,5.66,1.4,20.29,2.15,3.2,46,0.92,27,95,189,391,0,"4,917","2,060"
"만두, 물만두",155,69,6.97,6.8,0.83,16.42,1.55,1.3,26,1.22,16,68,120,220,0,"5,689","2,443"
"미트볼, 냉동",199,-62.1,-10.2,-12.5,-1.8,-13.4,-,-1.3,-22,-0.8,-26,-86,-240,-460,-0.1,-,-
"볶음밥, 새우 볶음밥",165,61.8,3.84,3.35,1.03,29.98,1.78,1,12,0.21,6,50,49,370,0,"3,089","1,421"
"사골국, 인스턴트",12,97,1.76,0.38,0.53,0.35,0,0,2,0,0,6,5,212,0,"1,190",300
"샌드위치, 닭고기",250,48.94,16.28,11.19,2.7,20.89,3.64,1.4,58,1.77,24,185,245,753,0.1,-,-
"샌드위치, 생선",257,48.44,10.29,12.45,2.13,26.69,3.53,1,37,1.5,25,116,206,602,0.2,-,-
"샌드위치, 소고기",244,49.91,15.17,10.3,2.41,22.21,3.84,1.3,55,2.64,23,200,224,653,0,-,-
"샌드위치, 햄, 치즈, 채소",214,57.4,8.66,10.38,2,21.55,4.67,5.5,78,0.56,25,165,187,532,0,"6,214","2,533"
"스튜, 레토르트",153,-74.9,-4.1,-12.6,-1.3,-7.1,-,-0.7,-11,-0.5,-9,-45,-150,-380,-0.1,-,-
"스파게티, 미트소스 스파게티, 냉동",90,77.82,5.05,1.01,0.88,15.24,2.6,1.8,18,1.25,15,49,144,238,0,"5,986","2,211"
"스프, 소고기 스프, 가루",387,3.7,9.08,7.39,8.68,71.17,27.02,3.1,44,0.77,26,135,326,"3,313",0,"7,903","2,668"
"스프, 소고기 스프, 가루, 끓인것",40,90.3,1.06,0.87,0.87,6.91,2.72,0.9,5,0.12,2,14,34,312,0,856,298
"스프, 양송이 스프, 가루",387,3.8,7.88,6.36,7.38,74.62,23.13,3.8,68,0.6,30,157,443,"2,565",0,"6,437","2,288"
"스프, 양송이 스프, 가루, 끓인것",42,90.2,0.78,1.11,0.68,7.23,2.36,0.4,6,0.08,2,15,44,253,0,667,244
"스프, 옥수수 스프, 가루",420,3,7.48,11.93,6.92,70.67,25.15,4.2,152,0.91,40,174,388,"2,380",0,"6,080","2,142"
"스프, 옥수수 스프, 가루, 끓인것",46,89.7,0.83,1.48,0.65,7.33,2.64,0.4,20,0.12,5,19,44,229,0,574,193
"스프, 크림 스프, 가루",430,2.2,7.44,13.4,6.98,70,12.49,2.1,65,0.4,21,143,322,"2,811",0,"6,766","2,561"
"스프, 크림 스프, 가루, 끓인것",45,90,0.64,1.59,0.72,7.03,1.27,0.2,7,0.06,2,15,34,251,0,518,192
연잎밥,207,48.1,4,0.3,0.6,47,-,-,14,5.9,-,71,98,178,-,-,-
"초밥, 유부 초밥",165,61,4.32,2.51,0.91,31.26,2.11,1.9,63,0.39,9,57,33,255,0,"4,200","1,748"
"치즈스틱, 냉동",240,48.3,15.98,8.81,2.77,24.1,2.86,1.7,406,0.41,23,341,81,673,0,"15,443","6,799"
"치즈스틱, 냉동, 튀긴것",329,38.4,16,18.78,2.8,24,2.08,2,405,0.42,27,383,92,675,0,"14,932","6,745"
"크로켓, 감자 크로켓, 냉동",157,63.5,4.6,4.9,1.7,25.3,-,-,20,0.7,-,62,300,290,-,"4,504","1,679"
"크로켓, 채소 크로켓, 냉동",264,48.6,3,12.9,1.5,34,-,-,6,0.9,-,52,241,477,-,-,-
"크로켓, 크림 크로켓, 냉동",159,67,4.7,6.3,1.1,20.9,-,-,43,0.5,-,63,160,270,-,-,-
"피자, 불고기 피자, 냉동, 전자레인지 조리",269,42.7,13.46,9.79,2.21,31.84,4.25,1.7,221,0.67,25,201,162,534,0,"12,143","5,110"
"피자, 콤비네이션 피자, 냉동, 전자레인지 조리",282,39.5,13.98,9.75,2.15,34.65,3.78,3.1,215,0.61,22,186,123,548,0,"12,935","5,386"
"핫도그, 냉동",267,44.5,8.09,10.55,1.89,34.97,7.02,3,95,0.85,14,165,124,454,0,"6,754","2,875"
"햄버거, 소고기패티",271,41.3,11.94,8.94,2.06,35.76,6.59,-,30,1.19,31,134,234,594,0,"10,900","5,141"
"햄버거, 소고기패티, 토마토, 양상추, 양파",229,57.8,9.55,13.23,1.41,18.01,4.78,7.2,16,1.09,19,96,174,378,0,"8,657","4,819"
"갈색 거저리, 유충, 생것",195,63.7,23.19,11,1.28,0.83,0.97,0.6,14,1.99,83,273,313,32,0,"19,944","9,738"
"갈색 거저리, 유충, 말린것",537,0.3,51.39,30.43,3.47,14.41,1.95,12.8,46,4.92,241,809,947,71,0,"48,054","22,151"
"고로쇠나무, 수액",5,98.5,0,0.02,0.04,1.44,1.08,0,8,0.02,1,0,6,0,0,0,0
"누에, 유충, 가루",482,9.8,50.85,26.53,2.81,10.06,0,0.2,109,5.23,206,498,756,79,0,"49,614","25,908"
"누에, 번데기, 생것",126,76.7,12.62,7.55,1.23,1.95,0,0.4,36,0.73,103,243,365,2,0,"12,532","6,877"
"누에, 번데기, 말린것",224,59.4,22.3,13.3,1.3,3.7,-,-,70,2.6,-,232,321,12,-,-,-
"누에, 번데기, 통조림",148,71.5,14.87,8.37,1.83,3.42,0.97,2.4,38,1.09,58,133,98,651,0,"13,074","6,526"
"단백질 보충제, 가루",411,15,45.71,17.14,3.65,18.5,5.71,7.1,500,8.57,200,643,"1,129",329,5,-,-
"단백질 보충제, 저지방, 가루",396,12,50,12,4,22,4,2,"1,200",12,280,700,840,250,7,-,-
"달팽이, 통조림",75,79.9,16.5,1,1.8,0.8,-,0,400,3.9,37,130,5,260,0,"-13,860","-6,290"
"달팽이, 생것",90,79.2,16.1,1.4,1.3,2,0,0,10,3.5,250,272,382,70,0,-,-
"대나무, 추출",2,99.5,0,0.1,0.2,0.2,-,-,26,1.7,-,1,57,13,-,-,-
"메뚜기, 성충, 생것",125,70.4,24.29,2.26,1.16,1.86,0,1.5,26,2.32,35,241,306,49,0,"20,059","9,392"
"삼백초, 말린것",301,9.1,12.1,3.8,8,67,-,-,"1,135",30.7,-,195,"2,444",8,-,-,-
"삼백초, 잎, 말린것",278,10.3,12.8,4.1,13.2,59.6,-,-,98,5.2,-,228,-,-,-,-,-
"삼백초, 줄기, 말린것",278,9.8,4.9,1.5,12.7,71.1,-,-,77,4.9,-,283,-,-,-,-,-
"솔잎, 생것",161,58.1,4.5,3.9,0.6,32.9,-,-,61,3.1,-,51,-,-,-,-,-
"솔잎, 추출",8,97.6,0.1,-,0.2,2.1,-,-,3,0.5,-,4,48,4,-,-,-
"송화, 가루",392,2.7,11.46,2.95,3.06,79.79,16.96,57.2,30,7.99,101,326,"1,085",23,0,"8,615","4,086"
"수세미, 수액",4,98.1,0.8,-,0.4,0.7,-,-,2,0.2,-,32,26,3,-,-,-
"쌍별귀뚜라미, 성충, 생것",130,69.7,22.45,0,1.47,3.39,0,3.1,85,1.23,33,310,323,121,0,"17,512","8,079"
"인삼, 백삼, 말린것",316,10.1,15.7,0.5,3.9,69.8,-,-,227,33.5,-,385,-,-,-,-,-
"인삼, 수삼, 생것",90,74.9,4.12,0.76,1.4,18.85,8.1,2.4,84,4.64,41,100,447,12,0,"2,084","1,169"
"인삼, 수삼, 삶은것",86,76.3,3.54,0.69,1.2,18.23,9.18,2.4,82,2.34,35,90,348,10,0,"2,019","1,135"
"인삼, 홍삼, 말린것",309,13.4,13.02,1.24,4.09,68.25,8.3,-,306,7.14,160,327,"1,268",45,0,"6,606","3,593"
"인삼, 홍삼, 추출",15,96.2,0.33,0.01,0.14,3.32,1.19,0.9,5,0.13,7,16,68,2,0,142,89
"장수풍뎅이, 유충, 말린것",502,6.1,44.62,27.21,2.55,19.55,0,0,89,4.12,113,237,919,40,0,"37,203","17,692"
"치자꽃, 생것",66,82.8,1.3,0.1,0.9,14.9,-,-,39,3.3,-,35,43,8,-,-,-
"팽창제, 베이킹파우더",51,4,0.1,0,71.8,24.1,0,0.2,"7,364",11.27,39,"9,918",5,"7,893",0,-,-
"팽창제, 효모, 말린것",307,8.7,37.1,6.8,4.3,43.1,0.1,32.6,19,13,91,840,"1,600",120,2.8,"-35,030","-16,670"
프로폴리스,642,2.1,0.5,50.3,0.2,46.9,-,-,18,2.7,-,16,84,19,-,-,-
화분,397,10.6,20.8,9.9,2.36,56.3,40.34,13.3,108,11.75,111,480,587,5,0,"16,180","6,756"
"흰점박이 꽃무지, 유충, 생것",122,74.7,15.78,5.2,1.42,2.9,0,1.4,71,2.11,88,191,468,42,0,"14,184","6,506"
"흰점박이 꽃무지, 유충, 말린것",463,1.6,54.13,18.52,5.76,19.99,0.18,19.1,218,7.63,322,700,"1,856",207,0,"51,739","25,551"